mode_idx,re_penetration,fault_name,fault_bus,clear_time,success,stable,severity,f_angle,f_freq,f_voltage,V_min,max_angle_deg,max_freq_dev_hz,initial_flow_MW,final_flow_MW,max_flow_MW,sim_time,re_west_fraction,re_dispatch_west,re_dispatch_east,load_level_west,load_level_east,gen_dispatch,total_re_mw,west_re_mw,east_re_mw,west_import_demand,east_export_surplus,inertia_proxy,transfer_demand,distribution_mode
0,0.0,bus4_ct10,4.0,0.1,True,False,0.6213188222508321,0.5936173663893728,0.3041228990702791,0.9939176571543038,0.006082342845696204,106.85112595008711,0.6082457981405609,-838.7065834702989,-681.4274921677865,1769.3262859983101,2.611788511276245,0.4890280390061987,0.4249745364015508,0.3052960594914611,0.8590582265211235,0.8402437764836325,1,0.0,0.0,0.0,-217.22120932023608,646.8142360948577,16.581643309656364,217.22120932023608,balanced
0,0.0,bus14_ct10,14.0,0.1,True,False,0.6143339960128562,0.593117241841727,0.2769400685703829,0.9941614317975878,0.005838568202412198,106.76110353151086,0.5538801371407676,-838.7065834702989,-681.4226833582875,1778.6520903308376,2.2273638248443604,0.4890280390061987,0.4249745364015508,0.3052960594914611,0.8590582265211235,0.8402437764836325,1,0.0,0.0,0.0,-217.22120932023608,646.8142360948577,16.581643309656364,217.22120932023608,balanced
0,0.0,bus16_ct10,16.0,0.1,True,False,0.674201409482598,0.6851926887132292,0.33411050585442226,0.9923097546495112,0.007690245350488781,123.33468396838127,0.6682210117088472,-838.7065834702989,-680.8942605847969,2019.0517900180403,2.4606547355651855,0.4890280390061987,0.4249745364015508,0.3052960594914611,0.8590582265211235,0.8402437764836325,1,0.0,0.0,0.0,-217.22120932023608,646.8142360948577,16.581643309656364,217.22120932023608,balanced
0,0.0,bus26_ct10,26.0,0.1,True,False,0.5688309013517558,0.5478051464200135,0.1846649130366309,0.9950483995303656,0.004951600469634425,98.60492635560243,0.36932982607325915,-838.7065834702989,-682.5175335603728,1666.4566773826832,2.160114049911499,0.4890280390061987,0.4249745364015508,0.3052960594914611,0.8590582265211235,0.8402437764836325,1,0.0,0.0,0.0,-217.22120932023608,646.8142360948577,16.581643309656364,217.22120932023608,balanced
0,0.0,bus20_ct15,20.0,0.15,True,False,0.9336523079947998,1.0,0.7346092319791993,1.0,-0.12687356101275593,181.10331887995852,1.469218463958395,-838.7065834702989,-901.0218415653982,1374.838424732887,0.9335248470306396,0.4890280390061987,0.4249745364015508,0.3052960594914611,0.8590582265211235,0.8402437764836325,1,0.0,0.0,0.0,-217.22120932023608,646.8142360948577,16.581643309656364,217.22120932023608,balanced
0,0.0,bus8_ct15,8.0,0.15,True,False,0.706327926398287,0.6853137831317148,0.4597109589607342,0.9949731803689844,0.005026819631015643,123.35648096370866,0.9194219179214658,-838.7065834702989,-679.8229500982792,1926.1549404738657,2.3884642124176025,0.4890280390061987,0.4249745364015508,0.3052960594914611,0.8590582265211235,0.8402437764836325,1,0.0,0.0,0.0,-217.22120932023608,646.8142360948577,16.581643309656364,217.22120932023608,balanced
0,0.0,bus4_ct25,4.0,0.25,True,False,0.9084760716549116,1.0,0.6389551663670687,0.9949491202525779,0.005050879747422186,181.3271196793743,1.2779103327341401,-838.7065834702989,-841.169713698625,1738.0269143305059,0.6298797130584717,0.4890280390061987,0.4249745364015508,0.3052960594914611,0.8590582265211235,0.8402437764836325,1,0.0,0.0,0.0,-217.22120932023608,646.8142360948577,16.581643309656364,217.22120932023608,balanced
0,0.0,bus16_ct25,16.0,0.25,True,False,0.9509488208168015,1.0,0.8037952832672062,1.0,-1.515306998336056e-11,180.98721391876225,1.6075905665344115,-838.7065834702989,-144.37217447307205,1270.2658145787188,0.47987914085388184,0.4890280390061987,0.4249745364015508,0.3052960594914611,0.8590582265211235,0.8402437764836325,1,0.0,0.0,0.0,-217.22120932023608,646.8142360948577,16.581643309656364,217.22120932023608,balanced
0,0.0,gen_trip_g4,,,True,False,0.2514540760558124,0.4746274143329809,0.04163441746043617,0.014927058096851464,0.9850729419031485,85.43293457993656,0.08326883492086878,-838.7065834702989,-683.4125125883035,1291.3197890371891,2.100360631942749,0.4890280390061987,0.4249745364015508,0.3052960594914611,0.8590582265211235,0.8402437764836325,1,0.0,0.0,0.0,-217.22120932023608,646.8142360948577,16.581643309656364,217.22120932023608,balanced
1,0.0,bus4_ct10,4.0,0.1,True,True,0.6009133529282648,0.5581713662549411,0.29348050765312195,0.9938301715500547,0.00616982844994528,100.4708459258894,0.5869610153062421,-875.8758502701787,-874.2476048727816,1946.547553669898,1.713918924331665,0.12179715918311136,0.3796182460868276,0.38101103457592983,1.1507323501115139,0.8235613487991934,3,0.0,0.0,0.0,853.6093791577359,1169.775987030937,16.581643309656364,853.6093791577359,east_concentrated
1,0.0,bus14_ct10,14.0,0.1,True,True,0.6020551215465385,0.5581540601960703,0.2977999538122127,0.9941124119818007,0.0058875880181992815,100.46773083529266,0.5955999076244245,-875.8758502701787,-874.2729402185789,1962.0252329477873,2.292109966278076,0.12179715918311136,0.3796182460868276,0.38101103457592983,1.1507323501115139,0.8235613487991934,3,0.0,0.0,0.0,853.6093791577359,1169.775987030937,16.581643309656364,853.6093791577359,east_concentrated
1,0.0,bus16_ct10,16.0,0.1,True,True,0.6545313445839623,0.6516638995240879,0.32248414805878056,0.992313431228893,0.007686568771106918,117.29950191433582,0.6449682961175629,-875.8758502701787,-873.7853999884053,2226.956796263241,1.9317820072174072,0.12179715918311136,0.3796182460868276,0.38101103457592983,1.1507323501115139,0.8235613487991934,3,0.0,0.0,0.0,853.6093791577359,1169.775987030937,16.581643309656364,853.6093791577359,east_concentrated
1,0.0,bus26_ct10,26.0,0.1,True,True,0.5430640601959115,0.5060102423696512,0.16518392958676387,0.9950518264575795,0.004948173542420511,91.08184362653721,0.33036785917352596,-875.8758502701787,-875.1384973886292,1808.5339914535664,1.9619052410125732,0.12179715918311136,0.3796182460868276,0.38101103457592983,1.1507323501115139,0.8235613487991934,3,0.0,0.0,0.0,853.6093791577359,1169.775987030937,16.581643309656364,853.6093791577359,east_concentrated
1,0.0,bus20_ct15,20.0,0.15,True,False,0.9464150967212328,1.0,0.7856603868849312,1.0,-0.12369704031424744,181.83413302093192,1.5713207737698598,-875.8758502701787,-908.1619797951071,1439.4294519168861,0.654876708984375,0.12179715918311136,0.3796182460868276,0.38101103457592983,1.1507323501115139,0.8235613487991934,3,0.0,0.0,0.0,853.6093791577359,1169.775987030937,16.581643309656364,853.6093791577359,east_concentrated
1,0.0,bus8_ct15,8.0,0.15,True,True,0.6876044189451519,0.6594142799478201,0.4367182644688725,0.9948708514160948,0.005129148583905263,118.69457039060761,0.8734365289377477,-875.8758502701787,-873.2081948117007,2089.8236827899946,2.0946264266967773,0.12179715918311136,0.3796182460868276,0.38101103457592983,1.1507323501115139,0.8235613487991934,3,0.0,0.0,0.0,853.6093791577359,1169.775987030937,16.581643309656364,853.6093791577359,east_concentrated
1,0.0,bus4_ct25,4.0,0.25,True,False,0.9093520602326279,1.0,0.6425349542052352,0.9948732867252763,0.005126713274723696,184.45036362483523,1.2850699084104722,-875.8758502701787,-910.4698453234736,1884.7150523638713,0.3791203498840332,0.12179715918311136,0.3796182460868276,0.38101103457592983,1.1507323501115139,0.8235613487991934,3,0.0,0.0,0.0,853.6093791577359,1169.775987030937,16.581643309656364,853.6093791577359,east_concentrated
1,0.0,bus16_ct25,16.0,0.25,True,False,0.9610968249843683,1.0,0.8443872999374733,1.0,-6.438966467935468e-13,186.48497230499495,1.6887745998749493,-875.8758502701787,-138.36390549908637,1359.552388829357,0.673530101776123,0.12179715918311136,0.3796182460868276,0.38101103457592983,1.1507323501115139,0.8235613487991934,3,0.0,0.0,0.0,853.6093791577359,1169.775987030937,16.581643309656364,853.6093791577359,east_concentrated
1,0.0,gen_trip_g4,,,True,True,0.19980568416868927,0.39961136833737854,0.0,0.0,1.0029639954300242,71.93004630072814,0.0,-875.8758502701787,-875.8758502701787,1359.552388829357,1.4523179531097412,0.12179715918311136,0.3796182460868276,0.38101103457592983,1.1507323501115139,0.8235613487991934,3,0.0,0.0,0.0,853.6093791577359,1169.775987030937,16.581643309656364,853.6093791577359,east_concentrated
2,0.0,bus4_ct10,4.0,0.1,True,True,0.606709000923739,0.5703593043986055,0.29225465785327387,0.9938627370444715,0.006137262955528551,102.66467479174898,0.5845093157065451,-723.7620573133429,-721.9898047264443,1880.7549617201498,1.9670093059539795,0.1693190319553806,0.5177947662272229,0.6313831980181769,1.0417236882800742,0.9536833560087794,3,0.0,0.0,0.0,503.90959200247744,825.0827899327437,16.581643309656364,503.90959200247744,east_concentrated
2,0.0,bus14_ct10,14.0,0.1,True,True,0.6087829532268605,0.5712555110325346,0.2984895033461896,0.9941312874961833,0.0058687125038167365,102.82599198585623,0.5969790066923819,-723.7620573133429,-722.0044225674912,1896.045264804806,1.8334238529205322,0.1693190319553806,0.5177947662272229,0.6313831980181769,1.0417236882800742,0.9536833560087794,3,0.0,0.0,0.0,503.90959200247744,825.0827899327437,16.581643309656364,503.90959200247744,east_concentrated
2,0.0,bus16_ct10,16.0,0.1,True,True,0.648843766475956,0.6411051418930327,0.320896092134614,0.9922686899831445,0.007731310016855488,115.39892554074589,0.6417921842692254,-723.7620573133429,-721.5243713042593,2167.759565045406,2.145451784133911,0.1693190319553806,0.5177947662272229,0.6313831980181769,1.0417236882800742,0.9536833560087794,3,0.0,0.0,0.0,503.90959200247744,825.0827899327437,16.581643309656364,503.90959200247744,east_concentrated
2,0.0,bus26_ct10,26.0,0.1,True,True,0.5374783045949448,0.4951704945171997,0.1645290617810211,0.9950431675643588,0.004956832435641191,89.13068901309595,0.32905812356204045,-723.7620573133429,-722.9846404655714,1741.2357317157016,1.6926467418670654,0.1693190319553806,0.5177947662272229,0.6313831980181769,1.0417236882800742,0.9536833560087794,3,0.0,0.0,0.0,503.90959200247744,825.0827899327437,16.581643309656364,503.90959200247744,east_concentrated
2,0.0,bus20_ct15,20.0,0.15,True,False,0.949876243461091,1.0,0.799504973844364,1.0,-0.12277319095823168,183.87208634390305,1.5990099476887298,-723.7620573133429,-856.7669145323126,1420.023354885151,0.9035506248474121,0.1693190319553806,0.5177947662272229,0.6313831980181769,1.0417236882800742,0.9536833560087794,3,0.0,0.0,0.0,503.90959200247744,825.0827899327437,16.581643309656364,503.90959200247744,east_concentrated
2,0.0,bus8_ct15,8.0,0.15,True,True,0.6934560183358194,0.672030714540239,0.4348522052677666,0.9949104389950332,0.005089561004966816,120.96552861724301,0.8697044105355323,-723.7620573133429,-720.8214295761318,2029.5350740565664,1.871823787689209,0.1693190319553806,0.5177947662272229,0.6313831980181769,1.0417236882800742,0.9536833560087794,3,0.0,0.0,0.0,503.90959200247744,825.0827899327437,16.581643309656364,503.90959200247744,east_concentrated
2,0.0,bus4_ct25,4.0,0.25,True,False,0.9090859554571549,1.0,0.6414212388037939,0.9949225830248254,0.005077416975174559,182.22723370496263,1.2828424776075886,-723.7620573133429,-818.3473010481382,1805.5882236560064,0.6050307750701904,0.1693190319553806,0.5177947662272229,0.6313831980181769,1.0417236882800742,0.9536833560087794,3,0.0,0.0,0.0,503.90959200247744,825.0827899327437,16.581643309656364,503.90959200247744,east_concentrated
2,0.0,bus16_ct25,16.0,0.25,True,False,0.960156871991825,1.0,0.8406274879672999,1.0,-2.4943722297135305e-11,185.06853031279732,1.6812549759346007,-723.7620573133429,-123.85568436030636,1284.9678320231485,0.4676337242126465,0.1693190319553806,0.5177947662272229,0.6313831980181769,1.0417236882800742,0.9536833560087794,3,0.0,0.0,0.0,503.90959200247744,825.0827899327437,16.581643309656364,503.90959200247744,east_concentrated
2,0.0,gen_trip_g4,,,True,True,0.19420091944503654,0.38840183889007307,0.0,0.0,1.0015242944251914,69.91233100021316,0.0,-723.7620573133429,-723.7620573133429,1284.9678320231485,1.6537761688232422,0.1693190319553806,0.5177947662272229,0.6313831980181769,1.0417236882800742,0.9536833560087794,3,0.0,0.0,0.0,503.90959200247744,825.0827899327437,16.581643309656364,503.90959200247744,east_concentrated
3,0.0,bus4_ct10,4.0,0.1,True,True,0.5945550793633587,0.542436711423505,0.29950993929782044,0.9938369553086042,0.006163044691395802,97.63860805623091,0.5990198785956435,-711.5716259567821,-709.7638759921789,1854.2280761305153,1.814166784286499,0.20073254939012744,0.5643703803768616,0.6363782888012091,1.0880536129214802,0.8753327899627297,2,0.0,0.0,0.0,1057.9559902521078,1192.2234393887297,16.581643309656364,1057.9559902521078,east_concentrated
3,0.0,bus14_ct10,14.0,0.1,True,True,0.5973633710192701,0.5450883944133302,0.3051593588252146,0.9941173364252054,0.005882663574794614,98.11591099439944,0.610318717650431,-711.5716259567821,-709.7607857455813,1874.106517173224,2.0468432903289795,0.20073254939012744,0.5643703803768616,0.6363782888012091,1.0880536129214802,0.8753327899627297,2,0.0,0.0,0.0,1057.9559902521078,1192.2234393887297,16.581643309656364,1057.9559902521078,east_concentrated
3,0.0,bus16_ct10,16.0,0.1,True,True,0.6321413225257785,0.6212801718356911,0.29370813735870627,0.9922968090730256,0.007703190926974371,111.8304309304244,0.5874162747174116,-711.5716259567821,-709.1873849536153,2146.1936537521196,1.9455440044403076,0.20073254939012744,0.5643703803768616,0.6363782888012091,1.0880536129214802,0.8753327899627297,2,0.0,0.0,0.0,1057.9559902521078,1192.2234393887297,16.581643309656364,1057.9559902521078,east_concentrated
3,0.0,bus26_ct10,26.0,0.1,True,True,0.5216984907278082,0.47514741901474156,0.14146491692890706,0.9950342079528424,0.004965792047157634,85.52653542265348,0.28292983385781234,-711.5716259567821,-710.7289159383365,1666.4986890202756,1.9331889152526855,0.20073254939012744,0.5643703803768616,0.6363782888012091,1.0880536129214802,0.8753327899627297,2,0.0,0.0,0.0,1057.9559902521078,1192.2234393887297,16.581643309656364,1057.9559902521078,east_concentrated
3,0.0,bus20_ct15,20.0,0.15,True,True,0.5934328552451293,0.4912342972078205,0.3912628265648763,1.0,-0.12377497211273654,88.4221734974077,0.7825256531297509,-711.5716259567821,-525.8766280641229,1262.7714025521946,1.3127918243408203,0.20073254939012744,0.5643703803768616,0.6363782888012091,1.0880536129214802,0.8753327899627297,2,0.0,0.0,0.0,1057.9559902521078,1192.2234393887297,16.581643309656364,1057.9559902521078,east_concentrated
3,0.0,bus8_ct15,8.0,0.15,True,True,0.6642984835353791,0.6360267401099037,0.39029835974662674,0.9948420941750823,0.0051579058249177035,114.48481321978267,0.7805967194932517,-711.5716259567821,-708.7842267640842,1977.682907082103,2.311379909515381,0.20073254939012744,0.5643703803768616,0.6363782888012091,1.0880536129214802,0.8753327899627297,2,0.0,0.0,0.0,1057.9559902521078,1192.2234393887297,16.581643309656364,1057.9559902521078,east_concentrated
3,0.0,bus4_ct25,4.0,0.25,True,False,0.9116931835135215,1.0,0.6519696168287226,0.9948031172253634,0.005196882774636624,182.46934142540476,1.3039392336574451,-711.5716259567821,-859.7360584229881,1829.7439853540513,0.3860318660736084,0.20073254939012744,0.5643703803768616,0.6363782888012091,1.0880536129214802,0.8753327899627297,2,0.0,0.0,0.0,1057.9559902521078,1192.2234393887297,16.581643309656364,1057.9559902521078,east_concentrated
3,0.0,bus16_ct25,16.0,0.25,True,False,0.958292200672668,1.0,0.8331688026906718,1.0,-5.406871864217153e-17,185.79554550551,1.6663376053813472,-711.5716259567821,-89.96790827077734,1262.7714025521946,0.6934628486633301,0.20073254939012744,0.5643703803768616,0.6363782888012091,1.0880536129214802,0.8753327899627297,2,0.0,0.0,0.0,1057.9559902521078,1192.2234393887297,16.581643309656364,1057.9559902521078,east_concentrated
3,0.0,gen_trip_g4,,,True,True,0.18736089402079278,0.37472178804158557,0.0,0.0,1.0025018966863954,67.4499218474854,0.0,-711.5716259567821,-711.5716259567821,1262.7714025521946,1.4755518436431885,0.20073254939012744,0.5643703803768616,0.6363782888012091,1.0880536129214802,0.8753327899627297,2,0.0,0.0,0.0,1057.9559902521078,1192.2234393887297,16.581643309656364,1057.9559902521078,east_concentrated
4,0.0,bus4_ct10,4.0,0.1,True,True,0.5759203285026563,0.5046173998449357,0.30064238103121,0.9938041332895439,0.006195866710456137,90.83113197208843,0.6012847620624173,-617.1835957225425,-615.1824429861417,1812.4046741225975,2.083817481994629,0.9579237761689386,0.9694666622716133,0.4755685796824013,1.1267417464186185,0.9162954029396514,2,0.0,0.0,0.0,1182.0675225109276,1083.7134776128642,16.581643309656364,1182.0675225109276,west_concentrated
4,0.0,bus14_ct10,14.0,0.1,True,True,0.5793059927551498,0.508158923145144,0.30681694182472086,0.9940891829055903,0.005910817094409705,91.46860616612592,0.6136338836494426,-617.1835957225425,-615.171082056123,1833.6601388564752,1.8824212551116943,0.9579237761689386,0.9694666622716133,0.4755685796824013,1.1267417464186185,0.9162954029396514,2,0.0,0.0,0.0,1182.0675225109276,1083.7134776128642,16.581643309656364,1182.0675225109276,west_concentrated
4,0.0,bus16_ct10,16.0,0.1,True,True,0.6067868563311464,0.5708673986792043,0.293170472838419,0.9922421551277577,0.007757844872242287,102.75613176225679,0.5863409456768398,-617.1835957225425,-614.5083955529029,2108.7753736568516,2.155789375305176,0.9579237761689386,0.9694666622716133,0.4755685796824013,1.1267417464186185,0.9162954029396514,2,0.0,0.0,0.0,1182.0675225109276,1083.7134776128642,16.581643309656364,1182.0675225109276,west_concentrated
4,0.0,bus26_ct10,26.0,0.1,True,True,0.4993590819040763,0.43060010139140864,0.14121141202524257,0.9950247128082453,0.00497528719175471,77.50801825045356,0.2824228240504878,-617.1835957225425,-616.2205930206488,1624.759000294805,1.7295691967010498,0.9579237761689386,0.9694666622716133,0.4755685796824013,1.1267417464186185,0.9162954029396514,2,0.0,0.0,0.0,1182.0675225109276,1083.7134776128642,16.581643309656364,1182.0675225109276,west_concentrated
4,0.0,bus20_ct15,20.0,0.15,True,False,0.9571345630745602,1.0,0.828538252298241,1.0,-0.12320028248369712,180.71023282749672,1.657076504596482,-617.1835957225425,-41.12401739395719,1222.2498380644636,0.9361488819122314,0.9579237761689386,0.9694666622716133,0.4755685796824013,1.1267417464186185,0.9162954029396514,2,0.0,0.0,0.0,1182.0675225109276,1083.7134776128642,16.581643309656364,1182.0675225109276,west_concentrated
4,0.0,bus8_ct15,8.0,0.15,True,True,0.6408442783239677,0.5909359669853654,0.3867045726197169,0.9948006067054233,0.0051993932945767745,106.36847405736577,0.7734091452394365,-617.1835957225425,-614.1945908930279,1928.386211585019,1.9307665824890137,0.9579237761689386,0.9694666622716133,0.4755685796824013,1.1267417464186185,0.9162954029396514,2,0.0,0.0,0.0,1182.0675225109276,1083.7134776128642,16.581643309656364,1182.0675225109276,west_concentrated
4,0.0,bus4_ct25,4.0,0.25,True,False,0.9116756768528614,1.0,0.6519798375189225,0.9947228698925231,0.0052771301074768275,181.5593588043349,1.3039596750378468,-617.1835957225425,-845.9398543414175,1816.5718855506175,0.6224923133850098,0.9579237761689386,0.9694666622716133,0.4755685796824013,1.1267417464186185,0.9162954029396514,2,0.0,0.0,0.0,1182.0675225109276,1083.7134776128642,16.581643309656364,1182.0675225109276,west_concentrated
4,0.0,bus16_ct25,16.0,0.25,True,False,0.9615226285506617,1.0,0.8460905142026469,1.0,-5.6950967827047686e-12,183.49835320096471,1.692181028405293,-617.1835957225425,-77.48445613113594,1222.2498380644636,0.4723012447357178,0.9579237761689386,0.9694666622716133,0.4755685796824013,1.1267417464186185,0.9162954029396514,2,0.0,0.0,0.0,1182.0675225109276,1083.7134776128642,16.581643309656364,1182.0675225109276,west_concentrated
4,0.0,gen_trip_g4,,,True,True,0.16740272595712594,0.3348054519142519,0.0,0.0,1.0016380103608842,60.264981344565335,0.0,-617.1835957225425,-617.1835957225425,1222.2498380644636,1.7129838466644287,0.9579237761689386,0.9694666622716133,0.4755685796824013,1.1267417464186185,0.9162954029396514,2,0.0,0.0,0.0,1182.0675225109276,1083.7134776128642,16.581643309656364,1182.0675225109276,west_concentrated
5,0.0,bus4_ct10,4.0,0.1,True,True,0.5838947497091552,0.5211672110997221,0.29940502145109704,0.9938395551860798,0.006160444813920202,93.81009799794998,0.5988100429021959,-496.32026648367696,-494.2140203750052,1756.431153795762,1.8370590209960938,0.6467519623666133,0.4666751637910461,0.9960290863916095,1.023301860053175,1.0256284808112768,2,0.0,0.0,0.0,850.2323670505848,794.0901543309283,16.581643309656364,850.2323670505848,balanced
5,0.0,bus14_ct10,14.0,0.1,True,True,0.5880120608141097,0.5253936446543486,0.30714867182735617,0.9941122821203857,0.005887717879614293,94.57085603778273,0.6142973436547106,-496.32026648367696,-494.1925363407239,1777.445591297339,2.0505588054656982,0.6467519623666133,0.4666751637910461,0.9960290863916095,1.023301860053175,1.0256284808112768,2,0.0,0.0,0.0,850.2323670505848,794.0901543309283,16.581643309656364,850.2323670505848,balanced
5,0.0,bus16_ct10,16.0,0.1,True,True,0.6014161480825271,0.5607972980791216,0.29185674979351717,0.9922132463783477,0.007786753621652221,100.9435136542419,0.5837134995870352,-496.32026648367696,-493.56815221078404,2058.4845810147935,2.134212017059326,0.6467519623666133,0.4666751637910461,0.9960290863916095,1.023301860053175,1.0256284808112768,2,0.0,0.0,0.0,850.2323670505848,794.0901543309283,16.581643309656364,850.2323670505848,balanced
5,0.0,bus26_ct10,26.0,0.1,True,True,0.4957297713260875,0.4236193302219933,0.14065969716835625,0.9950207276920071,0.004979272307992881,76.25147943995879,0.28131939433671427,-496.32026648367696,-495.3244820771371,1569.9915300702442,1.9376718997955322,0.6467519623666133,0.4666751637910461,0.9960290863916095,1.023301860053175,1.0256284808112768,2,0.0,0.0,0.0,850.2323670505848,794.0901543309283,16.581643309656364,850.2323670505848,balanced
5,0.0,bus20_ct15,20.0,0.15,True,False,0.9641772546775975,1.0,0.8567090187103901,1.0,-0.1512916029535309,189.87445985864665,1.7134180374207775,-496.32026648367696,-410.36353789257356,1162.177668088636,0.5593197345733643,0.6467519623666133,0.4666751637910461,0.9960290863916095,1.023301860053175,1.0256284808112768,2,0.0,0.0,0.0,850.2323670505848,794.0901543309283,16.581643309656364,850.2323670505848,balanced
5,0.0,bus8_ct15,8.0,0.15,True,True,0.649213476563392,0.6088533427101287,0.3843056041503239,0.9948416166829867,0.005158383317013344,109.59360168782317,0.7686112083006469,-496.32026648367696,-493.1382601659314,1875.7657583854339,2.138075590133667,0.6467519623666133,0.4666751637910461,0.9960290863916095,1.023301860053175,1.0256284808112768,2,0.0,0.0,0.0,850.2323670505848,794.0901543309283,16.581643309656364,850.2323670505848,balanced
5,0.0,bus4_ct25,4.0,0.25,True,False,0.9114941548529929,1.0,0.6511972567384916,0.9947793626734802,0.005220637326519835,182.08550899354572,1.3023945134769832,-496.32026648367696,-752.1156543455919,1747.0385690446838,0.38541746139526367,0.6467519623666133,0.4666751637910461,0.9960290863916095,1.023301860053175,1.0256284808112768,2,0.0,0.0,0.0,850.2323670505848,794.0901543309283,16.581643309656364,850.2323670505848,balanced
5,0.0,bus16_ct25,16.0,0.25,True,False,0.9609565856497655,1.0,0.843826342599062,1.0,-0.17809507414690584,180.78448756197804,1.6876526851981222,-496.32026648367696,-67.1830022289395,1162.177668088636,1.9126918315887451,0.6467519623666133,0.4666751637910461,0.9960290863916095,1.023301860053175,1.0256284808112768,2,0.0,0.0,0.0,850.2323670505848,794.0901543309283,16.581643309656364,850.2323670505848,balanced
5,0.0,gen_trip_g4,,,True,True,0.164299901861057,0.328599803722114,0.0,0.0,1.0003300238698432,59.147964669980524,0.0,-496.32026648367696,-496.32026648367696,1162.177668088636,1.459230661392212,0.6467519623666133,0.4666751637910461,0.9960290863916095,1.023301860053175,1.0256284808112768,2,0.0,0.0,0.0,850.2323670505848,794.0901543309283,16.581643309656364,850.2323670505848,balanced
6,0.0,bus4_ct10,4.0,0.1,True,True,0.5744326486991118,0.5021965639512528,0.2994965184945393,0.9938409483994023,0.0061590516005977265,90.3953815112255,0.5989930369890795,-346.08649072505517,-343.7813692515057,1684.057656225756,2.038515329360962,0.24219083396544897,0.9504354534755839,0.8109166237438059,0.9861252162096983,1.1271167189606974,2,0.0,0.0,0.0,730.9696936007117,525.247811473113,16.581643309656364,730.9696936007117,east_concentrated
6,0.0,bus14_ct10,14.0,0.1,True,True,0.5795414565834576,0.5074963881852617,0.3090634987749823,0.9941095511883246,0.005890448811675446,91.34934987334711,0.6181269975499681,-346.08649072505517,-343.7475214569028,1706.1671078590425,1.8455517292022705,0.24219083396544897,0.9504354534755839,0.8109166237438059,0.9861252162096983,1.1271167189606974,2,0.0,0.0,0.0,730.9696936007117,525.247811473113,16.581643309656364,730.9696936007117,east_concentrated
6,0.0,bus16_ct10,16.0,0.1,True,True,0.5786389614451294,0.5159391274632397,0.29052127275562256,0.9921563180984156,0.007843681901584331,92.86904294338314,0.5810425455112433,-346.08649072505517,-343.0908786008311,1992.796842920393,2.069553852081299,0.24219083396544897,0.9504354534755839,0.8109166237438059,0.9861252162096983,1.1271167189606974,2,0.0,0.0,0.0,730.9696936007117,525.247811473113,16.581643309656364,730.9696936007117,east_concentrated
6,0.0,bus26_ct10,26.0,0.1,True,True,0.47679037456427076,0.38463906023064465,0.1428701501330707,0.9950132276627229,0.004986772337277069,69.23503084151604,0.28574030026614405,-346.08649072505517,-344.9776553287368,1501.04935133461,1.6890900135040283,0.24219083396544897,0.9504354534755839,0.8109166237438059,0.9861252162096983,1.1271167189606974,2,0.0,0.0,0.0,730.9696936007117,525.247811473113,16.581643309656364,730.9696936007117,east_concentrated
6,0.0,bus20_ct15,20.0,0.15,True,False,0.966307692512137,1.0,0.865230770048548,1.0,-0.12115658820895882,184.6334617420009,1.7304615400970969,-346.08649072505517,-656.1421336279112,1356.135765365118,0.881643533706665,0.24219083396544897,0.9504354534755839,0.8109166237438059,0.9861252162096983,1.1271167189606974,2,0.0,0.0,0.0,730.9696936007117,525.247811473113,16.581643309656364,730.9696936007117,east_concentrated
6,0.0,bus8_ct15,8.0,0.15,True,True,0.6363558580895733,0.5852739555373123,0.3800361873516387,0.9948393339320297,0.005160666067970311,105.34931199671621,0.76007237470328,-346.08649072505517,-342.6577286910891,1798.3548747300683,1.9494819641113281,0.24219083396544897,0.9504354534755839,0.8109166237438059,0.9861252162096983,1.1271167189606974,2,0.0,0.0,0.0,730.9696936007117,525.247811473113,16.581643309656364,730.9696936007117,east_concentrated
6,0.0,bus4_ct25,4.0,0.25,True,False,0.9113781408166146,1.0,0.6507527335363825,0.9947598297300757,0.005240170269924284,181.6137557730183,1.3015054670727677,-346.08649072505517,-680.3410910189644,1688.8491629116709,0.6241605281829834,0.24219083396544897,0.9504354534755839,0.8109166237438059,0.9861252162096983,1.1271167189606974,2,0.0,0.0,0.0,730.9696936007117,525.247811473113,16.581643309656364,730.9696936007117,east_concentrated
6,0.0,bus16_ct25,16.0,0.25,True,False,0.9642230721570728,1.0,0.8568922886282913,1.0,-1.2030705331869149e-11,184.71441775149094,1.7137845772565807,-346.08649072505517,-60.85695267305466,1092.4623806067957,0.4611821174621582,0.24219083396544897,0.9504354534755839,0.8109166237438059,0.9861252162096983,1.1271167189606974,2,0.0,0.0,0.0,730.9696936007117,525.247811473113,16.581643309656364,730.9696936007117,east_concentrated
6,0.0,gen_trip_g4,,,True,True,0.15004610375759259,0.2993520855689368,0.0,0.001480243892496791,0.9985197561075032,53.88337540240862,0.0,-346.08649072505517,-346.08649072505517,1092.4623806067957,1.6874406337738037,0.24219083396544897,0.9504354534755839,0.8109166237438059,0.9861252162096983,1.1271167189606974,2,0.0,0.0,0.0,730.9696936007117,525.247811473113,16.581643309656364,730.9696936007117,east_concentrated
7,0.0,bus4_ct10,4.0,0.1,True,True,0.5725835935878094,0.4985961098010862,0.2992929596448519,0.9938491951042131,0.006150804895786891,89.74729976419552,0.5985859192897003,-271.0661148019022,-268.6785405790278,1647.2423659902724,1.8540735244750977,0.5700022949381223,0.8248711602793573,0.7412288233937125,0.9533514914340797,1.1829483462137367,2,0.0,0.0,0.0,625.8315845205275,377.3498308798121,16.581643309656364,625.8315845205275,balanced
7,0.0,bus14_ct10,14.0,0.1,True,True,0.5781591135074782,0.5043808172431801,0.3097605321960266,0.9941142873475257,0.005885712652474335,90.78854710377242,0.6195210643920523,-271.0661148019022,-268.63878427761404,1669.7164755788745,2.323533773422241,0.5700022949381223,0.8248711602793573,0.7412288233937125,0.9533514914340797,1.1829483462137367,2,0.0,0.0,0.0,625.8315845205275,377.3498308798121,16.581643309656364,625.8315845205275,balanced
7,0.0,bus16_ct10,16.0,0.1,True,True,0.5697462674274312,0.49853539761047205,0.28978164436770726,0.9921326301210736,0.007867369878926488,89.73637156988497,0.5795632887354119,-271.0661148019022,-267.98324215075286,1958.8192255769545,1.8855805397033691,0.5700022949381223,0.8248711602793573,0.7412288233937125,0.9533514914340797,1.1829483462137367,2,0.0,0.0,0.0,625.8315845205275,377.3498308798121,16.581643309656364,625.8315845205275,balanced
7,0.0,bus26_ct10,26.0,0.1,True,True,0.47433528960323496,0.37894189255299154,0.1444466671151936,0.9950107061917631,0.004989293808236853,68.20954065953848,0.28889333423038455,-271.0661148019022,-269.91120470913006,1466.1376252697219,1.980574369430542,0.5700022949381223,0.8248711602793573,0.7412288233937125,0.9533514914340797,1.1829483462137367,2,0.0,0.0,0.0,625.8315845205275,377.3498308798121,16.581643309656364,625.8315845205275,balanced
7,0.0,bus20_ct15,20.0,0.15,True,False,0.9652671493739158,1.0,0.8610685974956631,1.0,-0.12049482513193187,185.9092238758006,1.7221371949913244,-271.0661148019022,-345.08012884911324,1076.9646863996766,0.5549674034118652,0.5700022949381223,0.8248711602793573,0.7412288233937125,0.9533514914340797,1.1829483462137367,2,0.0,0.0,0.0,625.8315845205275,377.3498308798121,16.581643309656364,625.8315845205275,balanced
7,0.0,bus8_ct15,8.0,0.15,True,True,0.633424328859828,0.5803615413781186,0.37812733580114255,0.9948468968819324,0.005153103118067575,104.46507744806134,0.7562546716022833,-271.0661148019022,-267.52489686571937,1759.9738560130022,2.140881061553955,0.5700022949381223,0.8248711602793573,0.7412288233937125,0.9533514914340797,1.1829483462137367,2,0.0,0.0,0.0,625.8315845205275,377.3498308798121,16.581643309656364,625.8315845205275,balanced
7,0.0,bus4_ct25,4.0,0.25,True,False,0.9113039442942831,1.0,0.6504503702578077,0.9947654069193245,0.0052345930806754915,180.88341427498608,1.300900740515618,-271.0661148019022,-631.7518186532757,1653.9649533051352,0.38111042976379395,0.5700022949381223,0.8248711602793573,0.7412288233937125,0.9533514914340797,1.1829483462137367,2,0.0,0.0,0.0,625.8315845205275,377.3498308798121,16.581643309656364,625.8315845205275,balanced
7,0.0,bus16_ct25,16.0,0.25,True,True,0.698370613959575,0.5890803286828936,0.6220116680632088,0.9933101304093038,0.006689869590696154,106.03445916292085,1.2440233361264141,-271.0661148019022,16.45409242878265,1056.85485183443,1.4311387538909912,0.5700022949381223,0.8248711602793573,0.7412288233937125,0.9533514914340797,1.1829483462137367,2,0.0,0.0,0.0,625.8315845205275,377.3498308798121,16.581643309656364,625.8315845205275,balanced
7,0.0,gen_trip_g4,,,True,True,0.1488529961381961,0.2964575298180376,0.0,0.0024969249167092755,0.9975030750832907,53.362355367246764,0.0,-271.0661148019022,-271.0661148019022,1056.85485183443,1.4465258121490479,0.5700022949381223,0.8248711602793573,0.7412288233937125,0.9533514914340797,1.1829483462137367,2,0.0,0.0,0.0,625.8315845205275,377.3498308798121,16.581643309656364,625.8315845205275,balanced
8,0.0,bus4_ct10,4.0,0.1,True,True,0.6184578607192729,0.5914651705171855,0.2969930225184072,0.9939080793243132,0.006091920675686715,106.46373069309338,0.5939860450368162,-601.0935871159213,-599.2724056168081,1802.7439034928882,2.0833683013916016,0.4107814701011777,0.5600535525327659,0.6654957237131204,0.9133159703820953,1.0052890379385686,2,0.0,0.0,0.0,497.39763298576145,847.9693385007322,16.581643309656364,497.39763298576145,balanced
8,0.0,bus14_ct10,14.0,0.1,True,True,0.6217924722975582,0.594200793835908,0.3046008290718625,0.9941674724465545,0.005832527553445598,106.95614289046343,0.6092016581437232,-601.0935871159213,-599.2599214577489,1821.3639524540179,1.8600456714630127,0.4107814701011777,0.5600535525327659,0.6654957237131204,0.9133159703820953,1.0052890379385686,2,0.0,0.0,0.0,497.39763298576145,847.9693385007322,16.581643309656364,497.39763298576145,balanced
8,0.0,bus16_ct10,16.0,0.1,True,True,0.6415497388533891,0.6408734020065904,0.2921626088969802,0.9922895425033951,0.007710457496604949,115.35721236118627,0.584325217793964,-601.0935871159213,-598.7709574473555,2102.5779021207545,2.142786979675293,0.4107814701011777,0.5600535525327659,0.6654957237131204,0.9133159703820953,1.0052890379385686,2,0.0,0.0,0.0,497.39763298576145,847.9693385007322,16.581643309656364,497.39763298576145,balanced
8,0.0,bus26_ct10,26.0,0.1,True,True,0.5314429359062391,0.49495284994163896,0.14083128860922045,0.9950347551324582,0.004965244867541808,89.09151298949502,0.28166257721844,-601.0935871159213,-600.293472602794,1617.027575291711,1.9128527641296387,0.4107814701011777,0.5600535525327659,0.6654957237131204,0.9133159703820953,1.0052890379385686,2,0.0,0.0,0.0,497.39763298576145,847.9693385007322,16.581643309656364,497.39763298576145,balanced
8,0.0,bus20_ct15,20.0,0.15,True,True,0.7492834408463256,0.7973188158265142,0.40249613173227416,1.0,-0.1229588606002649,143.51738684877256,0.8049922634645457,-601.0935871159213,-598.8876778507898,2009.6905842543574,3.3476552963256836,0.4107814701011777,0.5600535525327659,0.6654957237131204,0.9133159703820953,1.0052890379385686,2,0.0,0.0,0.0,497.39763298576145,847.9693385007322,16.581643309656364,497.39763298576145,balanced
8,0.0,bus8_ct15,8.0,0.15,True,True,0.6922394405351097,0.6925454515524305,0.38893610351129126,0.9949307555242864,0.005069244475713573,124.6581812794375,0.7778722070225808,-601.0935871159213,-598.1513571836899,1936.125588696479,2.163478374481201,0.4107814701011777,0.5600535525327659,0.6654957237131204,0.9133159703820953,1.0052890379385686,2,0.0,0.0,0.0,497.39763298576145,847.9693385007322,16.581643309656364,497.39763298576145,balanced
8,0.0,bus4_ct25,4.0,0.25,True,False,0.9114463306357038,1.0,0.6508504317872799,0.9949348907555353,0.005065109244464721,182.43364202936152,1.3017008635745597,-601.0935871159213,-758.7118332339148,1738.6973495430154,0.6238062381744385,0.4107814701011777,0.5600535525327659,0.6654957237131204,0.9133159703820953,1.0052890379385686,2,0.0,0.0,0.0,497.39763298576145,847.9693385007322,16.581643309656364,497.39763298576145,balanced
8,0.0,bus16_ct25,16.0,0.25,True,True,0.7555137876213818,0.7002671675683902,0.6278148079266472,0.9937060074220991,0.0062939925779008365,126.04809016231025,1.2556296158532954,-601.0935871159213,-38.95321297659913,1203.3017508140513,1.2218236923217773,0.4107814701011777,0.5600535525327659,0.6654957237131204,0.9133159703820953,1.0052890379385686,2,0.0,0.0,0.0,497.39763298576145,847.9693385007322,16.581643309656364,497.39763298576145,balanced
8,0.0,gen_trip_g4,,,True,True,0.19613344452476125,0.3922668890495225,0.0,0.0,1.0012588545419099,70.60804002891405,0.0,-601.0935871159213,-601.093587116162,1203.3017508140513,1.6827430725097656,0.4107814701011777,0.5600535525327659,0.6654957237131204,0.9133159703820953,1.0052890379385686,2,0.0,0.0,0.0,497.39763298576145,847.9693385007322,16.581643309656364,497.39763298576145,balanced
9,0.0,bus4_ct10,4.0,0.1,True,True,0.5447478112119236,0.45150964287055656,0.2821830867420161,0.9937888723645654,0.006211127635434651,81.27173571670018,0.5643661734840322,-476.0664203424675,-473.92338702791443,1699.8844623938405,1.943481683731079,0.7091320419999853,0.5353123604884851,0.5002138746869552,1.116960499019374,0.9796918216543206,0,0.0,0.0,0.0,880.4092808541518,596.5963644377052,16.581643309656364,880.4092808541518,west_concentrated
9,0.0,bus14_ct10,14.0,0.1,True,True,0.5480310497452654,0.45454358827390784,0.28896944578791306,0.9940675766453331,0.005932423354666928,81.81784588930341,0.5779388915758288,-476.0664203424675,-473.9192780048328,1718.9006460039786,2.099188804626465,0.7091320419999853,0.5353123604884851,0.5002138746869552,1.116960499019374,0.9796918216543206,0,0.0,0.0,0.0,880.4092808541518,596.5963644377052,16.581643309656364,880.4092808541518,west_concentrated
9,0.0,bus16_ct10,16.0,0.1,True,True,0.5786925596815503,0.5085424758676659,0.3055219385573622,0.9921633484335072,0.007836651566492823,91.53764565617986,0.6110438771147209,-476.0664203424675,-473.36178327966434,1981.322632199591,1.8845603466033936,0.7091320419999853,0.5353123604884851,0.5002138746869552,1.116960499019374,0.9796918216543206,0,0.0,0.0,0.0,880.4092808541518,596.5963644377052,16.581643309656364,880.4092808541518,west_concentrated
9,0.0,bus26_ct10,26.0,0.1,True,True,0.47647603664106963,0.3778352876740697,0.15521067671416233,0.9950228945019767,0.004977105498023302,68.01035178133255,0.31042135342832733,-476.0664203424675,-475.0262472553723,1555.5036777474522,2.231081485748291,0.7091320419999853,0.5353123604884851,0.5002138746869552,1.116960499019374,0.9796918216543206,0,0.0,0.0,0.0,880.4092808541518,596.5963644377052,16.581643309656364,880.4092808541518,west_concentrated
9,0.0,bus20_ct15,20.0,0.15,True,False,0.9569060419286988,1.0,0.8276241677147951,1.0,-0.12254018887742738,180.75590706905345,1.655248335429591,-476.0664203424675,-758.2601952336596,1386.3969922081444,0.8406152725219727,0.7091320419999853,0.5353123604884851,0.5002138746869552,1.116960499019374,0.9796918216543206,0,0.0,0.0,0.0,880.4092808541518,596.5963644377052,16.581643309656364,880.4092808541518,west_concentrated
9,0.0,bus8_ct15,8.0,0.15,True,True,0.6130372057808967,0.525640219145509,0.4060797219886325,0.9947886628439365,0.0052113371560635014,94.61523944619161,0.812159443977265,-476.0664203424675,-472.9036780360486,1815.7062372642968,2.1023755073547363,0.7091320419999853,0.5353123604884851,0.5002138746869552,1.116960499019374,0.9796918216543206,0,0.0,0.0,0.0,880.4092808541518,596.5963644377052,16.581643309656364,880.4092808541518,west_concentrated
9,0.0,bus4_ct25,4.0,0.25,True,False,0.867009347242429,0.930554081105289,0.6122776287538869,0.9946515980052507,0.00534840199474926,167.49973459895202,1.2245552575077712,-476.0664203424675,-461.8318573169454,2302.6096749261887,2.2469398975372314,0.7091320419999853,0.5353123604884851,0.5002138746869552,1.116960499019374,0.9796918216543206,0,0.0,0.0,0.0,880.4092808541518,596.5963644377052,16.581643309656364,880.4092808541518,west_concentrated
9,0.0,bus16_ct25,16.0,0.25,True,False,0.9628797322873179,1.0,0.8515189291492717,1.0,-3.906033045489318e-13,180.31729628727317,1.7030378582985417,-476.0664203424675,-91.8475505896806,1130.8705638210288,0.6930768489837646,0.7091320419999853,0.5353123604884851,0.5002138746869552,1.116960499019374,0.9796918216543206,0,0.0,0.0,0.0,880.4092808541518,596.5963644377052,16.581643309656364,880.4092808541518,west_concentrated
9,0.0,gen_trip_g4,,,True,True,0.14219869666232077,0.28439739332464153,0.0,0.0,1.0015045075976894,51.19153079843547,0.0,-476.0664203424675,-476.0664203424675,1130.8705638210288,1.4460933208465576,0.7091320419999853,0.5353123604884851,0.5002138746869552,1.116960499019374,0.9796918216543206,0,0.0,0.0,0.0,880.4092808541518,596.5963644377052,16.581643309656364,880.4092808541518,west_concentrated
10,0.0,bus4_ct10,4.0,0.1,True,True,0.5519171503226893,0.45619515943210065,0.30148818494387797,0.993790097482678,0.006209902517322017,82.11512869777812,0.6029763698877533,-359.4006034545196,-357.02057177333734,1688.5105261343706,2.061614751815796,0.3397867839068841,0.932565446217807,0.9434060589973565,1.0994169725831093,1.07718616107978,2,0.0,0.0,0.0,1094.4096480466142,657.5138592996636,16.581643309656364,1094.4096480466142,balanced
10,0.0,bus14_ct10,14.0,0.1,True,True,0.5570754539881284,0.4616883249315824,0.3108540080097839,0.9940711580795647,0.005928841920435335,83.10389848768483,0.6217080160195643,-359.4006034545196,-356.9883022901036,1712.3995208407696,1.7383778095245361,0.3397867839068841,0.932565446217807,0.9434060589973565,1.0994169725831093,1.07718616107978,2,0.0,0.0,0.0,1094.4096480466142,657.5138592996636,16.581643309656364,1094.4096480466142,balanced
10,0.0,bus16_ct10,16.0,0.1,True,True,0.5616262431302512,0.4816582079934071,0.29105552716092475,0.9921330293732662,0.007866970626733827,86.69847743881327,0.5821110543218477,-359.4006034545196,-356.20922303496644,1998.1831564256095,2.0748703479766846,0.3397867839068841,0.932565446217807,0.9434060589973565,1.0994169725831093,1.07718616107978,2,0.0,0.0,0.0,1094.4096480466142,657.5138592996636,16.581643309656364,1094.4096480466142,balanced
10,0.0,bus26_ct10,26.0,0.1,True,True,0.4612777715956813,0.3521819563028711,0.1457369551461447,0.9950102186308383,0.00498978136916171,63.3927521345168,0.2914739102922903,-359.4006034545196,-358.20761634494994,1507.4026947652937,1.7223727703094482,0.3397867839068841,0.932565446217807,0.9434060589973565,1.0994169725831093,1.07718616107978,2,0.0,0.0,0.0,1094.4096480466142,657.5138592996636,16.581643309656364,1094.4096480466142,balanced
10,0.0,bus20_ct15,20.0,0.15,True,False,0.967149124569719,1.0,0.8685964982788761,1.0,-0.12131017536611521,180.04319811653818,1.7371929965577504,-359.4006034545196,-652.2513832230621,1360.8867347178382,4.485005855560303,0.3397867839068841,0.932565446217807,0.9434060589973565,1.0994169725831093,1.07718616107978,2,0.0,0.0,0.0,1094.4096480466142,657.5138592996636,16.581643309656364,1094.4096480466142,balanced
10,0.0,bus8_ct15,8.0,0.15,True,True,0.6094720913550176,0.5322604945774835,0.3785878443733104,0.9947795318917927,0.005220468108207299,95.80688902394702,0.7571756887466208,-359.4006034545196,-355.9587834379626,1791.0056419632056,1.8849592208862305,0.3397867839068841,0.932565446217807,0.9434060589973565,1.0994169725831093,1.07718616107978,2,0.0,0.0,0.0,1094.4096480466142,657.5138592996636,16.581643309656364,1094.4096480466142,balanced
10,0.0,bus4_ct25,4.0,0.25,True,False,0.911547805285187,1.0,0.65153687236538,0.9946543487753678,0.005345651224632118,181.59149266356664,1.3030737447307583,-359.4006034545196,-806.7578703674475,1726.4310570985633,0.658212423324585,0.3397867839068841,0.932565446217807,0.9434060589973565,1.0994169725831093,1.07718616107978,2,0.0,0.0,0.0,1094.4096480466142,657.5138592996636,16.581643309656364,1094.4096480466142,balanced
10,0.0,bus16_ct25,16.0,0.25,True,False,0.970671584140903,1.0,0.8826863365636122,1.0,-6.133271149797747e-12,184.6276094501412,1.7653726731272235,-359.4006034545196,-58.01041051121164,1104.7564225132533,0.49009013175964355,0.3397867839068841,0.932565446217807,0.9434060589973565,1.0994169725831093,1.07718616107978,2,0.0,0.0,0.0,1094.4096480466142,657.5138592996636,16.581643309656364,1094.4096480466142,balanced
10,0.0,gen_trip_g4,,,True,True,0.13253341443667063,0.26444832209665914,0.0,0.0012370135533642523,0.9987629864466357,47.600697977398646,0.0,-359.4006034545196,-359.4006034545196,1104.7564225132533,1.679020643234253,0.3397867839068841,0.932565446217807,0.9434060589973565,1.0994169725831093,1.07718616107978,2,0.0,0.0,0.0,1094.4096480466142,657.5138592996636,16.581643309656364,1094.4096480466142,balanced
11,0.0,bus4_ct10,4.0,0.1,True,True,0.5398278593515827,0.433795832421139,0.2978903431948652,0.9938294293691877,0.00617057063081225,78.08324983580502,0.5957806863897286,-286.2624228908528,-284.01788426319365,1560.6139551793199,1.8260126113891602,0.7360741961914681,0.6187817813406378,0.7608745130442707,0.9959361313855993,1.1118597961533396,1,0.0,0.0,0.0,221.88310948500248,-72.69660001019611,16.581643309656364,221.88310948500248,west_concentrated
11,0.0,bus14_ct10,14.0,0.1,True,True,0.5344866632590629,0.4364691536123174,0.2709184931997797,0.9940898526118371,0.0059101473881628674,78.56444765021713,0.541836986399562,-286.2624228908528,-284.01771018325474,1575.2985077976969,2.1008524894714355,0.7360741961914681,0.6187817813406378,0.7608745130442707,0.9959361313855993,1.1118597961533396,1,0.0,0.0,0.0,221.88310948500248,-72.69660001019611,16.581643309656364,221.88310948500248,west_concentrated
11,0.0,bus16_ct10,16.0,0.1,True,True,0.5821794244879515,0.509934151175458,0.31674162132743433,0.9921077742734552,0.0078922257265448,91.78814721158246,0.6334832426548687,-286.2624228908528,-283.604032551968,1824.2443376786823,1.8684663772583008,0.7360741961914681,0.6187817813406378,0.7608745130442707,0.9959361313855993,1.1118597961533396,1,0.0,0.0,0.0,221.88310948500248,-72.69660001019611,16.581643309656364,221.88310948500248,west_concentrated
11,0.0,bus26_ct10,26.0,0.1,True,True,0.4800973884944244,0.3782723314183822,0.16881683337570053,0.9950280577652327,0.004971942234767291,68.08901965530879,0.33763366675140016,-286.2624228908528,-285.19958322375174,1464.8057324700599,1.9573843479156494,0.7360741961914681,0.6187817813406378,0.7608745130442707,0.9959361313855993,1.1118597961533396,1,0.0,0.0,0.0,221.88310948500248,-72.69660001019611,16.581643309656364,221.88310948500248,west_concentrated
11,0.0,bus20_ct15,20.0,0.15,True,False,0.9541983367964892,1.0,0.816793347185957,1.0,-0.16883967522044954,183.30184877219887,1.6335866943719113,-286.2624228908528,-491.450990774825,1163.4060726112125,0.49188756942749023,0.7360741961914681,0.6187817813406378,0.7608745130442707,0.9959361313855993,1.1118597961533396,1,0.0,0.0,0.0,221.88310948500248,-72.69660001019611,16.581643309656364,221.88310948500248,west_concentrated
11,0.0,bus8_ct15,8.0,0.15,True,True,0.6182422662996524,0.521974100324494,0.4341794359214255,0.994841428628196,0.005158571371803979,93.95533805840893,0.8683588718428537,-286.2624228908528,-282.8826304152259,1680.335980271354,2.0911622047424316,0.7360741961914681,0.6187817813406378,0.7608745130442707,0.9959361313855993,1.1118597961533396,1,0.0,0.0,0.0,221.88310948500248,-72.69660001019611,16.581643309656364,221.88310948500248,west_concentrated
11,0.0,bus4_ct25,4.0,0.25,True,False,0.8576440156648885,0.9006483991193855,0.6345779633087361,0.9947013011120468,0.005298698887953155,162.1167118414894,1.2691559266174712,-286.2624228908528,-271.34280359061245,2147.083678127382,2.109819173812866,0.7360741961914681,0.6187817813406378,0.7608745130442707,0.9959361313855993,1.1118597961533396,1,0.0,0.0,0.0,221.88310948500248,-72.69660001019611,16.581643309656364,221.88310948500248,west_concentrated
11,0.0,bus16_ct25,16.0,0.25,True,False,0.9725514722533903,1.0,0.8902058890135613,1.0,-3.3547767813353785e-16,186.9171539847878,1.78041177802712,-286.2624228908528,-103.38024341494558,1011.4544679964519,0.7559831142425537,0.7360741961914681,0.6187817813406378,0.7608745130442707,0.9959361313855993,1.1118597961533396,1,0.0,0.0,0.0,221.88310948500248,-72.69660001019611,16.581643309656364,221.88310948500248,west_concentrated
11,0.0,gen_trip_g4,,,True,True,0.14362762080343022,0.28725524160686045,0.0,0.0,1.0000076456287286,51.70594348923488,0.0,-286.2624228908528,-286.2624228908528,1011.4544679964519,1.6319308280944824,0.7360741961914681,0.6187817813406378,0.7608745130442707,0.9959361313855993,1.1118597961533396,1,0.0,0.0,0.0,221.88310948500248,-72.69660001019611,16.581643309656364,221.88310948500248,west_concentrated
12,0.0,bus4_ct10,4.0,0.1,True,True,0.5078274099938437,0.36817981430816715,0.30120212148997894,0.9937478898690615,0.0062521101309385195,66.27236657547009,0.602404242979957,-364.19304124564223,-361.91740808124473,1595.6711952375517,2.0967159271240234,0.7727488034806089,0.4798587113645621,0.8344171484706007,1.188387282209664,0.9949895522489663,1,0.0,0.0,0.0,839.2664013286017,236.89267609248827,16.581643309656364,839.2664013286017,west_concentrated
12,0.0,bus14_ct10,14.0,0.1,True,True,0.5026820240627995,0.3710932307779814,0.27451241180300556,0.9940292228922297,0.005970777107770324,66.79678154003665,0.5490248236060102,-364.19304124564223,-361.9249801635064,1612.5277073394657,1.829512357711792,0.7727488034806089,0.4798587113645621,0.8344171484706007,1.188387282209664,0.9949895522489663,1,0.0,0.0,0.0,839.2664013286017,236.89267609248827,16.581643309656364,839.2664013286017,west_concentrated
12,0.0,bus16_ct10,16.0,0.1,True,True,0.5598240793542258,0.46460955632154405,0.3179881010759509,0.9920891036978644,0.00791089630213557,83.62972013787792,0.6359762021519044,-364.19304124564223,-361.3523381489231,1860.0134852902233,2.02681303024292,0.7727488034806089,0.4798587113645621,0.8344171484706007,1.188387282209664,0.9949895522489663,1,0.0,0.0,0.0,839.2664013286017,236.89267609248827,16.581643309656364,839.2664013286017,west_concentrated
12,0.0,bus26_ct10,26.0,0.1,True,True,0.45779617438874665,0.3334318363485908,0.16929369640693537,0.9950273284508695,0.0049726715491304856,60.01773054274634,0.3385873928138716,-364.19304124564223,-363.0476509346882,1500.1443914580066,1.7003374099731445,0.7727488034806089,0.4798587113645621,0.8344171484706007,1.188387282209664,0.9949895522489663,1,0.0,0.0,0.0,839.2664013286017,236.89267609248827,16.581643309656364,839.2664013286017,west_concentrated
12,0.0,bus20_ct15,20.0,0.15,True,True,0.5769324333568926,0.4844301910297033,0.33886935136816376,1.0,-0.12306023141785774,87.1974343853466,0.6777387027363257,-364.19304124564223,-362.1806109848108,1831.285094099289,2.1866295337677,0.7727488034806089,0.4798587113645621,0.8344171484706007,1.188387282209664,0.9949895522489663,1,0.0,0.0,0.0,839.2664013286017,236.89267609248827,16.581643309656364,839.2664013286017,west_concentrated
12,0.0,bus8_ct15,8.0,0.15,True,True,0.5790009631645657,0.4448228404858268,0.4316090745128385,0.9947490971737709,0.005250902826229093,80.06811128744883,0.8632181490256752,-364.19304124564223,-360.8909959034712,1698.0956316316222,1.761139154434204,0.7727488034806089,0.4798587113645621,0.8344171484706007,1.188387282209664,0.9949895522489663,1,0.0,0.0,0.0,839.2664013286017,236.89267609248827,16.581643309656364,839.2664013286017,west_concentrated
12,0.0,bus4_ct25,4.0,0.25,True,False,0.7900048193888423,0.7646514483869585,0.6361758228450327,0.9945405579364193,0.005459442063580755,137.63726070965254,1.2723516456900663,-364.19304124564223,-351.35823337473266,2191.989784495757,2.1746439933776855,0.7727488034806089,0.4798587113645621,0.8344171484706007,1.188387282209664,0.9949895522489663,1,0.0,0.0,0.0,839.2664013286017,236.89267609248827,16.581643309656364,839.2664013286017,west_concentrated
12,0.0,bus16_ct25,16.0,0.25,True,False,0.9775881821457606,1.0,0.9103527285830424,1.0,-1.5749376088724245e-11,186.4050065091757,1.820705457166083,-364.19304124564223,-113.03367591639024,1056.9984158898374,1.5927469730377197,0.7727488034806089,0.4798587113645621,0.8344171484706007,1.188387282209664,0.9949895522489663,1,0.0,0.0,0.0,839.2664013286017,236.89267609248827,16.581643309656364,839.2664013286017,west_concentrated
12,0.0,gen_trip_g4,,,True,True,0.12519743164220945,0.2503948632844189,0.0,0.0,1.001236784645098,45.0710753911954,0.0,-364.19304124564223,-364.19304124564223,1056.9984158898374,1.673048734664917,0.7727488034806089,0.4798587113645621,0.8344171484706007,1.188387282209664,0.9949895522489663,1,0.0,0.0,0.0,839.2664013286017,236.89267609248827,16.581643309656364,839.2664013286017,west_concentrated
13,0.0,bus4_ct10,4.0,0.1,True,True,0.5907407211111196,0.535555111124377,0.2979716909592476,0.993880971236477,0.006119028763522997,96.39992000238787,0.5959433819184978,-320.4759742026227,-318.2091586041586,1673.0735933911087,1.8290901184082031,0.9888460931106492,0.9058321285433115,0.7322235384399121,0.8936971740688111,1.176381873894466,2,0.0,0.0,0.0,434.4605344127458,394.74441605356014,16.581643309656364,434.4605344127458,west_concentrated
13,0.0,bus14_ct10,14.0,0.1,True,True,0.5959047700064726,0.5408002801558055,0.30787899050859835,0.9941395292056809,0.005860470794319097,97.344050428045,0.6157579810171976,-320.4759742026227,-318.1731009825578,1694.1487998409152,2.110165596008301,0.9888460931106492,0.9058321285433115,0.7322235384399121,0.8936971740688111,1.176381873894466,2,0.0,0.0,0.0,434.4605344127458,394.74441605356014,16.581643309656364,434.4605344127458,west_concentrated
13,0.0,bus16_ct10,16.0,0.1,True,True,0.5896030081737929,0.5381558677183302,0.28993145588982117,0.9921688413686897,0.007831158631310325,96.86805618929945,0.5798629117796406,-320.4759742026227,-317.5918029649664,1981.9726352269797,2.006157875061035,0.9888460931106492,0.9058321285433115,0.7322235384399121,0.8936971740688111,1.176381873894466,2,0.0,0.0,0.0,434.4605344127458,394.74441605356014,16.581643309656364,434.4605344127458,west_concentrated
13,0.0,bus26_ct10,26.0,0.1,True,True,0.4911069504215269,0.41416942538208446,0.14107327001057612,0.9950156809113626,0.004984319088637336,74.5504965687752,0.28214654002115314,-320.4759742026227,-319.4178599972544,1489.20534575597,1.8915157318115234,0.9888460931106492,0.9058321285433115,0.7322235384399121,0.8936971740688111,1.176381873894466,2,0.0,0.0,0.0,434.4605344127458,394.74441605356014,16.581643309656364,434.4605344127458,west_concentrated
13,0.0,bus20_ct15,20.0,0.15,True,True,0.5621611705555062,0.42869877920874777,0.3912471238045292,1.0,-0.12084942017538876,77.1657802575746,0.7824942476090602,-320.4759742026227,-313.4057942296409,1075.6197636112267,1.1192259788513184,0.9888460931106492,0.9058321285433115,0.7322235384399121,0.8936971740688111,1.176381873894466,2,0.0,0.0,0.0,434.4605344127458,394.74441605356014,16.581643309656364,434.4605344127458,west_concentrated
13,0.0,bus8_ct15,8.0,0.15,True,True,0.655736809770853,0.6237482685145344,0.38056299448782127,0.994887707566522,0.005112292433477997,112.2746883326162,0.7611259889756417,-320.4759742026227,-317.0212720301477,1795.3634823475236,2.040205478668213,0.9888460931106492,0.9058321285433115,0.7322235384399121,0.8936971740688111,1.176381873894466,2,0.0,0.0,0.0,434.4605344127458,394.74441605356014,16.581643309656364,434.4605344127458,west_concentrated
13,0.0,bus4_ct25,4.0,0.25,True,False,0.9112397125816568,1.0,0.6501187670558508,0.9948400832707764,0.00515991672922352,180.8303990668731,1.3002375341117034,-320.4759742026227,-620.3481978537468,1649.5810351963491,0.33184194564819336,0.9888460931106492,0.9058321285433115,0.7322235384399121,0.8936971740688111,1.176381873894466,2,0.0,0.0,0.0,434.4605344127458,394.74441605356014,16.581643309656364,434.4605344127458,west_concentrated
13,0.0,bus16_ct25,16.0,0.25,True,False,0.9601980662217491,1.0,0.8407922648869963,1.0,-0.1364900237959232,180.99192419214532,1.6815845297739918,-320.4759742026227,-27.586559996762038,1075.6197636112267,1.6513409614562988,0.9888460931106492,0.9058321285433115,0.7322235384399121,0.8936971740688111,1.176381873894466,2,0.0,0.0,0.0,434.4605344127458,394.74441605356014,16.581643309656364,434.4605344127458,west_concentrated
13,0.0,gen_trip_g4,,,True,True,0.1650832230879991,0.3291881348294661,0.0,0.0019566226930642916,0.9980433773069357,59.25386426930389,0.0,-320.4759742026227,-320.4759742026227,1075.6197636112267,0.8332452774047852,0.9888460931106492,0.9058321285433115,0.7322235384399121,0.8936971740688111,1.176381873894466,2,0.0,0.0,0.0,434.4605344127458,394.74441605356014,16.581643309656364,434.4605344127458,west_concentrated
14,0.0,bus4_ct10,4.0,0.1,True,True,0.4996812317170172,0.3512746185004225,0.3024008915278138,0.9937747983394101,0.006225201660589985,63.22943133007605,0.6048017830556285,-148.43417670920837,-144.53054259675915,1484.8216615229314,2.035663366317749,0.6759525583862621,0.4940998379126168,0.4277551251583119,1.107341300385405,1.1503082362265227,1,0.0,0.0,0.0,579.2708916363786,-174.54651776405808,16.581643309656364,579.2708916363786,balanced
14,0.0,bus14_ct10,14.0,0.1,True,True,0.4956271429240987,0.35573080299045046,0.27700086939968926,0.9940460963158045,0.005953903684195465,64.03154453828108,0.5540017387993768,-148.43417670920837,-144.51023882055114,1502.7554697385194,1.7951278686523438,0.6759525583862621,0.4940998379126168,0.4277551251583119,1.107341300385405,1.1503082362265227,1,0.0,0.0,0.0,579.2708916363786,-174.54651776405808,16.581643309656364,579.2708916363786,balanced
14,0.0,bus16_ct10,16.0,0.1,True,True,0.5405361307555403,0.42722403962773287,0.31566972293633455,0.9920267208303608,0.00797327916963914,76.90032713299192,0.6313394458726673,-148.43417670920837,-143.3995008684439,1755.990810682137,2.0509753227233887,0.6759525583862621,0.4940998379126168,0.4277551251583119,1.107341300385405,1.1503082362265227,1,0.0,0.0,0.0,579.2708916363786,-174.54651776405808,16.581643309656364,579.2708916363786,balanced
14,0.0,bus26_ct10,26.0,0.1,True,True,0.44016010179425624,0.29864486465112233,0.16832908237200783,0.9950215955027726,0.004978404497227453,53.756075637202024,0.3366581647440148,-148.43417670920837,-146.15892132654176,1400.547393692098,1.7297353744506836,0.6759525583862621,0.4940998379126168,0.4277551251583119,1.107341300385405,1.1503082362265227,1,0.0,0.0,0.0,579.2708916363786,-174.54651776405808,16.581643309656364,579.2708916363786,balanced
14,0.0,bus20_ct15,20.0,0.15,True,False,0.9631127253590721,1.0,0.8524509014362884,1.0,-0.2332883419276297,186.65580029617067,1.704901802872576,-148.43417670920837,-475.7165028905671,1204.9674768755208,1.6075010299682617,0.6759525583862621,0.4940998379126168,0.4277551251583119,1.107341300385405,1.1503082362265227,1,0.0,0.0,0.0,579.2708916363786,-174.54651776405808,16.581643309656364,579.2708916363786,balanced
14,0.0,bus8_ct15,8.0,0.15,True,True,0.5693702774049363,0.427554754470226,0.42759715304022805,0.9947744476390649,0.005225552360935176,76.95985580464068,0.8551943060804579,-148.43417670920837,-143.0676551752356,1578.6393654509166,1.8900847434997559,0.6759525583862621,0.4940998379126168,0.4277551251583119,1.107341300385405,1.1503082362265227,1,0.0,0.0,0.0,579.2708916363786,-174.54651776405808,16.581643309656364,579.2708916363786,balanced
14,0.0,bus4_ct25,4.0,0.25,True,False,0.78283176708729,0.7493095236321715,0.6381462094649066,0.99456181161991,0.005438188380089999,134.87571425379087,1.2762924189298097,-148.43417670920837,-128.44879495094466,2082.1840625620534,2.337270975112915,0.6759525583862621,0.4940998379126168,0.4277551251583119,1.107341300385405,1.1503082362265227,1,0.0,0.0,0.0,579.2708916363786,-174.54651776405808,16.581643309656364,579.2708916363786,balanced
14,0.0,bus16_ct25,16.0,0.25,True,True,0.6942721337717048,0.5575843224820995,0.6690098575427683,0.992910032579852,0.007089967420148033,100.36517804677793,1.3380197150855366,-148.43417670920837,-16.21277075735182,955.9708668654104,1.2330172061920166,0.6759525583862621,0.4940998379126168,0.4277551251583119,1.107341300385405,1.1503082362265227,1,0.0,0.0,0.0,579.2708916363786,-174.54651776405808,16.581643309656364,579.2708916363786,balanced
14,0.0,gen_trip_g4,,,True,True,0.11805302700443834,0.23511969905355445,0.0,0.0019727099106444657,0.9980272900893555,42.3215458296398,0.0,-148.43417670920837,-148.43417670920837,955.9708668654104,1.6844193935394287,0.6759525583862621,0.4940998379126168,0.4277551251583119,1.107341300385405,1.1503082362265227,1,0.0,0.0,0.0,579.2708916363786,-174.54651776405808,16.581643309656364,579.2708916363786,balanced
15,0.0,bus4_ct10,4.0,0.1,True,True,0.594085230215766,0.552658083796624,0.2771053287311389,0.9939194245386769,0.00608057546132317,99.4784550833923,0.5542106574622796,-352.50857548608917,-350.4137412521443,1643.9721744403957,1.8111844062805176,0.31376596244640526,0.9252357726677096,0.8058131581623138,0.8109739760345617,1.165442237101664,0,0.0,0.0,0.0,-101.1954848811265,104.54351391769251,16.581643309656364,101.1954848811265,balanced
15,0.0,bus14_ct10,14.0,0.1,True,True,0.5979778238220343,0.5557522268767809,0.28624266716388647,0.9941641743706889,0.005835825629311051,100.03540083782057,0.5724853343277703,-352.50857548608917,-350.3995280990707,1659.7743438929556,2.056036949157715,0.31376596244640526,0.9252357726677096,0.8058131581623138,0.8109739760345617,1.165442237101664,0,0.0,0.0,0.0,-101.1954848811265,104.54351391769251,16.581643309656364,101.1954848811265,balanced
15,0.0,bus16_ct10,16.0,0.1,True,True,0.6135140477077259,0.5792739481088109,0.3033191013925354,0.9921891932207462,0.007810806779253871,104.26931065958597,0.6066382027850725,-352.50857548608917,-350.0360389854449,1927.5707961046437,1.8017454147338867,0.31376596244640526,0.9252357726677096,0.8058131581623138,0.8109739760345617,1.165442237101664,0,0.0,0.0,0.0,-101.1954848811265,104.54351391769251,16.581643309656364,101.1954848811265,balanced
15,0.0,bus26_ct10,26.0,0.1,True,True,0.5110487432154397,0.44740804151764213,0.1543504290720037,0.9950284607544707,0.004971539245529279,80.53344747317558,0.3087008581440065,-352.50857548608917,-351.5833053903964,1500.2727198267112,2.060933828353882,0.31376596244640526,0.9252357726677096,0.8058131581623138,0.8109739760345617,1.165442237101664,0,0.0,0.0,0.0,-101.1954848811265,104.54351391769251,16.581643309656364,101.1954848811265,balanced
15,0.0,bus20_ct15,20.0,0.15,True,False,0.9511995277312701,1.0,0.8047981109250806,1.0,-0.12129022715989997,182.11419012331788,1.6095962218501603,-352.50857548608917,-796.3652531530337,1446.2729595817407,0.5379886627197266,0.31376596244640526,0.9252357726677096,0.8058131581623138,0.8109739760345617,1.165442237101664,0,0.0,0.0,0.0,-101.1954848811265,104.54351391769251,16.581643309656364,101.1954848811265,balanced
15,0.0,bus8_ct15,8.0,0.15,True,True,0.671527613430819,0.6413269350130479,0.40850978220531076,0.9949468014918693,0.00505319850813066,115.43884830234863,0.8170195644106215,-352.50857548608917,-349.19028758316546,1785.9618723512876,2.1634838581085205,0.31376596244640526,0.9252357726677096,0.8058131581623138,0.8109739760345617,1.165442237101664,0,0.0,0.0,0.0,-101.1954848811265,104.54351391769251,16.581643309656364,101.1954848811265,balanced
15,0.0,bus4_ct25,4.0,0.25,True,False,0.9008621926958968,1.0,0.6085420496171459,0.9949067211664414,0.005093278833558621,182.98927147450505,1.217084099234289,-352.50857548608917,-653.130624671963,1616.196766309289,0.37975573539733887,0.31376596244640526,0.9252357726677096,0.8058131581623138,0.8109739760345617,1.165442237101664,0,0.0,0.0,0.0,-101.1954848811265,104.54351391769251,16.581643309656364,101.1954848811265,balanced
15,0.0,bus16_ct25,16.0,0.25,True,True,0.7574935172000296,0.6942984055739658,0.6479904074732872,0.9933868501788995,0.0066131498211005404,124.97371300331385,1.295980814946578,-352.50857548608917,-39.76039874302968,1057.8653362272414,1.638970136642456,0.31376596244640526,0.9252357726677096,0.8058131581623138,0.8109739760345617,1.165442237101664,0,0.0,0.0,0.0,-101.1954848811265,104.54351391769251,16.581643309656364,101.1954848811265,balanced
15,0.0,gen_trip_g4,,,True,True,0.1775792828113953,0.35487894767922235,0.0,0.0005592358871364667,0.9994407641128635,63.87821058226002,0.0,-352.50857548608917,-352.5085755818796,1057.8653362586904,1.529289960861206,0.31376596244640526,0.9252357726677096,0.8058131581623138,0.8109739760345617,1.165442237101664,0,0.0,0.0,0.0,-101.1954848811265,104.54351391769251,16.581643309656364,101.1954848811265,balanced
16,0.0,bus4_ct10,4.0,0.1,True,True,0.6124943202072044,0.578821165978028,0.2984638123092864,0.9938711365634754,0.006128863436524616,104.18780987604505,0.5969276246185728,-806.4999558359804,-804.8962914507185,1892.762158962716,2.4060871601104736,0.3855195107764526,0.7344064762985634,0.3900092500283834,1.052414804701648,0.8328053704404906,2,0.0,0.0,0.0,943.6266934828864,1304.8785737031408,16.581643309656364,943.6266934828864,balanced
16,0.0,bus14_ct10,14.0,0.1,True,True,0.6145848728392157,0.5802836347849039,0.30362538919969495,0.9941468325873601,0.005853167412639902,104.45105426128269,0.6072507783993863,-806.4999558359804,-804.9007011239942,1911.23905005446,1.7946174144744873,0.3855195107764526,0.7344064762985634,0.3900092500283834,1.052414804701648,0.8328053704404906,2,0.0,0.0,0.0,943.6266934828864,1304.8785737031408,16.581643309656364,943.6266934828864,balanced
16,0.0,bus16_ct10,16.0,0.1,True,True,0.6574793886375982,0.6716683897048574,0.29422860605311385,0.9923521690875644,0.007647830912435595,120.90031014687435,0.5884572121062304,-806.4999558359804,-804.4105812738193,2182.3609036756275,2.146739959716797,0.3855195107764526,0.7344064762985634,0.3900092500283834,1.052414804701648,0.8328053704404906,2,0.0,0.0,0.0,943.6266934828864,1304.8785737031408,16.581643309656364,943.6266934828864,balanced
16,0.0,bus26_ct10,26.0,0.1,True,True,0.5436433883213956,0.5189134202581855,0.14170149232689155,0.9950452204423196,0.004954779557680451,93.4044156464734,0.2834029846537822,-806.4999558359804,-805.7768650943844,1708.1300745683561,1.7050604820251465,0.3855195107764526,0.7344064762985634,0.3900092500283834,1.052414804701648,0.8328053704404906,2,0.0,0.0,0.0,943.6266934828864,1304.8785737031408,16.581643309656364,943.6266934828864,balanced
16,0.0,bus20_ct15,20.0,0.15,True,False,0.9475484583830491,1.0,0.7901938335321965,1.0,-0.12428273049462278,181.94013654439163,1.5803876670643957,-806.4999558359804,-815.2645391970658,1351.5635710878119,0.8854265213012695,0.3855195107764526,0.7344064762985634,0.3900092500283834,1.052414804701648,0.8328053704404906,2,0.0,0.0,0.0,943.6266934828864,1304.8785737031408,16.581643309656364,943.6266934828864,balanced
16,0.0,bus8_ct15,8.0,0.15,True,True,0.6871228386879233,0.6799351101420575,0.39373482747372535,0.9948863069938527,0.005113693006147242,122.38831982557036,0.7874696549474525,-806.4999558359804,-803.930518918889,2021.1459509950664,1.8497035503387451,0.3855195107764526,0.7344064762985634,0.3900092500283834,1.052414804701648,0.8328053704404906,2,0.0,0.0,0.0,943.6266934828864,1304.8785737031408,16.581643309656364,943.6266934828864,balanced
16,0.0,bus4_ct25,4.0,0.25,True,False,0.911736125425395,1.0,0.6520602139903033,0.9948842877112763,0.005115712288723649,185.35313550905383,1.304120427980604,-806.4999558359804,-893.8667758370885,1843.1857736204427,0.6352834701538086,0.3855195107764526,0.7344064762985634,0.3900092500283834,1.052414804701648,0.8328053704404906,2,0.0,0.0,0.0,943.6266934828864,1304.8785737031408,16.581643309656364,943.6266934828864,balanced
16,0.0,bus16_ct25,16.0,0.25,True,False,0.9542423753993097,1.0,0.8169695015972387,1.0,-5.785769331512554e-14,186.6484180231319,1.63393900319448,-806.4999558359804,-100.70965294855003,1303.7339122902606,0.45879650115966797,0.3855195107764526,0.7344064762985634,0.3900092500283834,1.052414804701648,0.8328053704404906,2,0.0,0.0,0.0,943.6266934828864,1304.8785737031408,16.581643309656364,943.6266934828864,balanced
16,0.0,gen_trip_g4,,,True,True,0.20671170690850013,0.41342341381700026,0.0,0.0,1.0032627820136015,74.41621448706005,0.0,-806.4999558359804,-806.4999558359804,1303.7339122902606,1.6718852519989014,0.3855195107764526,0.7344064762985634,0.3900092500283834,1.052414804701648,0.8328053704404906,2,0.0,0.0,0.0,943.6266934828864,1304.8785737031408,16.581643309656364,943.6266934828864,balanced
17,0.0,bus4_ct10,4.0,0.1,True,True,0.5539406571932994,0.4707877732116502,0.28034563512704125,0.9938414472228561,0.006158552777143962,84.74179917809704,0.5606912702540834,-280.85300901802844,-278.5577819590495,1605.2112097276417,1.820263147354126,0.03539755077718161,0.3411276844727906,0.9810222243800519,0.9658419259782939,1.149583858261381,0,0.0,0.0,0.0,395.6208985383664,146.5523594656015,16.581643309656364,395.6208985383664,east_concentrated
17,0.0,bus14_ct10,14.0,0.1,True,True,0.5583778515339879,0.4749040089689341,0.28960015382870097,0.9941032343693825,0.0058967656306174385,85.48272161440813,0.5792003076574037,-280.85300901802844,-278.54017802990217,1624.2678705620633,2.0649380683898926,0.03539755077718161,0.3411276844727906,0.9810222243800519,0.9658419259782939,1.149583858261381,0,0.0,0.0,0.0,395.6208985383664,146.5523594656015,16.581643309656364,395.6208985383664,east_concentrated
17,0.0,bus16_ct10,16.0,0.1,True,True,0.5751636010139362,0.5026017875020765,0.303330547905027,0.9921202811465646,0.007879718853435393,90.46832175037378,0.6066610958100549,-280.85300901802844,-278.03118711121374,1893.049216313163,1.882720947265625,0.03539755077718161,0.3411276844727906,0.9810222243800519,0.9658419259782939,1.149583858261381,0,0.0,0.0,0.0,395.6208985383664,146.5523594656015,16.581643309656364,395.6208985383664,east_concentrated
17,0.0,bus26_ct10,26.0,0.1,True,True,0.47419163433052364,0.3737216701454863,0.15430565307438115,0.9950175439567408,0.004982456043259182,67.26990062618754,0.30861130614876053,-280.85300901802844,-279.7510962576803,1465.2247001731657,1.9355080127716064,0.03539755077718161,0.3411276844727906,0.9810222243800519,0.9658419259782939,1.149583858261381,0,0.0,0.0,0.0,395.6208985383664,146.5523594656015,16.581643309656364,395.6208985383664,east_concentrated
17,0.0,bus20_ct15,20.0,0.15,True,True,0.5250692941256772,0.36957508099191694,0.36112701451887474,1.0,-0.12092749399782501,66.52351457854505,0.7222540290377522,-280.85300901802844,-304.4311189043675,1045.9464638040183,0.4813871383666992,0.03539755077718161,0.3411276844727906,0.9810222243800519,0.9658419259782939,1.149583858261381,0,0.0,0.0,0.0,395.6208985383664,146.5523594656015,16.581643309656364,395.6208985383664,east_concentrated
17,0.0,bus8_ct15,8.0,0.15,True,True,0.6226327364214794,0.545772537080507,0.40413969479955725,0.9948461767253467,0.0051538232746532785,98.23905667449125,0.8082793895991136,-280.85300901802844,-277.4292482732385,1724.1411843925785,2.0949509143829346,0.03539755077718161,0.3411276844727906,0.9810222243800519,0.9658419259782939,1.149583858261381,0,0.0,0.0,0.0,395.6208985383664,146.5523594656015,16.581643309656364,395.6208985383664,east_concentrated
17,0.0,bus4_ct25,4.0,0.25,True,False,0.8970231251496485,0.9914443391047382,0.6104708657448548,0.9947329566442633,0.005267043355736732,178.45998103885287,1.2209417314897086,-280.85300901802844,-263.84231852821085,2176.8443238003733,2.1416826248168945,0.03539755077718161,0.3411276844727906,0.9810222243800519,0.9658419259782939,1.149583858261381,0,0.0,0.0,0.0,395.6208985383664,146.5523594656015,16.581643309656364,395.6208985383664,east_concentrated
17,0.0,bus16_ct25,16.0,0.25,True,False,0.9693776241828678,1.0,0.8775104967314711,1.0,-5.1597122640921033e-11,187.03755272516833,1.7550209934629413,-280.85300901802844,-81.25355655472592,1034.6779074206079,0.7008059024810791,0.03539755077718161,0.3411276844727906,0.9810222243800519,0.9658419259782939,1.149583858261381,0,0.0,0.0,0.0,395.6208985383664,146.5523594656015,16.581643309656364,395.6208985383664,east_concentrated
17,0.0,gen_trip_g4,,,True,True,0.1412400217058132,0.28190519825953786,0.0,0.001149690304177109,0.9988503096958229,50.74293568671681,0.0,-280.85300901802844,-280.85300901802844,1034.6779074206079,1.4668726921081543,0.03539755077718161,0.3411276844727906,0.9810222243800519,0.9658419259782939,1.149583858261381,0,0.0,0.0,0.0,395.6208985383664,146.5523594656015,16.581643309656364,395.6208985383664,east_concentrated
18,0.0,bus4_ct10,4.0,0.1,True,True,0.6125692744295179,0.5797696445012831,0.29682734334084415,0.9939104653746612,0.006089534625338827,104.35853601023095,0.5936546866816883,-466.465852042055,-464.45106803268305,1742.3041910373859,2.051924228668213,0.07138689527834882,0.7181904480648553,0.35971621998689,0.8682940703146311,1.100748798816232,2,0.0,0.0,0.0,352.96737756933635,595.0964319358018,16.581643309656364,352.96737756933635,east_concentrated
18,0.0,bus14_ct10,14.0,0.1,True,True,0.6167191911013497,0.5835214801069426,0.3056683670962741,0.9941654370952395,0.005834562904760496,105.03386641924966,0.6113367341925491,-466.465852042055,-464.4272605581544,1761.952911620508,1.81809401512146,0.07138689527834882,0.7181904480648553,0.35971621998689,0.8682940703146311,1.100748798816232,2,0.0,0.0,0.0,352.96737756933635,595.0964319358018,16.581643309656364,352.96737756933635,east_concentrated
18,0.0,bus16_ct10,16.0,0.1,True,True,0.6228349822378363,0.6040691955547899,0.29096206790986656,0.9922394699318987,0.00776053006810132,108.73245519986219,0.5819241358197313,-466.465852042055,-463.9154708648516,2046.7001763002254,2.0791361331939697,0.07138689527834882,0.7181904480648553,0.35971621998689,0.8682940703146311,1.100748798816232,2,0.0,0.0,0.0,352.96737756933635,595.0964319358018,16.581643309656364,352.96737756933635,east_concentrated
18,0.0,bus26_ct10,26.0,0.1,True,True,0.5157543684228979,0.4638368693712703,0.140317142789268,0.9950265921597833,0.0049734078402166974,83.49063648682865,0.280634285578536,-466.465852042055,-465.56814998898136,1556.2009861930403,1.835573673248291,0.07138689527834882,0.7181904480648553,0.35971621998689,0.8682940703146311,1.100748798816232,2,0.0,0.0,0.0,352.96737756933635,595.0964319358018,16.581643309656364,352.96737756933635,east_concentrated
18,0.0,bus20_ct15,20.0,0.15,True,True,0.7307326492645901,0.7603099773438264,0.4023106423707077,1.0,-0.12196128147226644,136.85579592188876,0.804621284741418,-466.465852042055,-464.0827663495479,1975.6182982036078,3.4428067207336426,0.07138689527834882,0.7181904480648553,0.35971621998689,0.8682940703146311,1.100748798816232,2,0.0,0.0,0.0,352.96737756933635,595.0964319358018,16.581643309656364,352.96737756933635,east_concentrated
18,0.0,bus8_ct15,8.0,0.15,True,True,0.6837217084998175,0.6772995797059266,0.38535751226867276,0.9949301623187443,0.005069837681255702,121.91392434706678,0.7707150245373473,-466.465852042055,-463.2638681250367,1875.2499170312167,1.8136887550354004,0.07138689527834882,0.7181904480648553,0.35971621998689,0.8682940703146311,1.100748798816232,2,0.0,0.0,0.0,352.96737756933635,595.0964319358018,16.581643309656364,352.96737756933635,east_concentrated
18,0.0,bus4_ct25,4.0,0.25,True,False,0.9112975123757531,1.0,0.6502677260532899,0.9949223234497225,0.005077676550277486,180.04689450355647,1.300535452106577,-466.465852042055,-674.5090647062077,1683.2758817539568,0.5875611305236816,0.07138689527834882,0.7181904480648553,0.35971621998689,0.8682940703146311,1.100748798816232,2,0.0,0.0,0.0,352.96737756933635,595.0964319358018,16.581643309656364,352.96737756933635,east_concentrated
18,0.0,bus16_ct25,16.0,0.25,True,False,0.9564196077033511,1.0,0.8256784308134044,1.0,-1.8956303185538056e-12,186.29953120704283,1.651356861626807,-466.465852042055,-70.74821440456455,1139.9627424397163,0.4658377170562744,0.07138689527834882,0.7181904480648553,0.35971621998689,0.8682940703146311,1.100748798816232,2,0.0,0.0,0.0,352.96737756933635,595.0964319358018,16.581643309656364,352.96737756933635,east_concentrated
18,0.0,gen_trip_g4,,,True,True,0.18373812351814145,0.3673468871524788,0.0,0.00025871976760816207,0.9997412802323918,66.12243968744619,0.0,-466.465852042055,-466.46585206109467,1139.9627424397163,1.6606130599975586,0.07138689527834882,0.7181904480648553,0.35971621998689,0.8682940703146311,1.100748798816232,2,0.0,0.0,0.0,352.96737756933635,595.0964319358018,16.581643309656364,352.96737756933635,east_concentrated
19,0.0,bus4_ct10,4.0,0.1,True,True,0.545725962834194,0.44603519823985815,0.2970208918331707,0.9938125630238888,0.006187436976111289,80.28633568317447,0.5940417836663414,-465.0032881224788,-462.93191087799113,1649.5447317395633,1.79890775680542,0.5852271127129646,0.8771009322569803,0.5807252137682747,1.065176965630571,0.9821726477274971,1,0.0,0.0,0.0,444.00770574287117,270.8446561698606,16.581643309656364,444.00770574287117,balanced
19,0.0,bus14_ct10,14.0,0.1,True,True,0.5395580698075104,0.4475621130513007,0.26902735159692526,0.9940807015305149,0.005919298469485124,80.56118034923414,0.5380547031938487,-465.0032881224788,-462.9415507516516,1663.3497889884175,2.0761263370513916,0.5852271127129646,0.8771009322569803,0.5807252137682747,1.065176965630571,0.9821726477274971,1,0.0,0.0,0.0,444.00770574287117,270.8446561698606,16.581643309656364,444.00770574287117,balanced
19,0.0,bus16_ct10,16.0,0.1,True,True,0.5975998404510137,0.5398205603575642,0.3185962672937457,0.9921619737951807,0.007838026204819276,97.16770086436156,0.6371925345874896,-465.0032881224788,-462.5595951960623,1906.8957571746448,1.8980467319488525,0.5852271127129646,0.8771009322569803,0.5807252137682747,1.065176965630571,0.9821726477274971,1,0.0,0.0,0.0,444.00770574287117,270.8446561698606,16.581643309656364,444.00770574287117,balanced
19,0.0,bus26_ct10,26.0,0.1,True,True,0.49415642101405893,0.4060050511973023,0.16958012732328598,0.9950354543383452,0.004964545661654865,73.08090921551441,0.3391602546465755,-465.0032881224788,-464.0447400284519,1548.2382136890599,2.019251585006714,0.5852271127129646,0.8771009322569803,0.5807252137682747,1.065176965630571,0.9821726477274971,1,0.0,0.0,0.0,444.00770574287117,270.8446561698606,16.581643309656364,444.00770574287117,balanced
19,0.0,bus20_ct15,20.0,0.15,True,True,0.613783134585833,0.5583934177224583,0.33834570289841537,1.0,-0.12376125633771795,100.51081519004249,0.6766914057968343,-465.0032881224788,-463.32320307543273,1867.0885261085564,2.1730992794036865,0.5852271127129646,0.8771009322569803,0.5807252137682747,1.065176965630571,0.9821726477274971,1,0.0,0.0,0.0,444.00770574287117,270.8446561698606,16.581643309656364,444.00770574287117,balanced
19,0.0,bus8_ct15,8.0,0.15,True,True,0.624979789921544,0.5339495637490088,0.43719351395504447,0.9948265182331141,0.005173481766885885,96.11092147482158,0.8743870279100907,-465.0032881224788,-461.856694084167,1774.7611321376553,2.474600315093994,0.5852271127129646,0.8771009322569803,0.5807252137682747,1.065176965630571,0.9821726477274971,1,0.0,0.0,0.0,444.00770574287117,270.8446561698606,16.581643309656364,444.00770574287117,balanced
19,0.0,bus4_ct25,4.0,0.25,True,False,0.8631119267093023,0.9123476138204042,0.6330607463059366,0.9946917328904638,0.005308267109536272,164.22257048767275,1.2661214926118713,-465.0032881224788,-451.008304002186,2237.424904501634,2.040799856185913,0.5852271127129646,0.8771009322569803,0.5807252137682747,1.065176965630571,0.9821726477274971,1,0.0,0.0,0.0,444.00770574287117,270.8446561698606,16.581643309656364,444.00770574287117,balanced
19,0.0,bus16_ct25,16.0,0.25,True,False,0.9663599001534857,1.0,0.8654396006139429,1.0,-0.04039882369094009,180.58160322241292,1.730879201227884,-465.0032881224788,-72.84025621721483,1095.6737645133821,1.7193918228149414,0.5852271127129646,0.8771009322569803,0.5807252137682747,1.065176965630571,0.9821726477274971,1,0.0,0.0,0.0,444.00770574287117,270.8446561698606,16.581643309656364,444.00770574287117,balanced
19,0.0,gen_trip_g4,,,True,True,0.1562604098708453,0.3125208197416906,0.0,0.0,1.0024971624444359,56.25374755350431,0.0,-465.0032881224788,-465.0032881224788,1095.6737645133821,1.4171054363250732,0.5852271127129646,0.8771009322569803,0.5807252137682747,1.065176965630571,0.9821726477274971,1,0.0,0.0,0.0,444.00770574287117,270.8446561698606,16.581643309656364,444.00770574287117,balanced
20,0.0,bus4_ct10,4.0,0.1,True,True,0.5496101966406574,0.4540502342663817,0.2965271269840777,0.9938131910457884,0.006186808954211669,81.7290421679487,0.5930542539681527,-518.3066705283051,-516.2933820079292,1675.5799879012131,2.0356717109680176,0.012732325141136976,0.8435880370379378,0.9024947590834187,1.0752651059894305,0.9473302433690811,1,0.0,0.0,0.0,476.3704600140927,363.1421853153047,16.581643309656364,476.3704600140927,east_concentrated
20,0.0,bus14_ct10,14.0,0.1,True,True,0.5431648320725105,0.4551999650694957,0.268176866608389,0.9940825315426617,0.0059174684573382865,81.93599371250923,0.5363537332167789,-518.3066705283051,-516.3051638687274,1689.098411311906,1.8332228660583496,0.012732325141136976,0.8435880370379378,0.9024947590834187,1.0752651059894305,0.9473302433690811,1,0.0,0.0,0.0,476.3704600140927,363.1421853153047,16.581643309656364,476.3704600140927,east_concentrated
20,0.0,bus16_ct10,16.0,0.1,True,True,0.6040849693476922,0.5525307058693181,0.31909685093794593,0.9921816147141868,0.007818385285813191,99.45552705647725,0.6381937018758954,-518.3066705283051,-515.942306844917,1930.7500238453717,2.0238230228424072,0.012732325141136976,0.8435880370379378,0.9024947590834187,1.0752651059894305,0.9473302433690811,1,0.0,0.0,0.0,476.3704600140927,363.1421853153047,16.581643309656364,476.3704600140927,east_concentrated
20,0.0,bus26_ct10,26.0,0.1,True,True,0.50013992334282,0.4178661086737064,0.16978896287840328,0.995038513145464,0.004961486854535959,75.21589956126715,0.33957792575680656,-518.3066705283051,-517.3839349767792,1572.916990065322,1.9243993759155273,0.012732325141136976,0.8435880370379378,0.9024947590834187,1.0752651059894305,0.9473302433690811,1,0.0,0.0,0.0,476.3704600140927,363.1421853153047,16.581643309656364,476.3704600140927,east_concentrated
20,0.0,bus20_ct15,20.0,0.15,True,False,0.9487928671533981,1.0,0.7951714686135922,1.0,-0.12412741591757312,184.86030163956798,1.5903429372271871,-518.3066705283051,-547.9108923369955,1160.8534844724309,0.9899024963378906,0.012732325141136976,0.8435880370379378,0.9024947590834187,1.0752651059894305,0.9473302433690811,1,0.0,0.0,0.0,476.3704600140927,363.1421853153047,16.581643309656364,476.3704600140927,east_concentrated
20,0.0,bus8_ct15,8.0,0.15,True,True,0.6295863533390378,0.542604874434374,0.4383070845056807,0.9948285799817227,0.005171420018277301,97.66887739818732,0.8766141690113649,-518.3066705283051,-515.2327662050434,1803.4605159398134,2.1168620586395264,0.012732325141136976,0.8435880370379378,0.9024947590834187,1.0752651059894305,0.9473302433690811,1,0.0,0.0,0.0,476.3704600140927,363.1421853153047,16.581643309656364,476.3704600140927,east_concentrated
20,0.0,bus4_ct25,4.0,0.25,True,False,0.870921728735287,0.9282599232707799,0.6324667918420488,0.9947002765575389,0.005299723442461096,167.08678618874038,1.2649335836841002,-518.3066705283051,-504.3822281195032,2262.8768988740176,2.582326889038086,0.012732325141136976,0.8435880370379378,0.9024947590834187,1.0752651059894305,0.9473302433690811,1,0.0,0.0,0.0,476.3704600140927,363.1421853153047,16.581643309656364,476.3704600140927,east_concentrated
20,0.0,bus16_ct25,16.0,0.25,True,False,0.9633662372393603,1.0,0.8534649489574413,1.0,-6.518635098327614e-11,183.91516713442056,1.7069298979148817,-518.3066705283051,-129.24879594959157,1120.2126434984027,0.4306957721710205,0.012732325141136976,0.8435880370379378,0.9024947590834187,1.0752651059894305,0.9473302433690811,1,0.0,0.0,0.0,476.3704600140927,363.1421853153047,16.581643309656364,476.3704600140927,east_concentrated
20,0.0,gen_trip_g4,,,True,True,0.161701956896334,0.323403913792668,0.0,0.0,1.0031576006214573,58.21270448268024,0.0,-518.3066705283051,-518.3066705283051,1120.2126434984027,1.829857587814331,0.012732325141136976,0.8435880370379378,0.9024947590834187,1.0752651059894305,0.9473302433690811,1,0.0,0.0,0.0,476.3704600140927,363.1421853153047,16.581643309656364,476.3704600140927,east_concentrated
21,0.0,bus4_ct10,4.0,0.1,True,True,0.5965670908104865,0.5576026857677967,0.2771435282906545,0.9939194634156985,0.0060805365843015526,100.3684834382034,0.5542870565813107,-392.24209843907994,-390.1954587687926,1662.8355925300245,1.9054021835327148,0.08902721349237383,0.4221217886020942,0.6705398913265987,0.8210383922816024,1.138597509110014,0,0.0,0.0,0.0,-68.90883756061976,175.65519836757312,16.581643309656364,68.90883756061976,east_concentrated
21,0.0,bus14_ct10,14.0,0.1,True,True,0.6001712983387898,0.5603100447335818,0.2859000740597182,0.9941650298282774,0.005834970171722611,100.85580805204474,0.571800148119439,-392.24209843907994,-390.183062012126,1678.4536575553884,2.063018798828125,0.08902721349237383,0.4221217886020942,0.6705398913265987,0.8210383922816024,1.138597509110014,0,0.0,0.0,0.0,-68.90883756061976,175.65519836757312,16.581643309656364,68.90883756061976,east_concentrated
21,0.0,bus16_ct10,16.0,0.1,True,True,0.6179029512002955,0.5878578379541317,0.30369278991078374,0.9922033389821346,0.007796661017865322,105.81441083174371,0.607385579821571,-392.24209843907994,-389.8255821308117,1945.370484521028,1.7821409702301025,0.08902721349237383,0.4221217886020942,0.6705398913265987,0.8210383922816024,1.138597509110014,0,0.0,0.0,0.0,-68.90883756061976,175.65519836757312,16.581643309656364,68.90883756061976,east_concentrated
21,0.0,bus26_ct10,26.0,0.1,True,True,0.5150791710630245,0.4553898789651627,0.15450630447925917,0.9950306218425133,0.004969378157486625,81.97017821372928,0.30901260895851657,-392.24209843907994,-391.3438617140586,1518.856398516869,1.8984160423278809,0.08902721349237383,0.4221217886020942,0.6705398913265987,0.8210383922816024,1.138597509110014,0,0.0,0.0,0.0,-68.90883756061976,175.65519836757312,16.581643309656364,68.90883756061976,east_concentrated
21,0.0,bus20_ct15,20.0,0.15,True,False,0.9500514150207353,1.0,0.8002056600829413,1.0,-0.12161720501211717,182.72332014387766,1.6004113201658843,-392.24209843907994,-57.08008171863258,1076.3715895477567,1.8277394771575928,0.08902721349237383,0.4221217886020942,0.6705398913265987,0.8210383922816024,1.138597509110014,0,0.0,0.0,0.0,-68.90883756061976,175.65519836757312,16.581643309656364,68.90883756061976,east_concentrated
21,0.0,bus8_ct15,8.0,0.15,True,True,0.6748115923390927,0.6475297064540029,0.40923850213479085,0.9949484543135745,0.005051545686425515,116.55534716172052,0.8184770042695799,-392.24209843907994,-388.98210788473284,1806.1075461176383,2.1608543395996094,0.08902721349237383,0.4221217886020942,0.6705398913265987,0.8210383922816024,1.138597509110014,0,0.0,0.0,0.0,-68.90883756061976,175.65519836757312,16.581643309656364,68.90883756061976,east_concentrated
21,0.0,bus4_ct25,4.0,0.25,True,False,0.9009002884101429,1.0,0.6086890683024961,0.9949120853380757,0.005087914661924262,184.15517359629513,1.217378136604994,-392.24209843907994,-676.5877334115459,1631.7755893240226,0.42230916023254395,0.08902721349237383,0.4221217886020942,0.6705398913265987,0.8210383922816024,1.138597509110014,0,0.0,0.0,0.0,-68.90883756061976,175.65519836757312,16.581643309656364,68.90883756061976,east_concentrated
21,0.0,bus16_ct25,16.0,0.25,True,False,0.9556313527428166,1.0,0.8225254109712665,1.0,-0.05147842412378222,185.55900266672973,1.645050821942533,-392.24209843907994,-93.5279214520017,1076.3715895477567,0.7014825344085693,0.08902721349237383,0.4221217886020942,0.6705398913265987,0.8210383922816024,1.138597509110014,0,0.0,0.0,0.0,-68.90883756061976,175.65519836757312,16.581643309656364,68.90883756061976,east_concentrated
21,0.0,gen_trip_g4,,,True,True,0.17948075657487375,0.35895073719757425,0.0,2.155190434649512e-05,0.9999784480956535,64.61113269556337,0.0,-392.24209843907994,-392.2420985667832,1076.3715895477567,1.4376931190490723,0.08902721349237383,0.4221217886020942,0.6705398913265987,0.8210383922816024,1.138597509110014,0,0.0,0.0,0.0,-68.90883756061976,175.65519836757312,16.581643309656364,68.90883756061976,east_concentrated
22,0.0,bus4_ct10,4.0,0.1,True,True,0.6334678860493472,0.6216277985086653,0.2966898829206528,0.9939260642594056,0.0060739357405944884,111.89300373155976,0.593379765841302,-791.9401921668165,-790.7259282000203,1884.1101529456766,2.1948928833007812,0.43319399767400474,0.36507840878281733,0.9534601038928918,0.9427300538571312,0.8823135250808235,2,0.0,0.0,0.0,591.7580127736765,1173.7314720608988,16.581643309656364,591.7580127736765,balanced
22,0.0,bus14_ct10,14.0,0.1,True,True,0.6356289331913232,0.6228175193333012,0.30269292220045685,0.9941877718982334,0.005812228101766665,112.10715347999421,0.6053858444009164,-791.9401921668165,-790.7364833262645,1902.3360260718296,1.9658920764923096,0.43319399767400474,0.36507840878281733,0.9534601038928918,0.9427300538571312,0.8823135250808235,2,0.0,0.0,0.0,591.7580127736765,1173.7314720608988,16.581643309656364,591.7580127736765,balanced
22,0.0,bus16_ct10,16.0,0.1,True,True,0.6743798147061858,0.705740128493986,0.2936657373365392,0.992373264500232,0.00762673549976795,127.03322312891748,0.5873314746730784,-791.9401921668165,-790.4650723860434,2182.892289755348,2.2792105674743652,0.43319399767400474,0.36507840878281733,0.9534601038928918,0.9427300538571312,0.8823135250808235,2,0.0,0.0,0.0,591.7580127736765,1173.7314720608988,16.581643309656364,591.7580127736765,balanced
22,0.0,bus26_ct10,26.0,0.1,True,True,0.5591083653764152,0.5499454032130426,0.14149153777238155,0.9950511173071939,0.00494888269280616,98.99017257834768,0.2829830755447649,-791.9401921668165,-791.4236190442099,1704.7765429853112,1.9545321464538574,0.43319399767400474,0.36507840878281733,0.9534601038928918,0.9427300538571312,0.8823135250808235,2,0.0,0.0,0.0,591.7580127736765,1173.7314720608988,16.581643309656364,591.7580127736765,balanced
22,0.0,bus20_ct15,20.0,0.15,True,True,0.780811776305216,0.8602984460503978,0.40265021312006866,1.0,-0.12411745895135126,154.85372028907162,0.8053004262401364,-791.9401921668165,-790.3786601271188,2061.017579751362,2.542099952697754,0.43319399767400474,0.36507840878281733,0.9534601038928918,0.9427300538571312,0.8823135250808235,2,0.0,0.0,0.0,591.7580127736765,1173.7314720608988,16.581643309656364,591.7580127736765,balanced
22,0.0,bus8_ct15,8.0,0.15,True,True,0.7126195110873691,0.7305382019415286,0.3944438917448245,0.9949577487215947,0.005042251278405325,131.49687634947514,0.788887783489649,-791.9401921668165,-789.8757232024534,2018.5542065681439,2.185936689376831,0.43319399767400474,0.36507840878281733,0.9534601038928918,0.9427300538571312,0.8823135250808235,2,0.0,0.0,0.0,591.7580127736765,1173.7314720608988,16.581643309656364,591.7580127736765,balanced
22,0.0,bus4_ct25,4.0,0.25,True,False,0.9116465397112739,1.0,0.6515924591984295,0.9949936996466661,0.005006300353333909,182.25727515269475,1.303184918396858,-791.9401921668165,-855.1137503861008,1800.518998201027,0.5947608947753906,0.43319399767400474,0.36507840878281733,0.9534601038928918,0.9427300538571312,0.8823135250808235,2,0.0,0.0,0.0,591.7580127736765,1173.7314720608988,16.581643309656364,591.7580127736765,balanced
22,0.0,bus16_ct25,16.0,0.25,True,False,0.9455477352137951,1.0,0.7821909408551804,1.0,-2.556980154485728e-15,180.3179413163665,1.5643818817103616,-791.9401921668165,-96.43057449791652,1291.2274189872342,0.41150808334350586,0.43319399767400474,0.36507840878281733,0.9534601038928918,0.9427300538571312,0.8823135250808235,2,0.0,0.0,0.0,591.7580127736765,1173.7314720608988,16.581643309656364,591.7580127736765,balanced
22,0.0,gen_trip_g4,,,True,True,0.22035100470497573,0.4406640891274978,7.58405649072813e-05,0.0,1.0030078496735264,79.31953604294961,0.00015168112981633897,-791.9401921668165,-791.6379332402367,1291.2693058542773,1.694322109222412,0.43319399767400474,0.36507840878281733,0.9534601038928918,0.9427300538571312,0.8823135250808235,2,0.0,0.0,0.0,591.7580127736765,1173.7314720608988,16.581643309656364,591.7580127736765,balanced
23,0.0,bus4_ct10,4.0,0.1,True,False,0.6328630380497992,0.617388533754787,0.3027893558436823,0.9938857288459404,0.006114271154059589,111.12993607586166,0.6055787116873645,-1004.462701423884,-880.9330055060265,1956.0240274630844,2.4409358501434326,0.194244650227628,0.5968452802669169,0.867790081785649,1.0062907771613756,0.8017021025686759,3,0.0,0.0,0.0,390.2408131336924,1227.681130295578,16.581643309656364,390.2408131336924,east_concentrated
23,0.0,bus14_ct10,14.0,0.1,True,False,0.6332686668988114,0.6161236078380848,0.3066780560998126,0.9941493958192636,0.005850604180736367,110.90224941085528,0.6133561121996278,-1004.462701423884,-880.9396680207135,1970.5516555759443,2.4550204277038574,0.194244650227628,0.5968452802669169,0.867790081785649,1.0062907771613756,0.8017021025686759,3,0.0,0.0,0.0,390.2408131336924,1227.681130295578,16.581643309656364,390.2408131336924,east_concentrated
23,0.0,bus16_ct10,16.0,0.1,True,False,0.6867020747174605,0.710913377934544,0.33263080727988026,0.9923507357208736,0.007649264279126389,127.96440802821792,0.6652616145597623,-1004.462701423884,-879.9688736040142,2245.463271517667,2.1954526901245117,0.194244650227628,0.5968452802669169,0.867790081785649,1.0062907771613756,0.8017021025686759,3,0.0,0.0,0.0,390.2408131336924,1227.681130295578,16.581643309656364,390.2408131336924,east_concentrated
23,0.0,bus26_ct10,26.0,0.1,True,False,0.5737593426134451,0.5620815151287266,0.17582590296230194,0.9950484372340249,0.004951562765975051,101.1746727231708,0.3516518059246021,-1004.462701423884,-881.835499714562,1823.9779135137985,2.3959360122680664,0.194244650227628,0.5968452802669169,0.867790081785649,1.0062907771613756,0.8017021025686759,3,0.0,0.0,0.0,390.2408131336924,1227.681130295578,16.581643309656364,390.2408131336924,east_concentrated
23,0.0,bus20_ct15,20.0,0.15,True,False,0.9418441624400122,1.0,0.7673766497600489,1.0,-0.12464579007310071,182.3451927380997,1.5347532995200996,-1004.462701423884,-925.4593295344367,1451.328584217409,0.6716752052307129,0.194244650227628,0.5968452802669169,0.867790081785649,1.0062907771613756,0.8017021025686759,3,0.0,0.0,0.0,390.2408131336924,1227.681130295578,16.581643309656364,390.2408131336924,east_concentrated
23,0.0,bus8_ct15,8.0,0.15,True,False,0.7258437268864801,0.7294872455253841,0.44945070309986335,0.9949497133952888,0.005050286604711145,131.30770419456914,0.8989014061997302,-1004.462701423884,-879.2623360463058,2104.3069715249458,2.451422691345215,0.194244650227628,0.5968452802669169,0.867790081785649,1.0062907771613756,0.8017021025686759,3,0.0,0.0,0.0,390.2408131336924,1227.681130295578,16.581643309656364,390.2408131336924,east_concentrated
23,0.0,bus4_ct25,4.0,0.25,True,False,0.9115140880771995,1.0,0.6510565920399891,0.9949997602688089,0.005000239731191145,185.1161355269506,1.3021131840799782,-1004.462701423884,-911.6458651736683,1880.953639103168,0.40395665168762207,0.194244650227628,0.5968452802669169,0.867790081785649,1.0062907771613756,0.8017021025686759,3,0.0,0.0,0.0,390.2408131336924,1227.681130295578,16.581643309656364,390.2408131336924,east_concentrated
23,0.0,bus16_ct25,16.0,0.25,True,False,0.9543027258527168,1.0,0.8172109034108672,1.0,-3.2126312192435052e-12,181.3468192521898,1.6344218068217309,-1004.462701423884,-136.95760139981192,1424.4097964086934,0.7153041362762451,0.194244650227628,0.5968452802669169,0.867790081785649,1.0062907771613756,0.8017021025686759,3,0.0,0.0,0.0,390.2408131336924,1227.681130295578,16.581643309656364,390.2408131336924,east_concentrated
23,0.0,gen_trip_g4,,,True,False,0.2489231530198889,0.47922932964568105,0.03168736576444431,0.0055465870237492165,0.9944534129762508,86.26127933622259,0.06337473152888684,-1004.462701423884,-882.6317702188896,1440.7969857238472,2.0824644565582275,0.194244650227628,0.5968452802669169,0.867790081785649,1.0062907771613756,0.8017021025686759,3,0.0,0.0,0.0,390.2408131336924,1227.681130295578,16.581643309656364,390.2408131336924,east_concentrated
24,0.0,bus4_ct10,4.0,0.1,True,True,0.5340155315631623,0.4295675503047678,0.2831619601641684,0.9937650654789452,0.006234934521054829,77.3221590548582,0.5663239203283377,-476.4658525535572,-474.2887122518056,1699.3369395071923,2.0543341636657715,0.8261775151232564,0.3124089378325479,0.885986500238445,1.167440349094324,0.9606395642995104,0,0.0,0.0,0.0,1042.348639894591,647.0657941705972,16.581643309656364,1042.348639894591,west_concentrated
24,0.0,bus14_ct10,14.0,0.1,True,True,0.5373500470262296,0.43272631898291924,0.2898980194148102,0.9940495307242697,0.005950469275730285,77.89073741692546,0.579796038829623,-476.4658525535572,-474.28584056374257,1718.7086715084047,2.0297365188598633,0.8261775151232564,0.3124089378325479,0.885986500238445,1.167440349094324,0.9606395642995104,0,0.0,0.0,0.0,1042.348639894591,647.0657941705972,16.581643309656364,1042.348639894591,west_concentrated
24,0.0,bus16_ct10,16.0,0.1,True,True,0.5696813607751221,0.4904469262826616,0.30568111495991346,0.9921504755752515,0.007849524424748478,88.28044673087909,0.6113622299198251,-476.4658525535572,-473.6725708688745,1981.5828112902102,2.0497918128967285,0.8261775151232564,0.3124089378325479,0.885986500238445,1.167440349094324,0.9606395642995104,0,0.0,0.0,0.0,1042.348639894591,647.0657941705972,16.581643309656364,1042.348639894591,west_concentrated
24,0.0,bus26_ct10,26.0,0.1,True,True,0.46769988925584793,0.3602571685347353,0.15526378388011608,0.995021436073805,0.004978563926194968,64.84629033625235,0.3105275677602304,-476.4658525535572,-475.38701458795975,1555.4817388547567,1.6802597045898438,0.8261775151232564,0.3124089378325479,0.885986500238445,1.167440349094324,0.9606395642995104,0,0.0,0.0,0.0,1042.348639894591,647.0657941705972,16.581643309656364,1042.348639894591,west_concentrated
24,0.0,bus20_ct15,20.0,0.15,True,False,0.9605221200731231,1.0,0.8420884802924924,1.0,-0.12254448359958321,183.11287232489818,1.6841769605849866,-476.4658525535572,-763.516121935815,1394.5833052493028,0.926811933517456,0.8261775151232564,0.3124089378325479,0.885986500238445,1.167440349094324,0.9606395642995104,0,0.0,0.0,0.0,1042.348639894591,647.0657941705972,16.581643309656364,1042.348639894591,west_concentrated
24,0.0,bus8_ct15,8.0,0.15,True,True,0.6003712509207121,0.5008490284025856,0.40502610649994253,0.9947608403777346,0.0052391596222653635,90.15282511246541,0.8100522129998877,-476.4658525535572,-473.2913154016816,1808.9296082336102,1.831676721572876,0.8261775151232564,0.3124089378325479,0.885986500238445,1.167440349094324,0.9606395642995104,0,0.0,0.0,0.0,1042.348639894591,647.0657941705972,16.581643309656364,1042.348639894591,west_concentrated
24,0.0,bus4_ct25,4.0,0.25,True,False,0.8445747154398742,0.88537824283898,0.6129407459748464,0.99460163010669,0.005398369893310013,159.3680837110164,1.2258814919496919,-476.4658525535572,-462.77353333228655,2300.5100831292652,2.2258195877075195,0.8261775151232564,0.3124089378325479,0.885986500238445,1.167440349094324,0.9606395642995104,0,0.0,0.0,0.0,1042.348639894591,647.0657941705972,16.581643309656364,1042.348639894591,west_concentrated
24,0.0,bus16_ct25,16.0,0.25,True,False,0.9681243019146555,1.0,0.8724972076586219,1.0,-1.043885462635154e-14,186.4308500934362,1.7449944153172448,-476.4658525535572,-96.65412898247186,1133.7308631922585,0.4445044994354248,0.8261775151232564,0.3124089378325479,0.885986500238445,1.167440349094324,0.9606395642995104,0,0.0,0.0,0.0,1042.348639894591,647.0657941705972,16.581643309656364,1042.348639894591,west_concentrated
24,0.0,gen_trip_g4,,,True,True,0.13390928113493245,0.2678185622698649,0.0,0.0,1.0015141545724027,48.207341208575684,0.0,-476.4658525535572,-476.4658525535572,1133.7308631922585,1.645310640335083,0.8261775151232564,0.3124089378325479,0.885986500238445,1.167440349094324,0.9606395642995104,0,0.0,0.0,0.0,1042.348639894591,647.0657941705972,16.581643309656364,1042.348639894591,west_concentrated
25,0.0,bus4_ct10,4.0,0.1,True,True,0.6218194774669251,0.5979950005841395,0.29738666941889846,0.993901239280523,0.00609876071947697,107.6391001051451,0.5947733388377952,-741.1080649550532,-739.4780071236725,1862.893442615737,1.8181066513061523,0.5141225734999241,0.38763342762902286,0.9143956478405388,0.9725139198054306,0.9010920750912148,2,0.0,0.0,0.0,687.3046547358208,1123.9870930833727,16.581643309656364,687.3046547358208,balanced
25,0.0,bus14_ct10,14.0,0.1,True,True,0.6243078853582262,0.5997418147265274,0.30358084721910217,0.9941670647607477,0.005832935239252316,107.95352665077493,0.6071616944382052,-741.1080649550532,-739.4775021206526,1881.4229879709508,2.011683702468872,0.5141225734999241,0.38763342762902286,0.9143956478405388,0.9725139198054306,0.9010920750912148,2,0.0,0.0,0.0,687.3046547358208,1123.9870930833727,16.581643309656364,687.3046547358208,balanced
25,0.0,bus16_ct10,16.0,0.1,True,True,0.6589555581043819,0.6750282039656803,0.2934249600992125,0.9923408643869545,0.0076591356130455085,121.50507671382246,0.5868499201984223,-741.1080649550532,-739.0124688675378,2157.756419143249,1.8687822818756104,0.5141225734999241,0.38763342762902286,0.9143956478405388,0.9725139198054306,0.9010920750912148,2,0.0,0.0,0.0,687.3046547358208,1123.9870930833727,16.581643309656364,687.3046547358208,balanced
25,0.0,bus26_ct10,26.0,0.1,True,True,0.5456793835423459,0.5231529374394538,0.1413677597032823,0.995043899587194,0.004956100412806075,94.16752873910168,0.28273551940656283,-741.1080649550532,-740.394373958477,1679.3736512169999,1.8730108737945557,0.5141225734999241,0.38763342762902286,0.9143956478405388,0.9725139198054306,0.9010920750912148,2,0.0,0.0,0.0,687.3046547358208,1123.9870930833727,16.581643309656364,687.3046547358208,balanced
25,0.0,bus20_ct15,20.0,0.15,True,False,0.9459961115068012,1.0,0.7839844460272047,1.0,-0.12387268435953869,180.6317861981771,1.5679688920544077,-741.1080649550532,-788.9895374861544,1330.8729925225473,0.6084206104278564,0.5141225734999241,0.38763342762902286,0.9143956478405388,0.9725139198054306,0.9010920750912148,2,0.0,0.0,0.0,687.3046547358208,1123.9870930833727,16.581643309656364,687.3046547358208,balanced
25,0.0,bus8_ct15,8.0,0.15,True,True,0.6978110317711967,0.7018716769922658,0.39257628699463964,0.9949244861056159,0.0050755138943840575,126.33690185860785,0.7851525739892828,-741.1080649550532,-738.4420156879954,1994.9545841550846,2.0547447204589844,0.5141225734999241,0.38763342762902286,0.9143956478405388,0.9725139198054306,0.9010920750912148,2,0.0,0.0,0.0,687.3046547358208,1123.9870930833727,16.581643309656364,687.3046547358208,balanced
25,0.0,bus4_ct25,4.0,0.25,True,False,0.9116166732647819,1.0,0.6515289024824469,0.994937790576681,0.005062209423319077,183.7434349220946,1.303057804964891,-741.1080649550532,-840.91351155148,1798.0205487544986,0.3948819637298584,0.5141225734999241,0.38763342762902286,0.9143956478405388,0.9725139198054306,0.9010920750912148,2,0.0,0.0,0.0,687.3046547358208,1123.9870930833727,16.581643309656364,687.3046547358208,balanced
25,0.0,bus16_ct25,16.0,0.25,True,False,0.948892995372363,1.0,0.7955719814894522,1.0,-6.969809000510851e-15,180.77423999711345,1.5911439629789026,-741.1080649550532,-91.41817793072747,1269.847018643914,0.6805860996246338,0.5141225734999241,0.38763342762902286,0.9143956478405388,0.9725139198054306,0.9010920750912148,2,0.0,0.0,0.0,687.3046547358208,1123.9870930833727,16.581643309656364,687.3046547358208,balanced
25,0.0,gen_trip_g4,,,True,True,0.20853693850351912,0.41707387700703824,0.0,0.0,1.0026415978261247,75.07329786126688,0.0,-741.1080649550532,-741.1080649723312,1269.847018643914,1.4127542972564697,0.5141225734999241,0.38763342762902286,0.9143956478405388,0.9725139198054306,0.9010920750912148,2,0.0,0.0,0.0,687.3046547358208,1123.9870930833727,16.581643309656364,687.3046547358208,balanced
26,0.0,bus4_ct10,4.0,0.1,True,True,0.5313383100912574,0.4165442305806075,0.29848840161326606,0.9937763775905486,0.006223622409451395,74.97796150450935,0.5969768032265321,-487.1624381597587,-485.07446185135154,1658.9767412505207,2.0299785137176514,0.6671017737042302,0.6364897824380578,0.7084209278945641,1.146263422711263,0.9390553333193848,1,0.0,0.0,0.0,704.1330600577312,385.06242203695,16.581643309656364,704.1330600577312,balanced
26,0.0,bus14_ct10,14.0,0.1,True,True,0.525902139048026,0.41944514667892485,0.2706645030921422,0.9940537597421121,0.005946240257887891,75.50012640220648,0.5413290061842835,-487.1624381597587,-485.0871874583148,1673.855307744607,1.8568758964538574,0.6671017737042302,0.6364897824380578,0.7084209278945641,1.146263422711263,0.9390553333193848,1,0.0,0.0,0.0,704.1330600577312,385.06242203695,16.581643309656364,704.1330600577312,balanced
26,0.0,bus16_ct10,16.0,0.1,True,True,0.5865332075980503,0.5174784164665908,0.31902576517336456,0.9921502322856552,0.007849767714344747,93.14611496398634,0.6380515303467327,-487.1624381597587,-484.6386277428868,1916.6010867774148,2.041196346282959,0.6671017737042302,0.6364897824380578,0.7084209278945641,1.146263422711263,0.9390553333193848,1,0.0,0.0,0.0,704.1330600577312,385.06242203695,16.581643309656364,704.1330600577312,balanced
26,0.0,bus26_ct10,26.0,0.1,True,True,0.48326822666553854,0.3841463961834357,0.16974590165408898,0.9950342126411937,0.004965787358806298,69.14635131301843,0.33949180330818063,-487.1624381597587,-486.1665940494347,1557.7764378194536,1.6804683208465576,0.6671017737042302,0.6364897824380578,0.7084209278945641,1.146263422711263,0.9390553333193848,1,0.0,0.0,0.0,704.1330600577312,385.06242203695,16.581643309656364,704.1330600577312,balanced
26,0.0,bus20_ct15,20.0,0.15,True,True,0.5097427755043991,0.3539845155775695,0.33100207086245703,1.0,-0.12394603534868447,63.71721280396251,0.6620041417249167,-487.1624381597587,-431.9191204686777,1110.0400588289401,1.416654348373413,0.6671017737042302,0.6364897824380578,0.7084209278945641,1.146263422711263,0.9390553333193848,1,0.0,0.0,0.0,704.1330600577312,385.06242203695,16.581643309656364,704.1330600577312,balanced
26,0.0,bus8_ct15,8.0,0.15,True,True,0.6072693996956418,0.49914874930108455,0.43599620716618404,0.9947838930142138,0.005216106985786249,89.84677487419522,0.8719924143323698,-487.1624381597587,-484.04458207480775,1776.4310316098185,1.855032205581665,0.6671017737042302,0.6364897824380578,0.7084209278945641,1.146263422711263,0.9390553333193848,1,0.0,0.0,0.0,704.1330600577312,385.06242203695,16.581643309656364,704.1330600577312,balanced
26,0.0,bus4_ct25,4.0,0.25,True,False,0.8289027358128975,0.8436273691714703,0.6337369383108467,0.9946192665978024,0.005380733402197634,151.85292645086466,1.2674738766216898,-487.1624381597587,-474.2732417835382,2250.346032147212,2.539170026779175,0.6671017737042302,0.6364897824380578,0.7084209278945641,1.146263422711263,0.9390553333193848,1,0.0,0.0,0.0,704.1330600577312,385.06242203695,16.581643309656364,704.1330600577312,balanced
26,0.0,bus16_ct25,16.0,0.25,True,False,0.9685566593872696,1.0,0.8742266375490786,1.0,-8.969306523254263e-16,187.93601887982624,1.7484532750981563,-487.1624381597587,-130.7576320739078,1110.0400588289401,0.43919897079467773,0.6671017737042302,0.6364897824380578,0.7084209278945641,1.146263422711263,0.9390553333193848,1,0.0,0.0,0.0,704.1330600577312,385.06242203695,16.581643309656364,704.1330600577312,balanced
26,0.0,gen_trip_g4,,,True,True,0.14592474459026028,0.29184948918052056,0.0,0.0,1.0028319673047583,52.5329080524937,0.0,-487.1624381597587,-487.1624381597587,1110.0400588289401,1.8738806247711182,0.6671017737042302,0.6364897824380578,0.7084209278945641,1.146263422711263,0.9390553333193848,1,0.0,0.0,0.0,704.1330600577312,385.06242203695,16.581643309656364,704.1330600577312,balanced
27,0.0,bus4_ct10,4.0,0.1,True,True,0.5537846632930996,0.46247166762318914,0.2963983808109205,0.9937969371150998,0.006203062884900254,83.24490017217404,0.592796761621841,-617.2914064495169,-615.3689930298823,1722.596001546329,2.819195032119751,0.8765796712366555,0.6107830149374005,0.33285173618279895,1.131688873278751,0.8684671568337551,1,0.0,0.0,0.0,657.3779054782326,572.0505015473832,16.581643309656364,657.3779054782326,west_concentrated
27,0.0,bus14_ct10,14.0,0.1,True,True,0.5477672175541395,0.4647352298222535,0.2675253860629603,0.9940730245090907,0.005926975490909273,83.65234136800564,0.5350507721259179,-617.2914064495169,-615.3866211610657,1735.985965801191,2.6765856742858887,0.8765796712366555,0.6107830149374005,0.33285173618279895,1.131688873278751,0.8684671568337551,1,0.0,0.0,0.0,657.3779054782326,572.0505015473832,16.581643309656364,657.3779054782326,west_concentrated
27,0.0,bus16_ct10,16.0,0.1,True,True,0.6093594150932387,0.5625552979455353,0.3201177759912248,0.9922092884906593,0.007790711509340722,101.25995363019635,0.6402355519824487,-617.2914064495169,-615.0267837560523,1973.78588371636,1.8926444053649902,0.8765796712366555,0.6107830149374005,0.33285173618279895,1.131688873278751,0.8684671568337551,1,0.0,0.0,0.0,657.3779054782326,572.0505015473832,16.581643309656364,657.3779054782326,west_concentrated
27,0.0,bus26_ct10,26.0,0.1,True,True,0.5046897429133954,0.4267522670428311,0.17021111941830824,0.9950433181496113,0.0049566818503886684,76.8154080677096,0.3404222388366174,-617.2914064495169,-616.4097167099823,1618.1081453675852,2.014347553253174,0.8765796712366555,0.6107830149374005,0.33285173618279895,1.131688873278751,0.8684671568337551,1,0.0,0.0,0.0,657.3779054782326,572.0505015473832,16.581643309656364,657.3779054782326,west_concentrated
27,0.0,bus20_ct15,20.0,0.15,True,False,0.9467254255611897,1.0,0.7869017022447586,1.0,-0.12477885422897193,182.86751363573097,1.5738034044895155,-617.2914064495169,-872.5770764655233,1408.424091991796,0.783332109451294,0.8765796712366555,0.6107830149374005,0.33285173618279895,1.131688873278751,0.8684671568337551,1,0.0,0.0,0.0,657.3779054782326,572.0505015473832,16.581643309656364,657.3779054782326,west_concentrated
27,0.0,bus8_ct15,8.0,0.15,True,True,0.6285550353886171,0.5398965427578761,0.43961625734646503,0.9948107986922514,0.005189201307748604,97.18137769641771,0.8792325146929292,-617.2914064495169,-614.3583965744716,1851.093145040204,2.452787399291992,0.8765796712366555,0.6107830149374005,0.33285173618279895,1.131688873278751,0.8684671568337551,1,0.0,0.0,0.0,657.3779054782326,572.0505015473832,16.581643309656364,657.3779054782326,west_concentrated
27,0.0,bus4_ct25,4.0,0.25,True,False,0.8639096212253062,0.9146076964450541,0.6317435395605102,0.9946795524506061,0.005320447549393907,164.62938536010975,1.263487079121024,-617.2914064495169,-604.2619728691924,2307.913115525609,2.213496685028076,0.8765796712366555,0.6107830149374005,0.33285173618279895,1.131688873278751,0.8684671568337551,1,0.0,0.0,0.0,657.3779054782326,572.0505015473832,16.581643309656364,657.3779054782326,west_concentrated
27,0.0,bus16_ct25,16.0,0.25,True,False,0.9640635626474356,1.0,0.8562542505897426,1.0,-4.114618825483977e-15,185.93504433092727,1.7125085011794816,-617.2914064495169,-139.6281347935032,1167.8374439663532,0.698958158493042,0.8765796712366555,0.6107830149374005,0.33285173618279895,1.131688873278751,0.8684671568337551,1,0.0,0.0,0.0,657.3779054782326,572.0505015473832,16.581643309656364,657.3779054782326,west_concentrated
27,0.0,gen_trip_g4,,,True,True,0.1656335936316722,0.3312671872633444,0.0,0.0,1.0043336194209496,59.628093707401995,0.0,-617.2914064495169,-617.2914064495169,1167.8374439663532,1.4812257289886475,0.8765796712366555,0.6107830149374005,0.33285173618279895,1.131688873278751,0.8684671568337551,1,0.0,0.0,0.0,657.3779054782326,572.0505015473832,16.581643309656364,657.3779054782326,west_concentrated
28,0.0,bus4_ct10,4.0,0.1,True,True,0.5799528163379727,0.5136268713961424,0.29869364171406687,0.9938638808455392,0.006136119154460813,92.45283685130562,0.5973872834281346,-278.3476840154209,-275.99585020193757,1651.4336646139182,2.14111590385437,0.2531359489790634,0.8915623933499948,0.3470693357242483,0.9222259516175882,1.1902817357393904,2,0.0,0.0,0.0,525.9808527892228,357.923682026355,16.581643309656364,525.9808527892228,east_concentrated
28,0.0,bus14_ct10,14.0,0.1,True,True,0.585438917541002,0.5192731493078422,0.3090837332907732,0.9941256382575502,0.005874361742449775,93.4691668754116,0.6181674665815473,-278.3476840154209,-275.9569475800879,1673.4850434148377,1.9823579788208008,0.2531359489790634,0.8915623933499948,0.3470693357242483,0.9222259516175882,1.1902817357393904,2,0.0,0.0,0.0,525.9808527892228,357.923682026355,16.581643309656364,525.9808527892228,east_concentrated
28,0.0,bus16_ct10,16.0,0.1,True,True,0.5765044591307849,0.5120803999620663,0.28971340723564154,0.9921436293633651,0.007856370636634932,92.17447199317193,0.5794268144712822,-278.3476840154209,-275.3351031636164,1962.4510857204843,2.1135363578796387,0.2531359489790634,0.8915623933499948,0.3470693357242483,0.9222259516175882,1.1902817357393904,2,0.0,0.0,0.0,525.9808527892228,357.923682026355,16.581643309656364,525.9808527892228,east_concentrated
28,0.0,bus26_ct10,26.0,0.1,True,True,0.48120210337719027,0.39324914707442793,0.14329789071695842,0.9950122286429467,0.004987771357053256,70.78484647339702,0.28659578143391595,-278.3476840154209,-277.2262154993577,1469.522602214277,1.6994764804840088,0.2531359489790634,0.8915623933499948,0.3470693357242483,0.9222259516175882,1.1902817357393904,2,0.0,0.0,0.0,525.9808527892228,357.923682026355,16.581643309656364,525.9808527892228,east_concentrated
28,0.0,bus20_ct15,20.0,0.15,True,False,0.9656357450690312,1.0,0.8625429802761246,1.0,-0.12052633941383578,183.23884303042166,1.7250859605522528,-278.3476840154209,-630.2391141769078,1352.5293116674743,0.9851193428039551,0.2531359489790634,0.8915623933499948,0.3470693357242483,0.9222259516175882,1.1902817357393904,2,0.0,0.0,0.0,525.9808527892228,357.923682026355,16.581643309656364,525.9808527892228,east_concentrated
28,0.0,bus8_ct15,8.0,0.15,True,True,0.6423583663080651,0.5978674111187413,0.37883361574737506,0.9948650272474026,0.00513497275259745,107.61613400137344,0.7576672314947519,-278.3476840154209,-274.8243994293229,1768.4718579479681,1.8800969123840332,0.2531359489790634,0.8915623933499948,0.3470693357242483,0.9222259516175882,1.1902817357393904,2,0.0,0.0,0.0,525.9808527892228,357.923682026355,16.581643309656364,525.9808527892228,east_concentrated
28,0.0,bus4_ct25,4.0,0.25,True,False,0.9112607543404703,1.0,0.6502453928424359,0.9947976245194453,0.005202375480554634,180.64277179532164,1.300490785684869,-278.3476840154209,-615.0926145666623,1645.957993706481,0.6733911037445068,0.2531359489790634,0.8915623933499948,0.3470693357242483,0.9222259516175882,1.1902817357393904,2,0.0,0.0,0.0,525.9808527892228,357.923682026355,16.581643309656364,525.9808527892228,east_concentrated
28,0.0,bus16_ct25,16.0,0.25,True,False,0.9667750452886903,1.0,0.8671001811547612,1.0,-0.03762258731015018,182.2428904131239,1.734200362309526,-278.3476840154209,-55.48119201792183,1058.3232572992142,0.6060607433319092,0.2531359489790634,0.8915623933499948,0.3470693357242483,0.9222259516175882,1.1902817357393904,2,0.0,0.0,0.0,525.9808527892228,357.923682026355,16.581643309656364,525.9808527892228,east_concentrated
28,0.0,gen_trip_g4,,,True,True,0.155539300448976,0.3098533204279978,0.0,0.002450560939908364,0.9975494390600916,55.773597677039604,0.0,-278.3476840154209,-278.3476840154209,1058.3232572992142,2.0038700103759766,0.2531359489790634,0.8915623933499948,0.3470693357242483,0.9222259516175882,1.1902817357393904,2,0.0,0.0,0.0,525.9808527892228,357.923682026355,16.581643309656364,525.9808527892228,east_concentrated
29,0.0,bus4_ct10,4.0,0.1,True,False,0.6210772394171526,0.6027558195372185,0.2848707932550063,0.9939265253391673,0.0060734746608327875,108.49604751669932,0.5697415865100108,-769.3453822976516,-687.8861946745134,1807.6636477828306,2.122596502304077,0.7996515928072949,0.7859810194750199,0.5601931111887358,0.8732234132638714,0.8987816749537147,0,0.0,0.0,0.0,98.50070975049948,810.9273430476096,16.581643309656364,98.50070975049948,west_concentrated
29,0.0,bus14_ct10,14.0,0.1,True,False,0.6223462015304809,0.6025248362965903,0.2901592648976994,0.9941758686310439,0.005824131368956043,108.45447053338624,0.5803185297953961,-769.3453822976516,-687.8764921447857,1821.684317815016,2.3770432472229004,0.7996515928072949,0.7859810194750199,0.5601931111887358,0.8732234132638714,0.8987816749537147,0,0.0,0.0,0.0,98.50070975049948,810.9273430476096,16.581643309656364,98.50070975049948,west_concentrated
29,0.0,bus16_ct10,16.0,0.1,True,False,0.6587402740198136,0.6645296842313214,0.3135781800906159,0.9923235475259956,0.007676452474004343,119.61534316163785,0.6271563601812336,-769.3453822976516,-687.1967163672691,2083.9564858257677,2.163031578063965,0.7996515928072949,0.7859810194750199,0.5601931111887358,0.8732234132638714,0.8987816749537147,0,0.0,0.0,0.0,98.50070975049948,810.9273430476096,16.581643309656364,98.50070975049948,west_concentrated
29,0.0,bus26_ct10,26.0,0.1,True,False,0.5533828315646081,0.5277192736334063,0.16304693433670536,0.9950458446549142,0.004954155345085797,94.98946925401314,0.3260938686734116,-769.3453822976516,-688.961707926556,1663.1500643577442,2.287759304046631,0.7996515928072949,0.7859810194750199,0.5601931111887358,0.8732234132638714,0.8987816749537147,0,0.0,0.0,0.0,98.50070975049948,810.9273430476096,16.581643309656364,98.50070975049948,west_concentrated
29,0.0,bus20_ct15,20.0,0.15,True,False,0.9399986577048542,1.0,0.759994630819417,1.0,-0.12448218740312204,181.88719844408385,1.5199892616388322,-769.3453822976516,-838.9844190173709,1347.761006235944,0.6016013622283936,0.7996515928072949,0.7859810194750199,0.5601931111887358,0.8732234132638714,0.8987816749537147,0,0.0,0.0,0.0,98.50070975049948,810.9273430476096,16.581643309656364,98.50070975049948,west_concentrated
29,0.0,bus8_ct15,8.0,0.15,True,False,0.7059150069603601,0.7032330403771525,0.42222353043456806,0.9949704166525675,0.0050295833474324906,126.58194726788746,0.8444470608691379,-769.3453822976516,-686.4297722225342,1956.8028591014113,2.5213875770568848,0.7996515928072949,0.7859810194750199,0.5601931111887358,0.8732234132638714,0.8987816749537147,0,0.0,0.0,0.0,98.50070975049948,810.9273430476096,16.581643309656364,98.50070975049948,west_concentrated
29,0.0,bus4_ct25,4.0,0.25,True,False,0.9027593187204399,1.0,0.6160679211722666,0.9949693537094928,0.005030646290507179,183.86686864256737,1.2321358423445306,-769.3453822976516,-824.7062733377796,1759.0537436646268,0.4157726764678955,0.7996515928072949,0.7859810194750199,0.5601931111887358,0.8732234132638714,0.8987816749537147,0,0.0,0.0,0.0,98.50070975049948,810.9273430476096,16.581643309656364,98.50070975049948,west_concentrated
29,0.0,bus16_ct25,16.0,0.25,True,False,0.9504548872027581,1.0,0.8018195488110322,1.0,-6.192295200036616e-16,184.4617620622804,1.6036390976220671,-769.3453822976516,-119.23740773270146,1258.6773199536783,0.7148616313934326,0.7996515928072949,0.7859810194750199,0.5601931111887358,0.8732234132638714,0.8987816749537147,0,0.0,0.0,0.0,98.50070975049948,810.9273430476096,16.581643309656364,98.50070975049948,west_concentrated
29,0.0,gen_trip_g4,,,True,False,0.22460631928098188,0.4388595755315328,0.020706126060861862,0.0,1.004131394142986,78.99472359567591,0.04141225212172195,-769.3453822976516,-689.9664523989396,1269.6842466247938,1.8985507488250732,0.7996515928072949,0.7859810194750199,0.5601931111887358,0.8732234132638714,0.8987816749537147,0,0.0,0.0,0.0,98.50070975049948,810.9273430476096,16.581643309656364,98.50070975049948,west_concentrated
30,0.0,bus4_ct10,4.0,0.1,True,True,0.6001949432778795,0.5639653753883108,0.2789717659000033,0.9938772564348928,0.006122743565107213,101.51376756989595,0.5579435318000092,-814.7358422630516,-813.1658014262866,1852.9157790892161,2.089125156402588,0.9104720847694775,0.839003926095949,0.5134278207918104,1.032845928703842,0.8126101599608446,0,0.0,0.0,0.0,610.5697392819252,1039.1956862637226,16.581643309656364,610.5697392819252,west_concentrated
30,0.0,bus14_ct10,14.0,0.1,True,True,0.6011880523149933,0.563621992300419,0.2833626273892733,0.9941455972698617,0.005854402730138223,101.45195861407541,0.566725254778544,-814.7358422630516,-813.1827268626959,1867.786421642379,1.881737470626831,0.9104720847694775,0.839003926095949,0.5134278207918104,1.032845928703842,0.8126101599608446,0,0.0,0.0,0.0,610.5697392819252,1039.1956862637226,16.581643309656364,610.5697392819252,west_concentrated
30,0.0,bus16_ct10,16.0,0.1,True,True,0.6462145579275121,0.6423354469372659,0.3078484742676366,0.9923388635678803,0.0076611364321197304,115.62038044870786,0.6156969485352759,-814.7358422630516,-812.867111868338,2122.0746633689578,2.415290594100952,0.9104720847694775,0.839003926095949,0.5134278207918104,1.032845928703842,0.8126101599608446,0,0.0,0.0,0.0,610.5697392819252,1039.1956862637226,16.581643309656364,610.5697392819252,west_concentrated
30,0.0,bus26_ct10,26.0,0.1,True,True,0.5421310260455622,0.5086177736147941,0.1562341428976204,0.99505441405504,0.0049455859449599356,91.55119925066293,0.3124682857952399,-814.7358422630516,-814.0540724228163,1710.1852386334567,2.07348370552063,0.9104720847694775,0.839003926095949,0.5134278207918104,1.032845928703842,0.8126101599608446,0,0.0,0.0,0.0,610.5697392819252,1039.1956862637226,16.581643309656364,610.5697392819252,west_concentrated
30,0.0,bus20_ct15,20.0,0.15,True,False,0.9414490076264972,1.0,0.7657960305059888,1.0,-0.12458290737421118,183.23722095182262,1.5315920610119749,-814.7358422630516,-997.2847446295236,1464.2769861232744,0.9369940757751465,0.9104720847694775,0.839003926095949,0.5134278207918104,1.032845928703842,0.8126101599608446,0,0.0,0.0,0.0,610.5697392819252,1039.1956862637226,16.581643309656364,610.5697392819252,west_concentrated
30,0.0,bus8_ct15,8.0,0.15,True,True,0.6825908396011362,0.6599141452512319,0.41563078604856685,0.994904281853514,0.0050957181464859995,118.78454614522174,0.8312615720971372,-814.7358422630516,-812.1949957223978,1993.8758157662453,2.8296737670898438,0.9104720847694775,0.839003926095949,0.5134278207918104,1.032845928703842,0.8126101599608446,0,0.0,0.0,0.0,610.5697392819252,1039.1956862637226,16.581643309656364,610.5697392819252,west_concentrated
30,0.0,bus4_ct25,4.0,0.25,True,False,0.9015878077892926,1.0,0.6114753566148892,0.9948758745422811,0.005124125457718886,181.28131297489125,1.22295071322978,-814.7358422630516,-892.7985127034758,1818.3917161070842,0.8813743591308594,0.9104720847694775,0.839003926095949,0.5134278207918104,1.032845928703842,0.8126101599608446,0,0.0,0.0,0.0,610.5697392819252,1039.1956862637226,16.581643309656364,610.5697392819252,west_concentrated
30,0.0,bus16_ct25,16.0,0.25,True,False,0.952831967355066,1.0,0.8113278694202641,1.0,-3.035556657541333e-11,185.23420084033566,1.6226557388405283,-814.7358422630516,-128.20312192447236,1279.009911718588,0.672623872756958,0.9104720847694775,0.839003926095949,0.5134278207918104,1.032845928703842,0.8126101599608446,0,0.0,0.0,0.0,610.5697392819252,1039.1956862637226,16.581643309656364,610.5697392819252,west_concentrated
30,0.0,gen_trip_g4,,,True,True,0.20342421227081936,0.4068484245416387,0.0,0.0,1.0048282141766838,73.23271641749497,0.0,-814.7358422630516,-814.7358422630516,1279.009911718588,1.874246597290039,0.9104720847694775,0.839003926095949,0.5134278207918104,1.032845928703842,0.8126101599608446,0,0.0,0.0,0.0,610.5697392819252,1039.1956862637226,16.581643309656364,610.5697392819252,west_concentrated
31,0.0,bus4_ct10,4.0,0.1,True,True,0.5717786305068613,0.4995123181231264,0.29423805565879846,0.9938518301223939,0.006148169877606118,89.91221726216276,0.5884761113175996,-597.6741691142443,-595.7958674784925,1713.7337553434554,2.177037477493286,0.1268109362248373,0.7480423816080635,0.4697333978938335,1.0151141595464848,0.9233713578723641,1,0.0,0.0,0.0,283.40622382512265,426.60927299610785,16.581643309656364,283.40622382512265,east_concentrated
31,0.0,bus14_ct10,14.0,0.1,True,True,0.5655994269410555,0.5011302170788053,0.2660231952760519,0.9941140783305592,0.0058859216694408184,90.20343907418497,0.5320463905521011,-597.6741691142443,-595.810044529035,1725.720667662758,2.0867810249328613,0.1268109362248373,0.7480423816080635,0.4697333978938335,1.0151141595464848,0.9233713578723641,1,0.0,0.0,0.0,283.40622382512265,426.60927299610785,16.581643309656364,283.40622382512265,east_concentrated
31,0.0,bus16_ct10,16.0,0.1,True,True,0.627016148663758,0.5981299128242172,0.31957381803496077,0.9922309509716365,0.007769049028363542,107.6633843083591,0.6391476360699189,-597.6741691142443,-595.5297782682037,1965.2840944743923,1.8698475360870361,0.1268109362248373,0.7480423816080635,0.4697333978938335,1.0151141595464848,0.9233713578723641,1,0.0,0.0,0.0,283.40622382512265,426.60927299610785,16.581643309656364,283.40622382512265,east_concentrated
31,0.0,bus26_ct10,26.0,0.1,True,True,0.5219272375712555,0.46133234439191473,0.1699972589803025,0.9950470025208898,0.004952997479110196,83.03982199054465,0.33999451796060676,-597.6741691142443,-596.85133971876,1610.6419034224639,2.0584797859191895,0.1268109362248373,0.7480423816080635,0.4697333978938335,1.0151141595464848,0.9233713578723641,1,0.0,0.0,0.0,283.40622382512265,426.60927299610785,16.581643309656364,283.40622382512265,east_concentrated
31,0.0,bus20_ct15,20.0,0.15,True,True,0.5465807716784052,0.42764458735310734,0.3310339120074062,1.0,-0.12458706279399583,76.97602572355932,0.6620678240148115,-597.6741691142443,-510.3545020703783,1152.625457240242,1.4593961238861084,0.1268109362248373,0.7480423816080635,0.4697333978938335,1.0151141595464848,0.9233713578723641,1,0.0,0.0,0.0,283.40622382512265,426.60927299610785,16.581643309656364,283.40622382512265,east_concentrated
31,0.0,bus8_ct15,8.0,0.15,True,True,0.6555680943516031,0.5930346826726927,0.4413246108488451,0.9948784012121823,0.005121598787817757,106.74624288108468,0.8826492216976911,-597.6741691142443,-594.714942405069,1853.63430329318,2.608919858932495,0.1268109362248373,0.7480423816080635,0.4697333978938335,1.0151141595464848,0.9233713578723641,1,0.0,0.0,0.0,283.40622382512265,426.60927299610785,16.581643309656364,283.40622382512265,east_concentrated
31,0.0,bus4_ct25,4.0,0.25,True,False,0.906407614913822,1.0,0.6308403309863451,0.9947901286689433,0.005209871331056687,181.31409268979652,1.2616806619726928,-597.6741691142443,-858.6364826986828,1713.2955073228607,0.5108973979949951,0.1268109362248373,0.7480423816080635,0.4697333978938335,1.0151141595464848,0.9233713578723641,1,0.0,0.0,0.0,283.40622382512265,426.60927299610785,16.581643309656364,283.40622382512265,east_concentrated
31,0.0,bus16_ct25,16.0,0.25,True,False,0.9577649209799022,1.0,0.8310596839196087,1.0,-1.1483210040484779e-15,181.32757436502453,1.6621193678392165,-597.6741691142443,-134.1915591421593,1152.625457240242,0.7862567901611328,0.1268109362248373,0.7480423816080635,0.4697333978938335,1.0151141595464848,0.9233713578723641,1,0.0,0.0,0.0,283.40622382512265,426.60927299610785,16.581643309656364,283.40622382512265,east_concentrated
31,0.0,gen_trip_g4,,,True,True,0.18183431253016866,0.3636686250603373,0.0,0.0,1.0039854140065338,65.46035251086072,0.0,-597.6741691142443,-597.6741691142443,1152.625457240242,1.7514495849609375,0.1268109362248373,0.7480423816080635,0.4697333978938335,1.0151141595464848,0.9233713578723641,1,0.0,0.0,0.0,283.40622382512265,426.60927299610785,16.581643309656364,283.40622382512265,east_concentrated
32,0.0,bus4_ct10,4.0,0.1,True,False,0.6214488982078415,0.5929767841034341,0.3059213132584233,0.9939207113660747,0.006079288633925258,106.73582113861814,0.6118426265168475,-822.9621841385318,-645.0412970031132,1755.639939906677,2.872253894805908,0.3518797892671993,0.7020649589007404,0.44778403425928054,0.8336602488831892,0.8589410259624926,1,0.0,0.0,0.0,-298.6979215827291,597.2852222253578,16.581643309656364,298.6979215827291,balanced
32,0.0,bus14_ct10,14.0,0.1,True,False,0.6144938821184105,0.5924548977405113,0.2789038742916041,0.9941618587010153,0.005838141298984788,106.64188159329204,0.5578077485832056,-822.9621841385318,-645.0378073895697,1764.950533589859,2.6544952392578125,0.3518797892671993,0.7020649589007404,0.44778403425928054,0.8336602488831892,0.8589410259624926,1,0.0,0.0,0.0,-298.6979215827291,597.2852222253578,16.581643309656364,298.6979215827291,balanced
32,0.0,bus16_ct10,16.0,0.1,True,False,0.6740332296178266,0.6841019871191742,0.33562869572470433,0.9923002485082535,0.00769975149174654,123.13835768145137,0.6712573914494069,-822.9621841385318,-644.4980201137555,2005.8996835525154,2.585970163345337,0.3518797892671993,0.7020649589007404,0.44778403425928054,0.8336602488831892,0.8589410259624926,1,0.0,0.0,0.0,-298.6979215827291,597.2852222253578,16.581643309656364,298.6979215827291,balanced
32,0.0,bus26_ct10,26.0,0.1,True,False,0.5690559321806692,0.547374795393234,0.1864297705405491,0.9950443673956596,0.004955632604340374,98.52746317078211,0.3728595410810964,-822.9621841385318,-646.1922806597541,1651.9015957717868,2.3134868144989014,0.3518797892671993,0.7020649589007404,0.44778403425928054,0.8336602488831892,0.8589410259624926,1,0.0,0.0,0.0,-298.6979215827291,597.2852222253578,16.581643309656364,298.6979215827291,balanced
32,0.0,bus20_ct15,20.0,0.15,True,False,0.9346993744976526,1.0,0.7387974979906105,1.0,-0.12692016878697354,180.95640568134448,1.4775949959812218,-822.9621841385318,-993.1654106907796,1460.4402482020182,1.2350046634674072,0.3518797892671993,0.7020649589007404,0.44778403425928054,0.8336602488831892,0.8589410259624926,1,0.0,0.0,0.0,-298.6979215827291,597.2852222253578,16.581643309656364,298.6979215827291,balanced
32,0.0,bus8_ct15,8.0,0.15,True,False,0.7079657167028183,0.6878708688267736,0.46114352422893035,0.9949776049287956,0.005022395071204371,123.81675638881926,0.9222870484578616,-822.9621841385318,-643.3900449683182,1913.2410242710532,2.226567268371582,0.3518797892671993,0.7020649589007404,0.44778403425928054,0.8336602488831892,0.8589410259624926,1,0.0,0.0,0.0,-298.6979215827291,597.2852222253578,16.581643309656364,298.6979215827291,balanced
32,0.0,bus4_ct25,4.0,0.25,True,False,0.9088690921064535,1.0,0.640522321582214,0.9949540468436002,0.005045953156399806,181.81417268148988,1.2810446431644307,-822.9621841385318,-826.4741642739104,1727.016874493575,0.7883498668670654,0.3518797892671993,0.7020649589007404,0.44778403425928054,0.8336602488831892,0.8589410259624926,1,0.0,0.0,0.0,-298.6979215827291,597.2852222253578,16.581643309656364,298.6979215827291,balanced
32,0.0,bus16_ct25,16.0,0.25,True,False,0.9510771618423721,1.0,0.8043086473694885,1.0,-5.357575902522004e-12,180.7451111230448,1.6086172947389743,-822.9621841385318,-141.59706313519837,1264.0939138029476,0.47022533416748047,0.3518797892671993,0.7020649589007404,0.44778403425928054,0.8336602488831892,0.8589410259624926,1,0.0,0.0,0.0,-298.6979215827291,597.2852222253578,16.581643309656364,298.6979215827291,balanced
32,0.0,gen_trip_g4,,,True,False,0.256198566988425,0.478462758293018,0.047153570361341934,0.02071518100632208,0.9792848189936779,86.12329649274324,0.09430714072268476,-822.9621841385318,-647.0911387483151,1287.873767617181,2.273303747177124,0.3518797892671993,0.7020649589007404,0.44778403425928054,0.8336602488831892,0.8589410259624926,1,0.0,0.0,0.0,-298.6979215827291,597.2852222253578,16.581643309656364,298.6979215827291,balanced
33,0.0,bus4_ct10,4.0,0.1,True,True,0.5521012930209263,0.45934287304254023,0.29595945737436935,0.9937599686242553,0.006240031375744682,82.68171714765724,0.5919189147487414,-522.756588999011,-520.4835898633107,1789.6845335236162,2.140491485595703,0.8008442021964205,0.7970692553183985,0.5986720936219962,1.1919563908438704,1.0153261839844472,3,0.0,0.0,0.0,985.8561018271357,661.7909386251999,16.581643309656364,985.8561018271357,west_concentrated
33,0.0,bus14_ct10,14.0,0.1,True,True,0.555685603362884,0.46274971653628405,0.3031958214657351,0.9940471589132328,0.0059528410867671746,83.29494897653113,0.606391642931472,-522.756588999011,-520.4830661206186,1809.2342969377812,2.30499267578125,0.8008442021964205,0.7970692553183985,0.5986720936219962,1.1919563908438704,1.0153261839844472,3,0.0,0.0,0.0,985.8561018271357,661.7909386251999,16.581643309656364,985.8561018271357,west_concentrated
33,0.0,bus16_ct10,16.0,0.1,True,True,0.590039884464747,0.5241631395399634,0.31969797881554385,0.9921352799635174,0.007864720036482673,94.34936511719341,0.6393959576310859,-522.756588999011,-519.7422004774843,2083.0405798495212,2.2759108543395996,0.8008442021964205,0.7970692553183985,0.5986720936219962,1.1919563908438704,1.0153261839844472,3,0.0,0.0,0.0,985.8561018271357,661.7909386251999,16.581643309656364,985.8561018271357,west_concentrated
33,0.0,bus26_ct10,26.0,0.1,True,True,0.4820025963245347,0.3845033964225525,0.1639833889015172,0.9950202035515165,0.004979796448483505,69.21061135605945,0.32796677780303707,-522.756588999011,-521.656695000254,1647.3094439002105,2.309161901473999,0.8008442021964205,0.7970692553183985,0.5986720936219962,1.1919563908438704,1.0153261839844472,3,0.0,0.0,0.0,985.8561018271357,661.7909386251999,16.581643309656364,985.8561018271357,west_concentrated
33,0.0,bus20_ct15,20.0,0.15,True,False,0.9649843592776222,1.0,0.8599374371104886,1.0,-0.12147835416640775,184.62771478283395,1.719874874220979,-522.756588999011,-794.002051207584,1453.476411469886,0.6599268913269043,0.8008442021964205,0.7970692553183985,0.5986720936219962,1.1919563908438704,1.0153261839844472,3,0.0,0.0,0.0,985.8561018271357,661.7909386251999,16.581643309656364,985.8561018271357,west_concentrated
33,0.0,bus8_ct15,8.0,0.15,True,True,0.6254088035964017,0.5398308467261279,0.4271947224143844,0.9947787985189668,0.005221201481033248,97.16955241070303,0.8543894448287714,-522.756588999011,-519.3480419490547,1911.1858885884799,2.0553207397460938,0.8008442021964205,0.7970692553183985,0.5986720936219962,1.1919563908438704,1.0153261839844472,3,0.0,0.0,0.0,985.8561018271357,661.7909386251999,16.581643309656364,985.8561018271357,west_concentrated
33,0.0,bus4_ct25,4.0,0.25,True,False,0.9092514560231552,1.0,0.6423217875043505,0.99468403658827,0.005315963411730013,180.09092119933769,1.2846435750087037,-522.756588999011,-835.4276923914774,1801.8120754883455,0.3889932632446289,0.8008442021964205,0.7970692553183985,0.5986720936219962,1.1919563908438704,1.0153261839844472,3,0.0,0.0,0.0,985.8561018271357,661.7909386251999,16.581643309656364,985.8561018271357,west_concentrated
33,0.0,bus16_ct25,16.0,0.25,True,False,0.969106676973051,1.0,0.8764267078922039,1.0,-0.05231136820494643,181.24621695367125,1.7528534157844078,-522.756588999011,-98.6326412456707,1202.5036700896128,0.6956894397735596,0.8008442021964205,0.7970692553183985,0.5986720936219962,1.1919563908438704,1.0153261839844472,3,0.0,0.0,0.0,985.8561018271357,661.7909386251999,16.581643309656364,985.8561018271357,west_concentrated
33,0.0,gen_trip_g4,,,True,True,0.14352757134955074,0.2868114725039343,0.0,0.0004873403903343787,0.9995126596096656,51.62606505070817,0.0,-522.756588999011,-522.756588999011,1202.5036700896128,1.6174437999725342,0.8008442021964205,0.7970692553183985,0.5986720936219962,1.1919563908438704,1.0153261839844472,3,0.0,0.0,0.0,985.8561018271357,661.7909386251999,16.581643309656364,985.8561018271357,west_concentrated
34,0.0,bus4_ct10,4.0,0.1,True,True,0.6030128174085222,0.5634299408014806,0.29125058156614614,0.9939408064649815,0.006059193535018487,101.4173893442665,0.5825011631322896,-504.78786926230975,-502.98629666410096,1671.3141246024525,2.109541416168213,0.2972714000808566,0.7579849992395521,0.6885557009543096,0.8076735925803357,1.0546923040940095,1,0.0,0.0,0.0,-382.06311500228367,78.74008645496906,16.581643309656364,382.06311500228367,east_concentrated
34,0.0,bus14_ct10,14.0,0.1,True,True,0.5962904389048675,0.5633271135788422,0.264328142416165,0.9941793860456208,0.005820613954379197,101.3988804441916,0.5286562848323273,-504.78786926230975,-502.9923773809277,1681.4389169457388,1.8044304847717285,0.2972714000808566,0.7579849992395521,0.6885557009543096,0.8076735925803357,1.0546923040940095,1,0.0,0.0,0.0,-382.06311500228367,78.74008645496906,16.581643309656364,382.06311500228367,east_concentrated
34,0.0,bus16_ct10,16.0,0.1,True,True,0.6490314607853274,0.6429527345900726,0.31797568943362364,0.9922446845275407,0.007755315472459309,115.73149222621308,0.63595137886725,-504.78786926230975,-502.85627223289475,1928.1087264188263,2.31974458694458,0.2972714000808566,0.7579849992395521,0.6885557009543096,0.8076735925803357,1.0546923040940095,1,0.0,0.0,0.0,-382.06311500228367,78.74008645496906,16.581643309656364,382.06311500228367,east_concentrated
34,0.0,bus26_ct10,26.0,0.1,True,True,0.5438724516167421,0.505538932336838,0.16936085140427792,0.9950510903890145,0.004948909610985477,90.99700782063084,0.3387217028085576,-504.78786926230975,-504.0467961052788,1572.0108930892238,2.00700306892395,0.2972714000808566,0.7579849992395521,0.6885557009543096,0.8076735925803357,1.0546923040940095,1,0.0,0.0,0.0,-382.06311500228367,78.74008645496906,16.581643309656364,382.06311500228367,east_concentrated
34,0.0,bus20_ct15,20.0,0.15,True,False,0.9359557521118029,1.0,0.7438230084472117,1.0,-0.22673116839420476,183.64485281541758,1.4876460168944217,-504.78786926230975,-536.1487374786925,1114.6127824147286,0.6977822780609131,0.2972714000808566,0.7579849992395521,0.6885557009543096,0.8076735925803357,1.0546923040940095,1,0.0,0.0,0.0,-382.06311500228367,78.74008645496906,16.581643309656364,382.06311500228367,east_concentrated
34,0.0,bus8_ct15,8.0,0.15,True,True,0.6952098591728125,0.6716594430388204,0.4425296388224389,0.9949909117911705,0.005009088208829543,120.89869974698767,0.8850592776448751,-504.78786926230975,-501.8222631303794,1828.67141546477,1.9005675315856934,0.2972714000808566,0.7579849992395521,0.6885557009543096,0.8076735925803357,1.0546923040940095,1,0.0,0.0,0.0,-382.06311500228367,78.74008645496906,16.581643309656364,382.06311500228367,east_concentrated
34,0.0,bus4_ct25,4.0,0.25,True,False,0.9063046027223548,1.0,0.6302569017324764,0.9949615091569428,0.0050384908430571715,181.04969365463833,1.2605138034649555,-504.78786926230975,-715.2598561566473,1620.058238151379,0.6141302585601807,0.2972714000808566,0.7579849992395521,0.6885557009543096,0.8076735925803357,1.0546923040940095,1,0.0,0.0,0.0,-382.06311500228367,78.74008645496906,16.581643309656364,382.06311500228367,east_concentrated
34,0.0,bus16_ct25,16.0,0.25,True,False,0.9569256273328275,1.0,0.82770250933131,1.0,-2.3363270137619794e-17,189.8333601041424,1.655405018662619,-504.78786926230975,-136.1433617286866,1098.872833264289,0.39957451820373535,0.2972714000808566,0.7579849992395521,0.6885557009543096,0.8076735925803357,1.0546923040940095,1,0.0,0.0,0.0,-382.06311500228367,78.74008645496906,16.581643309656364,382.06311500228367,east_concentrated
34,0.0,gen_trip_g4,,,True,True,0.2025211712055015,0.405042342411003,0.0,0.0,1.0023906311130129,72.90762163398054,0.0,-504.78786926230975,-504.7878692101657,1098.872833264289,1.1868901252746582,0.2972714000808566,0.7579849992395521,0.6885557009543096,0.8076735925803357,1.0546923040940095,1,0.0,0.0,0.0,-382.06311500228367,78.74008645496906,16.581643309656364,382.06311500228367,east_concentrated
35,0.0,bus4_ct10,4.0,0.1,True,True,0.566150748087121,0.48784918916271097,0.29503700423564894,0.9938676097874128,0.006132390212587179,87.81285404928798,0.5900740084712996,-408.0175692062272,-405.94943942682096,1623.3757032101582,2.1006548404693604,0.45992232106653186,0.6777799975377106,0.4159517792403743,0.9357411791362649,1.0634806897442002,1,0.0,0.0,0.0,28.777702669137398,55.45965286761384,16.581643309656364,28.777702669137398,balanced
35,0.0,bus14_ct10,14.0,0.1,True,True,0.5600972289223869,0.4894651691893393,0.26733723922824737,0.9941213380826218,0.005878661917378141,88.10373045408107,0.5346744784564939,-408.0175692062272,-405.95344460974707,1636.2546194544277,2.375948667526245,0.45992232106653186,0.6777799975377106,0.4159517792403743,0.9357411791362649,1.0634806897442002,1,0.0,0.0,0.0,28.777702669137398,55.45965286761384,16.581643309656364,28.777702669137398,balanced
35,0.0,bus16_ct10,16.0,0.1,True,True,0.6116908855763693,0.5684679674392052,0.3176558037003545,0.9921718037267122,0.007828196273287796,102.32423413905694,0.6353116074007126,-408.0175692062272,-405.64943732800947,1881.5933664706827,2.1107876300811768,0.45992232106653186,0.6777799975377106,0.4159517792403743,0.9357411791362649,1.0634806897442002,1,0.0,0.0,0.0,28.777702669137398,55.45965286761384,16.581643309656364,28.777702669137398,balanced
35,0.0,bus26_ct10,26.0,0.1,True,True,0.5081655848411737,0.43420678580275524,0.16921173641423692,0.9950370313449475,0.004962968655052533,78.15722144449595,0.33842347282847296,-408.0175692062272,-407.09807073791114,1523.2948628285674,2.1878063678741455,0.45992232106653186,0.6777799975377106,0.4159517792403743,0.9357411791362649,1.0634806897442002,1,0.0,0.0,0.0,28.777702669137398,55.45965286761384,16.581643309656364,28.777702669137398,balanced
35,0.0,bus20_ct15,20.0,0.15,True,True,0.6242198668462147,0.5790010713245786,0.33887732473570154,1.0,-0.12323736923658278,104.22019283842414,0.6777546494714048,-408.0175692062272,-406.4275609502483,1852.4337926282594,2.256572723388672,0.45992232106653186,0.6777799975377106,0.4159517792403743,0.9357411791362649,1.0634806897442002,1,0.0,0.0,0.0,28.777702669137398,55.45965286761384,16.581643309656364,28.777702669137398,balanced
35,0.0,bus8_ct15,8.0,0.15,True,True,0.650261780018808,0.5839009179367824,0.43835262943639464,0.9948926547652724,0.005107345234727588,105.10216522862083,0.8767052588727919,-408.0175692062272,-404.7880479131793,1759.679507448268,2.6216845512390137,0.45992232106653186,0.6777799975377106,0.4159517792403743,0.9357411791362649,1.0634806897442002,1,0.0,0.0,0.0,28.777702669137398,55.45965286761384,16.581643309656364,28.777702669137398,balanced
35,0.0,bus4_ct25,4.0,0.25,True,False,0.9068047876291134,1.0,0.632420600473214,0.9947985500432398,0.005201449956760239,180.19248045406397,1.2648412009464272,-408.0175692062272,-761.1120741277981,1633.8553579073966,0.40889930725097656,0.45992232106653186,0.6777799975377106,0.4159517792403743,0.9357411791362649,1.0634806897442002,1,0.0,0.0,0.0,28.777702669137398,55.45965286761384,16.581643309656364,28.777702669137398,balanced
35,0.0,bus16_ct25,16.0,0.25,True,True,0.7657443714616239,0.6975035122897811,0.6746871581038185,0.9932833031631152,0.006716696836884791,125.55063221216061,1.3493743162076344,-408.0175692062272,-71.57738875218473,1062.7141396280556,1.7324938774108887,0.45992232106653186,0.6777799975377106,0.4159517792403743,0.9357411791362649,1.0634806897442002,1,0.0,0.0,0.0,28.777702669137398,55.45965286761384,16.581643309656364,28.777702669137398,balanced
35,0.0,gen_trip_g4,,,True,True,0.16961550692893257,0.33923101385786514,0.0,0.0,1.0015506696275174,61.061582494415724,0.0,-408.0175692062272,-408.0175692062272,1062.7141396280556,0.8197228908538818,0.45992232106653186,0.6777799975377106,0.4159517792403743,0.9357411791362649,1.0634806897442002,1,0.0,0.0,0.0,28.777702669137398,55.45965286761384,16.581643309656364,28.777702669137398,balanced
36,0.0,bus4_ct10,4.0,0.1,True,True,0.5016616959199829,0.3554411499033111,0.3020132407084901,0.9937512431648193,0.006248756835180709,63.979406982596004,0.6040264814169793,-281.9462454021568,-279.4647476683075,1553.4535775558193,2.211435079574585,0.8688040109262161,0.9958584086475424,0.5669447500957396,1.1718343123657609,1.0489472192014588,1,0.0,0.0,0.0,786.1644740693605,93.958816335336,16.581643309656364,786.1644740693605,west_concentrated
36,0.0,bus14_ct10,14.0,0.1,True,True,0.49701189853728106,0.3590636310486117,0.2758901778604539,0.9940301541914469,0.005969845808553065,64.6314535887501,0.5517803557209078,-281.9462454021568,-279.4645698446517,1570.7493382170235,2.0420289039611816,0.8688040109262161,0.9958584086475424,0.5669447500957396,1.1718343123657609,1.0489472192014588,1,0.0,0.0,0.0,786.1644740693605,93.958816335336,16.581643309656364,786.1644740693605,west_concentrated
36,0.0,bus16_ct10,16.0,0.1,True,True,0.5499023177316227,0.4451973813936508,0.31715358916918035,0.9920609189700091,0.00793908102999085,80.13552865085714,0.6343071783383625,-281.9462454021568,-278.63277692313767,1820.8362031179508,2.5269432067871094,0.8688040109262161,0.9958584086475424,0.5669447500957396,1.1718343123657609,1.0489472192014588,1,0.0,0.0,0.0,786.1644740693605,93.958816335336,16.581643309656364,786.1644740693605,west_concentrated
36,0.0,bus26_ct10,26.0,0.1,True,True,0.4485589722787789,0.3151349737831041,0.16894134582588904,0.9950245957230183,0.004975404276981781,56.72429528095874,0.33788269165178075,-281.9462454021568,-280.7234445108454,1461.6594124738385,2.0805346965789795,0.8688040109262161,0.9958584086475424,0.5669447500957396,1.1718343123657609,1.0489472192014588,1,0.0,0.0,0.0,786.1644740693605,93.958816335336,16.581643309656364,786.1644740693605,west_concentrated
36,0.0,bus20_ct15,20.0,0.15,True,True,0.4736958853858621,0.2818967092691026,0.3309901230052432,1.0,-0.122414888091344,50.74140766843846,0.6619802460104829,-281.9462454021568,-304.8465803961748,1052.8333260824736,0.8404650688171387,0.8688040109262161,0.9958584086475424,0.5669447500957396,1.1718343123657609,1.0489472192014588,1,0.0,0.0,0.0,786.1644740693605,93.958816335336,16.581643309656364,786.1644740693605,west_concentrated
36,0.0,bus8_ct15,8.0,0.15,True,True,0.571557351588178,0.4308930438278711,0.4296918821907738,0.9947514365061958,0.0052485634938041715,77.5607478890168,0.859383764381545,-281.9462454021568,-278.2715666926288,1650.7294807572155,1.8456857204437256,0.8688040109262161,0.9958584086475424,0.5669447500957396,1.1718343123657609,1.0489472192014588,1,0.0,0.0,0.0,786.1644740693605,93.958816335336,16.581643309656364,786.1644740693605,west_concentrated
36,0.0,bus4_ct25,4.0,0.25,True,False,0.782176280522086,0.7484919907121533,0.6371869757135968,0.9945341649504408,0.005465835049559252,134.7285583281876,1.2743739514271901,-281.9462454021568,-265.13621411492244,2149.945763259536,2.19728422164917,0.8688040109262161,0.9958584086475424,0.5669447500957396,1.1718343123657609,1.0489472192014588,1,0.0,0.0,0.0,786.1644740693605,93.958816335336,16.581643309656364,786.1644740693605,west_concentrated
36,0.0,bus16_ct25,16.0,0.25,True,True,0.7040767754552392,0.5754394659117303,0.6724344508970965,0.9929937191003994,0.007006280899600632,103.57910386411146,1.344868901794194,-281.9462454021568,-33.98541239774963,1019.2342037697408,1.4265131950378418,0.8688040109262161,0.9958584086475424,0.5669447500957396,1.1718343123657609,1.0489472192014588,1,0.0,0.0,0.0,786.1644740693605,93.958816335336,16.581643309656364,786.1644740693605,west_concentrated
36,0.0,gen_trip_g4,,,True,True,0.12210208955558767,0.24420417911117534,0.0,0.0,1.0000760348780482,43.95675224001156,0.0,-281.9462454021568,-281.9462454021568,1019.2342037697408,1.8086931705474854,0.8688040109262161,0.9958584086475424,0.5669447500957396,1.1718343123657609,1.0489472192014588,1,0.0,0.0,0.0,786.1644740693605,93.958816335336,16.581643309656364,786.1644740693605,west_concentrated
37,0.0,bus4_ct10,4.0,0.1,True,True,0.6314815510736993,0.6180443294443594,0.2958973065106676,0.9939402388954109,0.006059761104589046,111.24797929998469,0.591794613021337,-598.7016780022043,-597.0270239763977,1801.3269768537123,1.8494701385498047,0.5463456688951825,0.320568376667014,0.8545691432063287,0.8485612806702886,1.0307902952751256,2,0.0,0.0,0.0,289.6645883902852,780.4165078161927,16.581643309656364,289.6645883902852,balanced
37,0.0,bus14_ct10,14.0,0.1,True,True,0.6348135940047865,0.6205720989024429,0.3039183191354873,0.9941918590787729,0.005808140921227032,111.70297780243972,0.6078366382709754,-598.7016780022043,-597.0147150501937,1819.587793736152,2.1610054969787598,0.5463456688951825,0.320568376667014,0.8545691432063287,0.8485612806702886,1.0307902952751256,2,0.0,0.0,0.0,289.6645883902852,780.4165078161927,16.581643309656364,289.6645883902852,balanced
37,0.0,bus16_ct10,16.0,0.1,True,True,0.6528125347122832,0.6635510722072184,0.291842928566993,0.992305065867703,0.0076949341322971035,119.43919299729932,0.5836858571339887,-598.7016780022043,-596.6520021686158,2105.6533364347733,2.064478874206543,0.5463456688951825,0.320568376667014,0.8545691432063287,0.8485612806702886,1.0307902952751256,2,0.0,0.0,0.0,289.6645883902852,780.4165078161927,16.581643309656364,289.6645883902852,balanced
37,0.0,bus26_ct10,26.0,0.1,True,True,0.5416069262978631,0.5153410961547353,0.14070672898676406,0.9950387838952177,0.004961216104782282,92.76139730785236,0.28141345797352724,-598.7016780022043,-597.9786953415631,1616.9150428982489,2.3508713245391846,0.5463456688951825,0.320568376667014,0.8545691432063287,0.8485612806702886,1.0307902952751256,2,0.0,0.0,0.0,289.6645883902852,780.4165078161927,16.581643309656364,289.6645883902852,balanced
37,0.0,bus20_ct15,20.0,0.15,True,False,0.9469034474543765,1.0,0.787613789817506,1.0,-0.12284917472680486,180.10232051264512,1.5752275796350101,-598.7016780022043,-736.4829991123282,1317.6316653933377,0.7006819248199463,0.5463456688951825,0.320568376667014,0.8545691432063287,0.8485612806702886,1.0307902952751256,2,0.0,0.0,0.0,289.6645883902852,780.4165078161927,16.581643309656364,289.6645883902852,balanced
37,0.0,bus8_ct15,8.0,0.15,True,True,0.7081210622115559,0.72399297576838,0.38952543422975694,0.9949728630797069,0.005027136920293146,130.3187356383084,0.7790508684595121,-598.7016780022043,-595.9431672411611,1939.9612745821148,2.4879815578460693,0.5463456688951825,0.320568376667014,0.8545691432063287,0.8485612806702886,1.0307902952751256,2,0.0,0.0,0.0,289.6645883902852,780.4165078161927,16.581643309656364,289.6645883902852,balanced
37,0.0,bus4_ct25,4.0,0.25,True,False,0.9113840529532138,1.0,0.6505359010191043,0.9950003107937511,0.004999689206248988,181.9287934313336,1.301071802038205,-598.7016780022043,-741.9595396422244,1715.0478015037183,0.320512056350708,0.5463456688951825,0.320568376667014,0.8545691432063287,0.8485612806702886,1.0307902952751256,2,0.0,0.0,0.0,289.6645883902852,780.4165078161927,16.581643309656364,289.6645883902852,balanced
37,0.0,bus16_ct25,16.0,0.25,True,True,0.7660637048288548,0.7215919349355177,0.6273250340264838,0.9937459154179001,0.006254084582099827,129.8865482883932,1.2546500680529693,-598.7016780022043,-43.16015385243216,1198.5714497490317,1.4442217350006104,0.5463456688951825,0.320568376667014,0.8545691432063287,0.8485612806702886,1.0307902952751256,2,0.0,0.0,0.0,289.6645883902852,780.4165078161927,16.581643309656364,289.6645883902852,balanced
37,0.0,gen_trip_g4,,,True,True,0.2050219315122361,0.4100438630244722,0.0,0.0,1.0010894492352085,73.807895344405,0.0,-598.7016780022043,-598.7016780261405,1198.5714497490317,0.8440182209014893,0.5463456688951825,0.320568376667014,0.8545691432063287,0.8485612806702886,1.0307902952751256,2,0.0,0.0,0.0,289.6645883902852,780.4165078161927,16.581643309656364,289.6645883902852,balanced
38,0.0,bus4_ct10,4.0,0.1,True,True,0.6214243462026674,0.6005966162576298,0.29058614907444635,0.9939180032209637,0.006081996779036286,108.10739092637337,0.5811722981488909,-573.6739482199043,-571.8123890476784,1813.5231025257979,2.3754334449768066,0.9461596651201984,0.45547892388585626,0.5446299097141123,0.8894460459083574,1.0982535852906414,3,0.0,0.0,0.0,15.402915274009956,442.11625256509114,16.581643309656364,15.402915274009956,west_concentrated
38,0.0,bus14_ct10,14.0,0.1,True,True,0.6242853417675243,0.6022079575171373,0.2985567517708816,0.9941687002649409,0.0058312997350590855,108.39743235308471,0.5971135035417596,-573.6739482199043,-571.8167076470384,1828.2484948418708,2.2125091552734375,0.9461596651201984,0.45547892388585626,0.5446299097141123,0.8894460459083574,1.0982535852906414,3,0.0,0.0,0.0,15.402915274009956,442.11625256509114,16.581643309656364,15.402915274009956,west_concentrated
38,0.0,bus16_ct10,16.0,0.1,True,True,0.6523542113973724,0.649053787621476,0.3190699313982641,0.9922393389482734,0.007760661051726604,116.82968177186568,0.6381398627965273,-573.6739482199043,-571.4324361108994,2108.5165031657857,2.195222854614258,0.9461596651201984,0.45547892388585626,0.5446299097141123,0.8894460459083574,1.0982535852906414,3,0.0,0.0,0.0,15.402915274009956,442.11625256509114,16.581643309656364,15.402915274009956,west_concentrated
38,0.0,bus26_ct10,26.0,0.1,True,True,0.541858765218263,0.5043042087796429,0.16378765454766864,0.9950389887660979,0.004961011233902126,90.77475758033572,0.3275753090953337,-573.6739482199043,-572.8931772722844,1675.023345674767,1.6368391513824463,0.9461596651201984,0.45547892388585626,0.5446299097141123,0.8894460459083574,1.0982535852906414,3,0.0,0.0,0.0,15.402915274009956,442.11625256509114,16.581643309656364,15.402915274009956,west_concentrated
38,0.0,bus20_ct15,20.0,0.15,True,False,0.9474145235777698,1.0,0.7896580943110791,1.0,-0.12158015992305149,180.27912247019003,1.5793161886221574,-573.6739482199043,-795.9711692164765,1408.4854176604272,0.8664724826812744,0.9461596651201984,0.45547892388585626,0.5446299097141123,0.8894460459083574,1.0982535852906414,3,0.0,0.0,0.0,15.402915274009956,442.11625256509114,16.581643309656364,15.402915274009956,west_concentrated
38,0.0,bus8_ct15,8.0,0.15,True,True,0.7106171197294571,0.7068914693945849,0.43370697569162786,0.9949785644370307,0.0050214355629693355,127.24046449102528,0.8674139513832557,-573.6739482199043,-570.5248974432019,1972.041708844231,2.188079595565796,0.9461596651201984,0.45547892388585626,0.5446299097141123,0.8894460459083574,1.0982535852906414,3,0.0,0.0,0.0,15.402915274009956,442.11625256509114,16.581643309656364,15.402915274009956,west_concentrated
38,0.0,bus4_ct25,4.0,0.25,True,False,0.9087477352439575,1.0,0.6399730661293681,0.995017874846462,0.004982125153538013,182.94699746165836,1.279946132258738,-573.6739482199043,-722.6799233940702,1711.2066465531211,0.6593227386474609,0.9461596651201984,0.45547892388585626,0.5446299097141123,0.8894460459083574,1.0982535852906414,3,0.0,0.0,0.0,15.402915274009956,442.11625256509114,16.581643309656364,15.402915274009956,west_concentrated
38,0.0,bus16_ct25,16.0,0.25,True,False,0.9590823315326036,1.0,0.8363293261304143,1.0,-6.233632341662667e-11,186.59056955200546,1.6726586522608278,-573.6739482199043,-113.62883739462109,1208.630391369189,0.43689727783203125,0.9461596651201984,0.45547892388585626,0.5446299097141123,0.8894460459083574,1.0982535852906414,3,0.0,0.0,0.0,15.402915274009956,442.11625256509114,16.581643309656364,15.402915274009956,west_concentrated
38,0.0,gen_trip_g4,,,True,True,0.19886494500370558,0.39755724873751014,0.0,0.0003452825398020387,0.999654717460198,71.56030477275182,0.0,-573.6739482199043,-573.6739482199043,1208.630391369189,1.1228013038635254,0.9461596651201984,0.45547892388585626,0.5446299097141123,0.8894460459083574,1.0982535852906414,3,0.0,0.0,0.0,15.402915274009956,442.11625256509114,16.581643309656364,15.402915274009956,west_concentrated
39,0.0,bus4_ct10,4.0,0.1,True,True,0.6203917582409265,0.5984576798101431,0.2907386358831978,0.9939130374602222,0.00608696253977786,107.72238236582575,0.5814772717663974,-592.9018296835116,-591.0523570764949,1821.9850501128285,1.7724699974060059,0.6079821368300123,0.6606114670054395,0.7844351558033391,0.9049547376297777,1.0812499505776538,3,0.0,0.0,0.0,65.15479831632638,487.15888091979514,16.581643309656364,65.15479831632638,balanced
39,0.0,bus14_ct10,14.0,0.1,True,True,0.6231510343232803,0.5999642290645322,0.29851023170299484,0.9941654474610621,0.005834552538937891,107.99356123161579,0.5970204634059906,-592.9018296835116,-591.0582862504223,1836.7644062856562,2.085576295852661,0.6079821368300123,0.6606114670054395,0.7844351558033391,0.9049547376297777,1.0812499505776538,3,0.0,0.0,0.0,65.15479831632638,487.15888091979514,16.581643309656364,65.15479831632638,balanced
39,0.0,bus16_ct10,16.0,0.1,True,True,0.6526299460960414,0.6494911962824678,0.3192933665577975,0.9922440252614324,0.007755974738567649,116.90841533084419,0.6385867331155959,-592.9018296835116,-590.6594662732133,2116.0280639073776,2.0799474716186523,0.6079821368300123,0.6606114670054395,0.7844351558033391,0.9049547376297777,1.0812499505776538,3,0.0,0.0,0.0,65.15479831632638,487.15888091979514,16.581643309656364,65.15479831632638,balanced
39,0.0,bus26_ct10,26.0,0.1,True,True,0.5419965754715952,0.5045341732535964,0.16387826068952904,0.9950396946896588,0.004960305310341244,90.81615118564736,0.327756521379059,-592.9018296835116,-592.1253673506726,1683.6525325352986,1.9434993267059326,0.6079821368300123,0.6606114670054395,0.7844351558033391,0.9049547376297777,1.0812499505776538,3,0.0,0.0,0.0,65.15479831632638,487.15888091979514,16.581643309656364,65.15479831632638,balanced
39,0.0,bus20_ct15,20.0,0.15,True,False,0.9493955755080377,1.0,0.7975823020321506,1.0,-0.12174110571079014,183.1103283441301,1.595164604064303,-592.9018296835116,-808.2124369993652,1413.174228267536,0.6344947814941406,0.6079821368300123,0.6606114670054395,0.7844351558033391,0.9049547376297777,1.0812499505776538,3,0.0,0.0,0.0,65.15479831632638,487.15888091979514,16.581643309656364,65.15479831632638,balanced
39,0.0,bus8_ct15,8.0,0.15,True,True,0.7094643584869723,0.7044874066194805,0.4339099845479204,0.9949726361610078,0.005027363838992176,126.80773319150649,0.8678199690958399,-592.9018296835116,-589.7711598417675,1979.456919595291,2.1764471530914307,0.6079821368300123,0.6606114670054395,0.7844351558033391,0.9049547376297777,1.0812499505776538,3,0.0,0.0,0.0,65.15479831632638,487.15888091979514,16.581643309656364,65.15479831632638,balanced
39,0.0,bus4_ct25,4.0,0.25,True,False,0.908786034421752,1.0,0.6401341396529148,0.9950099980340931,0.004990001965906982,182.48731525083332,1.2802682793058295,-592.9018296835116,-732.8781443427915,1721.7426730801465,0.4025444984436035,0.6079821368300123,0.6606114670054395,0.7844351558033391,0.9049547376297777,1.0812499505776538,3,0.0,0.0,0.0,65.15479831632638,487.15888091979514,16.581643309656364,65.15479831632638,balanced
39,0.0,bus16_ct25,16.0,0.25,True,False,0.959219111472513,1.0,0.8368764458900522,1.0,-1.3076631703539389e-16,186.66683697994682,1.6737528917801026,-592.9018296835116,-115.21312771807905,1218.2013296827602,0.704155683517456,0.6079821368300123,0.6606114670054395,0.7844351558033391,0.9049547376297777,1.0812499505776538,3,0.0,0.0,0.0,65.15479831632638,487.15888091979514,16.581643309656364,65.15479831632638,balanced
39,0.0,gen_trip_g4,,,True,True,0.19885684262578904,0.39766734831188383,0.0,9.267387938849403e-05,0.9999073261206115,71.58012269613909,0.0,-592.9018296835116,-592.9018297213042,1218.2013296827602,1.4744572639465332,0.6079821368300123,0.6606114670054395,0.7844351558033391,0.9049547376297777,1.0812499505776538,3,0.0,0.0,0.0,65.15479831632638,487.15888091979514,16.581643309656364,65.15479831632638,balanced
40,0.15,bus4_ct10,4.0,0.1,True,False,0.532602137331511,0.46202834318842323,0.21292323272897207,0.9934286302202252,0.006571369779774834,83.16510177391618,0.42584646545794635,-512.060878010187,-599.1465678585264,1601.4391504190237,14.282327890396118,0.4890280390061987,0.4249745364015508,0.3052960594914611,0.8590582265211235,0.8402437764836325,1,884.19,432.39370180889085,451.79629819110914,-400.9775222894199,784.7458656254325,14.5918461124976,400.9775222894199,balanced
40,0.15,bus14_ct10,14.0,0.1,True,False,0.5309472010937979,0.4645001041798949,0.20107857885520986,0.9937100171601921,0.006289982839807851,83.61001875238108,0.40215715771042104,-512.060878010187,-600.6290334790654,1607.4818758447982,19.41686749458313,0.4890280390061987,0.4249745364015508,0.3052960594914611,0.8590582265211235,0.8402437764836325,1,884.19,432.39370180889085,451.79629819110914,-400.9775222894199,784.7458656254325,14.5918461124976,400.9775222894199,balanced
40,0.15,bus16_ct10,16.0,0.1,True,False,0.5589686133341014,0.5165489368698176,0.2109975501710366,0.9917790294257339,0.008220970574266042,92.97880863656717,0.4219951003420741,-512.060878010187,-602.8037543395205,1793.1480027679922,21.102009773254395,0.4890280390061987,0.4249745364015508,0.3052960594914611,0.8590582265211235,0.8402437764836325,1,884.19,432.39370180889085,451.79629819110914,-400.9775222894199,784.7458656254325,14.5918461124976,400.9775222894199,balanced
40,0.15,bus26_ct10,26.0,0.1,True,False,0.5233924697574165,0.4534664836458139,0.191771491263367,0.9948654204746713,0.0051345795253287035,81.6239670562465,0.38354298252673225,-512.060878010187,-602.4930493060846,1537.7409252648117,19.667705297470093,0.4890280390061987,0.4249745364015508,0.3052960594914611,0.8590582265211235,0.8402437764836325,1,884.19,432.39370180889085,451.79629819110914,-400.9775222894199,784.7458656254325,14.5918461124976,400.9775222894199,balanced
40,0.15,bus20_ct15,20.0,0.15,True,False,0.6110050288822648,0.5987305965574535,0.24655892241415245,1.0,-0.13869243717455992,107.77150738034163,0.49311784482830134,-512.060878010187,-599.8637900212829,1763.5129154628844,13.880506992340088,0.4890280390061987,0.4249745364015508,0.3052960594914611,0.8590582265211235,0.8402437764836325,1,884.19,432.39370180889085,451.79629819110914,-400.9775222894199,784.7458656254325,14.5918461124976,400.9775222894199,balanced
40,0.15,bus8_ct15,8.0,0.15,True,False,0.5678706453116694,0.4880364718630292,0.30100096072686,0.9944086767937593,0.005591323206240705,87.84656493534526,0.6020019214537231,-512.060878010187,-613.8173763318841,1744.450237954188,10.230506658554077,0.4890280390061987,0.4249745364015508,0.3052960594914611,0.8590582265211235,0.8402437764836325,1,884.19,432.39370180889085,451.79629819110914,-400.9775222894199,784.7458656254325,14.5918461124976,400.9775222894199,balanced
40,0.15,bus4_ct25,4.0,0.25,True,False,0.7017052541125783,0.6889046581589354,0.4349241038058089,0.9940875963266338,0.005912403673366192,124.00283846860837,0.8698482076116187,-512.060878010187,-595.1635527498894,2206.173026044359,13.382808208465576,0.4890280390061987,0.4249745364015508,0.3052960594914611,0.8590582265211235,0.8402437764836325,1,884.19,432.39370180889085,451.79629819110914,-400.9775222894199,784.7458656254325,14.5918461124976,400.9775222894199,balanced
40,0.15,bus16_ct25,16.0,0.25,True,False,0.9269327717056992,1.0,0.7077310868227968,1.0,-0.04376400664355637,180.51407270274493,1.415462173645592,-512.060878010187,-103.00448094437472,1167.5295256372515,1.3395259380340576,0.4890280390061987,0.4249745364015508,0.3052960594914611,0.8590582265211235,0.8402437764836325,1,884.19,432.39370180889085,451.79629819110914,-400.9775222894199,784.7458656254325,14.5918461124976,400.9775222894199,balanced
40,0.15,gen_trip_g4,,,True,False,0.26975697227119844,0.44830076948079445,0.14829819940510447,0.03412815071810027,0.9658718492818997,80.694138506543,0.2965963988102116,-512.060878010187,-602.8910125480966,1298.5991195265317,15.53227972984314,0.4890280390061987,0.4249745364015508,0.3052960594914611,0.8590582265211235,0.8402437764836325,1,884.19,432.39370180889085,451.79629819110914,-400.9775222894199,784.7458656254325,14.5918461124976,400.9775222894199,balanced
41,0.15,bus4_ct10,4.0,0.1,True,False,0.4981323687401874,0.3879115556219164,0.2233434227170541,0.9933629409998626,0.006637059000137447,69.82408001194496,0.44668684543410553,-649.2180407243553,-700.447255852203,1710.0190217314935,25.40063190460205,0.12179715918311136,0.3796182460868276,0.38101103457592983,1.1507323501115139,0.8235613487991934,3,884.19,107.69183017811524,776.4981698218847,812.7275954676393,1465.6303580610893,14.5918461124976,812.7275954676393,east_concentrated
41,0.15,bus14_ct10,14.0,0.1,True,False,0.4950048774528091,0.38927257778304747,0.2077871781280578,0.9936871761170837,0.006312823882916273,70.06906400094854,0.4155743562561165,-649.2180407243553,-700.4571876334231,1716.4616612215154,27.063231706619263,0.12179715918311136,0.3796182460868276,0.38101103457592983,1.1507323501115139,0.8235613487991934,3,884.19,107.69183017811524,776.4981698218847,812.7275954676393,1465.6303580610893,14.5918461124976,812.7275954676393,east_concentrated
41,0.15,bus16_ct10,16.0,0.1,True,False,0.5401524188670044,0.46539940056392737,0.23800459238296767,0.9918062819571951,0.008193718042804872,83.77189210150692,0.47600918476593534,-649.2180407243553,-697.1598958066022,1880.336189143421,24.326465368270874,0.12179715918311136,0.3796182460868276,0.38101103457592983,1.1507323501115139,0.8235613487991934,3,884.19,107.69183017811524,776.4981698218847,812.7275954676393,1465.6303580610893,14.5918461124976,812.7275954676393,east_concentrated
41,0.15,bus26_ct10,26.0,0.1,True,False,0.48157803427581647,0.3661220971634812,0.19915532264392155,0.9949126201323818,0.005087379867618228,65.90197748942661,0.39831064528784266,-649.2180407243553,-699.5150873052619,1642.1368267579978,26.84610366821289,0.12179715918311136,0.3796182460868276,0.38101103457592983,1.1507323501115139,0.8235613487991934,3,884.19,107.69183017811524,776.4981698218847,812.7275954676393,1465.6303580610893,14.5918461124976,812.7275954676393,east_concentrated
41,0.15,bus20_ct15,20.0,0.15,True,False,0.9234008092177781,1.0,0.6936032368711125,1.0,-0.1318770243800988,182.94903873756255,1.387206473742224,-649.2180407243553,-970.2407523144287,1477.1229272067517,2.1541433334350586,0.12179715918311136,0.3796182460868276,0.38101103457592983,1.1507323501115139,0.8235613487991934,3,884.19,107.69183017811524,776.4981698218847,812.7275954676393,1465.6303580610893,14.5918461124976,812.7275954676393,east_concentrated
41,0.15,bus8_ct15,8.0,0.15,True,False,0.5323940297660239,0.40698765173522766,0.32126779956614016,0.9943330160275002,0.005666983972499802,73.25777731234098,0.6425355991322812,-649.2180407243553,-697.0905796653035,1841.6053354192918,26.06058621406555,0.12179715918311136,0.3796182460868276,0.38101103457592983,1.1507323501115139,0.8235613487991934,3,884.19,107.69183017811524,776.4981698218847,812.7275954676393,1465.6303580610893,14.5918461124976,812.7275954676393,east_concentrated
41,0.15,bus4_ct25,4.0,0.25,True,False,0.6831062175072709,0.614092490865262,0.5102493654492264,0.993990522849333,0.006009477150667014,110.53664835574715,1.0204987308984537,-649.2180407243553,-695.4624422997958,2331.795573440494,24.51959800720215,0.12179715918311136,0.3796182460868276,0.38101103457592983,1.1507323501115139,0.8235613487991934,3,884.19,107.69183017811524,776.4981698218847,812.7275954676393,1465.6303580610893,14.5918461124976,812.7275954676393,east_concentrated
41,0.15,bus16_ct25,16.0,0.25,True,False,0.9470399763370958,1.0,0.7881599053483832,1.0,-4.698654128282846e-13,183.10972962447474,1.5763198106967646,-649.2180407243553,-125.07281244721317,1265.6197164678877,1.5949270725250244,0.12179715918311136,0.3796182460868276,0.38101103457592983,1.1507323501115139,0.8235613487991934,3,884.19,107.69183017811524,776.4981698218847,812.7275954676393,1465.6303580610893,14.5918461124976,812.7275954676393,east_concentrated
41,0.15,gen_trip_g4,,,True,False,0.22468397498868778,0.3597654297445233,0.14401903749374156,0.03518600297196295,0.964813997028037,64.7577773540142,0.28803807498748446,-649.2180407243553,-701.5986691198086,1379.9686157264202,27.831161975860596,0.12179715918311136,0.3796182460868276,0.38101103457592983,1.1507323501115139,0.8235613487991934,3,884.19,107.69183017811524,776.4981698218847,812.7275954676393,1465.6303580610893,14.5918461124976,812.7275954676393,east_concentrated
42,0.15,bus4_ct10,4.0,0.1,True,False,0.5219389748910906,0.4279039715818581,0.23853269750993533,0.9934152588907109,0.006584741109289066,77.02271488473446,0.47706539501987333,-662.2230776132335,-659.4963602063667,1710.5864917557174,16.48751735687256,0.1693190319553806,0.5177947662272229,0.6313831980181769,1.0417236882800742,0.9536833560087794,3,884.19,149.71019486462797,734.4798051353721,426.3904366507154,1288.8209981788823,14.5918461124976,426.3904366507154,east_concentrated
42,0.15,bus14_ct10,14.0,0.1,True,False,0.5191418019266754,0.42948354784924614,0.22387674137767277,0.9937233706305362,0.006276629369463786,77.3070386128643,0.44775348275534643,-662.2230776132335,-659.2738771222417,1716.9634579758067,16.861482620239258,0.1693190319553806,0.5177947662272229,0.6313831980181769,1.0417236882800742,0.9536833560087794,3,884.19,149.71019486462797,734.4798051353721,426.3904366507154,1288.8209981788823,14.5918461124976,426.3904366507154,east_concentrated
42,0.15,bus16_ct10,16.0,0.1,True,False,0.5538882953435533,0.4989261362769196,0.22589403773567795,0.9918068710846962,0.008193128915303811,89.80670452984553,0.4517880754713577,-662.2230776132335,-660.1849141089671,1894.97810220165,17.679941415786743,0.1693190319553806,0.5177947662272229,0.6313831980181769,1.0417236882800742,0.9536833560087794,3,884.19,149.71019486462797,734.4798051353721,426.3904366507154,1288.8209981788823,14.5918461124976,426.3904366507154,east_concentrated
42,0.15,bus26_ct10,26.0,0.1,True,False,0.5120525729597479,0.4160884274558623,0.22111290643709225,0.9949205304901748,0.005079469509825219,74.89591694205521,0.44222581287418405,-662.2230776132335,-661.1133679963394,1663.9813462695147,17.463245391845703,0.1693190319553806,0.5177947662272229,0.6313831980181769,1.0417236882800742,0.9536833560087794,3,884.19,149.71019486462797,734.4798051353721,426.3904366507154,1288.8209981788823,14.5918461124976,426.3904366507154,east_concentrated
42,0.15,bus20_ct15,20.0,0.15,True,False,0.9190007787677503,1.0,0.6760031150710013,1.0,-0.13227070762973372,181.838166897019,1.352006230142,-662.2230776132335,-927.2487338544167,1488.4855593772702,1.7894773483276367,0.1693190319553806,0.5177947662272229,0.6313831980181769,1.0417236882800742,0.9536833560087794,3,884.19,149.71019486462797,734.4798051353721,426.3904366507154,1288.8209981788823,14.5918461124976,426.3904366507154,east_concentrated
42,0.15,bus8_ct15,8.0,0.15,True,False,0.555360330810194,0.44673127767376947,0.3335919501892235,0.9943868177040132,0.005613182295986872,80.41162998127851,0.6671839003784452,-662.2230776132335,-658.9605224664381,1844.4071544988458,18.108234167099,0.1693190319553806,0.5177947662272229,0.6313831980181769,1.0417236882800742,0.9536833560087794,3,884.19,149.71019486462797,734.4798051353721,426.3904366507154,1288.8209981788823,14.5918461124976,426.3904366507154,east_concentrated
42,0.15,bus4_ct25,4.0,0.25,True,False,0.7064245667314879,0.6718030654743251,0.4879908783823055,0.9941012575949957,0.005898742405004267,120.92455178537851,0.9759817567646101,-662.2230776132335,-654.2091375315545,2328.0632453040553,16.133153200149536,0.1693190319553806,0.5177947662272229,0.6313831980181769,1.0417236882800742,0.9536833560087794,3,884.19,149.71019486462797,734.4798051353721,426.3904366507154,1288.8209981788823,14.5918461124976,426.3904366507154,east_concentrated
42,0.15,bus16_ct25,16.0,0.25,True,False,0.9438864931465023,1.0,0.7755459725860092,1.0,-3.4527037277858548e-12,189.57759895520996,1.5510919451720184,-662.2230776132335,-126.98139603052846,1306.9518178217227,1.0511152744293213,0.1693190319553806,0.5177947662272229,0.6313831980181769,1.0417236882800742,0.9536833560087794,3,884.19,149.71019486462797,734.4798051353721,426.3904366507154,1288.8209981788823,14.5918461124976,426.3904366507154,east_concentrated
42,0.15,gen_trip_g4,,,True,False,0.2547627105910395,0.4033487966523407,0.16488565070997652,0.047467598349500095,0.9525324016504999,72.60278339742132,0.3297713014199566,-662.2230776132335,-661.1513009458906,1406.192959584715,16.437949657440186,0.1693190319553806,0.5177947662272229,0.6313831980181769,1.0417236882800742,0.9536833560087794,3,884.19,149.71019486462797,734.4798051353721,426.3904366507154,1288.8209981788823,14.5918461124976,426.3904366507154,east_concentrated
43,0.15,bus4_ct10,4.0,0.1,True,False,0.5101200314428265,0.4124798852975869,0.22212328434437012,0.9933970708317622,0.006602929168237835,74.24637935356564,0.4442465686887376,-638.782013345784,-644.6136561860334,1681.6542489926846,18.093844652175903,0.20073254939012744,0.5643703803768616,0.6363782888012091,1.0880536129214802,0.8753327899627297,2,884.19,177.48571284525678,706.7042871547433,957.7883109821718,1641.9547043367434,14.5918461124976,957.7883109821718,east_concentrated
43,0.15,bus14_ct10,14.0,0.1,True,False,0.5121793992328921,0.41529528834273644,0.22441133076406317,0.9937156894820325,0.006284310517967506,74.75315190169256,0.4488226615281232,-638.782013345784,-644.6350639537591,1693.2126104131842,18.02187490463257,0.20073254939012744,0.5643703803768616,0.6363782888012091,1.0880536129214802,0.8753327899627297,2,884.19,177.48571284525678,706.7042871547433,957.7883109821718,1641.9547043367434,14.5918461124976,957.7883109821718,east_concentrated
43,0.15,bus16_ct10,16.0,0.1,True,False,0.5418393405157399,0.4739145201510095,0.227698017066146,0.9918303046947944,0.00816969530520563,85.30461362718171,0.45539603413229157,-638.782013345784,-645.0254838284097,1870.5226338805207,18.210275411605835,0.20073254939012744,0.5643703803768616,0.6363782888012091,1.0880536129214802,0.8753327899627297,2,884.19,177.48571284525678,706.7042871547433,957.7883109821718,1641.9547043367434,14.5918461124976,957.7883109821718,east_concentrated
43,0.15,bus26_ct10,26.0,0.1,True,False,0.4996751402729754,0.3967252573688486,0.21034161954722919,0.994908426806975,0.005091573193025015,71.41054632639275,0.4206832390944548,-638.782013345784,-646.3048164122555,1593.1605750993076,18.372658252716064,0.20073254939012744,0.5643703803768616,0.6363782888012091,1.0880536129214802,0.8753327899627297,2,884.19,177.48571284525678,706.7042871547433,957.7883109821718,1641.9547043367434,14.5918461124976,957.7883109821718,east_concentrated
43,0.15,bus20_ct15,20.0,0.15,True,True,0.4835766450754351,0.3387620248156171,0.25678253067050605,1.0,-0.13175996614457475,60.97716446681108,0.5135650613410148,-638.782013345784,-371.0720830537626,1274.7360061545392,2.07680606842041,0.20073254939012744,0.5643703803768616,0.6363782888012091,1.0880536129214802,0.8753327899627297,2,884.19,177.48571284525678,706.7042871547433,957.7883109821718,1641.9547043367434,14.5918461124976,957.7883109821718,east_concentrated
43,0.15,bus8_ct15,8.0,0.15,True,False,0.534894144409149,0.42511200489505635,0.2950148511816444,0.9943377166648389,0.005662283335161004,76.52016088111014,0.5900297023632906,-638.782013345784,-643.6468689515314,1796.979975788728,16.720751762390137,0.20073254939012744,0.5643703803768616,0.6363782888012091,1.0880536129214802,0.8753327899627297,2,884.19,177.48571284525678,706.7042871547433,957.7883109821718,1641.9547043367434,14.5918461124976,957.7883109821718,east_concentrated
43,0.15,bus4_ct25,4.0,0.25,True,False,0.6782611598179139,0.6397352122709253,0.4395988005253493,0.9939754142044556,0.006024585795544386,115.15233820876657,0.8791976010506986,-638.782013345784,-640.7209541222683,2309.5373531872287,17.00327467918396,0.20073254939012744,0.5643703803768616,0.6363782888012091,1.0880536129214802,0.8753327899627297,2,884.19,177.48571284525678,706.7042871547433,957.7883109821718,1641.9547043367434,14.5918461124976,957.7883109821718,east_concentrated
43,0.15,bus16_ct25,16.0,0.25,True,True,0.647786674327166,0.5419254542596599,0.5145569494586475,0.9927388393306967,0.007261160669303283,97.54658176673877,1.0291138989172977,-638.782013345784,-28.47898388152243,1274.7360061545392,3.1280527114868164,0.20073254939012744,0.5643703803768616,0.6363782888012091,1.0880536129214802,0.8753327899627297,2,884.19,177.48571284525678,706.7042871547433,957.7883109821718,1641.9547043367434,14.5918461124976,957.7883109821718,east_concentrated
43,0.15,gen_trip_g4,,,True,False,0.2515651615115742,0.3954188247573816,0.16697816511933894,0.04844483141219469,0.9515551685878053,71.17538845632869,0.3339563302386761,-638.782013345784,-645.7214493756521,1378.8377519690682,17.89753222465515,0.20073254939012744,0.5643703803768616,0.6363782888012091,1.0880536129214802,0.8753327899627297,2,884.19,177.48571284525678,706.7042871547433,957.7883109821718,1641.9547043367434,14.5918461124976,957.7883109821718,east_concentrated
44,0.15,bus4_ct10,4.0,0.1,True,False,0.5759788312562535,0.5239581183430825,0.26253421435287194,0.9934648739859772,0.006535126014022877,94.31246130175484,0.5250684287057439,-242.78392523169293,-635.484860957973,1767.790836034993,31.6554274559021,0.9579237761689386,0.9694666622716133,0.4755685796824013,1.1267417464186185,0.9162954029396514,2,884.19,846.986623650814,37.203376349186144,360.9422274914699,1101.4062344626363,14.5918461124976,360.9422274914699,west_concentrated
44,0.15,bus14_ct10,14.0,0.1,True,False,0.5807055015221979,0.5310641318007474,0.26689476737282547,0.9937989751144715,0.0062010248855285935,95.59154372413454,0.53378953474565,-242.78392523169293,-635.2658619404258,1787.41442080971,30.620006322860718,0.9579237761689386,0.9694666622716133,0.4755685796824013,1.1267417464186185,0.9162954029396514,2,884.19,846.986623650814,37.203376349186144,360.9422274914699,1101.4062344626363,14.5918461124976,360.9422274914699,west_concentrated
44,0.15,bus16_ct10,16.0,0.1,True,False,0.6346979305911225,0.6480237226827559,0.2507684137995341,0.9919758631994439,0.00802413680055611,116.64427008289606,0.5015368275990717,-242.78392523169293,-633.8469941198492,2040.814975653985,31.34161376953125,0.9579237761689386,0.9694666622716133,0.4755685796824013,1.1267417464186185,0.9162954029396514,2,884.19,846.986623650814,37.203376349186144,360.9422274914699,1101.4062344626363,14.5918461124976,360.9422274914699,west_concentrated
44,0.15,bus26_ct10,26.0,0.1,True,False,0.5533093526984798,0.5016661864373627,0.21496369278061422,0.9949413451385795,0.005058654861420509,90.29991355872528,0.42992738556123067,-242.78392523169293,-634.9337060669893,1643.9004780446667,32.6545844078064,0.9579237761689386,0.9694666622716133,0.4755685796824013,1.1267417464186185,0.9162954029396514,2,884.19,846.986623650814,37.203376349186144,360.9422274914699,1101.4062344626363,14.5918461124976,360.9422274914699,west_concentrated
44,0.15,bus20_ct15,20.0,0.15,True,False,0.8330967922455939,1.0,0.3359175943106578,0.9964695746717175,0.0035304253282825116,180.631840424173,0.6718351886213147,-242.78392523169293,-995.7723407639178,1884.4970148975233,4.596371412277222,0.9579237761689386,0.9694666622716133,0.4755685796824013,1.1267417464186185,0.9162954029396514,2,884.19,846.986623650814,37.203376349186144,360.9422274914699,1101.4062344626363,14.5918461124976,360.9422274914699,west_concentrated
44,0.15,bus8_ct15,8.0,0.15,True,False,0.6007720225865805,0.5390776822835025,0.33055131452086073,0.994381411258456,0.005618588741544018,97.03398281103046,0.6611026290417188,-242.78392523169293,-634.5160048100936,1869.354478971316,30.46764063835144,0.9579237761689386,0.9694666622716133,0.4755685796824013,1.1267417464186185,0.9162954029396514,2,884.19,846.986623650814,37.203376349186144,360.9422274914699,1101.4062344626363,14.5918461124976,360.9422274914699,west_concentrated
44,0.15,bus4_ct25,4.0,0.25,True,False,0.8202642481864583,0.8854729133103653,0.5159535818321466,0.9941575842929561,0.005842415707043869,159.38512439586574,1.031907163664294,-242.78392523169293,-628.20331404305,2306.2627099587025,30.74675941467285,0.9579237761689386,0.9694666622716133,0.4755685796824013,1.1267417464186185,0.9162954029396514,2,884.19,846.986623650814,37.203376349186144,360.9422274914699,1101.4062344626363,14.5918461124976,360.9422274914699,west_concentrated
44,0.15,bus16_ct25,16.0,0.25,True,True,0.6734667484187224,0.5803530902861845,0.5398180945747839,0.9933427185277369,0.006657281472263104,104.46355625151322,1.0796361891495687,-242.78392523169293,63.51279879433407,1269.109058974471,4.252723217010498,0.9579237761689386,0.9694666622716133,0.4755685796824013,1.1267417464186185,0.9162954029396514,2,884.19,846.986623650814,37.203376349186144,360.9422274914699,1101.4062344626363,14.5918461124976,360.9422274914699,west_concentrated
44,0.15,gen_trip_g4,,,True,False,0.32351367058143954,0.5090437394315497,0.18803427091974,0.08793293254291867,0.9120670674570813,91.62787309767894,0.3760685418394827,-242.78392523169293,-635.841297932484,1489.678747660247,30.089908123016357,0.9579237761689386,0.9694666622716133,0.4755685796824013,1.1267417464186185,0.9162954029396514,2,884.19,846.986623650814,37.203376349186144,360.9422274914699,1101.4062344626363,14.5918461124976,360.9422274914699,west_concentrated
45,0.15,bus4_ct10,4.0,0.1,True,False,0.5182634710068996,0.42465220590161246,0.23029768689605845,0.993451785328315,0.0065482146716850055,76.43739706229024,0.46059537379211646,-352.69102885652234,-437.4721059916716,1638.0931354733202,9.800901889801025,0.6467519623666133,0.4666751637910461,0.9960290863916095,1.023301860053175,1.0256284808112768,2,884.19,571.8516176049358,312.33838239506423,583.3634197406268,1105.1882679929172,14.5918461124976,583.3634197406268,balanced
45,0.15,bus14_ct10,14.0,0.1,True,False,0.5219636724057015,0.42833684377684006,0.23741770567059461,0.9937632963985313,0.006236703601468692,77.10063187983121,0.4748354113411857,-352.69102885652234,-436.1914597459681,1651.1608816210164,10.812538146972656,0.6467519623666133,0.4666751637910461,0.9960290863916095,1.023301860053175,1.0256284808112768,2,884.19,571.8516176049358,312.33838239506423,583.3634197406268,1105.1882679929172,14.5918461124976,583.3634197406268,balanced
45,0.15,bus16_ct10,16.0,0.1,True,False,0.558531006629561,0.5083683471501573,0.2255513420236248,0.9918359901943047,0.008164009805695363,91.50630248702832,0.45110268404724874,-352.69102885652234,-434.3886735878262,1867.1648758422782,11.673049211502075,0.6467519623666133,0.4666751637910461,0.9960290863916095,1.023301860053175,1.0256284808112768,2,884.19,571.8516176049358,312.33838239506423,583.3634197406268,1105.1882679929172,14.5918461124976,583.3634197406268,balanced
45,0.15,bus26_ct10,26.0,0.1,True,False,0.4980553137125733,0.40345874133343546,0.1904014812164121,0.9949022909670102,0.005097709032989821,72.62257344001839,0.3808029624328224,-352.69102885652234,-433.3736419510071,1488.7308652812535,11.232526063919067,0.6467519623666133,0.4666751637910461,0.9960290863916095,1.023301860053175,1.0256284808112768,2,884.19,571.8516176049358,312.33838239506423,583.3634197406268,1105.1882679929172,14.5918461124976,583.3634197406268,balanced
45,0.15,bus20_ct15,20.0,0.15,True,False,0.9397949981514637,1.0,0.7591799926058549,1.0,-0.12871091360632664,182.59033897474382,1.5183599852117124,-352.69102885652234,-642.506161884304,1328.058304877479,1.8058700561523438,0.6467519623666133,0.4666751637910461,0.9960290863916095,1.023301860053175,1.0256284808112768,2,884.19,571.8516176049358,312.33838239506423,583.3634197406268,1105.1882679929172,14.5918461124976,583.3634197406268,balanced
45,0.15,bus8_ct15,8.0,0.15,True,False,0.5383061303798382,0.43522995470769144,0.2883774397803869,0.9943871723235829,0.0056128276764171045,78.34139184738446,0.5767548795607769,-352.69102885652234,-434.47004071015823,1752.8521227108567,10.252104043960571,0.6467519623666133,0.4666751637910461,0.9960290863916095,1.023301860053175,1.0256284808112768,2,884.19,571.8516176049358,312.33838239506423,583.3634197406268,1105.1882679929172,14.5918461124976,583.3634197406268,balanced
45,0.15,bus4_ct25,4.0,0.25,True,False,0.7375609640454603,0.7272153049723528,0.5017396032342951,0.9940736430028407,0.00592635699715924,130.8987548950235,1.0034792064685893,-352.69102885652234,-428.2901300297133,2267.443595011944,10.054401159286499,0.6467519623666133,0.4666751637910461,0.9960290863916095,1.023301860053175,1.0256284808112768,2,884.19,571.8516176049358,312.33838239506423,583.3634197406268,1105.1882679929172,14.5918461124976,583.3634197406268,balanced
45,0.15,bus16_ct25,16.0,0.25,True,True,0.6094956667796037,0.48009758903814437,0.48494320568307714,0.9928442833590485,0.007155716640951536,86.41756602686598,0.9698864113661543,-352.69102885652234,52.50057131511056,1159.7449663428863,1.9054200649261475,0.6467519623666133,0.4666751637910461,0.9960290863916095,1.023301860053175,1.0256284808112768,2,884.19,571.8516176049358,312.33838239506423,583.3634197406268,1105.1882679929172,14.5918461124976,583.3634197406268,balanced
45,0.15,gen_trip_g4,,,True,False,0.24793296063843234,0.39402651223530855,0.1543828181244571,0.04929599995865519,0.9507040000413448,70.92477220235554,0.3087656362489133,-352.69102885652234,-438.24514918433437,1300.7423720524887,10.33709979057312,0.6467519623666133,0.4666751637910461,0.9960290863916095,1.023301860053175,1.0256284808112768,2,884.19,571.8516176049358,312.33838239506423,583.3634197406268,1105.1882679929172,14.5918461124976,583.3634197406268,balanced
46,0.15,bus4_ct10,4.0,0.1,True,False,0.49510378054117843,0.37504954679462205,0.2368539919289141,0.9934620366465556,0.00653796335344438,67.50891842303197,0.4737079838578273,-368.41647352916925,-356.63065152191496,1559.4295972596497,12.54621171951294,0.24219083396544897,0.9504354534755839,0.8109166237438059,0.9861252162096983,1.1271167189606974,2,884.19,214.14271348391034,670.0472865160898,527.4408666021393,1068.6002948034393,14.5918461124976,527.4408666021393,east_concentrated
46,0.15,bus14_ct10,14.0,0.1,True,False,0.4980320285007007,0.3776574010840242,0.243048259887356,0.9937650519473985,0.006234948052601495,67.97833219512435,0.48609651977471247,-368.41647352916925,-355.79947613631896,1572.3999977237768,12.402826309204102,0.24219083396544897,0.9504354534755839,0.8109166237438059,0.9861252162096983,1.1271167189606974,2,884.19,214.14271348391034,670.0472865160898,527.4408666021393,1068.6002948034393,14.5918461124976,527.4408666021393,east_concentrated
46,0.15,bus16_ct10,16.0,0.1,True,False,0.5292537638751519,0.4420428555123224,0.24113591551142477,0.9917934289645379,0.008206571035462086,79.56771399221803,0.4822718310228513,-368.41647352916925,-356.9659076876994,1760.2052896429445,12.70035433769226,0.24219083396544897,0.9504354534755839,0.8109166237438059,0.9861252162096983,1.1271167189606974,2,884.19,214.14271348391034,670.0472865160898,527.4408666021393,1068.6002948034393,14.5918461124976,527.4408666021393,east_concentrated
46,0.15,bus26_ct10,26.0,0.1,True,False,0.4850886232521614,0.3620291940214577,0.22137433798094364,0.9949217669847865,0.005078233015213537,65.16525492386239,0.4427486759618904,-368.41647352916925,-356.1624910029374,1476.0807875952771,13.7721529006958,0.24219083396544897,0.9504354534755839,0.8109166237438059,0.9861252162096983,1.1271167189606974,2,884.19,214.14271348391034,670.0472865160898,527.4408666021393,1068.6002948034393,14.5918461124976,527.4408666021393,east_concentrated
46,0.15,bus20_ct15,20.0,0.15,True,False,0.9301588767433984,1.0,0.7206355069735935,1.0,-0.12813392560809928,185.1751096717311,1.4412710139471852,-368.41647352916925,-796.6611976081147,1463.477504702143,1.9194798469543457,0.24219083396544897,0.9504354534755839,0.8109166237438059,0.9861252162096983,1.1271167189606974,2,884.19,214.14271348391034,670.0472865160898,527.4408666021393,1068.6002948034393,14.5918461124976,527.4408666021393,east_concentrated
46,0.15,bus8_ct15,8.0,0.15,True,False,0.5163133669650917,0.3849178540093775,0.3010282796985777,0.9943894801430341,0.005610519856965907,69.28521372168795,0.6020565593971527,-368.41647352916925,-355.9017551126499,1656.0118959864835,13.90572476387024,0.24219083396544897,0.9504354534755839,0.8109166237438059,0.9861252162096983,1.1271167189606974,2,884.19,214.14271348391034,670.0472865160898,527.4408666021393,1068.6002948034393,14.5918461124976,527.4408666021393,east_concentrated
46,0.15,bus4_ct25,4.0,0.25,True,False,0.677408879354509,0.6388406224141108,0.4379199748113436,0.994034297778471,0.005965702221529013,114.99131203453993,0.8758399496226854,-368.41647352916925,-351.43032344895187,2193.187745354565,13.32405424118042,0.24219083396544897,0.9504354534755839,0.8109166237438059,0.9861252162096983,1.1271167189606974,2,884.19,214.14271348391034,670.0472865160898,527.4408666021393,1068.6002948034393,14.5918461124976,527.4408666021393,east_concentrated
46,0.15,bus16_ct25,16.0,0.25,True,True,0.6270727949081754,0.5067578692925208,0.5021786910240884,0.9925967500235713,0.007403249976428677,91.21641647265373,1.0043573820481777,-368.41647352916925,11.201422028066979,1160.710933190211,3.877166271209717,0.24219083396544897,0.9504354534755839,0.8109166237438059,0.9861252162096983,1.1271167189606974,2,884.19,214.14271348391034,670.0472865160898,527.4408666021393,1068.6002948034393,14.5918461124976,527.4408666021393,east_concentrated
46,0.15,gen_trip_g4,,,True,False,0.23587419268515789,0.3569886899432047,0.17586439711416801,0.05365499374005411,0.9463450062599459,64.25796418977684,0.35172879422833425,-368.41647352916925,-357.47764196047024,1265.4212740731837,13.13860297203064,0.24219083396544897,0.9504354534755839,0.8109166237438059,0.9861252162096983,1.1271167189606974,2,884.19,214.14271348391034,670.0472865160898,527.4408666021393,1068.6002948034393,14.5918461124976,527.4408666021393,east_concentrated
47,0.15,bus4_ct10,4.0,0.1,True,False,0.5006879539031196,0.38696166945425853,0.23533832894593232,0.9934901477580289,0.006509852241971043,69.65310050176653,0.4706766578918664,-88.15822327971888,-231.25825123436144,1527.1580745010328,9.31374979019165,0.5700022949381223,0.8248711602793573,0.7412288233937125,0.9533514914340797,1.1829483462137367,2,884.19,503.99032916133837,380.1996708386617,210.10449693563913,659.1647855502301,14.5918461124976,210.10449693563913,balanced
47,0.15,bus14_ct10,14.0,0.1,True,False,0.5049936253817111,0.3921473119632368,0.24188698985198087,0.99379288774839,0.00620711225160995,70.58651615338263,0.48377397970396085,-88.15822327971888,-230.552405560905,1540.2224421533876,8.942628860473633,0.5700022949381223,0.8248711602793573,0.7412288233937125,0.9533514914340797,1.1829483462137367,2,884.19,503.99032916133837,380.1996708386617,210.10449693563913,659.1647855502301,14.5918461124976,210.10449693563913,balanced
47,0.15,bus16_ct10,16.0,0.1,True,False,0.5409779503724375,0.46885029338006345,0.2344043843507322,0.991806830378891,0.008193169621109055,84.39305280841143,0.46880876870146526,-88.15822327971888,-231.85283502775016,1771.995918089892,9.89969253540039,0.5700022949381223,0.8248711602793573,0.7412288233937125,0.9533514914340797,1.1829483462137367,2,884.19,503.99032916133837,380.1996708386617,210.10449693563913,659.1647855502301,14.5918461124976,210.10449693563913,balanced
47,0.15,bus26_ct10,26.0,0.1,True,False,0.4816983917279506,0.36532556180861236,0.2012312884246228,0.9949111548699549,0.005088845130045105,65.75860112555023,0.40246257684924736,-88.15822327971888,-233.7123135919544,1399.883773646126,9.229264259338379,0.5700022949381223,0.8248711602793573,0.7412288233937125,0.9533514914340797,1.1829483462137367,2,884.19,503.99032916133837,380.1996708386617,210.10449693563913,659.1647855502301,14.5918461124976,210.10449693563913,balanced
47,0.15,bus20_ct15,20.0,0.15,True,False,0.9413522382219561,1.0,0.7654089528878245,1.0,-0.12730463665902492,184.14487556017386,1.5308179057756455,-88.15822327971888,-592.3766669803499,1351.5247691149757,1.4877417087554932,0.5700022949381223,0.8248711602793573,0.7412288233937125,0.9533514914340797,1.1829483462137367,2,884.19,503.99032916133837,380.1996708386617,210.10449693563913,659.1647855502301,14.5918461124976,210.10449693563913,balanced
47,0.15,bus8_ct15,8.0,0.15,True,False,0.5187436949703741,0.39526908147439915,0.29002543527074565,0.9944111816619527,0.005588818338047285,71.14843466539185,0.5800508705414886,-88.15822327971888,-232.58243817820232,1620.710203303487,8.602180004119873,0.5700022949381223,0.8248711602793573,0.7412288233937125,0.9533514914340797,1.1829483462137367,2,884.19,503.99032916133837,380.1996708386617,210.10449693563913,659.1647855502301,14.5918461124976,210.10449693563913,balanced
47,0.15,bus4_ct25,4.0,0.25,True,False,0.7175615144088634,0.6970696765705303,0.4820312080503726,0.9940754964440205,0.0059245035559795,125.47254178269546,0.9640624161007416,-88.15822327971888,-226.9579636747424,2161.752969095499,9.587639570236206,0.5700022949381223,0.8248711602793573,0.7412288233937125,0.9533514914340797,1.1829483462137367,2,884.19,503.99032916133837,380.1996708386617,210.10449693563913,659.1647855502301,14.5918461124976,210.10449693563913,balanced
47,0.15,bus16_ct25,16.0,0.25,True,False,0.9279743012807691,1.0,0.7118972051230763,1.0,-3.3938454597155424e-12,185.8925981158238,1.4237944102461553,-88.15822327971888,-127.27939244179817,1044.8946926127337,1.5490069389343262,0.5700022949381223,0.8248711602793573,0.7412288233937125,0.9533514914340797,1.1829483462137367,2,884.19,503.99032916133837,380.1996708386617,210.10449693563913,659.1647855502301,14.5918461124976,210.10449693563913,balanced
47,0.15,gen_trip_g4,,,True,False,0.2372820114821031,0.3679440984877286,0.16169836660450088,0.05154148234845435,0.9484585176515457,66.22993772779114,0.32339673320900264,-88.15822327971888,-235.72304445441708,1228.4492330257008,9.398356199264526,0.5700022949381223,0.8248711602793573,0.7412288233937125,0.9533514914340797,1.1829483462137367,2,884.19,503.99032916133837,380.1996708386617,210.10449693563913,659.1647855502301,14.5918461124976,210.10449693563913,balanced
48,0.15,bus4_ct10,4.0,0.1,True,False,0.5335251342471466,0.45576929891233803,0.22909442724591145,0.9934675119179991,0.006532488082000864,82.03847380422084,0.4581888544918211,-457.7220867609542,-502.620704973367,1638.2987466027046,13.75723123550415,0.4107814701011777,0.5600535525327659,0.6654957237131204,0.9133159703820953,1.0052890379385686,2,884.19,363.20886804876034,520.9811319512397,293.9812161236486,1194.680053949503,14.5918461124976,293.9812161236486,balanced
48,0.15,bus14_ct10,14.0,0.1,True,False,0.5363038163340109,0.4595235122838092,0.23240885929847366,0.9937593814699516,0.006240618530048408,82.71423221108566,0.46481771859694376,-457.7220867609542,-503.30727006757866,1657.0972125973653,13.550074338912964,0.4107814701011777,0.5600535525327659,0.6654957237131204,0.9133159703820953,1.0052890379385686,2,884.19,363.20886804876034,520.9811319512397,293.9812161236486,1194.680053949503,14.5918461124976,293.9812161236486,balanced
48,0.15,bus16_ct10,16.0,0.1,True,False,0.5702772358273281,0.5315849149747521,0.2261064237013315,0.9918326896584768,0.008167310341523187,95.68528469545538,0.4522128474026599,-457.7220867609542,-504.54939475642936,1865.3299192461977,13.852391481399536,0.4107814701011777,0.5600535525327659,0.6654957237131204,0.9133159703820953,1.0052890379385686,2,884.19,363.20886804876034,520.9811319512397,293.9812161236486,1194.680053949503,14.5918461124976,293.9812161236486,balanced
48,0.15,bus26_ct10,26.0,0.1,True,False,0.5173664575144182,0.4376646870152711,0.1992433103514486,0.9948931456756821,0.005106854324317881,78.7796436627488,0.39848662070289587,-457.7220867609542,-502.51996695330746,1528.1855589049508,12.35078740119934,0.4107814701011777,0.5600535525327659,0.6654957237131204,0.9133159703820953,1.0052890379385686,2,884.19,363.20886804876034,520.9811319512397,293.9812161236486,1194.680053949503,14.5918461124976,293.9812161236486,balanced
48,0.15,bus20_ct15,20.0,0.15,True,False,0.927816405470546,1.0,0.711265621882184,1.0,-0.13072328403237304,183.591982460994,1.422531243764369,-457.7220867609542,-726.3490404416185,1350.681389714832,1.9128623008728027,0.4107814701011777,0.5600535525327659,0.6654957237131204,0.9133159703820953,1.0052890379385686,2,884.19,363.20886804876034,520.9811319512397,293.9812161236486,1194.680053949503,14.5918461124976,293.9812161236486,balanced
48,0.15,bus8_ct15,8.0,0.15,True,False,0.558184880602073,0.47771666487651804,0.28288478582507537,0.9944214068301808,0.005578593169819181,85.98899967777325,0.5657695716501498,-457.7220867609542,-502.9826029459239,1760.852056932351,14.203944683074951,0.4107814701011777,0.5600535525327659,0.6654957237131204,0.9133159703820953,1.0052890379385686,2,884.19,363.20886804876034,520.9811319512397,293.9812161236486,1194.680053949503,14.5918461124976,293.9812161236486,balanced
48,0.15,bus4_ct25,4.0,0.25,True,False,0.7315290370283833,0.7345635747499557,0.4628604781009358,0.994128520512686,0.005871479487313997,132.22144345499203,0.9257209562018698,-457.7220867609542,-496.5144370540371,2272.1208891380556,14.258869171142578,0.4107814701011777,0.5600535525327659,0.6654957237131204,0.9133159703820953,1.0052890379385686,2,884.19,363.20886804876034,520.9811319512397,293.9812161236486,1194.680053949503,14.5918461124976,293.9812161236486,balanced
48,0.15,bus16_ct25,16.0,0.25,True,True,0.6469892437366311,0.550746745959161,0.49363092685698007,0.9928325561712223,0.007167443828777647,99.13441427264897,0.9872618537139566,-457.7220867609542,13.439955268988165,1193.5572678774054,2.721299171447754,0.4107814701011777,0.5600535525327659,0.6654957237131204,0.9133159703820953,1.0052890379385686,2,884.19,363.20886804876034,520.9811319512397,293.9812161236486,1194.680053949503,14.5918461124976,293.9812161236486,balanced
48,0.15,gen_trip_g4,,,True,False,0.26825299462361935,0.43320305053056546,0.15930683266967094,0.04729904476367541,0.9527009552363246,77.97654909550178,0.3186136653393423,-457.7220867609542,-506.43600472128765,1324.989607498873,14.29374098777771,0.4107814701011777,0.5600535525327659,0.6654957237131204,0.9133159703820953,1.0052890379385686,2,884.19,363.20886804876034,520.9811319512397,293.9812161236486,1194.680053949503,14.5918461124976,293.9812161236486,balanced
49,0.15,bus4_ct10,4.0,0.1,True,False,0.47062629333649775,0.3366918549675066,0.21575226423232863,0.9933691991786493,0.0066308008213506586,60.60453389415119,0.43150452846465903,-152.39793640401803,-324.5379985707425,1518.4962462100452,13.493525743484497,0.7091320419999853,0.5353123604884851,0.5002138746869552,1.116960499019374,0.9796918216543206,0,884.19,627.007460215967,257.18253978403305,544.7644372820527,725.2426391649083,14.5918461124976,544.7644372820527,west_concentrated
49,0.15,bus14_ct10,14.0,0.1,True,False,0.4718601616431967,0.33507449765201275,0.2235972963138444,0.993694354954917,0.0063056450450830375,60.31340957736229,0.4471945926276888,-152.39793640401803,-324.19372394584735,1536.145447876088,13.58047890663147,0.7091320419999853,0.5353123604884851,0.5002138746869552,1.116960499019374,0.9796918216543206,0,884.19,627.007460215967,257.18253978403305,544.7644372820527,725.2426391649083,14.5918461124976,544.7644372820527,west_concentrated
49,0.15,bus16_ct10,16.0,0.1,True,False,0.5058885780792599,0.4067299804764879,0.2183189387567559,0.9917754126073077,0.008224587392692254,73.21139648576782,0.4366378775135149,-152.39793640401803,-323.6246860878922,1761.0140952364397,13.122341632843018,0.7091320419999853,0.5353123604884851,0.5002138746869552,1.116960499019374,0.9796918216543206,0,884.19,627.007460215967,257.18253978403305,544.7644372820527,725.2426391649083,14.5918461124976,544.7644372820527,west_concentrated
49,0.15,bus26_ct10,26.0,0.1,True,False,0.4635393902299887,0.33583564066599675,0.18757230139953407,0.9949139781884271,0.005086021811572936,60.45041531987942,0.3751446027990668,-152.39793640401803,-324.8305966920179,1400.944798889785,13.631968021392822,0.7091320419999853,0.5353123604884851,0.5002138746869552,1.116960499019374,0.9796918216543206,0,884.19,627.007460215967,257.18253978403305,544.7644372820527,725.2426391649083,14.5918461124976,544.7644372820527,west_concentrated
49,0.15,bus20_ct15,20.0,0.15,True,True,0.49671204063311236,0.34858916419094726,0.2896698341505548,1.0,-0.12967747747068759,62.74604955437051,0.5793396683011087,-152.39793640401803,-154.27711986905513,1046.148777935303,3.3113560676574707,0.7091320419999853,0.5353123604884851,0.5002138746869552,1.116960499019374,0.9796918216543206,0,884.19,627.007460215967,257.18253978403305,544.7644372820527,725.2426391649083,14.5918461124976,544.7644372820527,west_concentrated
49,0.15,bus8_ct15,8.0,0.15,True,False,0.4821941438173132,0.3362087341444397,0.2620754167952519,0.9942836901851214,0.005716309814878635,60.51757214599915,0.5241508335905065,-152.39793640401803,-324.32678017368085,1607.1889576348224,13.61095142364502,0.7091320419999853,0.5353123604884851,0.5002138746869552,1.116960499019374,0.9796918216543206,0,884.19,627.007460215967,257.18253978403305,544.7644372820527,725.2426391649083,14.5918461124976,544.7644372820527,west_concentrated
49,0.15,bus4_ct25,4.0,0.25,True,False,0.6678110793913645,0.5996641472094463,0.47806518536316744,0.9938508377833982,0.006149162216601827,107.93954649770032,0.9561303707263358,-152.39793640401803,-314.00454280023723,2156.3117221950174,13.260216474533081,0.7091320419999853,0.5353123604884851,0.5002138746869552,1.116960499019374,0.9796918216543206,0,884.19,627.007460215967,257.18253978403305,544.7644372820527,725.2426391649083,14.5918461124976,544.7644372820527,west_concentrated
49,0.15,bus16_ct25,16.0,0.25,True,False,0.9491972819542838,1.0,0.7967891278171351,1.0,-4.156564373488043e-15,182.3768098060396,1.5935782556342737,-152.39793640401803,-240.69938452478442,1046.148777935303,4.299233436584473,0.7091320419999853,0.5353123604884851,0.5002138746869552,1.116960499019374,0.9796918216543206,0,884.19,627.007460215967,257.18253978403305,544.7644372820527,725.2426391649083,14.5918461124976,544.7644372820527,west_concentrated
49,0.15,gen_trip_g4,,,True,False,0.21465097478675024,0.33462409944928556,0.1513896694815564,0.03796603076687344,0.9620339692331266,60.2323379008714,0.3027793389631106,-152.39793640401803,-326.6787081009685,1222.0424957275727,13.00396180152893,0.7091320419999853,0.5353123604884851,0.5002138746869552,1.116960499019374,0.9796918216543206,0,884.19,627.007460215967,257.18253978403305,544.7644372820527,725.2426391649083,14.5918461124976,544.7644372820527,west_concentrated
50,0.15,bus4_ct10,4.0,0.1,True,False,0.492582953767852,0.36994748580053005,0.2370479769392979,0.99338886653105,0.0066111334689500905,66.5905474440954,0.47409595387859715,-404.9419438281068,-418.96206509047187,1588.8096383396764,7.481553792953491,0.3397867839068841,0.932565446217807,0.9434060589973565,1.0994169725831093,1.07718616107978,2,884.19,300.43607646262785,583.7539235373722,814.2333443403164,1208.2308477283,14.5918461124976,814.2333443403164,balanced
50,0.15,bus14_ct10,14.0,0.1,True,False,0.49573749216847707,0.3727177557592451,0.2438009169847959,0.9937135401706222,0.006286459829377761,67.08919603666412,0.4876018339695931,-404.9419438281068,-417.9038793022038,1602.2700779908316,7.940234899520874,0.3397867839068841,0.932565446217807,0.9434060589973565,1.0994169725831093,1.07718616107978,2,884.19,300.43607646262785,583.7539235373722,814.2333443403164,1208.2308477283,14.5918461124976,814.2333443403164,balanced
50,0.15,bus16_ct10,16.0,0.1,True,False,0.5303784614475457,0.4430484208539138,0.24362746122801582,0.9917895428543393,0.00821045714566073,79.74871575370449,0.48725492245603075,-404.9419438281068,-419.077755051134,1803.1033812947965,8.042361736297607,0.3397867839068841,0.932565446217807,0.9434060589973565,1.0994169725831093,1.07718616107978,2,884.19,300.43607646262785,583.7539235373722,814.2333443403164,1208.2308477283,14.5918461124976,814.2333443403164,balanced
50,0.15,bus26_ct10,26.0,0.1,True,False,0.48243675778566597,0.3575107239771743,0.2197942279494498,0.9949313552388654,0.005068644761134526,64.35193031589138,0.4395884558989005,-404.9419438281068,-419.970013496698,1503.9938305412143,7.213342666625977,0.3397867839068841,0.932565446217807,0.9434060589973565,1.0994169725831093,1.07718616107978,2,884.19,300.43607646262785,583.7539235373722,814.2333443403164,1208.2308477283,14.5918461124976,814.2333443403164,balanced
50,0.15,bus20_ct15,20.0,0.15,True,False,0.9310039222047628,1.0,0.7240156888190512,1.0,-0.29440364719151507,182.87047180086526,1.4480313776381015,-404.9419438281068,-798.2058382825381,1467.3500870734113,1.8680384159088135,0.3397867839068841,0.932565446217807,0.9434060589973565,1.0994169725831093,1.07718616107978,2,884.19,300.43607646262785,583.7539235373722,814.2333443403164,1208.2308477283,14.5918461124976,814.2333443403164,balanced
50,0.15,bus8_ct15,8.0,0.15,True,False,0.5081509477652802,0.3758381539288192,0.28662493471384565,0.9943025484896372,0.0056974515103628215,67.65086770718746,0.5732498694276922,-404.9419438281068,-417.7235863938878,1683.0831345474778,7.403975248336792,0.3397867839068841,0.932565446217807,0.9434060589973565,1.0994169725831093,1.07718616107978,2,884.19,300.43607646262785,583.7539235373722,814.2333443403164,1208.2308477283,14.5918461124976,814.2333443403164,balanced
50,0.15,bus4_ct25,4.0,0.25,True,False,0.6737725950716907,0.6262465206132034,0.4486840932840437,0.9939132457763125,0.006086754223687554,112.72437371037661,0.8973681865680883,-404.9419438281068,-412.97524584680525,2201.133556988157,7.759767293930054,0.3397867839068841,0.932565446217807,0.9434060589973565,1.0994169725831093,1.07718616107978,2,884.19,300.43607646262785,583.7539235373722,814.2333443403164,1208.2308477283,14.5918461124976,814.2333443403164,balanced
50,0.15,bus16_ct25,16.0,0.25,True,True,0.6096575805334888,0.47625216458014596,0.49351510293796963,0.9926108900356937,0.007389109964306286,85.72538962442627,0.9870302058759384,-404.9419438281068,22.598873815694887,1198.6060073996389,3.6691112518310547,0.3397867839068841,0.932565446217807,0.9434060589973565,1.0994169725831093,1.07718616107978,2,884.19,300.43607646262785,583.7539235373722,814.2333443403164,1208.2308477283,14.5918461124976,814.2333443403164,balanced
50,0.15,gen_trip_g4,,,True,False,0.23615714697299012,0.35295131369933536,0.1804486784687036,0.05827728202458615,0.9417227179754138,63.53123646588037,0.3608973569374041,-404.9419438281068,-421.98016493503064,1306.9374054265272,7.2286787033081055,0.3397867839068841,0.932565446217807,0.9434060589973565,1.0994169725831093,1.07718616107978,2,884.19,300.43607646262785,583.7539235373722,814.2333443403164,1208.2308477283,14.5918461124976,814.2333443403164,balanced
51,0.15,bus4_ct10,4.0,0.1,True,False,0.4574764205240469,0.3081490005061799,0.22013225878917808,0.9934754222946498,0.00652457770535022,55.466820091112375,0.4402645175783526,3.46319684458836,-163.19926586503416,1415.883612045021,10.786959171295166,0.7360741961914681,0.6187817813406378,0.7608745130442707,0.9959361313855993,1.1118597961533396,1,884.19,650.8294435305341,233.36055646946585,-180.83829293175745,104.86149975724857,14.5918461124976,180.83829293175745,west_concentrated
51,0.15,bus14_ct10,14.0,0.1,True,False,0.46107127547843746,0.31259474943168564,0.22532061454513297,0.9937749885052456,0.006225011494754433,56.26705489770341,0.4506412290902695,3.46319684458836,-163.61988288118258,1431.3005961204312,11.178547859191895,0.7360741961914681,0.6187817813406378,0.7608745130442707,0.9959361313855993,1.1118597961533396,1,884.19,650.8294435305341,233.36055646946585,-180.83829293175745,104.86149975724857,14.5918461124976,180.83829293175745,west_concentrated
51,0.15,bus16_ct10,16.0,0.1,True,False,0.4914842962150905,0.374238024831255,0.22568965569200472,0.9917714795058471,0.008228520494152939,67.3628444696259,0.45137931138401255,3.46319684458836,-164.6573942124522,1637.3558483006875,11.366174936294556,0.7360741961914681,0.6187817813406378,0.7608745130442707,0.9959361313855993,1.1118597961533396,1,884.19,650.8294435305341,233.36055646946585,-180.83829293175745,104.86149975724857,14.5918461124976,180.83829293175745,west_concentrated
51,0.15,bus26_ct10,26.0,0.1,True,False,0.4457370873418621,0.297559175159727,0.19291175451283493,0.9949182445351596,0.005081755464840374,53.56065152875086,0.385823509025669,3.46319684458836,-164.0618751759239,1311.3035077821605,11.321566343307495,0.7360741961914681,0.6187817813406378,0.7608745130442707,0.9959361313855993,1.1118597961533396,1,884.19,650.8294435305341,233.36055646946585,-180.83829293175745,104.86149975724857,14.5918461124976,180.83829293175745,west_concentrated
51,0.15,bus20_ct15,20.0,0.15,True,False,0.5690180818891678,0.5012211808561979,0.27362996584427535,1.0,-0.1210496913294467,90.21981255411562,0.5472599316885529,3.46319684458836,-161.94702066767303,1656.5553531553712,11.366798639297485,0.7360741961914681,0.6187817813406378,0.7608745130442707,0.9959361313855993,1.1118597961533396,1,884.19,650.8294435305341,233.36055646946585,-180.83829293175745,104.86149975724857,14.5918461124976,180.83829293175745,west_concentrated
51,0.15,bus8_ct15,8.0,0.15,True,False,0.4734519978738394,0.3127878628391808,0.27383566899012735,0.9943965968268685,0.005603403173131411,56.30181531105255,0.5476713379802534,3.46319684458836,-163.2734790682586,1499.7553602341955,11.432469367980957,0.7360741961914681,0.6187817813406378,0.7608745130442707,0.9959361313855993,1.1118597961533396,1,884.19,650.8294435305341,233.36055646946585,-180.83829293175745,104.86149975724857,14.5918461124976,180.83829293175745,west_concentrated
51,0.15,bus4_ct25,4.0,0.25,True,False,0.6475896870868787,0.5774309992973534,0.4415165795040785,0.9939801702487293,0.0060198297512706845,103.93757987352362,0.8830331590081553,3.46319684458836,-159.52123439974528,2034.4860407212386,11.477350234985352,0.7360741961914681,0.6187817813406378,0.7608745130442707,0.9959361313855993,1.1118597961533396,1,884.19,650.8294435305341,233.36055646946585,-180.83829293175745,104.86149975724857,14.5918461124976,180.83829293175745,west_concentrated
51,0.15,bus16_ct25,16.0,0.25,True,False,0.7110849598590575,0.6798910589384048,0.49207666060540234,0.9924810609540181,0.0075189390459819315,122.38039060891288,0.9841533212108056,3.46319684458836,-156.9447130568563,2551.944723943002,10.736201286315918,0.7360741961914681,0.6187817813406378,0.7608745130442707,0.9959361313855993,1.1118597961533396,1,884.19,650.8294435305341,233.36055646946585,-180.83829293175745,104.86149975724857,14.5918461124976,180.83829293175745,west_concentrated
51,0.15,gen_trip_g4,,,True,False,0.19695171921542534,0.2990588000065322,0.15466447828157825,0.03502479856705876,0.9649752014329412,53.830584001175794,0.3093289565631552,3.46319684458836,-163.11162117485162,1131.568366373439,9.75456953048706,0.7360741961914681,0.6187817813406378,0.7608745130442707,0.9959361313855993,1.1118597961533396,1,884.19,650.8294435305341,233.36055646946585,-180.83829293175745,104.86149975724857,14.5918461124976,180.83829293175745,west_concentrated
52,0.15,bus4_ct10,4.0,0.1,True,False,0.45320369143494066,0.3050230678303384,0.20932329625096102,0.9934453338281248,0.006554666171875216,54.90415220946091,0.41864659250192116,-67.15900053429314,-252.80653984619147,1443.9961664350894,12.928807973861694,0.7727488034806089,0.4798587113645621,0.8344171484706007,1.188387282209664,0.9949895522489663,1,884.19,683.2567645495196,200.9332354504804,511.39969076074914,404.55481345005,14.5918461124976,511.39969076074914,west_concentrated
52,0.15,bus14_ct10,14.0,0.1,True,False,0.45428722177953984,0.30366954686352204,0.21604236176387914,0.9937674316272362,0.006232568372763765,54.660518435433964,0.4320847235277592,-67.15900053429314,-254.74188140940305,1465.8286069954186,12.787759065628052,0.7727488034806089,0.4798587113645621,0.8344171484706007,1.188387282209664,0.9949895522489663,1,884.19,683.2567645495196,200.9332354504804,511.39969076074914,404.55481345005,14.5918461124976,511.39969076074914,west_concentrated
52,0.15,bus16_ct10,16.0,0.1,True,False,0.4626319371335477,0.32377519352426215,0.21118461217105278,0.9917927493146138,0.00820725068538614,58.27953483436719,0.42236922434210733,-67.15900053429314,-254.44078801324704,1666.7652300178308,13.046339750289917,0.7727488034806089,0.4798587113645621,0.8344171484706007,1.188387282209664,0.9949895522489663,1,884.19,683.2567645495196,200.9332354504804,511.39969076074914,404.55481345005,14.5918461124976,511.39969076074914,west_concentrated
52,0.15,bus26_ct10,26.0,0.1,True,False,0.44801444507956856,0.3053633152421268,0.18638435547608623,0.9949467943579345,0.005053205642065471,54.96539674358282,0.37276871095217157,-67.15900053429314,-257.8813687769209,1341.7286836513656,12.95456051826477,0.7727488034806089,0.4798587113645621,0.8344171484706007,1.188387282209664,0.9949895522489663,1,884.19,683.2567645495196,200.9332354504804,511.39969076074914,404.55481345005,14.5918461124976,511.39969076074914,west_concentrated
52,0.15,bus20_ct15,20.0,0.15,True,False,0.5460551112075822,0.455186181244938,0.27755329469746925,0.9962947876429833,0.003705212357016713,81.93351262408883,0.5551065893949358,-67.15900053429314,-255.53863221134608,1668.9245886970596,13.23245358467102,0.7727488034806089,0.4798587113645621,0.8344171484706007,1.188387282209664,0.9949895522489663,1,884.19,683.2567645495196,200.9332354504804,511.39969076074914,404.55481345005,14.5918461124976,511.39969076074914,west_concentrated
52,0.15,bus8_ct15,8.0,0.15,True,False,0.4634078443672007,0.30383867577776974,0.2515789209752093,0.9943751049380543,0.005624895061945734,54.690961639998555,0.5031578419504212,-67.15900053429314,-252.95898353784392,1509.3930218956045,12.696272373199463,0.7727488034806089,0.4798587113645621,0.8344171484706007,1.188387282209664,0.9949895522489663,1,884.19,683.2567645495196,200.9332354504804,511.39969076074914,404.55481345005,14.5918461124976,511.39969076074914,west_concentrated
52,0.15,bus4_ct25,4.0,0.25,True,False,0.621146005950819,0.5135696749988815,0.46356974237082227,0.9938749314346907,0.006125068565309306,92.44254149979866,0.9271394847416481,-67.15900053429314,-248.9253217492293,2063.032345780888,13.973358869552612,0.7727488034806089,0.4798587113645621,0.8344171484706007,1.188387282209664,0.9949895522489663,1,884.19,683.2567645495196,200.9332354504804,511.39969076074914,404.55481345005,14.5918461124976,511.39969076074914,west_concentrated
52,0.15,bus16_ct25,16.0,0.25,True,False,0.6749746928265979,0.6057810019498453,0.49589908657713977,0.9924376808295613,0.007562319170438694,109.04058035097216,0.9917981731542813,-67.15900053429314,-239.99596216982428,2553.9735981581593,13.638347625732422,0.7727488034806089,0.4798587113645621,0.8344171484706007,1.188387282209664,0.9949895522489663,1,884.19,683.2567645495196,200.9332354504804,511.39969076074914,404.55481345005,14.5918461124976,511.39969076074914,west_concentrated
52,0.15,gen_trip_g4,,,True,False,0.19443237650051723,0.3019562603249878,0.14121031595836087,0.03260666939373247,0.9673933306062675,54.3521268584978,0.28242063191671996,-67.15900053429314,-262.1653730130336,1143.5817119468863,12.698143243789673,0.7727488034806089,0.4798587113645621,0.8344171484706007,1.188387282209664,0.9949895522489663,1,884.19,683.2567645495196,200.9332354504804,511.39969076074914,404.55481345005,14.5918461124976,511.39969076074914,west_concentrated
53,0.15,bus4_ct10,4.0,0.1,True,False,0.566953446392517,0.5004417581560643,0.27340151684257563,0.993528752415364,0.006471247584636028,90.07951646809157,0.5468030336851548,66.81788363539803,-315.4998523185123,1649.4312228334416,26.599984169006348,0.9888460931106492,0.9058321285433115,0.7322235384399121,0.8936971740688111,1.176381873894466,2,884.19,874.3278270675049,9.86217293249509,-357.5337022244605,401.9657312148979,14.5918461124976,357.5337022244605,west_concentrated
53,0.15,bus14_ct10,14.0,0.1,True,False,0.5722855680025883,0.5064818643139896,0.2823471416237915,0.9938314017585828,0.00616859824141726,91.16673557651812,0.5646942832475843,66.81788363539803,-314.78632235700627,1668.1172760421903,26.127764225006104,0.9888460931106492,0.9058321285433115,0.7322235384399121,0.8936971740688111,1.176381873894466,2,884.19,874.3278270675049,9.86217293249509,-357.5337022244605,401.9657312148979,14.5918461124976,357.5337022244605,west_concentrated
53,0.15,bus16_ct10,16.0,0.1,True,False,0.6204096241639472,0.6147085103212788,0.26033463587134875,0.9918868401418821,0.008113159858117908,110.64753185783019,0.5206692717426953,66.81788363539803,-314.88525087032457,1952.0290430035411,17.342795610427856,0.9888460931106492,0.9058321285433115,0.7322235384399121,0.8936971740688111,1.176381873894466,2,884.19,874.3278270675049,9.86217293249509,-357.5337022244605,401.9657312148979,14.5918461124976,357.5337022244605,west_concentrated
53,0.15,bus26_ct10,26.0,0.1,True,False,0.5442955206258742,0.4814812566434825,0.2192968741751642,0.9949226950413677,0.00507730495863232,86.66662619582685,0.43859374835033105,66.81788363539803,-315.72791855236517,1499.197392988923,30.408527851104736,0.9888460931106492,0.9058321285433115,0.7322235384399121,0.8936971740688111,1.176381873894466,2,884.19,874.3278270675049,9.86217293249509,-357.5337022244605,401.9657312148979,14.5918461124976,357.5337022244605,west_concentrated
53,0.15,bus20_ct15,20.0,0.15,True,False,0.9436525518776504,1.0,0.7746102075106016,1.0,-0.12954531399832306,184.57290942502368,1.5492204150212041,66.81788363539803,-521.066846580196,1416.6112976348902,3.6323981285095215,0.9888460931106492,0.9058321285433115,0.7322235384399121,0.8936971740688111,1.176381873894466,2,884.19,874.3278270675049,9.86217293249509,-357.5337022244605,401.9657312148979,14.5918461124976,357.5337022244605,west_concentrated
53,0.15,bus8_ct15,8.0,0.15,True,False,0.5910425243660569,0.5111494779262001,0.34742098981850944,0.9944501517933175,0.005549848206682511,92.00690602671602,0.6948419796370153,66.81788363539803,-313.7389227591904,1750.015082231866,36.09398818016052,0.9888460931106492,0.9058321285433115,0.7322235384399121,0.8936971740688111,1.176381873894466,2,884.19,874.3278270675049,9.86217293249509,-357.5337022244605,401.9657312148979,14.5918461124976,357.5337022244605,west_concentrated
53,0.15,bus4_ct25,4.0,0.25,True,False,0.8366104334133019,0.9170551719137876,0.5180804630611711,0.9942509267644611,0.005749073235538901,165.06993094448177,1.0361609261223403,66.81788363539803,-304.2291057189379,2240.2997049393184,33.19211721420288,0.9888460931106492,0.9058321285433115,0.7322235384399121,0.8936971740688111,1.176381873894466,2,884.19,874.3278270675049,9.86217293249509,-357.5337022244605,401.9657312148979,14.5918461124976,357.5337022244605,west_concentrated
53,0.15,bus16_ct25,16.0,0.25,True,True,0.6564156194319319,0.5556095916505849,0.5213252532322095,0.9931180411943484,0.006881958805651512,100.00972649710528,1.0426505064644198,66.81788363539803,105.74560323233695,1184.8162878385276,4.0798468589782715,0.9888460931106492,0.9058321285433115,0.7322235384399121,0.8936971740688111,1.176381873894466,2,884.19,874.3278270675049,9.86217293249509,-357.5337022244605,401.9657312148979,14.5918461124976,357.5337022244605,west_concentrated
53,0.15,gen_trip_g4,,,True,False,0.3132217857180741,0.48982265572747313,0.19083198524144507,0.08240984617590486,0.9175901538240951,88.16807803094517,0.3816639704828928,66.81788363539803,-316.42528184667844,1409.0049116708574,32.106621742248535,0.9888460931106492,0.9058321285433115,0.7322235384399121,0.8936971740688111,1.176381873894466,2,884.19,874.3278270675049,9.86217293249509,-357.5337022244605,401.9657312148979,14.5918461124976,357.5337022244605,west_concentrated
54,0.15,bus4_ct10,4.0,0.1,True,False,0.42858150372623993,0.2611732746093519,0.19849335397370282,0.9934861117125531,0.0065138882874469445,47.01118942968334,0.3969867079474043,195.77790113319577,20.284982193439134,1289.7788484762707,14.653458833694458,0.6759525583862621,0.4940998379126168,0.4277551251583119,1.107341300385405,1.1503082362265227,1,884.19,597.6704925995491,286.5195074004509,283.9619981177875,-51.98633001568032,14.5918461124976,283.9619981177875,balanced
54,0.15,bus14_ct10,14.0,0.1,True,False,0.43017216688962884,0.26034389241041367,0.2062049935715642,0.9937958891661238,0.006204110833876216,46.86190063387446,0.4124099871431297,195.77790113319577,18.936279600208536,1310.9067705821744,13.445276737213135,0.6759525583862621,0.4940998379126168,0.4277551251583119,1.107341300385405,1.1503082362265227,1,884.19,597.6704925995491,286.5195074004509,283.9619981177875,-51.98633001568032,14.5918461124976,283.9619981177875,balanced
54,0.15,bus16_ct10,16.0,0.1,True,False,0.43865627153171555,0.2765947371313122,0.2096860018478317,0.991749610016406,0.008250389983593965,49.7870526836362,0.41937200369566163,195.77790113319577,19.54471351602382,1513.4017139893658,13.667726278305054,0.6759525583862621,0.4940998379126168,0.4277551251583119,1.107341300385405,1.1503082362265227,1,884.19,597.6704925995491,286.5195074004509,283.9619981177875,-51.98633001568032,14.5918461124976,283.9619981177875,balanced
54,0.15,bus26_ct10,26.0,0.1,True,False,0.42316293115302883,0.2600705554753201,0.17754792734073988,0.9949626863207354,0.0050373136792646,46.812699985557614,0.35509585468147975,195.77790113319577,18.43487321463013,1190.4897656094888,13.982479572296143,0.6759525583862621,0.4940998379126168,0.4277551251583119,1.107341300385405,1.1503082362265227,1,884.19,597.6704925995491,286.5195074004509,283.9619981177875,-51.98633001568032,14.5918461124976,283.9619981177875,balanced
54,0.15,bus20_ct15,20.0,0.15,True,False,0.5155361569298611,0.3964466697292186,0.27301028178597875,0.9962410064750283,0.0037589935249716195,71.36040055125935,0.5460205635719584,195.77790113319577,21.01526022784155,1551.6917941907566,15.920114040374756,0.6759525583862621,0.4940998379126168,0.4277551251583119,1.107341300385405,1.1503082362265227,1,884.19,597.6704925995491,286.5195074004509,283.9619981177875,-51.98633001568032,14.5918461124976,283.9619981177875,balanced
54,0.15,bus8_ct15,8.0,0.15,True,False,0.44712055524422,0.27312733089999863,0.2478143615715247,0.9944131976053581,0.005586802394641924,49.16291956199976,0.49562872314304673,195.77790113319577,20.363873410336943,1335.279968851387,14.412627935409546,0.6759525583862621,0.4940998379126168,0.4277551251583119,1.107341300385405,1.1503082362265227,1,884.19,597.6704925995491,286.5195074004509,283.9619981177875,-51.98633001568032,14.5918461124976,283.9619981177875,balanced
54,0.15,bus4_ct25,4.0,0.25,True,False,0.593358331448816,0.46003102516446703,0.4594721649525866,0.9938991105137432,0.006100889486256782,82.80558452960406,0.9189443299051714,195.77790113319577,31.49817840444733,1860.0371472681559,15.178066730499268,0.6759525583862621,0.4940998379126168,0.4277551251583119,1.107341300385405,1.1503082362265227,1,884.19,597.6704925995491,286.5195074004509,283.9619981177875,-51.98633001568032,14.5918461124976,283.9619981177875,balanced
54,0.15,bus16_ct25,16.0,0.25,True,False,0.6486608064823135,0.5481694346807484,0.5060530695756391,0.9922512869921182,0.00774871300788181,98.6704982425347,1.0121061391512765,195.77790113319577,36.33623914327225,2405.0363297335634,14.323519706726074,0.6759525583862621,0.4940998379126168,0.4277551251583119,1.107341300385405,1.1503082362265227,1,884.19,597.6704925995491,286.5195074004509,283.9619981177875,-51.98633001568032,14.5918461124976,283.9619981177875,balanced
54,0.15,gen_trip_g4,,,True,False,0.1663233076693346,0.25591742648690763,0.1272067613195027,0.026251616384020404,0.9737483836159796,46.065136767643374,0.2544135226390032,195.77790113319577,17.0282925620006,985.506827605027,13.754650354385376,0.6759525583862621,0.4940998379126168,0.4277551251583119,1.107341300385405,1.1503082362265227,1,884.19,597.6704925995491,286.5195074004509,283.9619981177875,-51.98633001568032,14.5918461124976,283.9619981177875,balanced
55,0.15,bus4_ct10,4.0,0.1,True,False,0.5200187826051472,0.42603643590947066,0.23449039415628903,0.9935118644453588,0.006488135554641173,76.68655846370471,0.4689807883125807,-347.59145973363513,-341.2837102601891,1525.4920965051194,6.465037107467651,0.31376596244640526,0.9252357726677096,0.8058131581623138,0.8109739760345617,1.165442237101664,0,884.19,277.42872633548706,606.7612736645129,-357.8824668523594,593.4797320998814,14.5918461124976,357.8824668523594,balanced
55,0.15,bus14_ct10,14.0,0.1,True,False,0.5205005666460727,0.4276938820476496,0.23282434679220643,0.9937901556967852,0.006209844303214815,76.98489876857693,0.46564869358441063,-347.59145973363513,-340.5988431350558,1533.3483934480412,7.175127983093262,0.31376596244640526,0.9252357726677096,0.8058131581623138,0.8109739760345617,1.165442237101664,0,884.19,277.42872633548706,606.7612736645129,-357.8824668523594,593.4797320998814,14.5918461124976,357.8824668523594,balanced
55,0.15,bus16_ct10,16.0,0.1,True,False,0.54968265415627,0.4864923471218296,0.23394720026923466,0.9917987221121864,0.008201277887813533,87.56862248192932,0.46789440053846665,-347.59145973363513,-341.9880939631148,1733.8634416995667,7.8326170444488525,0.31376596244640526,0.9252357726677096,0.8058131581623138,0.8109739760345617,1.165442237101664,0,884.19,277.42872633548706,606.7612736645129,-357.8824668523594,593.4797320998814,14.5918461124976,357.8824668523594,balanced
55,0.15,bus26_ct10,26.0,0.1,True,False,0.512044641743848,0.4156537272417116,0.22196274858699638,0.9949083639049726,0.005091636095027419,74.81767090350809,0.4439254971739959,-347.59145973363513,-342.9449871332654,1477.4709113676197,11.78394103050232,0.31376596244640526,0.9252357726677096,0.8058131581623138,0.8109739760345617,1.165442237101664,0,884.19,277.42872633548706,606.7612736645129,-357.8824668523594,593.4797320998814,14.5918461124976,357.8824668523594,balanced
55,0.15,bus20_ct15,20.0,0.15,True,True,0.4816185729703265,0.34322894396752823,0.24001640394624957,1.0,-0.3041867051379761,61.781209914155085,0.48003280789249647,-347.59145973363513,-220.10751049207587,1132.4393570992286,1.0118532180786133,0.31376596244640526,0.9252357726677096,0.8058131581623138,0.8109739760345617,1.165442237101664,0,884.19,277.42872633548706,606.7612736645129,-357.8824668523594,593.4797320998814,14.5918461124976,357.8824668523594,balanced
55,0.15,bus8_ct15,8.0,0.15,True,False,0.5519660924619665,0.44654859813415243,0.3202880606700411,0.99447911290952,0.005520887090480071,80.37874766414744,0.640576121340084,-347.59145973363513,-339.8322789751174,1644.0189539387713,7.33195948600769,0.31376596244640526,0.9252357726677096,0.8058131581623138,0.8109739760345617,1.165442237101664,0,884.19,277.42872633548706,606.7612736645129,-357.8824668523594,593.4797320998814,14.5918461124976,357.8824668523594,balanced
55,0.15,bus4_ct25,4.0,0.25,True,False,0.6995441561898733,0.6903355107119178,0.42333733708947463,0.9941682662461829,0.005831733753817116,124.2603919281452,0.846674674178951,-347.59145973363513,-335.39924337633386,2153.9306010766177,6.727659225463867,0.31376596244640526,0.9252357726677096,0.8058131581623138,0.8109739760345617,1.165442237101664,0,884.19,277.42872633548706,606.7612736645129,-357.8824668523594,593.4797320998814,14.5918461124976,357.8824668523594,balanced
55,0.15,bus16_ct25,16.0,0.25,True,True,0.6749445393518034,0.5950281921860753,0.5170655616323536,0.9926562114027094,0.007343788597290588,107.10507459349354,1.0341311232647055,-347.59145973363513,-18.416685816923035,1132.4393570992286,1.5016496181488037,0.31376596244640526,0.9252357726677096,0.8058131581623138,0.8109739760345617,1.165442237101664,0,884.19,277.42872633548706,606.7612736645129,-357.8824668523594,593.4797320998814,14.5918461124976,357.8824668523594,balanced
55,0.15,gen_trip_g4,,,True,False,0.2597641871572446,0.4084812740662341,0.1721161898172916,0.049978010679218476,0.9500219893207815,73.52662933192214,0.34423237963458364,-347.59145973363513,-343.1166763174457,1248.276294561927,9.990443706512451,0.31376596244640526,0.9252357726677096,0.8058131581623138,0.8109739760345617,1.165442237101664,0,884.19,277.42872633548706,606.7612736645129,-357.8824668523594,593.4797320998814,14.5918461124976,357.8824668523594,balanced
56,0.15,bus4_ct10,4.0,0.1,True,False,0.5274749803976653,0.4510015579996682,0.21447790049507276,0.9934189050962517,0.0065810949037482655,81.18028043994028,0.4289558009901473,-532.0289350887653,-642.6807603208752,1690.1037926061379,12.336771965026855,0.3855195107764526,0.7344064762985634,0.3900092500283834,1.052414804701648,0.8328053704404906,2,884.19,340.8724962334316,543.3175037665684,693.2877246569965,1516.7774258744334,14.5918461124976,693.2877246569965,balanced
56,0.15,bus14_ct10,14.0,0.1,True,False,0.5298033194611707,0.4543294066690238,0.21682243175203908,0.9937320327545958,0.006267967245404286,81.77929320042429,0.43364486350408127,-532.0289350887653,-644.4188565517393,1705.6499011897326,12.472411870956421,0.3855195107764526,0.7344064762985634,0.3900092500283834,1.052414804701648,0.8328053704404906,2,884.19,340.8724962334316,543.3175037665684,693.2877246569965,1516.7774258744334,14.5918461124976,693.2877246569965,balanced
56,0.15,bus16_ct10,16.0,0.1,True,False,0.5618332010536541,0.5202267802311867,0.21502628183333172,0.9918529619189113,0.008147038081088749,93.64082044161361,0.4300525636666652,-532.0289350887653,-641.0170835780888,1894.6564610985408,12.102503299713135,0.3855195107764526,0.7344064762985634,0.3900092500283834,1.052414804701648,0.8328053704404906,2,884.19,340.8724962334316,543.3175037665684,693.2877246569965,1516.7774258744334,14.5918461124976,693.2877246569965,balanced
56,0.15,bus26_ct10,26.0,0.1,True,False,0.5092671824116541,0.427899213602453,0.18637902226015868,0.994891280181552,0.005108719818447945,77.02185844844153,0.37275804452032046,-532.0289350887653,-643.5398226643222,1565.9154580994311,11.291134595870972,0.3855195107764526,0.7344064762985634,0.3900092500283834,1.052414804701648,0.8328053704404906,2,884.19,340.8724962334316,543.3175037665684,693.2877246569965,1516.7774258744334,14.5918461124976,693.2877246569965,balanced
56,0.15,bus20_ct15,20.0,0.15,True,False,0.9266229373354218,1.0,0.7064917493416871,1.0,-0.1326486977261779,180.4054828957868,1.4129834986833778,-532.0289350887653,-871.7550695564781,1423.9553083171706,1.9902608394622803,0.3855195107764526,0.7344064762985634,0.3900092500283834,1.052414804701648,0.8328053704404906,2,884.19,340.8724962334316,543.3175037665684,693.2877246569965,1516.7774258744334,14.5918461124976,693.2877246569965,balanced
56,0.15,bus8_ct15,8.0,0.15,True,False,0.5500971375046948,0.4681624877054062,0.2697008252419728,0.9943627493659941,0.005637250634005923,84.26924778697311,0.5394016504839461,-532.0289350887653,-643.5820936157257,1814.0498532065776,12.283845901489258,0.3855195107764526,0.7344064762985634,0.3900092500283834,1.052414804701648,0.8328053704404906,2,884.19,340.8724962334316,543.3175037665684,693.2877246569965,1516.7774258744334,14.5918461124976,693.2877246569965,balanced
56,0.15,bus4_ct25,4.0,0.25,True,False,0.7163751095579733,0.7025290973348389,0.4663964356185737,0.9940458079436417,0.005954192056358266,126.455237520271,0.9327928712371492,-532.0289350887653,-633.6769829718942,2316.707677886173,11.842419624328613,0.3855195107764526,0.7344064762985634,0.3900092500283834,1.052414804701648,0.8328053704404906,2,884.19,340.8724962334316,543.3175037665684,693.2877246569965,1516.7774258744334,14.5918461124976,693.2877246569965,balanced
56,0.15,bus16_ct25,16.0,0.25,True,True,0.6461428078445798,0.5450783360914235,0.5015327787988362,0.992881780396636,0.007118219603363956,98.11410049645625,1.0030655575976732,-532.0289350887653,-7.993414494499643,1224.6063807022697,2.291835069656372,0.3855195107764526,0.7344064762985634,0.3900092500283834,1.052414804701648,0.8328053704404906,2,884.19,340.8724962334316,543.3175037665684,693.2877246569965,1516.7774258744334,14.5918461124976,693.2877246569965,balanced
56,0.15,gen_trip_g4,,,True,False,0.2598666236398236,0.4248220266595265,0.15016302520438174,0.03965941603585954,0.9603405839641405,76.46796479871477,0.3003260504087657,-532.0289350887653,-645.7233016978813,1364.259431650146,10.725420951843262,0.3855195107764526,0.7344064762985634,0.3900092500283834,1.052414804701648,0.8328053704404906,2,884.19,340.8724962334316,543.3175037665684,693.2877246569965,1516.7774258744334,14.5918461124976,693.2877246569965,balanced
57,0.15,bus4_ct10,4.0,0.1,True,False,0.5029555553059166,0.3694789253671795,0.27939655636948757,0.9934678141198197,0.006532185880180288,66.50620656609232,0.5587931127389756,-593.148869978826,-440.91549991257216,1580.77402155865,27.031808137893677,0.03539755077718161,0.3411276844727906,0.9810222243800519,0.9658419259782939,1.149583858261381,0,884.19,31.29816042167621,852.8918395783238,384.94422954546206,983.2582090843234,14.5918461124976,384.94422954546206,east_concentrated
57,0.15,bus14_ct10,14.0,0.1,True,False,0.5002274840407678,0.3714076296842302,0.26433003218761897,0.993764644606992,0.006235355393007989,66.85337334316144,0.5286600643752393,-593.148869978826,-441.25169984422917,1586.5086131509443,25.794954776763916,0.03539755077718161,0.3411276844727906,0.9810222243800519,0.9658419259782939,1.149583858261381,0,884.19,31.29816042167621,852.8918395783238,384.94422954546206,983.2582090843234,14.5918461124976,384.94422954546206,east_concentrated
57,0.15,bus16_ct10,16.0,0.1,True,False,0.5386155001759352,0.4504281037025573,0.26182762047020347,0.991778172828423,0.008221827171577092,81.07705866646032,0.5236552409404083,-593.148869978826,-440.8153490628668,1757.7750596550104,29.100122451782227,0.03539755077718161,0.3411276844727906,0.9810222243800519,0.9658419259782939,1.149583858261381,0,884.19,31.29816042167621,852.8918395783238,384.94422954546206,983.2582090843234,14.5918461124976,384.94422954546206,east_concentrated
57,0.15,bus26_ct10,26.0,0.1,True,False,0.4940703605016532,0.3604894350941493,0.26035606729006844,0.9949465045282456,0.005053495471754407,64.88809831694688,0.5207121345801347,-593.148869978826,-442.2458234496462,1577.326640539433,28.28008508682251,0.03539755077718161,0.3411276844727906,0.9810222243800519,0.9658419259782939,1.149583858261381,0,884.19,31.29816042167621,852.8918395783238,384.94422954546206,983.2582090843234,14.5918461124976,384.94422954546206,east_concentrated
57,0.15,bus20_ct15,20.0,0.15,True,False,0.5687060638635473,0.49427530487714366,0.29001259736416074,0.996261048335741,0.003738951664258977,88.96955487788586,0.5800251947283197,-593.148869978826,-441.12285571096555,1789.276012566578,28.81206488609314,0.03539755077718161,0.3411276844727906,0.9810222243800519,0.9658419259782939,1.149583858261381,0,884.19,31.29816042167621,852.8918395783238,384.94422954546206,983.2582090843234,14.5918461124976,384.94422954546206,east_concentrated
57,0.15,bus8_ct15,8.0,0.15,True,False,0.5357641261565299,0.38794583759223855,0.3727491322629497,0.9944156971786929,0.0055843028213070625,69.83025076660294,0.7454982645258967,-593.148869978826,-440.1845362537056,1685.5310903387694,27.695759534835815,0.03539755077718161,0.3411276844727906,0.9810222243800519,0.9658419259782939,1.149583858261381,0,884.19,31.29816042167621,852.8918395783238,384.94422954546206,983.2582090843234,14.5918461124976,384.94422954546206,east_concentrated
57,0.15,bus4_ct25,4.0,0.25,True,False,0.6803883938894,0.6275251063113103,0.4724207167535752,0.994082646181404,0.005917353818596007,112.95451913603586,0.9448414335071531,-593.148869978826,-435.0264945161829,2181.2839433956665,26.229615926742554,0.03539755077718161,0.3411276844727906,0.9810222243800519,0.9658419259782939,1.149583858261381,0,884.19,31.29816042167621,852.8918395783238,384.94422954546206,983.2582090843234,14.5918461124976,384.94422954546206,east_concentrated
57,0.15,bus16_ct25,16.0,0.25,True,True,0.6718140221698943,0.5766780782930006,0.5413637428560953,0.9925361892374804,0.007463810762519587,103.80205409274011,1.0827274857121916,-593.148869978826,-54.696218545661594,1294.6408869167562,2.107316493988037,0.03539755077718161,0.3411276844727906,0.9810222243800519,0.9658419259782939,1.149583858261381,0,884.19,31.29816042167621,852.8918395783238,384.94422954546206,983.2582090843234,14.5918461124976,384.94422954546206,east_concentrated
57,0.15,gen_trip_g4,,,True,False,0.24609128606709854,0.3592013826607981,0.20502086808414077,0.0609415108626572,0.9390584891373428,64.65624887894366,0.4100417361682829,-593.148869978826,-442.7825375956118,1365.2055066474559,26.62797737121582,0.03539755077718161,0.3411276844727906,0.9810222243800519,0.9658419259782939,1.149583858261381,0,884.19,31.29816042167621,852.8918395783238,384.94422954546206,983.2582090843234,14.5918461124976,384.94422954546206,east_concentrated
58,0.15,bus4_ct10,4.0,0.1,True,False,0.4706749832133106,0.3355528374982848,0.218135391397432,0.9934588664592406,0.006541133540759338,60.39951074969126,0.4362707827948653,-221.05771939399784,-257.3063966109113,1455.059831037969,17.40059518814087,0.07138689527834882,0.7181904480648553,0.35971621998689,0.8682940703146311,1.100748798816232,2,884.19,63.11957893616325,821.0704210638368,307.6354988915083,890.4487801439291,14.5918461124976,307.6354988915083,east_concentrated
58,0.15,bus14_ct10,14.0,0.1,True,False,0.470522236563152,0.3377928779451865,0.21276243565450415,0.9937407547077309,0.0062592452922690485,60.80271803013356,0.42552487130900873,-221.05771939399784,-258.3894190075554,1467.0948124085676,20.734596967697144,0.07138689527834882,0.7181904480648553,0.35971621998689,0.8682940703146311,1.100748798816232,2,884.19,63.11957893616325,821.0704210638368,307.6354988915083,890.4487801439291,14.5918461124976,307.6354988915083,east_concentrated
58,0.15,bus16_ct10,16.0,0.1,True,False,0.5002975705677606,0.3994097347147537,0.2106203406977727,0.9917504721437621,0.008249527856237861,71.89375224865567,0.42124068139554716,-221.05771939399784,-256.54078980589736,1652.7653702791586,22.996073246002197,0.07138689527834882,0.7181904480648553,0.35971621998689,0.8682940703146311,1.100748798816232,2,884.19,63.11957893616325,821.0704210638368,307.6354988915083,890.4487801439291,14.5918461124976,307.6354988915083,east_concentrated
58,0.15,bus26_ct10,26.0,0.1,True,False,0.4613115997726003,0.3258771848237868,0.19858745712499726,0.9949045723178304,0.005095427682169659,58.657893268281626,0.3971749142499936,-221.05771939399784,-258.5204798613215,1393.4428650117097,23.064122915267944,0.07138689527834882,0.7181904480648553,0.35971621998689,0.8682940703146311,1.100748798816232,2,884.19,63.11957893616325,821.0704210638368,307.6354988915083,890.4487801439291,14.5918461124976,307.6354988915083,east_concentrated
58,0.15,bus20_ct15,20.0,0.15,True,False,0.9280610388761801,1.0,0.7122441555047203,1.0,-0.09459274939001695,182.01763386422974,1.4244883110094442,-221.05771939399784,-742.411470186751,1394.0812761175823,2.5848541259765625,0.07138689527834882,0.7181904480648553,0.35971621998689,0.8682940703146311,1.100748798816232,2,884.19,63.11957893616325,821.0704210638368,307.6354988915083,890.4487801439291,14.5918461124976,307.6354988915083,east_concentrated
58,0.15,bus8_ct15,8.0,0.15,True,False,0.4966521562468436,0.34769806858329155,0.296803202496406,0.9944092853243853,0.005590714675614661,62.585652344992475,0.5936064049928147,-221.05771939399784,-256.1090378808659,1565.7782198000768,28.40893054008484,0.07138689527834882,0.7181904480648553,0.35971621998689,0.8682940703146311,1.100748798816232,2,884.19,63.11957893616325,821.0704210638368,307.6354988915083,890.4487801439291,14.5918461124976,307.6354988915083,east_concentrated
58,0.15,bus4_ct25,4.0,0.25,True,False,0.6565180690999344,0.5910715884903852,0.4499017837351751,0.9940273156837921,0.0059726843162079156,106.39288592826934,0.899803567470352,-221.05771939399784,-251.62166884410152,2094.620359723778,25.828447580337524,0.07138689527834882,0.7181904480648553,0.35971621998689,0.8682940703146311,1.100748798816232,2,884.19,63.11957893616325,821.0704210638368,307.6354988915083,890.4487801439291,14.5918461124976,307.6354988915083,east_concentrated
58,0.15,bus16_ct25,16.0,0.25,True,False,0.907791194578671,1.0,0.6311647783146839,1.0,-7.620313494864926e-17,180.44009081279862,1.2623295566293669,-221.05771939399784,-458.3360133368242,1135.702675845623,1.4409091472625732,0.07138689527834882,0.7181904480648553,0.35971621998689,0.8682940703146311,1.100748798816232,2,884.19,63.11957893616325,821.0704210638368,307.6354988915083,890.4487801439291,14.5918461124976,307.6354988915083,east_concentrated
58,0.15,gen_trip_g4,,,True,False,0.20168790873005785,0.31458646079991465,0.14438481276517834,0.033193900555223754,0.9668060994447762,56.62556294398463,0.288769625530354,-221.05771939399784,-260.9415726900862,1148.9990330177718,22.866736888885498,0.07138689527834882,0.7181904480648553,0.35971621998689,0.8682940703146311,1.100748798816232,2,884.19,63.11957893616325,821.0704210638368,307.6354988915083,890.4487801439291,14.5918461124976,307.6354988915083,east_concentrated
59,0.15,bus4_ct10,4.0,0.1,True,False,0.48291567829467985,0.3566678930965478,0.2248877467529482,0.9934391802326757,0.0065608197673242335,64.2002207573786,0.4497754935058951,-213.65057826193564,-397.2045966289507,1525.6516701088985,10.187685251235962,0.5852271127129646,0.8771009322569803,0.5807252137682747,1.065176965630571,0.9821726477274971,1,884.19,517.4519607896761,366.7380392103239,-9.849891463956169,483.8186823872338,14.5918461124976,9.849891463956169,balanced
59,0.15,bus14_ct10,14.0,0.1,True,False,0.48455234295430494,0.36023335734892453,0.22399292583279262,0.993749731286578,0.006250268713422023,64.84200432280642,0.4479858516655866,-213.65057826193564,-398.50336840098544,1534.7799602578752,10.041302919387817,0.5852271127129646,0.8771009322569803,0.5807252137682747,1.065176965630571,0.9821726477274971,1,884.19,517.4519607896761,366.7380392103239,-9.849891463956169,483.8186823872338,14.5918461124976,9.849891463956169,balanced
59,0.15,bus16_ct10,16.0,0.1,True,False,0.5139804014858775,0.41782989254479364,0.22844813739735415,0.9918136834565688,0.00818631654343111,75.20938065806286,0.4568962747947114,-213.65057826193564,-396.7424469887352,1732.3223433932976,10.092698574066162,0.5852271127129646,0.8771009322569803,0.5807252137682747,1.065176965630571,0.9821726477274971,1,884.19,517.4519607896761,366.7380392103239,-9.849891463956169,483.8186823872338,14.5918461124976,9.849891463956169,balanced
59,0.15,bus26_ct10,26.0,0.1,True,False,0.47816526482550087,0.3520300381266375,0.21368395095002413,0.9949170320987043,0.005082967901295746,63.36540686279475,0.4273679019000509,-213.65057826193564,-401.6232312390795,1472.272372635057,10.655966758728027,0.5852271127129646,0.8771009322569803,0.5807252137682747,1.065176965630571,0.9821726477274971,1,884.19,517.4519607896761,366.7380392103239,-9.849891463956169,483.8186823872338,14.5918461124976,9.849891463956169,balanced
59,0.15,bus20_ct15,20.0,0.15,True,False,0.5783371871877154,0.5104629150056575,0.29242291873954684,1.0,-1.1491851155355217,91.88332470101835,0.5848458374790932,-213.65057826193564,-345.71595991987124,1727.2119218935236,20.367210865020752,0.5852271127129646,0.8771009322569803,0.5807252137682747,1.065176965630571,0.9821726477274971,1,884.19,517.4519607896761,366.7380392103239,-9.849891463956169,483.8186823872338,14.5918461124976,9.849891463956169,balanced
59,0.15,bus8_ct15,8.0,0.15,True,False,0.5063547529210013,0.36492384695833796,0.30120143875452854,0.9943698790128008,0.005630120987199173,65.68629245250084,0.602402877509054,-213.65057826193564,-402.5776215352651,1627.3097155910793,10.200833320617676,0.5852271127129646,0.8771009322569803,0.5807252137682747,1.065176965630571,0.9821726477274971,1,884.19,517.4519607896761,366.7380392103239,-9.849891463956169,483.8186823872338,14.5918461124976,9.849891463956169,balanced
59,0.15,bus4_ct25,4.0,0.25,True,False,0.6509420273935544,0.592714160673852,0.424372264043285,0.9939675241832289,0.006032475816771126,106.68854892129336,0.8487445280865691,-213.65057826193564,-395.4985119977556,2148.686503725506,9.702224731445312,0.5852271127129646,0.8771009322569803,0.5807252137682747,1.065176965630571,0.9821726477274971,1,884.19,517.4519607896761,366.7380392103239,-9.849891463956169,483.8186823872338,14.5918461124976,9.849891463956169,balanced
59,0.15,bus16_ct25,16.0,0.25,True,True,0.633398198737014,0.5151326013684047,0.5107178860498038,0.9926097061614427,0.007390293838557221,92.72386824631285,1.021435772099606,-213.65057826193564,-4.261538944081423,1070.9482929955295,3.908003091812134,0.5852271127129646,0.8771009322569803,0.5807252137682747,1.065176965630571,0.9821726477274971,1,884.19,517.4519607896761,366.7380392103239,-9.849891463956169,483.8186823872338,14.5918461124976,9.849891463956169,balanced
59,0.15,gen_trip_g4,,,True,False,0.22447699023967058,0.345032158175985,0.16749591012810328,0.040347734478609065,0.9596522655213909,62.10578847167729,0.33499182025620744,-213.65057826193564,-400.44857029919916,1247.4203728726025,10.21937108039856,0.5852271127129646,0.8771009322569803,0.5807252137682747,1.065176965630571,0.9821726477274971,1,884.19,517.4519607896761,366.7380392103239,-9.849891463956169,483.8186823872338,14.5918461124976,9.849891463956169,balanced
60,0.15,bus4_ct10,4.0,0.1,True,False,0.5303936206799686,0.41887693013332,0.29040670942952573,0.9934139130237092,0.006586086976290841,75.3978474239976,0.5808134188590519,-820.2009785679145,-683.8598243225451,1672.2588335854489,19.191540002822876,0.012732325141136976,0.8435880370379378,0.9024947590834187,1.0752651059894305,0.9473302433690811,1,884.19,11.257794566541904,872.9322054334582,466.8735191943273,1150.958925754131,14.5918461124976,466.8735191943273,east_concentrated
60,0.15,bus14_ct10,14.0,0.1,True,False,0.5266889980519276,0.420578628561827,0.27187509108713215,0.9937236439969244,0.006276356003075649,75.70415314112886,0.5437501821742607,-820.2009785679145,-683.5396770532974,1671.3352077779327,16.135510683059692,0.012732325141136976,0.8435880370379378,0.9024947590834187,1.0752651059894305,0.9473302433690811,1,884.19,11.257794566541904,872.9322054334582,466.8735191943273,1150.958925754131,14.5918461124976,466.8735191943273,east_concentrated
60,0.15,bus16_ct10,16.0,0.1,True,False,0.5626779338072804,0.5017969442125317,0.25531263820071715,0.9918052086033408,0.008194791396659273,90.32344995825572,0.510625276401433,-820.2009785679145,-683.8202646957301,1831.8228691669033,16.86560869216919,0.012732325141136976,0.8435880370379378,0.9024947590834187,1.0752651059894305,0.9473302433690811,1,884.19,11.257794566541904,872.9322054334582,466.8735191943273,1150.958925754131,14.5918461124976,466.8735191943273,east_concentrated
60,0.15,bus26_ct10,26.0,0.1,True,False,0.5192418702925138,0.409089135169442,0.2638425940412681,0.994946616789903,0.005053383210097003,73.63604433049956,0.527685188082534,-820.2009785679145,-684.8947096228253,1683.7710035604673,20.762449741363525,0.012732325141136976,0.8435880370379378,0.9024947590834187,1.0752651059894305,0.9473302433690811,1,884.19,11.257794566541904,872.9322054334582,466.8735191943273,1150.958925754131,14.5918461124976,466.8735191943273,east_concentrated
60,0.15,bus20_ct15,20.0,0.15,True,True,0.453915747303989,0.31610937432658703,0.18344424056278186,1.0,-0.1369760165761315,56.899687378785664,0.3668884811255646,-820.2009785679145,-431.87443967768576,1383.8839975907308,4.492427825927734,0.012732325141136976,0.8435880370379378,0.9024947590834187,1.0752651059894305,0.9473302433690811,1,884.19,11.257794566541904,872.9322054334582,466.8735191943273,1150.958925754131,14.5918461124976,466.8735191943273,east_concentrated
60,0.15,bus8_ct15,8.0,0.15,True,False,0.569166167119907,0.4423330850217869,0.39761313304823176,0.9943853653878223,0.005614634612177676,79.61995530392164,0.7952262660964649,-820.2009785679145,-682.8842328600559,1790.3488212805698,17.71369695663452,0.012732325141136976,0.8435880370379378,0.9024947590834187,1.0752651059894305,0.9473302433690811,1,884.19,11.257794566541904,872.9322054334582,466.8735191943273,1150.958925754131,14.5918461124976,466.8735191943273,east_concentrated
60,0.15,bus4_ct25,4.0,0.25,True,False,0.7287654718189871,0.7041550035855163,0.5126802566774238,0.9940716234274921,0.005928376572507917,126.74790064539293,1.0253605133548493,-820.2009785679145,-678.5664524196885,2250.3060989387045,21.30177354812622,0.012732325141136976,0.8435880370379378,0.9024947590834187,1.0752651059894305,0.9473302433690811,1,884.19,11.257794566541904,872.9322054334582,466.8735191943273,1150.958925754131,14.5918461124976,466.8735191943273,east_concentrated
60,0.15,bus16_ct25,16.0,0.25,True,True,0.711693208753079,0.639479535018363,0.5751632939908866,0.9926504709847032,0.007349529015296825,115.10631630330533,1.1503265879817715,-820.2009785679145,-116.6324234881434,1383.8839975907308,3.4939658641815186,0.012732325141136976,0.8435880370379378,0.9024947590834187,1.0752651059894305,0.9473302433690811,1,884.19,11.257794566541904,872.9322054334582,466.8735191943273,1150.958925754131,14.5918461124976,466.8735191943273,east_concentrated
60,0.15,gen_trip_g4,,,True,False,0.27348024939890914,0.41488633908212036,0.20595533615115613,0.058192983280239696,0.9418070167197603,74.67954103478166,0.4119106723023158,-820.2009785679145,-686.0138487939862,1462.378114655688,16.54600954055786,0.012732325141136976,0.8435880370379378,0.9024947590834187,1.0752651059894305,0.9473302433690811,1,884.19,11.257794566541904,872.9322054334582,466.8735191943273,1150.958925754131,14.5918461124976,466.8735191943273,east_concentrated
61,0.15,bus4_ct10,4.0,0.1,True,False,0.5067307052106721,0.3916752502443898,0.2500842387822786,0.9934880815716299,0.006511918428370086,70.50154504399016,0.5001684775645576,-420.01511538301406,-369.4344232770013,1513.9613891059043,8.294097661972046,0.08902721349237383,0.4221217886020942,0.6705398913265987,0.8210383922816024,1.138597509110014,0,884.19,78.71697189782202,805.473028102178,-102.13698653146918,715.756995097714,14.5918461124976,102.13698653146918,east_concentrated
61,0.15,bus14_ct10,14.0,0.1,True,False,0.504369202779623,0.39353152232114846,0.23664946871175374,0.9937642977644418,0.006235702235558217,70.83567401780672,0.4732989374235097,-420.01511538301406,-369.0379469195362,1522.0031338668748,6.76950740814209,0.08902721349237383,0.4221217886020942,0.6705398913265987,0.8210383922816024,1.138597509110014,0,884.19,78.71697189782202,805.473028102178,-102.13698653146918,715.756995097714,14.5918461124976,102.13698653146918,east_concentrated
61,0.15,bus16_ct10,16.0,0.1,True,False,0.5403677864587637,0.469941863796878,0.22980799521477024,0.9917794230265288,0.00822057697347119,84.58953548343804,0.4596159904295405,-420.01511538301406,-369.62414322164307,1692.8834023148072,6.8328025341033936,0.08902721349237383,0.4221217886020942,0.6705398913265987,0.8210383922816024,1.138597509110014,0,884.19,78.71697189782202,805.473028102178,-102.13698653146918,715.756995097714,14.5918461124976,102.13698653146918,east_concentrated
61,0.15,bus26_ct10,26.0,0.1,True,False,0.49253874822037247,0.37413560617066033,0.22696434519233932,0.9949194353478299,0.005080564652170052,67.34440911071886,0.4539286903846773,-420.01511538301406,-370.3238972622871,1492.0116659026528,6.473932981491089,0.08902721349237383,0.4221217886020942,0.6705398913265987,0.8210383922816024,1.138597509110014,0,884.19,78.71697189782202,805.473028102178,-102.13698653146918,715.756995097714,14.5918461124976,102.13698653146918,east_concentrated
61,0.15,bus20_ct15,20.0,0.15,True,True,0.4553390560685948,0.2999474248220139,0.22146137463035132,1.0,-0.1331063398375253,53.99053646796251,0.4429227492606991,-420.01511538301406,-266.19283441921374,1151.565402160955,2.9220404624938965,0.08902721349237383,0.4221217886020942,0.6705398913265987,0.8210383922816024,1.138597509110014,0,884.19,78.71697189782202,805.473028102178,-102.13698653146918,715.756995097714,14.5918461124976,102.13698653146918,east_concentrated
61,0.15,bus8_ct15,8.0,0.15,True,False,0.5417512915906448,0.4153767633156326,0.3417945524878263,0.9944570872434879,0.005542912756512089,74.76781739681387,0.6835891049756526,-420.01511538301406,-367.92491090595,1634.4769298105675,6.417980432510376,0.08902721349237383,0.4221217886020942,0.6705398913265987,0.8210383922816024,1.138597509110014,0,884.19,78.71697189782202,805.473028102178,-102.13698653146918,715.756995097714,14.5918461124976,102.13698653146918,east_concentrated
61,0.15,bus4_ct25,4.0,0.25,True,False,0.6842134678051565,0.6373285987185161,0.46807062477299155,0.9941260490106021,0.0058739509893978754,114.71914776933289,0.9361412495459831,-420.01511538301406,-362.2252207530087,2135.08050733441,6.7423415184021,0.08902721349237383,0.4221217886020942,0.6705398913265987,0.8210383922816024,1.138597509110014,0,884.19,78.71697189782202,805.473028102178,-102.13698653146918,715.756995097714,14.5918461124976,102.13698653146918,east_concentrated
61,0.15,bus16_ct25,16.0,0.25,True,True,0.6834373453879786,0.5998081367068601,0.5415705896124194,0.9925625185257749,0.007437481474225073,107.96546460723481,1.083141179224838,-420.01511538301406,-47.833434551502535,1151.565402160955,1.4087450504302979,0.08902721349237383,0.4221217886020942,0.6705398913265987,0.8210383922816024,1.138597509110014,0,884.19,78.71697189782202,805.473028102178,-102.13698653146918,715.756995097714,14.5918461124976,102.13698653146918,east_concentrated
61,0.15,gen_trip_g4,,,True,False,0.23894052048757652,0.36991102757449457,0.1699136120260576,0.04602641477525937,0.9539735852247406,66.58398496340902,0.33982722405211385,-420.01511538301406,-371.17691010018905,1238.5123700606089,5.801124811172485,0.08902721349237383,0.4221217886020942,0.6705398913265987,0.8210383922816024,1.138597509110014,0,884.19,78.71697189782202,805.473028102178,-102.13698653146918,715.756995097714,14.5918461124976,102.13698653146918,east_concentrated
62,0.15,bus4_ct10,4.0,0.1,True,False,0.5779123894477657,0.5434649829081262,0.23126944787232162,0.9934501441024889,0.006549855897511117,97.82369692346272,0.46253889574464413,-780.4070626466694,-775.1842052856078,1787.9882130709661,9.29646372795105,0.43319399767400474,0.36507840878281733,0.9534601038928918,0.9427300538571312,0.8823135250808235,2,884.19,383.0258008033783,501.16419919662184,451.92356289361476,1651.571541494308,14.5918461124976,451.92356289361476,balanced
62,0.15,bus14_ct10,14.0,0.1,True,False,0.5797722279810527,0.5463533198651849,0.23263336958132186,0.9937489026125192,0.006251097387480745,98.34359757573328,0.4652667391626464,-780.4070626466694,-774.593322456586,1797.8563563985342,15.976103067398071,0.43319399767400474,0.36507840878281733,0.9534601038928918,0.9427300538571312,0.8823135250808235,2,884.19,383.0258008033783,501.16419919662184,451.92356289361476,1651.571541494308,14.5918461124976,451.92356289361476,balanced
62,0.15,bus16_ct10,16.0,0.1,True,False,0.6158746946430773,0.6191826613269339,0.23325051124630392,0.9918829446721377,0.008117055327862315,111.45287903884811,0.46650102249260916,-780.4070626466694,-774.2922503181915,1993.1234307942227,13.824150562286377,0.43319399767400474,0.36507840878281733,0.9534601038928918,0.9427300538571312,0.8823135250808235,2,884.19,383.0258008033783,501.16419919662184,451.92356289361476,1651.571541494308,14.5918461124976,451.92356289361476,balanced
62,0.15,bus26_ct10,26.0,0.1,True,False,0.5607208054024376,0.5179477804884649,0.21210652422620058,0.99488113640662,0.005118863593379996,93.23060048792368,0.4242130484523998,-780.4070626466694,-775.4135957930463,1673.927081001948,11.56312870979309,0.43319399767400474,0.36507840878281733,0.9534601038928918,0.9427300538571312,0.8823135250808235,2,884.19,383.0258008033783,501.16419919662184,451.92356289361476,1651.571541494308,14.5918461124976,451.92356289361476,balanced
62,0.15,bus20_ct15,20.0,0.15,True,False,0.921273560606334,1.0,0.6850942424253361,1.0,-0.1314103046753483,185.56839374880136,1.3701884848506696,-780.4070626466694,-836.0520451133488,1378.750969909684,1.7522711753845215,0.43319399767400474,0.36507840878281733,0.9534601038928918,0.9427300538571312,0.8823135250808235,2,884.19,383.0258008033783,501.16419919662184,451.92356289361476,1651.571541494308,14.5918461124976,451.92356289361476,balanced
62,0.15,bus8_ct15,8.0,0.15,True,False,0.6060835807895038,0.5694889724957009,0.2909428044213307,0.9944135737452826,0.005586426254717424,102.50801504922615,0.5818856088426627,-780.4070626466694,-773.9503815984758,1926.3023388471818,10.6535964012146,0.43319399767400474,0.36507840878281733,0.9534601038928918,0.9427300538571312,0.8823135250808235,2,884.19,383.0258008033783,501.16419919662184,451.92356289361476,1651.571541494308,14.5918461124976,451.92356289361476,balanced
62,0.15,bus4_ct25,4.0,0.25,True,False,0.7679080863969958,0.8075289714934097,0.4623960320762208,0.9941783705249431,0.00582162947505697,145.35521486881376,0.9247920641524443,-780.4070626466694,-769.9818251270084,2331.2566257971757,11.905633449554443,0.43319399767400474,0.36507840878281733,0.9534601038928918,0.9427300538571312,0.8823135250808235,2,884.19,383.0258008033783,501.16419919662184,451.92356289361476,1651.571541494308,14.5918461124976,451.92356289361476,balanced
62,0.15,bus16_ct25,16.0,0.25,True,False,0.9200528013731253,1.0,0.6802112054925011,1.0,-5.865024099467914e-11,181.98250231139292,1.3604224109850005,-780.4070626466694,-94.96294232039682,1372.7737340848878,1.0716114044189453,0.43319399767400474,0.36507840878281733,0.9534601038928918,0.9427300538571312,0.8823135250808235,2,884.19,383.0258008033783,501.16419919662184,451.92356289361476,1651.571541494308,14.5918461124976,451.92356289361476,balanced
62,0.15,gen_trip_g4,,,True,False,0.31852743095064157,0.518554431602119,0.17441954594670506,0.0625813146516232,0.9374186853483768,93.33979768838142,0.3488390918934092,-780.4070626466694,-776.9147374547327,1478.4637936104136,11.227237224578857,0.43319399767400474,0.36507840878281733,0.9534601038928918,0.9427300538571312,0.8823135250808235,2,884.19,383.0258008033783,501.16419919662184,451.92356289361476,1651.571541494308,14.5918461124976,451.92356289361476,balanced
63,0.15,bus4_ct10,4.0,0.1,True,False,0.6024197549711009,0.5892413372395555,0.23777860991859612,0.9934177354866963,0.00658226451330373,106.06344070312,0.4755572198371927,-1095.7281135971264,-1036.0592713981475,1902.67321858794,18.820083618164062,0.194244650227628,0.5968452802669169,0.867790081785649,1.0062907771613756,0.8017021025686759,3,884.19,171.7491772847664,712.4408227152336,287.7331272815536,1845.9302101070657,14.5918461124976,287.7331272815536,east_concentrated
63,0.15,bus14_ct10,14.0,0.1,True,False,0.5996170590724721,0.5893067577787536,0.2261297541478875,0.9937249665844937,0.00627503341550626,106.07521640017566,0.4522595082957759,-1095.7281135971264,-1036.4108289856192,1903.7468117430835,16.40464997291565,0.194244650227628,0.5968452802669169,0.867790081785649,1.0062907771613756,0.8017021025686759,3,884.19,171.7491772847664,712.4408227152336,287.7331272815536,1845.9302101070657,14.5918461124976,287.7331272815536,east_concentrated
63,0.15,bus16_ct10,16.0,0.1,True,False,0.6309072717231992,0.6495048668911159,0.2327423491421463,0.9918770039684187,0.00812299603158129,116.91087604040086,0.46548469828429084,-1095.7281135971264,-1036.2528822702052,2075.0799234089036,16.223101377487183,0.194244650227628,0.5968452802669169,0.867790081785649,1.0062907771613756,0.8017021025686759,3,884.19,171.7491772847664,712.4408227152336,287.7331272815536,1845.9302101070657,14.5918461124976,287.7331272815536,east_concentrated
63,0.15,bus26_ct10,26.0,0.1,True,False,0.5850461944419256,0.5589528127385712,0.2273856279771458,0.9948935243134142,0.005106475686585807,100.61150629294282,0.4547712559542916,-1095.7281135971264,-1037.2939861982986,1869.587854525061,16.790754795074463,0.194244650227628,0.5968452802669169,0.867790081785649,1.0062907771613756,0.8017021025686759,3,884.19,171.7491772847664,712.4408227152336,287.7331272815536,1845.9302101070657,14.5918461124976,287.7331272815536,east_concentrated
63,0.15,bus20_ct15,20.0,0.15,True,True,0.5303287523276032,0.4400757301147805,0.24116354908085214,1.0,-0.1346792843266869,79.21363142066049,0.4823270981617034,-1095.7281135971264,-610.3573330217569,1557.65109611948,2.7350568771362305,0.194244650227628,0.5968452802669169,0.867790081785649,1.0062907771613756,0.8017021025686759,3,884.19,171.7491772847664,712.4408227152336,287.7331272815536,1845.9302101070657,14.5918461124976,287.7331272815536,east_concentrated
63,0.15,bus8_ct15,8.0,0.15,True,False,0.6446310342953755,0.6261195249989528,0.33187000801557787,0.9944150791680183,0.005584920831981698,112.70151449981151,0.6637400160311535,-1095.7281135971264,-1035.3001305214102,2057.254778941718,15.947033882141113,0.194244650227628,0.5968452802669169,0.867790081785649,1.0062907771613756,0.8017021025686759,3,884.19,171.7491772847664,712.4408227152336,287.7331272815536,1845.9302101070657,14.5918461124976,287.7331272815536,east_concentrated
63,0.15,bus4_ct25,4.0,0.25,True,False,0.8100074143203635,0.8901777742481726,0.46543215957485273,0.9942419492102557,0.005758050789744351,160.23199936467105,0.930864319149709,-1095.7281135971264,-1030.2028502114338,2273.3759038956596,13.476313829421997,0.194244650227628,0.5968452802669169,0.867790081785649,1.0062907771613756,0.8017021025686759,3,884.19,171.7491772847664,712.4408227152336,287.7331272815536,1845.9302101070657,14.5918461124976,287.7331272815536,east_concentrated
63,0.15,bus16_ct25,16.0,0.25,True,False,0.9260673192749564,1.0,0.7042692770998258,1.0,-1.0155885746499965e-16,184.93344902988431,1.4085385541996542,-1095.7281135971264,-173.14565860823677,1557.65109611948,1.1859960556030273,0.194244650227628,0.5968452802669169,0.867790081785649,1.0062907771613756,0.8017021025686759,3,884.19,171.7491772847664,712.4408227152336,287.7331272815536,1845.9302101070657,14.5918461124976,287.7331272815536,east_concentrated
63,0.15,gen_trip_g4,,,True,False,0.3403443849335305,0.5525951922784036,0.1925439068814505,0.06364324829586432,0.9363567517041357,99.46713461011264,0.3850878137628988,-1095.7281135971264,-1038.771097140254,1627.8012715887173,15.729379892349243,0.194244650227628,0.5968452802669169,0.867790081785649,1.0062907771613756,0.8017021025686759,3,884.19,171.7491772847664,712.4408227152336,287.7331272815536,1845.9302101070657,14.5918461124976,287.7331272815536,east_concentrated
64,0.15,bus4_ct10,4.0,0.1,True,False,0.47535688030869827,0.34591246519338226,0.21618448612263919,0.9934181047253894,0.0065818952746106085,62.26424373480881,0.43236897224527615,-167.64378015182933,-326.71355773378,1541.0829946197928,14.318487644195557,0.8261775151232564,0.3124089378325479,0.885986500238445,1.167440349094324,0.9606395642995104,0,884.19,730.4978970968322,153.6921029031679,814.1345677736599,783.2349225360617,14.5918461124976,814.1345677736599,west_concentrated
64,0.15,bus14_ct10,14.0,0.1,True,False,0.47654951562813047,0.3447730978770965,0.22290469208070007,0.9937471746776289,0.006252825322371158,62.05915761787737,0.4458093841613975,-167.64378015182933,-329.73859908914847,1564.839342925622,13.756638526916504,0.8261775151232564,0.3124089378325479,0.885986500238445,1.167440349094324,0.9606395642995104,0,884.19,730.4978970968322,153.6921029031679,814.1345677736599,783.2349225360617,14.5918461124976,814.1345677736599,west_concentrated
64,0.15,bus16_ct10,16.0,0.1,True,False,0.4947171192676679,0.3877769071147756,0.21149402182901156,0.9918206410121091,0.00817935898789085,69.7998432806596,0.42298804365802356,-167.64378015182933,-326.45763400271704,1786.6763527539033,14.573479175567627,0.8261775151232564,0.3124089378325479,0.885986500238445,1.167440349094324,0.9606395642995104,0,884.19,730.4978970968322,153.6921029031679,814.1345677736599,783.2349225360617,14.5918461124976,814.1345677736599,west_concentrated
64,0.15,bus26_ct10,26.0,0.1,True,False,0.46410551527077026,0.3430078168400057,0.1754771408138147,0.994929286589255,0.0050707134107450405,61.74140703120103,0.35095428162762676,-167.64378015182933,-327.59041101642913,1386.1416402082857,13.976171493530273,0.8261775151232564,0.3124089378325479,0.885986500238445,1.167440349094324,0.9606395642995104,0,884.19,730.4978970968322,153.6921029031679,814.1345677736599,783.2349225360617,14.5918461124976,814.1345677736599,west_concentrated
64,0.15,bus20_ct15,20.0,0.15,True,False,0.5980815210913712,0.5411892269324238,0.3136082007229106,0.9963394297777266,0.0036605702222733466,97.41406084783628,0.6272164014458204,-167.64378015182933,-326.94868497428877,1741.9630635886474,14.345945596694946,0.8261775151232564,0.3124089378325479,0.885986500238445,1.167440349094324,0.9606395642995104,0,884.19,730.4978970968322,153.6921029031679,814.1345677736599,783.2349225360617,14.5918461124976,814.1345677736599,west_concentrated
64,0.15,bus8_ct15,8.0,0.15,True,False,0.48618765141540965,0.34430206449877815,0.2617978364118301,0.9943486402522521,0.005651359747747924,61.97437160978007,0.5235956728236624,-167.64378015182933,-327.1061306734676,1614.9799483722963,14.108033895492554,0.8261775151232564,0.3124089378325479,0.885986500238445,1.167440349094324,0.9606395642995104,0,884.19,730.4978970968322,153.6921029031679,814.1345677736599,783.2349225360617,14.5918461124976,814.1345677736599,west_concentrated
64,0.15,bus4_ct25,4.0,0.25,True,False,0.6730104050070174,0.5954555613542942,0.5072246664193933,0.9939058309000876,0.006094169099912468,107.18200104377296,1.014449332838785,-167.64378015182933,-320.27362513233226,2184.1010197130263,13.611509323120117,0.8261775151232564,0.3124089378325479,0.885986500238445,1.167440349094324,0.9606395642995104,0,884.19,730.4978970968322,153.6921029031679,814.1345677736599,783.2349225360617,14.5918461124976,814.1345677736599,west_concentrated
64,0.15,bus16_ct25,16.0,0.25,True,False,0.9444427389474388,1.0,0.7777709557897552,1.0,-3.4828368477700176e-11,180.17676137592505,1.5555419115795122,-167.64378015182933,-28.005421516263,1042.5479835620654,3.719508647918701,0.8261775151232564,0.3124089378325479,0.885986500238445,1.167440349094324,0.9606395642995104,0,884.19,730.4978970968322,153.6921029031679,814.1345677736599,783.2349225360617,14.5918461124976,814.1345677736599,west_concentrated
64,0.15,gen_trip_g4,,,True,False,0.21317717568339212,0.34091036446904044,0.13683616482020255,0.034051808975285036,0.965948191024715,61.36386560442728,0.2736723296404042,-167.64378015182933,-328.48800285159865,1205.2291176309895,13.666380882263184,0.8261775151232564,0.3124089378325479,0.885986500238445,1.167440349094324,0.9606395642995104,0,884.19,730.4978970968322,153.6921029031679,814.1345677736599,783.2349225360617,14.5918461124976,814.1345677736599,west_concentrated
65,0.15,bus4_ct10,4.0,0.1,True,False,0.5606855168292295,0.5097874533042446,0.2297169376199939,0.9934502230884348,0.00654977691156524,91.76174159476403,0.45943387523998513,-658.861141736947,-690.7775069683202,1754.6121782381003,9.52839994430542,0.5141225734999241,0.38763342762902286,0.9143956478405388,0.9725139198054306,0.9010920750912148,2,884.19,454.58203826289787,429.6079617371022,511.09346110538604,1516.8187435734235,14.5918461124976,511.09346110538604,balanced
65,0.15,bus14_ct10,14.0,0.1,True,False,0.5631656366232672,0.5133865379450144,0.23213751342154154,0.9937519571814987,0.00624804281850128,92.4095768301026,0.46427502684308175,-658.861141736947,-690.822096914711,1766.6170623678174,10.736302852630615,0.5141225734999241,0.38763342762902286,0.9143956478405388,0.9725139198054306,0.9010920750912148,2,884.19,454.58203826289787,429.6079617371022,511.09346110538604,1516.8187435734235,14.5918461124976,511.09346110538604,balanced
65,0.15,bus16_ct10,16.0,0.1,True,False,0.6006315801077453,0.591031482838406,0.22858815514123876,0.9918751996129302,0.008124800387069806,106.38566691091309,0.45717631028247663,-658.861141736947,-692.31749637135,1966.5277159543618,7.105271816253662,0.5141225734999241,0.38763342762902286,0.9143956478405388,0.9725139198054306,0.9010920750912148,2,884.19,454.58203826289787,429.6079617371022,511.09346110538604,1516.8187435734235,14.5918461124976,511.09346110538604,balanced
65,0.15,bus26_ct10,26.0,0.1,True,False,0.5408723478390728,0.4846212762619056,0.19935725069325017,0.99488958813923,0.005110411860770009,87.23182972714301,0.398714501386499,-658.861141736947,-692.8137789755807,1622.9955029544144,6.710306167602539,0.5141225734999241,0.38763342762902286,0.9143956478405388,0.9725139198054306,0.9010920750912148,2,884.19,454.58203826289787,429.6079617371022,511.09346110538604,1516.8187435734235,14.5918461124976,511.09346110538604,balanced
65,0.15,bus20_ct15,20.0,0.15,True,False,0.9250929855040555,1.0,0.700371942016222,1.0,-0.1307395973088665,180.91602373880164,1.4007438840324449,-658.861141736947,-772.6034901336171,1346.2569889484316,1.599820852279663,0.5141225734999241,0.38763342762902286,0.9143956478405388,0.9725139198054306,0.9010920750912148,2,884.19,454.58203826289787,429.6079617371022,511.09346110538604,1516.8187435734235,14.5918461124976,511.09346110538604,balanced
65,0.15,bus8_ct15,8.0,0.15,True,False,0.5870340356559482,0.5324309759136497,0.28886785541619275,0.9944063353803005,0.005593664619699416,95.83757566445695,0.5777357108323855,-658.861141736947,-691.5254495052251,1883.0029128220551,7.555518388748169,0.5141225734999241,0.38763342762902286,0.9143956478405388,0.9725139198054306,0.9010920750912148,2,884.19,454.58203826289787,429.6079617371022,511.09346110538604,1516.8187435734235,14.5918461124976,511.09346110538604,balanced
65,0.15,bus4_ct25,4.0,0.25,True,False,0.7608328324404453,0.7856819191237109,0.477814469876364,0.9941530216379956,0.005846978362004441,141.42274544226797,0.9556289397527262,-658.861141736947,-686.6757224585992,2346.9909007549613,8.142337799072266,0.5141225734999241,0.38763342762902286,0.9143956478405388,0.9725139198054306,0.9010920750912148,2,884.19,454.58203826289787,429.6079617371022,511.09346110538604,1516.8187435734235,14.5918461124976,511.09346110538604,balanced
65,0.15,bus16_ct25,16.0,0.25,True,False,0.926811156065134,1.0,0.7072446242605359,1.0,-1.905771426781528e-13,183.93163161066607,1.4144892485210736,-658.861141736947,-73.76478254467361,1306.5744901178998,1.2628567218780518,0.5141225734999241,0.38763342762902286,0.9143956478405388,0.9725139198054306,0.9010920750912148,2,884.19,454.58203826289787,429.6079617371022,511.09346110538604,1516.8187435734235,14.5918461124976,511.09346110538604,balanced
65,0.15,gen_trip_g4,,,True,False,0.2948793230583596,0.480132082564878,0.1640267731118854,0.055226353991797095,0.9447736460082029,86.42377486167804,0.32805354622377214,-658.861141736947,-692.1162754613763,1425.8775576972002,12.316543817520142,0.5141225734999241,0.38763342762902286,0.9143956478405388,0.9725139198054306,0.9010920750912148,2,884.19,454.58203826289787,429.6079617371022,511.09346110538604,1516.8187435734235,14.5918461124976,511.09346110538604,balanced
66,0.15,bus4_ct10,4.0,0.1,True,False,0.4606949201101076,0.3190670638329818,0.21129682199896394,0.9933487307755029,0.006651269224497056,57.432071489936725,0.4225936439979261,-230.88554509186497,-391.01493194254886,1508.8877225497672,10.384755611419678,0.6671017737042302,0.6364897824380578,0.7084209278945641,1.146263422711263,0.9390553333193848,1,884.19,589.8447172915434,294.34528270845675,328.7029242765991,593.5827803346629,14.5918461124976,328.7029242765991,balanced
66,0.15,bus14_ct10,14.0,0.1,True,False,0.46343230444652217,0.32180816261981393,0.2164388540336688,0.993674038512792,0.006325961487208012,57.925469271566506,0.4328777080673385,-230.88554509186497,-392.12355652312243,1519.9098912393686,10.342789888381958,0.6671017737042302,0.6364897824380578,0.7084209278945641,1.146263422711263,0.9390553333193848,1,884.19,589.8447172915434,294.34528270845675,328.7029242765991,593.5827803346629,14.5918461124976,328.7029242765991,balanced
66,0.15,bus16_ct10,16.0,0.1,True,False,0.4941429987592209,0.38322350033810254,0.21835929313243696,0.9917657012282416,0.00823429877175836,68.98023006085846,0.43671858626487703,-230.88554509186497,-390.5264257518546,1718.5555578135436,10.841937780380249,0.6671017737042302,0.6364897824380578,0.7084209278945641,1.146263422711263,0.9390553333193848,1,884.19,589.8447172915434,294.34528270845675,328.7029242765991,593.5827803346629,14.5918461124976,328.7029242765991,balanced
66,0.15,bus26_ct10,26.0,0.1,True,False,0.45424335753025624,0.31353531324878536,0.1949781943416724,0.9949246092817817,0.005075390718218257,56.43635638478136,0.3899563886833457,-230.88554509186497,-394.7737316498003,1429.6944279343502,10.698293447494507,0.6671017737042302,0.6364897824380578,0.7084209278945641,1.146263422711263,0.9390553333193848,1,884.19,589.8447172915434,294.34528270845675,328.7029242765991,593.5827803346629,14.5918461124976,328.7029242765991,balanced
66,0.15,bus20_ct15,20.0,0.15,True,False,0.9311335300367363,1.0,0.7245341201469451,1.0,-0.30931081186318693,182.872635380519,1.4490682402938893,-230.88554509186497,-792.5223642557237,1418.7351711620977,1.993055820465088,0.6671017737042302,0.6364897824380578,0.7084209278945641,1.146263422711263,0.9390553333193848,1,884.19,589.8447172915434,294.34528270845675,328.7029242765991,593.5827803346629,14.5918461124976,328.7029242765991,balanced
66,0.15,bus8_ct15,8.0,0.15,True,False,0.4791253262879753,0.32400038653345037,0.2742327769201367,0.9942677551648637,0.0057322448351363065,58.32006957602106,0.5484655538402716,-230.88554509186497,-392.648183412558,1604.5445200797212,10.901607990264893,0.6671017737042302,0.6364897824380578,0.7084209278945641,1.146263422711263,0.9390553333193848,1,884.19,589.8447172915434,294.34528270845675,328.7029242765991,593.5827803346629,14.5918461124976,328.7029242765991,balanced
66,0.15,bus4_ct25,4.0,0.25,True,False,0.6320770462133591,0.5496637181542734,0.43517381500176455,0.9938069335431254,0.006193066456874518,98.93946926776921,0.8703476300035273,-230.88554509186497,-383.01346945438263,2136.7959876525874,11.76219630241394,0.6671017737042302,0.6364897824380578,0.7084209278945641,1.146263422711263,0.9390553333193848,1,884.19,589.8447172915434,294.34528270845675,328.7029242765991,593.5827803346629,14.5918461124976,328.7029242765991,balanced
66,0.15,bus16_ct25,16.0,0.25,True,True,0.6042589224568979,0.46067365695701223,0.5031813039549462,0.9925070719586213,0.007492928041378647,82.9212582522622,1.0063626079098942,-230.88554509186497,19.679369388145844,1067.4461070581735,3.587536334991455,0.6671017737042302,0.6364897824380578,0.7084209278945641,1.146263422711263,0.9390553333193848,1,884.19,589.8447172915434,294.34528270845675,328.7029242765991,593.5827803346629,14.5918461124976,328.7029242765991,balanced
66,0.15,gen_trip_g4,,,True,False,0.20410426724126277,0.3106754034737936,0.15817699717246114,0.03688926484500277,0.9631107351549972,55.92157262528284,0.3163539943449223,-230.88554509186497,-394.5268399786836,1226.4285659643801,10.744168996810913,0.6671017737042302,0.6364897824380578,0.7084209278945641,1.146263422711263,0.9390553333193848,1,884.19,589.8447172915434,294.34528270845675,328.7029242765991,593.5827803346629,14.5918461124976,328.7029242765991,balanced
67,0.15,bus4_ct10,4.0,0.1,True,False,0.48193285577018896,0.3563310997615923,0.22167718837618722,0.993392035181384,0.006607964818616003,64.13959795708661,0.443354376752374,-193.6371530089822,-419.3057570835147,1544.2709549309675,23.03038454055786,0.8765796712366555,0.6107830149374005,0.33285173618279895,1.131688873278751,0.8684671568337551,1,884.19,775.0629795107385,109.1270204892616,183.9826020862991,608.3736197816897,14.5918461124976,183.9826020862991,west_concentrated
67,0.15,bus14_ct10,14.0,0.1,True,False,0.4852522318739559,0.3595339383501913,0.2282250797752674,0.9937159710201735,0.006284028979826526,64.71610890303444,0.45645015955053214,-193.6371530089822,-419.05754720787564,1559.1430934931416,21.6479434967041,0.8765796712366555,0.6107830149374005,0.33285173618279895,1.131688873278751,0.8684671568337551,1,884.19,775.0629795107385,109.1270204892616,183.9826020862991,608.3736197816897,14.5918461124976,183.9826020862991,west_concentrated
67,0.15,bus16_ct10,16.0,0.1,True,False,0.5208483641617723,0.43225908178561534,0.2270542572939469,0.9918210357819115,0.008178964218088551,77.80663472141076,0.45410851458789203,-193.6371530089822,-419.5959881618116,1777.867402961307,19.335113286972046,0.8765796712366555,0.6107830149374005,0.33285173618279895,1.131688873278751,0.8684671568337551,1,884.19,775.0629795107385,109.1270204892616,183.9826020862991,608.3736197816897,14.5918461124976,183.9826020862991,west_concentrated
67,0.15,bus26_ct10,26.0,0.1,True,False,0.47200031364107764,0.34680595717958673,0.19947692864145594,0.9949124115636813,0.0050875884363187004,62.42507229232561,0.3989538572829088,-193.6371530089822,-419.99757849591924,1440.065541304467,20.12587857246399,0.8765796712366555,0.6107830149374005,0.33285173618279895,1.131688873278751,0.8684671568337551,1,884.19,775.0629795107385,109.1270204892616,183.9826020862991,608.3736197816897,14.5918461124976,183.9826020862991,west_concentrated
67,0.15,bus20_ct15,20.0,0.15,True,False,0.595313254790117,0.5534915689865302,0.2742698811874078,1.0,-0.13071327729689003,99.62848241757544,0.5485397623748156,-193.6371530089822,-419.9178282418162,1753.56767055836,21.148982524871826,0.8765796712366555,0.6107830149374005,0.33285173618279895,1.131688873278751,0.8684671568337551,1,884.19,775.0629795107385,109.1270204892616,183.9826020862991,608.3736197816897,14.5918461124976,183.9826020862991,west_concentrated
67,0.15,bus8_ct15,8.0,0.15,True,False,0.4969597342127896,0.36172691360545867,0.2700804080748824,0.9943047015653586,0.005695298434641434,65.11084444898256,0.540160816149764,-193.6371530089822,-417.9594485325696,1640.9800192900693,20.762895345687866,0.8765796712366555,0.6107830149374005,0.33285173618279895,1.131688873278751,0.8684671568337551,1,884.19,775.0629795107385,109.1270204892616,183.9826020862991,608.3736197816897,14.5918461124976,183.9826020862991,west_concentrated
67,0.15,bus4_ct25,4.0,0.25,True,False,0.6662966136702002,0.6087020436401053,0.45390507932705404,0.9938772880735365,0.006122711926463465,109.56636785521896,0.9078101586541099,-193.6371530089822,-414.032244623084,2181.4114858055736,20.69652223587036,0.8765796712366555,0.6107830149374005,0.33285173618279895,1.131688873278751,0.8684671568337551,1,884.19,775.0629795107385,109.1270204892616,183.9826020862991,608.3736197816897,14.5918461124976,183.9826020862991,west_concentrated
67,0.15,bus16_ct25,16.0,0.25,True,True,0.5960966625227302,0.45581814370695234,0.48006832098033314,0.9926820416966831,0.007317958303316953,82.04726586725143,0.9601366419606672,-193.6371530089822,42.51844699816594,1080.0457888449857,2.413637399673462,0.8765796712366555,0.6107830149374005,0.33285173618279895,1.131688873278751,0.8684671568337551,1,884.19,775.0629795107385,109.1270204892616,183.9826020862991,608.3736197816897,14.5918461124976,183.9826020862991,west_concentrated
67,0.15,gen_trip_g4,,,True,False,0.2198213659978128,0.34084257686875047,0.15824443383402098,0.03935587641972926,0.9606441235802707,61.35166383637508,0.3164888676680455,-193.6371530089822,-421.67513668249217,1243.621260853638,20.090827465057373,0.8765796712366555,0.6107830149374005,0.33285173618279895,1.131688873278751,0.8684671568337551,1,884.19,775.0629795107385,109.1270204892616,183.9826020862991,608.3736197816897,14.5918461124976,183.9826020862991,west_concentrated
68,0.15,bus4_ct10,4.0,0.1,True,False,0.4465068411112935,0.2905880976760165,0.21136867312556618,0.9934824959675749,0.006517504032425174,52.30585758168297,0.4227373462511297,6.559841294508757,-73.83300873146082,1385.152461051282,12.671756505966187,0.2531359489790634,0.8915623933499948,0.3470693357242483,0.9222259516175882,1.1902817357393904,2,884.19,223.82027472779808,660.3697252722019,326.4311129726538,587.1177639089824,14.5918461124976,326.4311129726538,east_concentrated
68,0.15,bus14_ct10,14.0,0.1,True,False,0.4500985975733047,0.29364160790385374,0.21933708408100117,0.9937740904045104,0.006225909595489641,52.85548942269367,0.438674168162001,6.559841294508757,-75.84943629236008,1402.5809520780476,11.270138263702393,0.2531359489790634,0.8915623933499948,0.3470693357242483,0.9222259516175882,1.1902817357393904,2,884.19,223.82027472779808,660.3697252722019,326.4311129726538,587.1177639089824,14.5918461124976,326.4311129726538,east_concentrated
68,0.15,bus16_ct10,16.0,0.1,True,False,0.477923859828577,0.35475332993053493,0.21045078270707052,0.9917379967461677,0.008262003253832303,63.85559938749629,0.4209015654141379,6.559841294508757,-76.07899922539623,1604.400257842623,12.43219804763794,0.2531359489790634,0.8915623933499948,0.3470693357242483,0.9222259516175882,1.1902817357393904,2,884.19,223.82027472779808,660.3697252722019,326.4311129726538,587.1177639089824,14.5918461124976,326.4311129726538,east_concentrated
68,0.15,bus26_ct10,26.0,0.1,True,False,0.4366712865771314,0.2820214386209995,0.18772970321657922,0.9949125658499475,0.005087434150052528,50.76385895177991,0.37545940643316067,6.559841294508757,-78.0050369445655,1279.982356724847,12.515162467956543,0.2531359489790634,0.8915623933499948,0.3470693357242483,0.9222259516175882,1.1902817357393904,2,884.19,223.82027472779808,660.3697252722019,326.4311129726538,587.1177639089824,14.5918461124976,326.4311129726538,east_concentrated
68,0.15,bus20_ct15,20.0,0.15,True,False,0.9394254691688673,1.0,0.7577018766754691,1.0,-0.12991446849084695,184.2603633356262,1.515403753350939,6.559841294508757,-628.3988444515804,1370.9807161359058,1.7014741897583008,0.2531359489790634,0.8915623933499948,0.3470693357242483,0.9222259516175882,1.1902817357393904,2,884.19,223.82027472779808,660.3697252722019,326.4311129726538,587.1177639089824,14.5918461124976,326.4311129726538,east_concentrated
68,0.15,bus8_ct15,8.0,0.15,True,False,0.46950429884606093,0.3072905172727421,0.26902491281439467,0.994411248024365,0.00558875197563502,55.31229310909358,0.5380498256287902,6.559841294508757,-78.59775566862253,1473.1454781086582,12.489773750305176,0.2531359489790634,0.8915623933499948,0.3470693357242483,0.9222259516175882,1.1902817357393904,2,884.19,223.82027472779808,660.3697252722019,326.4311129726538,587.1177639089824,14.5918461124976,326.4311129726538,east_concentrated
68,0.15,bus4_ct25,4.0,0.25,True,False,0.6502287138293474,0.5760632969196595,0.45477194746307603,0.9940163140149947,0.00598368598500526,103.69139344553872,0.9095438949261503,6.559841294508757,-69.29835808516043,2012.6248701310196,12.484556913375854,0.2531359489790634,0.8915623933499948,0.3470693357242483,0.9222259516175882,1.1902817357393904,2,884.19,223.82027472779808,660.3697252722019,326.4311129726538,587.1177639089824,14.5918461124976,326.4311129726538,east_concentrated
68,0.15,bus16_ct25,16.0,0.25,True,False,0.7103194183934551,0.6717514282701873,0.5053682684524858,0.9924065485809603,0.00759345141903961,120.91525708863372,1.0107365369049681,6.559841294508757,-67.4074514926654,2505.6878621689007,12.92435073852539,0.2531359489790634,0.8915623933499948,0.3470693357242483,0.9222259516175882,1.1902817357393904,2,884.19,223.82027472779808,660.3697252722019,326.4311129726538,587.1177639089824,14.5918461124976,326.4311129726538,east_concentrated
68,0.15,gen_trip_g4,,,True,False,0.18100970653490803,0.27656515208838056,0.13958842471356192,0.031320097249309065,0.9686799027506909,49.7817273759085,0.2791768494271252,6.559841294508757,-75.82267859690296,1070.128292807184,12.79525876045227,0.2531359489790634,0.8915623933499948,0.3470693357242483,0.9222259516175882,1.1902817357393904,2,884.19,223.82027472779808,660.3697252722019,326.4311129726538,587.1177639089824,14.5918461124976,326.4311129726538,east_concentrated
69,0.15,bus4_ct10,4.0,0.1,True,False,0.5913845622539651,0.568251828811854,0.23553867228876157,0.9934959191033906,0.006504080896609327,102.28532918613372,0.47107734457752404,-428.2941682086902,-665.9542644684233,1728.0717556908821,14.77745270729065,0.7996515928072949,0.7859810194750199,0.5601931111887358,0.8732234132638714,0.8987816749537147,0,884.19,707.0439418442821,177.14605815571792,-457.22240847390606,910.1633445006819,14.5918461124976,457.22240847390606,west_concentrated
69,0.15,bus14_ct10,14.0,0.1,True,False,0.5938774881736618,0.5717898606761143,0.2381436742828491,0.9937865570595696,0.006213442940430356,102.92217492170057,0.476287348565696,-428.2941682086902,-665.8218078584482,1742.3392434379484,14.22549843788147,0.7996515928072949,0.7859810194750199,0.5601931111887358,0.8732234132638714,0.8987816749537147,0,884.19,707.0439418442821,177.14605815571792,-457.22240847390606,910.1633445006819,14.5918461124976,457.22240847390606,west_concentrated
69,0.15,bus16_ct10,16.0,0.1,True,False,0.6325814424005289,0.6504121223615006,0.23758541679478995,0.9919161080843245,0.008083891915675441,117.07418202507012,0.4751708335895821,-428.2941682086902,-666.1529195396611,1979.525645346485,14.646240711212158,0.7996515928072949,0.7859810194750199,0.5601931111887358,0.8732234132638714,0.8987816749537147,0,884.19,707.0439418442821,177.14605815571792,-457.22240847390606,910.1633445006819,14.5918461124976,457.22240847390606,west_concentrated
69,0.15,bus26_ct10,26.0,0.1,True,False,0.5705405482461594,0.5415790186760042,0.20411894563371646,0.9948852099989125,0.005114790001087469,97.48422336168076,0.4082378912674334,-428.2941682086902,-666.3470749908415,1602.905709815137,14.501327753067017,0.7996515928072949,0.7859810194750199,0.5601931111887358,0.8732234132638714,0.8987816749537147,0,884.19,707.0439418442821,177.14605815571792,-457.22240847390606,910.1633445006819,14.5918461124976,457.22240847390606,west_concentrated
69,0.15,bus20_ct15,20.0,0.15,True,False,0.9196792741395896,1.0,0.6787170965583584,1.0,-0.09992304596278054,182.27874190136694,1.3574341931167178,-428.2941682086902,-744.694129421455,1339.5137752057437,1.8903672695159912,0.7996515928072949,0.7859810194750199,0.5601931111887358,0.8732234132638714,0.8987816749537147,0,884.19,707.0439418442821,177.14605815571792,-457.22240847390606,910.1633445006819,14.5918461124976,457.22240847390606,west_concentrated
69,0.15,bus8_ct15,8.0,0.15,True,False,0.6209633664077128,0.5932053134204714,0.3029768174936791,0.9944660212962291,0.005533978703770899,106.77695641568486,0.6059536349873573,-428.2941682086902,-665.7532634354035,1859.1339985103498,14.819394826889038,0.7996515928072949,0.7859810194750199,0.5601931111887358,0.8732234132638714,0.8987816749537147,0,884.19,707.0439418442821,177.14605815571792,-457.22240847390606,910.1633445006819,14.5918461124976,457.22240847390606,west_concentrated
69,0.15,bus4_ct25,4.0,0.25,True,False,0.7978902640633456,0.8665794098754204,0.46415164116142194,0.9942505953411197,0.005749404658880342,155.98429377757566,0.9283032823228465,-428.2941682086902,-661.5505911932324,2275.711784560154,14.488328695297241,0.7996515928072949,0.7859810194750199,0.5601931111887358,0.8732234132638714,0.8987816749537147,0,884.19,707.0439418442821,177.14605815571792,-457.22240847390606,910.1633445006819,14.5918461124976,457.22240847390606,west_concentrated
69,0.15,bus16_ct25,16.0,0.25,True,True,0.669117560821532,0.6067394160114692,0.4698272400592032,0.9931641712039861,0.006835828796013841,109.21309488206445,0.9396544801184037,-428.2941682086902,2.940250291601572,1253.624130613824,3.3037948608398438,0.7996515928072949,0.7859810194750199,0.5601931111887358,0.8732234132638714,0.8987816749537147,0,884.19,707.0439418442821,177.14605815571792,-457.22240847390606,910.1633445006819,14.5918461124976,457.22240847390606,west_concentrated
69,0.15,gen_trip_g4,,,True,False,0.33335111635271614,0.5464994921940916,0.18055989422132868,0.05984558680135277,0.9401544131986472,98.36990859493648,0.3611197884426587,-428.2941682086902,-667.9826704732825,1439.7002922898537,14.357106685638428,0.7996515928072949,0.7859810194750199,0.5601931111887358,0.8732234132638714,0.8987816749537147,0,884.19,707.0439418442821,177.14605815571792,-457.22240847390606,910.1633445006819,14.5918461124976,457.22240847390606,west_concentrated
70,0.15,bus4_ct10,4.0,0.1,True,False,0.5859796076119692,0.5533743734839182,0.24370481533289023,0.9934648681471505,0.006535131852849445,99.60738722710528,0.48740963066578047,-427.8238133221621,-741.2312911685143,1763.9255806396468,19.58336305618286,0.9104720847694775,0.839003926095949,0.5134278207918104,1.032845928703842,0.8126101599608446,0,884.19,805.0303126323244,79.1596873676757,-64.85385364284411,1079.8384720434692,14.5918461124976,64.85385364284411,west_concentrated
70,0.15,bus14_ct10,14.0,0.1,True,False,0.5889091311910445,0.5579144922144752,0.24602673409280484,0.9937808062424226,0.006219193757577407,100.42460859860554,0.49205346818561146,-427.8238133221621,-741.6065469219886,1779.495862184193,19.681482791900635,0.9104720847694775,0.839003926095949,0.5134278207918104,1.032845928703842,0.8126101599608446,0,884.19,805.0303126323244,79.1596873676757,-64.85385364284411,1079.8384720434692,14.5918461124976,64.85385364284411,west_concentrated
70,0.15,bus16_ct10,16.0,0.1,True,False,0.6338825365569873,0.6488108873462833,0.24596126615229963,0.9919471053830831,0.008052894616916917,116.785959722331,0.4919225323046006,-427.8238133221621,-741.6392611427249,2017.967270869808,20.308705806732178,0.9104720847694775,0.839003926095949,0.5134278207918104,1.032845928703842,0.8126101599608446,0,884.19,805.0303126323244,79.1596873676757,-64.85385364284411,1079.8384720434692,14.5918461124976,64.85385364284411,west_concentrated
70,0.15,bus26_ct10,26.0,0.1,True,False,0.5687262326882765,0.5328877086505752,0.21422987098927493,0.9948996424626804,0.005100357537319626,95.91978755710353,0.42845974197855297,-427.8238133221621,-740.3906404025386,1654.1315648663217,19.822179794311523,0.9104720847694775,0.839003926095949,0.5134278207918104,1.032845928703842,0.8126101599608446,0,884.19,805.0303126323244,79.1596873676757,-64.85385364284411,1079.8384720434692,14.5918461124976,64.85385364284411,west_concentrated
70,0.15,bus20_ct15,20.0,0.15,True,True,0.7519325495261151,0.7344361809429407,0.538857836218579,1.0,-0.30017570641884667,132.19851256972933,1.0777156724371606,-427.8238133221621,-625.1215552298515,1287.9119290545987,2.354552745819092,0.9104720847694775,0.839003926095949,0.5134278207918104,1.032845928703842,0.8126101599608446,0,884.19,805.0303126323244,79.1596873676757,-64.85385364284411,1079.8384720434692,14.5918461124976,64.85385364284411,west_concentrated
70,0.15,bus8_ct15,8.0,0.15,True,False,0.6127758884671117,0.5747767382402571,0.30714948548151355,0.994400591906419,0.0055994080935809366,103.45981288324627,0.6142989709630253,-427.8238133221621,-740.668891801898,1896.1164777929823,19.772396087646484,0.9104720847694775,0.839003926095949,0.5134278207918104,1.032845928703842,0.8126101599608446,0,884.19,805.0303126323244,79.1596873676757,-64.85385364284411,1079.8384720434692,14.5918461124976,64.85385364284411,west_concentrated
70,0.15,bus4_ct25,4.0,0.25,True,False,0.790230312252359,0.8459834614157665,0.4747787746240242,0.9941755515538788,0.005824448446121123,152.27702305483797,0.9495575492480457,-427.8238133221621,-737.3420760916035,2319.608051656731,19.349103450775146,0.9104720847694775,0.839003926095949,0.5134278207918104,1.032845928703842,0.8126101599608446,0,884.19,805.0303126323244,79.1596873676757,-64.85385364284411,1079.8384720434692,14.5918461124976,64.85385364284411,west_concentrated
70,0.15,bus16_ct25,16.0,0.25,True,True,0.6675233754741403,0.5937585335907406,0.4893392581873357,0.9932371765277443,0.006762823472255671,106.87653604633331,0.9786785163746714,-427.8238133221621,10.104857054463295,1287.9119290545987,3.6572885513305664,0.9104720847694775,0.839003926095949,0.5134278207918104,1.032845928703842,0.8126101599608446,0,884.19,805.0303126323244,79.1596873676757,-64.85385364284411,1079.8384720434692,14.5918461124976,64.85385364284411,west_concentrated
70,0.15,gen_trip_g4,,,True,False,0.3321459314591747,0.5344498406072152,0.18961067229409068,0.07007337232817779,0.9299266276718222,96.20097130929875,0.37922134458818313,-427.8238133221621,-741.7153094443559,1481.5694342258437,19.559388875961304,0.9104720847694775,0.839003926095949,0.5134278207918104,1.032845928703842,0.8126101599608446,0,884.19,805.0303126323244,79.1596873676757,-64.85385364284411,1079.8384720434692,14.5918461124976,64.85385364284411,west_concentrated
71,0.15,bus4_ct10,4.0,0.1,True,False,0.4990505518357102,0.37584822836989856,0.25107819726552094,0.9934275533375228,0.0065724466624772285,67.65268110658174,0.5021563945310437,-488.2865311917539,-516.3865410473704,1544.02759134465,15.527653217315674,0.1268109362248373,0.7480423816080635,0.4697333978938335,1.0151141595464848,0.9233713578723641,1,884.19,112.1249617006389,772.0650382993612,199.53200043686383,789.2740068314997,14.5918461124976,199.53200043686383,east_concentrated
71,0.15,bus14_ct10,14.0,0.1,True,False,0.49636779333591663,0.3779100628268557,0.23592523792117248,0.9937258097687826,0.006274190231217456,68.02381130883403,0.47185047584234585,-488.2865311917539,-516.2201473347966,1544.826172224149,15.664442539215088,0.1268109362248373,0.7480423816080635,0.4697333978938335,1.0151141595464848,0.9233713578723641,1,884.19,112.1249617006389,772.0650382993612,199.53200043686383,789.2740068314997,14.5918461124976,199.53200043686383,east_concentrated
71,0.15,bus16_ct10,16.0,0.1,True,False,0.5358470140907081,0.45995678872733997,0.23169224255473964,0.9917822363534128,0.008217763646587186,82.79222197092119,0.46338448510947927,-488.2865311917539,-519.3179794308285,1709.128045834793,16.139184713363647,0.1268109362248373,0.7480423816080635,0.4697333978938335,1.0151141595464848,0.9233713578723641,1,884.19,112.1249617006389,772.0650382993612,199.53200043686383,789.2740068314997,14.5918461124976,199.53200043686383,east_concentrated
71,0.15,bus26_ct10,26.0,0.1,True,False,0.4819234534926008,0.3572217584728216,0.21832030018609316,0.9949299968386667,0.0050700031613333035,64.29991652510789,0.43664060037218677,-488.2865311917539,-519.9615947125978,1532.2445149852651,16.081684112548828,0.1268109362248373,0.7480423816080635,0.4697333978938335,1.0151141595464848,0.9233713578723641,1,884.19,112.1249617006389,772.0650382993612,199.53200043686383,789.2740068314997,14.5918461124976,199.53200043686383,east_concentrated
71,0.15,bus20_ct15,20.0,0.15,True,False,0.91270539587717,1.0,0.6508215835086801,1.0,-0.4624162772959996,183.1739662020398,1.3016431670173612,-488.2865311917539,-941.9889814183683,1456.1717322034551,1.6083786487579346,0.1268109362248373,0.7480423816080635,0.4697333978938335,1.0151141595464848,0.9233713578723641,1,884.19,112.1249617006389,772.0650382993612,199.53200043686383,789.2740068314997,14.5918461124976,199.53200043686383,east_concentrated
71,0.15,bus8_ct15,8.0,0.15,True,False,0.534522491722494,0.3968168147020054,0.350064715264498,0.9943916222214669,0.005608377778533094,71.42702664636097,0.7001294305289973,-488.2865311917539,-517.6360836344924,1663.5689306427967,14.571065664291382,0.1268109362248373,0.7480423816080635,0.4697333978938335,1.0151141595464848,0.9233713578723641,1,884.19,112.1249617006389,772.0650382993612,199.53200043686383,789.2740068314997,14.5918461124976,199.53200043686383,east_concentrated
71,0.15,bus4_ct25,4.0,0.25,True,False,0.6934540095492556,0.6348771673672905,0.5100197090076293,0.994041994454812,0.0059580055451879605,114.2778901261123,1.0200394180152594,-488.2865311917539,-511.4870337599167,2151.885429344816,16.199579000473022,0.1268109362248373,0.7480423816080635,0.4697333978938335,1.0151141595464848,0.9233713578723641,1,884.19,112.1249617006389,772.0650382993612,199.53200043686383,789.2740068314997,14.5918461124976,199.53200043686383,east_concentrated
71,0.15,bus16_ct25,16.0,0.25,True,True,0.6906022912383124,0.5998437594388576,0.5701557161771547,0.9925659298983797,0.00743407010162039,107.97187669899436,1.1403114323543129,-488.2865311917539,-76.64957152510786,1150.6238759576745,2.9337480068206787,0.1268109362248373,0.7480423816080635,0.4697333978938335,1.0151141595464848,0.9233713578723641,1,884.19,112.1249617006389,772.0650382993612,199.53200043686383,789.2740068314997,14.5918461124976,199.53200043686383,east_concentrated
71,0.15,gen_trip_g4,,,True,False,0.22541253009333603,0.35489260054375393,0.15615711472802118,0.03570780455781508,0.9642921954421849,63.880668097875706,0.31231422945604104,-488.2865311917539,-521.123925195915,1260.8518541721005,15.801916360855103,0.1268109362248373,0.7480423816080635,0.4697333978938335,1.0151141595464848,0.9233713578723641,1,884.19,112.1249617006389,772.0650382993612,199.53200043686383,789.2740068314997,14.5918461124976,199.53200043686383,east_concentrated
72,0.15,bus4_ct10,4.0,0.1,True,False,0.5530681066791655,0.499182418460194,0.22044557163430056,0.9934620181619732,0.006537981838026832,89.85283532283492,0.44089114326860246,-612.7465060110704,-680.426826317999,1636.2602534963357,12.596105813980103,0.3518797892671993,0.7020649589007404,0.44778403425928054,0.8336602488831892,0.8589410259624926,1,884.19,311.128590872165,573.0614091278351,-517.1304029462409,853.8929718829277,14.5918461124976,517.1304029462409,balanced
72,0.15,bus14_ct10,14.0,0.1,True,False,0.5495370060372653,0.5003097625457915,0.20378540927822186,0.9937430897792565,0.006256910220743467,90.05575725824247,0.40757081855644417,-612.7465060110704,-676.821221254197,1640.5664346974452,11.760552406311035,0.3518797892671993,0.7020649589007404,0.44778403425928054,0.8336602488831892,0.8589410259624926,1,884.19,311.128590872165,573.0614091278351,-517.1304029462409,853.8929718829277,14.5918461124976,517.1304029462409,balanced
72,0.15,bus16_ct10,16.0,0.1,True,False,0.5840649824642832,0.563203752013467,0.21802341537308223,0.9918290104571165,0.00817098954288355,101.37667536242405,0.43604683074616624,-612.7465060110704,-678.4354436235928,1804.6500671073538,12.003875494003296,0.3518797892671993,0.7020649589007404,0.44778403425928054,0.8336602488831892,0.8589410259624926,1,884.19,311.128590872165,573.0614091278351,-517.1304029462409,853.8929718829277,14.5918461124976,517.1304029462409,balanced
72,0.15,bus26_ct10,26.0,0.1,True,False,0.5435003155987521,0.4876252602673314,0.20387260260860884,0.9948781392517366,0.005121860748263415,87.77254684811965,0.4077452052172159,-612.7465060110704,-677.7452401957584,1602.6964140522027,12.199537515640259,0.3518797892671993,0.7020649589007404,0.44778403425928054,0.8336602488831892,0.8589410259624926,1,884.19,311.128590872165,573.0614091278351,-517.1304029462409,853.8929718829277,14.5918461124976,517.1304029462409,balanced
72,0.15,bus20_ct15,20.0,0.15,True,True,0.5057966717244285,0.39836107006969596,0.22646454675832217,1.0,-0.13950919295697062,71.70499261254527,0.45292909351664523,-612.7465060110704,-438.6809719554045,1214.663523421559,1.7589020729064941,0.3518797892671993,0.7020649589007404,0.44778403425928054,0.8336602488831892,0.8589410259624926,1,884.19,311.128590872165,573.0614091278351,-517.1304029462409,853.8929718829277,14.5918461124976,517.1304029462409,balanced
72,0.15,bus8_ct15,8.0,0.15,True,False,0.5934936815202739,0.5311553967180951,0.31720907120199726,0.9944548614429084,0.005545138557091642,95.60797140925712,0.6344181424039919,-612.7465060110704,-692.2993289514754,1787.3297876275226,7.379156589508057,0.3518797892671993,0.7020649589007404,0.44778403425928054,0.8336602488831892,0.8589410259624926,1,884.19,311.128590872165,573.0614091278351,-517.1304029462409,853.8929718829277,14.5918461124976,517.1304029462409,balanced
72,0.15,bus4_ct25,4.0,0.25,True,False,0.7231085656375905,0.7230321441607326,0.4521966220740339,0.9941733521548629,0.005826647845137091,130.14578594893186,0.9043932441480651,-612.7465060110704,-671.7845841647327,2191.8133763181895,11.226855993270874,0.3518797892671993,0.7020649589007404,0.44778403425928054,0.8336602488831892,0.8589410259624926,1,884.19,311.128590872165,573.0614091278351,-517.1304029462409,853.8929718829277,14.5918461124976,517.1304029462409,balanced
72,0.15,bus16_ct25,16.0,0.25,True,False,0.9224040188510072,1.0,0.6896160754040288,1.0,-8.35098754351878e-12,182.0754493862676,1.3792321508080585,-612.7465060110704,-152.98568800858578,1214.663523421559,1.162508249282837,0.3518797892671993,0.7020649589007404,0.44778403425928054,0.8336602488831892,0.8589410259624926,1,884.19,311.128590872165,573.0614091278351,-517.1304029462409,853.8929718829277,14.5918461124976,517.1304029462409,balanced
72,0.15,gen_trip_g4,,,True,False,0.2892362044320303,0.48160169819867765,0.15461903704455437,0.0391223842862114,0.9608776157137886,86.68830567576198,0.30923807408910875,-612.7465060110704,-683.2540990045113,1341.9596711368897,11.353548526763916,0.3518797892671993,0.7020649589007404,0.44778403425928054,0.8336602488831892,0.8589410259624926,1,884.19,311.128590872165,573.0614091278351,-517.1304029462409,853.8929718829277,14.5918461124976,517.1304029462409,balanced
73,0.15,bus4_ct10,4.0,0.1,True,False,0.4989191313751344,0.3850118183814397,0.23220748356704846,0.9934454051706096,0.006554594829390335,69.30212730865915,0.4644149671340969,-166.9322548881573,-425.39870658122743,1645.5457528642291,7.992530584335327,0.8008442021964205,0.7970692553183985,0.5986720936219962,1.1919563908438704,1.0153261839844472,3,884.19,708.0984351400531,176.09156485994697,421.4526094379304,767.2120444290781,14.5918461124976,421.4526094379304,west_concentrated
73,0.15,bus14_ct10,14.0,0.1,True,False,0.5034128562565408,0.39108963113736817,0.23769482860449997,0.9937773341469265,0.0062226658530735455,70.39613360472627,0.47538965720899995,-166.9322548881573,-422.18031868209096,1666.8085607965074,7.476557493209839,0.8008442021964205,0.7970692553183985,0.5986720936219962,1.1919563908438704,1.0153261839844472,3,884.19,708.0984351400531,176.09156485994697,421.4526094379304,767.2120444290781,14.5918461124976,421.4526094379304,west_concentrated
73,0.15,bus16_ct10,16.0,0.1,True,False,0.5461760653588772,0.48103041363305493,0.23078880935736024,0.9918546248120385,0.008145375187961544,86.58547445394989,0.46157761871472136,-166.9322548881573,-422.0908819840046,1904.4646177574439,8.460774898529053,0.8008442021964205,0.7970692553183985,0.5986720936219962,1.1919563908438704,1.0153261839844472,3,884.19,708.0984351400531,176.09156485994697,421.4526094379304,767.2120444290781,14.5918461124976,421.4526094379304,west_concentrated
73,0.15,bus26_ct10,26.0,0.1,True,False,0.48101583644804724,0.3660818798281384,0.19696342947833756,0.9949361566575746,0.00506384334242537,65.89473836906491,0.3939268589566747,-166.9322548881573,-423.3660289161192,1526.9994125424003,11.635535717010498,0.8008442021964205,0.7970692553183985,0.5986720936219962,1.1919563908438704,1.0153261839844472,3,884.19,708.0984351400531,176.09156485994697,421.4526094379304,767.2120444290781,14.5918461124976,421.4526094379304,west_concentrated
73,0.15,bus20_ct15,20.0,0.15,True,False,0.6557119968651587,0.653724840695953,0.3190178886781041,0.9963804173906246,0.003619582609375427,117.67047132527155,0.6380357773562073,-166.9322548881573,-422.0667344499556,1847.7959528905494,7.984015226364136,0.8008442021964205,0.7970692553183985,0.5986720936219962,1.1919563908438704,1.0153261839844472,3,884.19,708.0984351400531,176.09156485994697,421.4526094379304,767.2120444290781,14.5918461124976,421.4526094379304,west_concentrated
73,0.15,bus8_ct15,8.0,0.15,True,False,0.5152533499545657,0.38979021903447786,0.287057936590152,0.9943750251591553,0.005624974840844707,70.16223942620601,0.5741158731803009,-166.9322548881573,-424.01896986845315,1736.6683429171064,10.208435773849487,0.8008442021964205,0.7970692553183985,0.5986720936219962,1.1919563908438704,1.0153261839844472,3,884.19,708.0984351400531,176.09156485994697,421.4526094379304,767.2120444290781,14.5918461124976,421.4526094379304,west_concentrated
73,0.15,bus4_ct25,4.0,0.25,True,False,0.7262802735833231,0.7011676234023743,0.5087596467491231,0.9940262007794212,0.005973799220578824,126.21017221242737,1.0175192934982435,-166.9322548881573,-416.9143900812507,2277.7533014070746,8.838207483291626,0.8008442021964205,0.7970692553183985,0.5986720936219962,1.1919563908438704,1.0153261839844472,3,884.19,708.0984351400531,176.09156485994697,421.4526094379304,767.2120444290781,14.5918461124976,421.4526094379304,west_concentrated
73,0.15,bus16_ct25,16.0,0.25,True,True,0.601624594500094,0.45752109641082167,0.49861020523960065,0.9928459799391323,0.007154020060867758,82.3537973539479,0.9972204104792048,-166.9322548881573,52.19069943074701,1152.7941666462084,3.018651247024536,0.8008442021964205,0.7970692553183985,0.5986720936219962,1.1919563908438704,1.0153261839844472,3,884.19,708.0984351400531,176.09156485994697,421.4526094379304,767.2120444290781,14.5918461124976,421.4526094379304,west_concentrated
73,0.15,gen_trip_g4,,,True,False,0.22968648351583867,0.35811239925508603,0.1547929435061839,0.04772819204699874,0.9522718079530013,64.46023186591549,0.30958588701236467,-166.9322548881573,-427.6113663831244,1326.5207710938828,11.232592105865479,0.8008442021964205,0.7970692553183985,0.5986720936219962,1.1919563908438704,1.0153261839844472,3,884.19,708.0984351400531,176.09156485994697,421.4526094379304,767.2120444290781,14.5918461124976,421.4526094379304,west_concentrated
74,0.15,bus4_ct10,4.0,0.1,True,False,0.5310473992527335,0.4446088241297964,0.24147664967153304,0.9934952990798079,0.006504700920192043,80.02958834336336,0.4829532993430652,-457.8383366187786,-461.6849785167635,1542.527273435717,11.540660858154297,0.2972714000808566,0.7579849992395521,0.6885557009543096,0.8076735925803357,1.0546923040940095,1,884.19,262.8443992374926,621.3456007625074,-581.2952267584351,506.5711421228739,14.5918461124976,581.2952267584351,east_concentrated
74,0.15,bus14_ct10,14.0,0.1,True,False,0.5278597938904654,0.4466381918836188,0.22439050696665674,0.9937722848279674,0.006227715172032603,80.39487453905139,0.4487810139333104,-457.8383366187786,-462.4032983508442,1551.4787764196242,11.17033863067627,0.2972714000808566,0.7579849992395521,0.6885557009543096,0.8076735925803357,1.0546923040940095,1,884.19,262.8443992374926,621.3456007625074,-581.2952267584351,506.5711421228739,14.5918461124976,581.2952267584351,east_concentrated
74,0.15,bus16_ct10,16.0,0.1,True,False,0.5645093644358996,0.5209386381929716,0.22435671888000996,0.9918034624776453,0.008196537522354766,93.76895487473489,0.44871343776001993,-457.8383366187786,-462.38130351276686,1731.0505754760768,11.465862512588501,0.2972714000808566,0.7579849992395521,0.6885557009543096,0.8076735925803357,1.0546923040940095,1,884.19,262.8443992374926,621.3456007625074,-581.2952267584351,506.5711421228739,14.5918461124976,581.2952267584351,east_concentrated
74,0.15,bus26_ct10,26.0,0.1,True,False,0.5188705371518569,0.42851588190827955,0.22354720932753835,0.9949031754633305,0.005096824536669473,77.13285874349032,0.4470944186550785,-457.8383366187786,-463.05551875630067,1523.232273037162,10.477389097213745,0.2972714000808566,0.7579849992395521,0.6885557009543096,0.8076735925803357,1.0546923040940095,1,884.19,262.8443992374926,621.3456007625074,-581.2952267584351,506.5711421228739,14.5918461124976,581.2952267584351,east_concentrated
74,0.15,bus20_ct15,20.0,0.15,True,False,0.9103925271678905,1.0,0.6415701086715622,1.0,-0.13579275599947402,186.67810326413445,1.2831402173431217,-457.8383366187786,-591.7710579492498,1191.7072691299168,1.646846055984497,0.2972714000808566,0.7579849992395521,0.6885557009543096,0.8076735925803357,1.0546923040940095,1,884.19,262.8443992374926,621.3456007625074,-581.2952267584351,506.5711421228739,14.5918461124976,581.2952267584351,east_concentrated
74,0.15,bus8_ct15,8.0,0.15,True,False,0.5707218875161664,0.47412167862438187,0.3401664107953586,0.994477782020543,0.005522217979456937,85.34190215238874,0.680332821590719,-457.8383366187786,-461.04880731284277,1681.6760222627454,10.66071605682373,0.2972714000808566,0.7579849992395521,0.6885557009543096,0.8076735925803357,1.0546923040940095,1,884.19,262.8443992374926,621.3456007625074,-581.2952267584351,506.5711421228739,14.5918461124976,581.2952267584351,east_concentrated
74,0.15,bus4_ct25,4.0,0.25,True,False,0.7058899384458341,0.6843047462749511,0.46077701210304056,0.9941732491303937,0.005826750869606263,123.1748543294912,0.9215540242060838,-457.8383366187786,-457.6027146265833,2140.6079420536776,10.6009361743927,0.2972714000808566,0.7579849992395521,0.6885557009543096,0.8076735925803357,1.0546923040940095,1,884.19,262.8443992374926,621.3456007625074,-581.2952267584351,506.5711421228739,14.5918461124976,581.2952267584351,east_concentrated
74,0.15,bus16_ct25,16.0,0.25,True,True,0.71016310513327,0.6515390405648985,0.544897154935235,0.9926771844680475,0.007322815531952477,117.27702730168173,1.089794309870471,-457.8383366187786,-64.81136419781289,1157.0927378759302,2.5085952281951904,0.2972714000808566,0.7579849992395521,0.6885557009543096,0.8076735925803357,1.0546923040940095,1,884.19,262.8443992374926,621.3456007625074,-581.2952267584351,506.5711421228739,14.5918461124976,581.2952267584351,east_concentrated
74,0.15,gen_trip_g4,,,True,False,0.2649179911919786,0.42417775841941185,0.16703080317321195,0.04428564475587882,0.9557143552441212,76.35199651549414,0.33406160634642745,-457.8383366187786,-463.90382001539086,1271.6909441357695,11.10621953010559,0.2972714000808566,0.7579849992395521,0.6885557009543096,0.8076735925803357,1.0546923040940095,1,884.19,262.8443992374926,621.3456007625074,-581.2952267584351,506.5711421228739,14.5918461124976,581.2952267584351,east_concentrated
75,0.15,bus4_ct10,4.0,0.1,True,False,0.46765703781542567,0.3270681642756992,0.22302123248047323,0.9934705902298312,0.006529409770168756,58.87226956962585,0.44604246496094513,-137.84767255894172,-239.67686301759758,1429.0640425967365,10.292669534683228,0.45992232106653186,0.6777799975377106,0.4159517792403743,0.9357411791362649,1.0634806897442002,1,884.19,406.6587170638168,477.53128293618323,-246.8474415810649,254.0896396478579,14.5918461124976,246.8474415810649,balanced
75,0.15,bus14_ct10,14.0,0.1,True,False,0.4659208667922634,0.32869133205635187,0.2125426750941024,0.9937581279622475,0.006241872037752499,59.16443977014333,0.4250853501882035,-137.84767255894172,-240.32364486914773,1442.4651108933185,11.134130954742432,0.45992232106653186,0.6777799975377106,0.4159517792403743,0.9357411791362649,1.0634806897442002,1,884.19,406.6587170638168,477.53128293618323,-246.8474415810649,254.0896396478579,14.5918461124976,246.8474415810649,balanced
75,0.15,bus16_ct10,16.0,0.1,True,False,0.5020032805747666,0.40208818053270234,0.21207135699289736,0.9917654042407644,0.00823459575923552,72.37587249588643,0.4241427139857956,-137.84767255894172,-241.95708167885414,1632.6167171304276,10.678025722503662,0.45992232106653186,0.6777799975377106,0.4159517792403743,0.9357411791362649,1.0634806897442002,1,884.19,406.6587170638168,477.53128293618323,-246.8474415810649,254.0896396478579,14.5918461124976,246.8474415810649,balanced
75,0.15,bus26_ct10,26.0,0.1,True,False,0.46105707617327724,0.32398943152679394,0.20134149014339897,0.9949079514961221,0.005092048503877946,58.31809767482291,0.4026829802868015,-137.84767255894172,-242.7075719220121,1376.1864687430393,10.52118444442749,0.45992232106653186,0.6777799975377106,0.4159517792403743,0.9357411791362649,1.0634806897442002,1,884.19,406.6587170638168,477.53128293618323,-246.8474415810649,254.0896396478579,14.5918461124976,246.8474415810649,balanced
75,0.15,bus20_ct15,20.0,0.15,True,False,0.5441798198284198,0.4670382466577076,0.24264278599826383,1.0,-0.13493267021058603,84.06688439838737,0.4852855719965299,-137.84767255894172,-241.3075895840504,1639.9284195735993,11.68280029296875,0.45992232106653186,0.6777799975377106,0.4159517792403743,0.9357411791362649,1.0634806897442002,1,884.19,406.6587170638168,477.53128293618323,-246.8474415810649,254.0896396478579,14.5918461124976,246.8474415810649,balanced
75,0.15,bus8_ct15,8.0,0.15,True,False,0.49406848705937767,0.3378313979539771,0.3061844065869508,0.9944267457426058,0.005573254257394158,60.80965163171587,0.6123688131739002,-137.84767255894172,-242.56330855368662,1532.8611063141489,11.230329275131226,0.45992232106653186,0.6777799975377106,0.4159517792403743,0.9357411791362649,1.0634806897442002,1,884.19,406.6587170638168,477.53128293618323,-246.8474415810649,254.0896396478579,14.5918461124976,246.8474415810649,balanced
75,0.15,bus4_ct25,4.0,0.25,True,False,0.650133592921508,0.5762307670522849,0.4540274619987592,0.9940453755827029,0.005954624417297144,103.7215380694113,0.9080549239975166,-137.84767255894172,-234.01969119403486,2052.5743998496628,10.741724729537964,0.45992232106653186,0.6777799975377106,0.4159517792403743,0.9357411791362649,1.0634806897442002,1,884.19,406.6587170638168,477.53128293618323,-246.8474415810649,254.0896396478579,14.5918461124976,246.8474415810649,balanced
75,0.15,bus16_ct25,16.0,0.25,True,False,0.9083998462403975,1.0,0.6335993849643842,0.9999999999972058,2.7941618236036918e-12,180.14317964316706,1.2671987699287701,-137.84767255894172,-462.1977222701438,1141.3573317587993,1.6216506958007812,0.45992232106653186,0.6777799975377106,0.4159517792403743,0.9357411791362649,1.0634806897442002,1,884.19,406.6587170638168,477.53128293618323,-246.8474415810649,254.0896396478579,14.5918461124976,246.8474415810649,balanced
75,0.15,gen_trip_g4,,,True,False,0.20165057313459156,0.3146626391306571,0.1473225739468802,0.029954440330171805,0.9700455596698282,56.63927504351828,0.2946451478937617,-137.84767255894172,-243.13556948797628,1135.0008643731985,10.613147735595703,0.45992232106653186,0.6777799975377106,0.4159517792403743,0.9357411791362649,1.0634806897442002,1,884.19,406.6587170638168,477.53128293618323,-246.8474415810649,254.0896396478579,14.5918461124976,246.8474415810649,balanced
76,0.15,bus4_ct10,4.0,0.1,True,False,0.4767716884228852,0.33450020771980504,0.24459416730169892,0.9934921709502317,0.006507829049768291,60.21003738956491,0.4891883346033987,108.80080478828975,-287.3064835334713,1471.359640284586,13.152222394943237,0.8688040109262161,0.9958584086475424,0.5669447500957396,1.1718343123657609,1.0489472192014588,1,884.19,768.187818420851,116.00218157914902,21.158175674344534,159.7256441812874,14.5918461124976,21.158175674344534,west_concentrated
76,0.15,bus14_ct10,14.0,0.1,True,False,0.47833701663542316,0.3341757821388079,0.251183711871807,0.99381279039227,0.006187209607730054,60.15164078498542,0.5023674237436149,108.80080478828975,-290.57833718982454,1493.9278950657886,14.138338565826416,0.8688040109262161,0.9958584086475424,0.5669447500957396,1.1718343123657609,1.0489472192014588,1,884.19,768.187818420851,116.00218157914902,21.158175674344534,159.7256441812874,14.5918461124976,21.158175674344534,west_concentrated
76,0.15,bus16_ct10,16.0,0.1,True,False,0.5051267836598279,0.38735648449100013,0.253948049492724,0.9918461161645871,0.00815388383541299,69.72416720838002,0.5078960989854453,108.80080478828975,-287.88904789444473,1731.9618306498169,14.83198070526123,0.8688040109262161,0.9958584086475424,0.5669447500957396,1.1718343123657609,1.0489472192014588,1,884.19,768.187818420851,116.00218157914902,21.158175674344534,159.7256441812874,14.5918461124976,21.158175674344534,west_concentrated
76,0.15,bus26_ct10,26.0,0.1,True,False,0.47405063869681724,0.3369827135920176,0.22726912464987237,0.9949680029533614,0.0050319970466385635,60.656888446563165,0.4545382492997474,108.80080478828975,-292.9418757548686,1427.1723912752502,13.957602500915527,0.8688040109262161,0.9958584086475424,0.5669447500957396,1.1718343123657609,1.0489472192014588,1,884.19,768.187818420851,116.00218157914902,21.158175674344534,159.7256441812874,14.5918461124976,21.158175674344534,west_concentrated
76,0.15,bus20_ct15,20.0,0.15,True,False,0.9368687135970433,1.0,0.7474748543881731,1.0,-0.21309906213029414,181.98091670540478,1.4949497087763497,108.80080478828975,-635.3493718833737,1392.5473319769435,1.9076836109161377,0.8688040109262161,0.9958584086475424,0.5669447500957396,1.1718343123657609,1.0489472192014588,1,884.19,768.187818420851,116.00218157914902,21.158175674344534,159.7256441812874,14.5918461124976,21.158175674344534,west_concentrated
76,0.15,bus8_ct15,8.0,0.15,True,False,0.4887674945299477,0.3349723781127936,0.2907192260834961,0.9944059958107074,0.0055940041892926055,60.295028060302855,0.5814384521669891,108.80080478828975,-286.81869856403426,1537.982017885546,15.453986644744873,0.8688040109262161,0.9958584086475424,0.5669447500957396,1.1718343123657609,1.0489472192014588,1,884.19,768.187818420851,116.00218157914902,21.158175674344534,159.7256441812874,14.5918461124976,21.158175674344534,west_concentrated
76,0.15,bus4_ct25,4.0,0.25,True,False,0.6498934020061489,0.5790150371148224,0.447594874411017,0.9939486593839337,0.006051340616066256,104.22270668066803,0.8951897488220362,108.80080478828975,-280.89972565743574,2093.5355874121997,15.34874415397644,0.8688040109262161,0.9958584086475424,0.5669447500957396,1.1718343123657609,1.0489472192014588,1,884.19,768.187818420851,116.00218157914902,21.158175674344534,159.7256441812874,14.5918461124976,21.158175674344534,west_concentrated
76,0.15,bus16_ct25,16.0,0.25,True,True,0.5732688456363526,0.4134411343305434,0.4735933234112757,0.9925997904730479,0.007400209526952043,74.41940417949782,0.9471866468225532,108.80080478828975,63.643994557448416,1000.3623578360377,3.200274705886841,0.8688040109262161,0.9958584086475424,0.5669447500957396,1.1718343123657609,1.0489472192014588,1,884.19,768.187818420851,116.00218157914902,21.158175674344534,159.7256441812874,14.5918461124976,21.158175674344534,west_concentrated
76,0.15,gen_trip_g4,,,True,False,0.22618793520421368,0.334707466488453,0.18235629739840675,0.05298051044154195,0.947019489558458,60.24734396792154,0.3647125947968166,108.80080478828975,-292.7751316439784,1239.8516440234046,13.99656057357788,0.8688040109262161,0.9958584086475424,0.5669447500957396,1.1718343123657609,1.0489472192014588,1,884.19,768.187818420851,116.00218157914902,21.158175674344534,159.7256441812874,14.5918461124976,21.158175674344534,west_concentrated
77,0.15,bus4_ct10,4.0,0.1,True,False,0.550159005774389,0.49065360875402353,0.22585134706440257,0.9934774585251064,0.0065225414748936224,88.31764957572423,0.45170269412880826,-469.967258230013,-503.8185966585448,1664.0703302226207,13.79851746559143,0.5463456688951825,0.320568376667014,0.8545691432063287,0.8485612806702886,1.0307902952751256,2,884.19,483.0733769804315,401.1166230195686,134.80654012061578,1123.1983966758412,14.5918461124976,134.80654012061578,balanced
77,0.15,bus14_ct10,14.0,0.1,True,False,0.5530684336045804,0.49478378020965785,0.22894113993185883,0.9937650340671469,0.006234965932853164,89.06108043773841,0.4578822798637172,-469.967258230013,-502.4463780373612,1673.026806715213,12.961372375488281,0.5463456688951825,0.320568376667014,0.8545691432063287,0.8485612806702886,1.0307902952751256,2,884.19,483.0733769804315,401.1166230195686,134.80654012061578,1123.1983966758412,14.5918461124976,134.80654012061578,balanced
77,0.15,bus16_ct10,16.0,0.1,True,False,0.5876514949396434,0.567438752257342,0.2238823762264559,0.9918460990174338,0.008153900982566194,102.13897540632156,0.4477647524529149,-469.967258230013,-503.3900409345984,1895.9379211103058,13.997699737548828,0.5463456688951825,0.320568376667014,0.8545691432063287,0.8485612806702886,1.0307902952751256,2,884.19,483.0733769804315,401.1166230195686,134.80654012061578,1123.1983966758412,14.5918461124976,134.80654012061578,balanced
77,0.15,bus26_ct10,26.0,0.1,True,False,0.5285240571974543,0.46278675189658586,0.19363920839364468,0.9948835166030012,0.0051164833969988095,83.30161534138546,0.3872784167872889,-469.967258230013,-506.8444951382914,1529.3818156785503,15.087946891784668,0.5463456688951825,0.320568376667014,0.8545691432063287,0.8485612806702886,1.0307902952751256,2,884.19,483.0733769804315,401.1166230195686,134.80654012061578,1123.1983966758412,14.5918461124976,134.80654012061578,balanced
77,0.15,bus20_ct15,20.0,0.15,True,False,0.9299145556253343,1.0,0.7196582225013373,1.0,-0.1302689581719468,182.96495804476757,1.4393164450026763,-469.967258230013,-690.6993667318231,1328.0091442419646,1.4045395851135254,0.5463456688951825,0.320568376667014,0.8545691432063287,0.8485612806702886,1.0307902952751256,2,884.19,483.0733769804315,401.1166230195686,134.80654012061578,1123.1983966758412,14.5918461124976,134.80654012061578,balanced
77,0.15,bus8_ct15,8.0,0.15,True,False,0.5764939976839897,0.5128501383272999,0.28584125189449594,0.994434462186863,0.005565537813136976,92.31302489891397,0.5716825037889883,-469.967258230013,-504.17651249907533,1796.5608538457752,13.422062873840332,0.5463456688951825,0.320568376667014,0.8545691432063287,0.8485612806702886,1.0307902952751256,2,884.19,483.0733769804315,401.1166230195686,134.80654012061578,1123.1983966758412,14.5918461124976,134.80654012061578,balanced
77,0.15,bus4_ct25,4.0,0.25,True,False,0.7631796064217542,0.7879154861215721,0.48272266985721046,0.9941647835866617,0.005835216413338316,141.82478750188298,0.9654453397144191,-469.967258230013,-500.4368937560112,2271.0079967601428,12.89627480506897,0.5463456688951825,0.320568376667014,0.8545691432063287,0.8485612806702886,1.0307902952751256,2,884.19,483.0733769804315,401.1166230195686,134.80654012061578,1123.1983966758412,14.5918461124976,134.80654012061578,balanced
77,0.15,bus16_ct25,16.0,0.25,True,True,0.6435181554252317,0.5496858816895432,0.4817832938717572,0.9929175644500831,0.007082435549916912,98.94345870411779,0.9635665877435162,-469.967258230013,29.603222330601735,1205.7355652713509,2.863328218460083,0.5463456688951825,0.320568376667014,0.8545691432063287,0.8485612806702886,1.0307902952751256,2,884.19,483.0733769804315,401.1166230195686,134.80654012061578,1123.1983966758412,14.5918461124976,134.80654012061578,balanced
77,0.15,gen_trip_g4,,,True,False,0.28039189307335755,0.45859411201730504,0.155474497211177,0.04890485104764297,0.951095148952357,82.54694016311491,0.3109489944223509,-469.967258230013,-507.9674493408511,1337.1499343580113,15.260102272033691,0.5463456688951825,0.320568376667014,0.8545691432063287,0.8485612806702886,1.0307902952751256,2,884.19,483.0733769804315,401.1166230195686,134.80654012061578,1123.1983966758412,14.5918461124976,134.80654012061578,balanced
78,0.15,bus4_ct10,4.0,0.1,True,False,0.5351447357720879,0.4584943862695216,0.2301020358746051,0.993488134674703,0.00651186532529706,82.52898952851389,0.4602040717492084,-142.89199482435595,-314.1300136586038,1623.4468862793333,24.146661281585693,0.9461596651201984,0.45547892388585626,0.5446299097141123,0.8894460459083574,1.0982535852906414,3,884.19,836.5849143026284,47.60508569737174,-365.6438812316925,468.0434060903831,14.5918461124976,365.6438812316925,west_concentrated
78,0.15,bus14_ct10,14.0,0.1,True,False,0.5392805278395715,0.4630538742210718,0.23723317697569968,0.9937811859404427,0.006218814059557303,83.34969735979293,0.47446635395139714,-142.89199482435595,-315.39712077322827,1642.7852412180277,22.56512141227722,0.9461596651201984,0.45547892388585626,0.5446299097141123,0.8894460459083574,1.0982535852906414,3,884.19,836.5849143026284,47.60508569737174,-365.6438812316925,468.0434060903831,14.5918461124976,365.6438812316925,west_concentrated
78,0.15,bus16_ct10,16.0,0.1,True,False,0.5805950277606298,0.5539106947047202,0.2227351375147073,0.9918235841183712,0.008176415881628712,99.70392504684963,0.44547027502941594,-142.89199482435595,-313.6790916353192,1891.124079655691,21.61319065093994,0.9461596651201984,0.45547892388585626,0.5446299097141123,0.8894460459083574,1.0982535852906414,3,884.19,836.5849143026284,47.60508569737174,-365.6438812316925,468.0434060903831,14.5918461124976,365.6438812316925,west_concentrated
78,0.15,bus26_ct10,26.0,0.1,True,False,0.5108392668704578,0.4326018744837373,0.18327305214140566,0.9948802663729509,0.0051197336270490555,77.86833740707272,0.3665461042828144,-142.89199482435595,-314.77699079631515,1459.329901018446,21.16605234146118,0.9461596651201984,0.45547892388585626,0.5446299097141123,0.8894460459083574,1.0982535852906414,3,884.19,836.5849143026284,47.60508569737174,-365.6438812316925,468.0434060903831,14.5918461124976,365.6438812316925,west_concentrated
78,0.15,bus20_ct15,20.0,0.15,True,True,0.5292508336413764,0.3925660832236467,0.33187116811821227,1.0,-0.1300196923642895,70.6618949802564,0.6637423362364281,-142.89199482435595,-164.2181229928606,1118.6332466287383,3.8742198944091797,0.9461596651201984,0.45547892388585626,0.5446299097141123,0.8894460459083574,1.0982535852906414,3,884.19,836.5849143026284,47.60508569737174,-365.6438812316925,468.0434060903831,14.5918461124976,365.6438812316925,west_concentrated
78,0.15,bus8_ct15,8.0,0.15,True,False,0.5590156274486243,0.47468161305576423,0.2922512335723617,0.9944480501106071,0.005551949889392915,85.44269035003757,0.5845024671447208,-142.89199482435595,-314.99143508600946,1737.014017381215,21.86331295967102,0.9461596651201984,0.45547892388585626,0.5446299097141123,0.8894460459083574,1.0982535852906414,3,884.19,836.5849143026284,47.60508569737174,-365.6438812316925,468.0434060903831,14.5918461124976,365.6438812316925,west_concentrated
78,0.15,bus4_ct25,4.0,0.25,True,False,0.796024999587882,0.8307474291075124,0.5283945725117256,0.9942105676247776,0.005789432375222462,149.53453723935223,1.0567891450234512,-142.89199482435595,-307.4017337139268,2291.1211903419317,22.771421432495117,0.9461596651201984,0.45547892388585626,0.5446299097141123,0.8894460459083574,1.0982535852906414,3,884.19,836.5849143026284,47.60508569737174,-365.6438812316925,468.0434060903831,14.5918461124976,365.6438812316925,west_concentrated
78,0.15,bus16_ct25,16.0,0.25,True,True,0.6374675422404804,0.5224902485920305,0.5119413582719687,0.9929483135058917,0.007051686494108283,94.04824474656549,1.0238827165439401,-142.89199482435595,75.8363525336904,1118.6332466287383,3.4722108840942383,0.9461596651201984,0.45547892388585626,0.5446299097141123,0.8894460459083574,1.0982535852906414,3,884.19,836.5849143026284,47.60508569737174,-365.6438812316925,468.0434060903831,14.5918461124976,365.6438812316925,west_concentrated
78,0.15,gen_trip_g4,,,True,False,0.258331082267336,0.4230485966040132,0.14688802135698964,0.04033911450432781,0.9596608854956722,76.14874738872238,0.29377604271397795,-142.89199482435595,-314.8787017473675,1271.7609369093557,22.665268659591675,0.9461596651201984,0.45547892388585626,0.5446299097141123,0.8894460459083574,1.0982535852906414,3,884.19,836.5849143026284,47.60508569737174,-365.6438812316925,468.0434060903831,14.5918461124976,365.6438812316925,west_concentrated
79,0.15,bus4_ct10,4.0,0.1,True,False,0.5494237851505712,0.4895780172043641,0.2250598692656638,0.9934792369278928,0.006520763072107304,88.12404309678554,0.45011973853132714,-378.94712741347087,-491.6953157405188,1675.375695562329,9.241919755935669,0.6079821368300123,0.6606114670054395,0.7844351558033391,0.9049547376297777,1.0812499505776538,3,884.19,537.5717255637286,346.6182744362714,-289.97124792897387,759.0584410314964,14.5918461124976,289.97124792897387,balanced
79,0.15,bus14_ct10,14.0,0.1,True,False,0.5518671561780046,0.491818214257801,0.23006178174694014,0.9937704144494764,0.006229585550523576,88.52727856640418,0.4601235634938794,-378.94712741347087,-489.0331705692973,1682.693381093391,10.156380891799927,0.6079821368300123,0.6606114670054395,0.7844351558033391,0.9049547376297777,1.0812499505776538,3,884.19,537.5717255637286,346.6182744362714,-289.97124792897387,759.0584410314964,14.5918461124976,289.97124792897387,balanced
79,0.15,bus16_ct10,16.0,0.1,True,False,0.587645120855803,0.5673438078804488,0.22406988731837885,0.9918229803439356,0.008177019656064446,102.12188541848079,0.4481397746367555,-378.94712741347087,-493.5567732727336,1894.366552242068,9.643021821975708,0.6079821368300123,0.6606114670054395,0.7844351558033391,0.9049547376297777,1.0812499505776538,3,884.19,537.5717255637286,346.6182744362714,-289.97124792897387,759.0584410314964,14.5918461124976,289.97124792897387,balanced
79,0.15,bus26_ct10,26.0,0.1,True,False,0.5317616388228315,0.4661541893323313,0.1998484339469968,0.9948897426796661,0.005110257320333893,83.90775407981964,0.3996968678939927,-378.94712741347087,-492.165631483265,1576.4310352440857,10.080700874328613,0.6079821368300123,0.6606114670054395,0.7844351558033391,0.9049547376297777,1.0812499505776538,3,884.19,537.5717255637286,346.6182744362714,-289.97124792897387,759.0584410314964,14.5918461124976,289.97124792897387,balanced
79,0.15,bus20_ct15,20.0,0.15,True,False,0.9255075736098233,1.0,0.7020302944392931,1.0,-0.12978277453500578,180.05810007743375,1.4040605888785862,-378.94712741347087,-735.8403671763623,1406.3492735432064,1.4874773025512695,0.6079821368300123,0.6606114670054395,0.7844351558033391,0.9049547376297777,1.0812499505776538,3,884.19,537.5717255637286,346.6182744362714,-289.97124792897387,759.0584410314964,14.5918461124976,289.97124792897387,balanced
79,0.15,bus8_ct15,8.0,0.15,True,False,0.5759092154721056,0.5125542825970992,0.2840772815422561,0.9944510151519678,0.005548984848032276,92.25977086747785,0.5681545630845153,-378.94712741347087,-490.4176813654591,1809.8927122557302,9.30594253540039,0.6079821368300123,0.6606114670054395,0.7844351558033391,0.9049547376297777,1.0812499505776538,3,884.19,537.5717255637286,346.6182744362714,-289.97124792897387,759.0584410314964,14.5918461124976,289.97124792897387,balanced
79,0.15,bus4_ct25,4.0,0.25,True,False,0.7679451370580841,0.8003364015931147,0.4768992527425375,0.9942084923035696,0.0057915076964303895,144.06055228676064,0.953798505485075,-378.94712741347087,-489.424449277539,2283.838191906487,10.16965913772583,0.6079821368300123,0.6606114670054395,0.7844351558033391,0.9049547376297777,1.0812499505776538,3,884.19,537.5717255637286,346.6182744362714,-289.97124792897387,759.0584410314964,14.5918461124976,289.97124792897387,balanced
79,0.15,bus16_ct25,16.0,0.25,True,True,0.6740717168599173,0.5929216183468886,0.517555031606598,0.992888599139294,0.007111400860706,106.72589130243995,1.035110063213196,-378.94712741347087,-8.842098553395079,1199.3974752428792,2.9109766483306885,0.6079821368300123,0.6606114670054395,0.7844351558033391,0.9049547376297777,1.0812499505776538,3,884.19,537.5717255637286,346.6182744362714,-289.97124792897387,759.0584410314964,14.5918461124976,289.97124792897387,balanced
79,0.15,gen_trip_g4,,,True,False,0.279382648338659,0.45474302438678516,0.15904557946929998,0.048998965111765824,0.9510010348882342,81.85374438962133,0.3180911589386026,-378.94712741347087,-495.7731142424136,1356.869855711269,9.5457181930542,0.6079821368300123,0.6606114670054395,0.7844351558033391,0.9049547376297777,1.0812499505776538,3,884.19,537.5717255637286,346.6182744362714,-289.97124792897387,759.0584410314964,14.5918461124976,289.97124792897387,balanced
80,0.3,bus4_ct10,4.0,0.1,True,False,0.46490919173188133,0.3261909144451877,0.2137678802212264,0.9934870578159235,0.006512942184076517,58.71436460013379,0.4275357604424501,-182.71752374863078,-294.2164702345223,1266.9026738470432,9.487763404846191,0.4890280390061987,0.4249745364015508,0.3052960594914611,0.8590582265211235,0.8402437764836325,1,1768.38,864.7874036177817,903.5925963822183,-584.7338352586037,922.6774951560074,12.602048915338838,584.7338352586037,balanced
80,0.3,bus14_ct10,14.0,0.1,True,False,0.46384463485283417,0.32565729304249486,0.21029676289672494,0.993767190429622,0.006232809570378025,58.61831274764908,0.4205935257934468,-182.71752374863078,-292.33811584518736,1279.76282966293,9.263293504714966,0.4890280390061987,0.4249745364015508,0.3052960594914611,0.8590582265211235,0.8402437764836325,1,1768.38,864.7874036177817,903.5925963822183,-584.7338352586037,922.6774951560074,12.602048915338838,584.7338352586037,balanced
80,0.3,bus16_ct10,16.0,0.1,True,False,0.4819552423743597,0.3576570410468208,0.2206819477962192,0.9918249396075781,0.008175060392421834,64.37826738842774,0.44136389559243705,-182.71752374863078,-295.1015786443482,1471.4739117431634,9.549752235412598,0.4890280390061987,0.4249745364015508,0.3052960594914611,0.8590582265211235,0.8402437764836325,1,1768.38,864.7874036177817,903.5925963822183,-584.7338352586037,922.6774951560074,12.602048915338838,584.7338352586037,balanced
80,0.3,bus26_ct10,26.0,0.1,True,False,0.4713363320270273,0.3379990494547613,0.21445469468012845,0.994892534518458,0.005107465481541949,60.83982890185703,0.4289093893602547,-182.71752374863078,-293.9880161914312,1251.051360953018,9.885985851287842,0.4890280390061987,0.4249745364015508,0.3052960594914611,0.8590582265211235,0.8402437764836325,1,1768.38,864.7874036177817,903.5925963822183,-584.7338352586037,922.6774951560074,12.602048915338838,584.7338352586037,balanced
80,0.3,bus20_ct15,20.0,0.15,True,False,0.907355497272949,1.0,0.6294219890917958,1.0,-0.14342720314408788,181.45795923344355,1.258843978183588,-182.71752374863078,-691.6568094521125,1202.835287409368,1.7191529273986816,0.4890280390061987,0.4249745364015508,0.3052960594914611,0.8590582265211235,0.8402437764836325,1,1768.38,864.7874036177817,903.5925963822183,-584.7338352586037,922.6774951560074,12.602048915338838,584.7338352586037,balanced
80,0.3,bus8_ct15,8.0,0.15,True,False,0.4878917982532015,0.33489389096123545,0.2873790129547835,0.9944003981355516,0.005599601864448372,60.280900373022384,0.5747580259095653,-182.71752374863078,-293.99958147539115,1363.859668084367,8.603086709976196,0.4890280390061987,0.4249745364015508,0.3052960594914611,0.8590582265211235,0.8402437764836325,1,1768.38,864.7874036177817,903.5925963822183,-584.7338352586037,922.6774951560074,12.602048915338838,584.7338352586037,balanced
80,0.3,bus4_ct25,4.0,0.25,True,False,0.5815267818518852,0.4797633352724201,0.37270938207211657,0.993871074790584,0.006128925209415961,86.35740034903561,0.7454187641442322,-182.71752374863078,-286.6628598876879,1866.2162572438483,9.941622257232666,0.4890280390061987,0.4249745364015508,0.3052960594914611,0.8590582265211235,0.8402437764836325,1,1768.38,864.7874036177817,903.5925963822183,-584.7338352586037,922.6774951560074,12.602048915338838,584.7338352586037,balanced
80,0.3,bus16_ct25,16.0,0.25,True,False,0.6740666726427693,0.6430179740833694,0.41781454093749204,0.9924162014668465,0.0075837985331535,115.74323533500649,0.8356290818749867,-182.71752374863078,-291.62593745860346,2274.711111798423,10.037603378295898,0.4890280390061987,0.4249745364015508,0.3052960594914611,0.8590582265211235,0.8402437764836325,1,1768.38,864.7874036177817,903.5925963822183,-584.7338352586037,922.6774951560074,12.602048915338838,584.7338352586037,balanced
80,0.3,gen_trip_g4,,,True,False,0.22131727509997817,0.3384616397787411,0.17147626221123602,0.036869558631194455,0.9631304413688055,60.923095160173396,0.3429525244224729,-182.71752374863078,-294.32930761400377,1059.281893741712,9.061184406280518,0.4890280390061987,0.4249745364015508,0.3052960594914611,0.8590582265211235,0.8402437764836325,1,1768.38,864.7874036177817,903.5925963822183,-584.7338352586037,922.6774951560074,12.602048915338838,584.7338352586037,balanced
81,0.3,bus4_ct10,4.0,0.1,True,False,0.44855062542771484,0.2675554925951526,0.2656473713195808,0.9934441452009735,0.0065558547990264985,48.159988667127465,0.5312947426391634,-416.6123733193504,-402.9183222235467,1369.3349107002184,18.246106386184692,0.12179715918311136,0.3796182460868276,0.38101103457592983,1.1507323501115139,0.8235613487991934,3,1768.38,215.38366035623048,1552.9963396437695,771.8458117775427,1761.4847290912417,12.602048915338838,771.8458117775427,east_concentrated
81,0.3,bus14_ct10,14.0,0.1,True,False,0.4454422369050383,0.26701767456667214,0.25397976105199405,0.9937538374348149,0.006246162565185116,48.06318142200098,0.507959522103989,-416.6123733193504,-404.5865423965036,1366.4162058701143,18.62540626525879,0.12179715918311136,0.3796182460868276,0.38101103457592983,1.1507323501115139,0.8235613487991934,3,1768.38,215.38366035623048,1552.9963396437695,771.8458117775427,1761.4847290912417,12.602048915338838,771.8458117775427,east_concentrated
81,0.3,bus16_ct10,16.0,0.1,True,False,0.4662993068133147,0.31965033475771026,0.2340889528997785,0.9918076048380599,0.008192395161940187,57.537060256387846,0.4681779057995539,-416.6123733193504,-403.3535589660389,1430.6616456327424,18.266343593597412,0.12179715918311136,0.3796182460868276,0.38101103457592983,1.1507323501115139,0.8235613487991934,3,1768.38,215.38366035623048,1552.9963396437695,771.8458117775427,1761.4847290912417,12.602048915338838,771.8458117775427,east_concentrated
81,0.3,bus26_ct10,26.0,0.1,True,False,0.44379239341088655,0.2692148267975636,0.24176060644490605,0.994979313603513,0.005020686396487061,48.458668823561446,0.48352121288981476,-416.6123733193504,-406.04971090810056,1406.6703708372866,19.284607648849487,0.12179715918311136,0.3796182460868276,0.38101103457592983,1.1507323501115139,0.8235613487991934,3,1768.38,215.38366035623048,1552.9963396437695,771.8458117775427,1761.4847290912417,12.602048915338838,771.8458117775427,east_concentrated
81,0.3,bus20_ct15,20.0,0.15,True,False,0.4508495648471136,0.27696894213402384,0.24946037512040675,1.0,-1.1715178896447778,49.85440958412429,0.49892075024080995,-416.6123733193504,-364.66330687025686,1468.229496175064,19.821232318878174,0.12179715918311136,0.3796182460868276,0.38101103457592983,1.1507323501115139,0.8235613487991934,3,1768.38,215.38366035623048,1552.9963396437695,771.8458117775427,1761.4847290912417,12.602048915338838,771.8458117775427,east_concentrated
81,0.3,bus8_ct15,8.0,0.15,True,False,0.46992953287710726,0.2677333936959912,0.34987406886707006,0.9943772752493766,0.005622724750623471,48.19201086527841,0.6997481377341397,-416.6123733193504,-402.4437605567544,1420.8452288746712,17.96674132347107,0.12179715918311136,0.3796182460868276,0.38101103457592983,1.1507323501115139,0.8235613487991934,3,1768.38,215.38366035623048,1552.9963396437695,771.8458117775427,1761.4847290912417,12.602048915338838,771.8458117775427,east_concentrated
81,0.3,bus4_ct25,4.0,0.25,True,False,0.612573945092629,0.4762018519534041,0.5040687631189229,0.9938233133447846,0.006176686655215425,85.71633335161273,1.0081375262378467,-416.6123733193504,-396.39289553459986,1854.127404207,17.3118736743927,0.12179715918311136,0.3796182460868276,0.38101103457592983,1.1507323501115139,0.8235613487991934,3,1768.38,215.38366035623048,1552.9963396437695,771.8458117775427,1761.4847290912417,12.602048915338838,771.8458117775427,east_concentrated
81,0.3,bus16_ct25,16.0,0.25,True,False,0.7029436920685421,0.6564938657098683,0.5064966228998813,0.9922904139545505,0.007709586045449426,118.16889582777631,1.0129932457997626,-416.6123733193504,-394.0806163785218,2106.3662710320955,17.85706090927124,0.12179715918311136,0.3796182460868276,0.38101103457592983,1.1507323501115139,0.8235613487991934,3,1768.38,215.38366035623048,1552.9963396437695,771.8458117775427,1761.4847290912417,12.602048915338838,771.8458117775427,east_concentrated
81,0.3,gen_trip_g4,,,True,False,0.18971668428631386,0.2679350582251401,0.18595632908173698,0.037040291613238296,0.9629597083867617,48.22831048052521,0.37191265816347574,-416.6123733193504,-407.2992259861643,1198.2671812480928,18.00099015235901,0.12179715918311136,0.3796182460868276,0.38101103457592983,1.1507323501115139,0.8235613487991934,3,1768.38,215.38366035623048,1552.9963396437695,771.8458117775427,1761.4847290912417,12.602048915338838,771.8458117775427,east_concentrated
82,0.3,bus4_ct10,4.0,0.1,True,False,0.4817976185269239,0.31844951820469763,0.2969018983977598,0.9933895393005404,0.006610460699459566,57.32091327684557,0.5938037967955179,-597.1697387818956,-420.64982346926604,1424.86346983797,11.114335536956787,0.1693190319553806,0.5177947662272229,0.6313831980181769,1.0417236882800742,0.9536833560087794,3,1768.38,299.42038972925593,1468.9596102707442,348.87128129895336,1752.5592064250209,12.602048915338838,348.87128129895336,east_concentrated
82,0.3,bus14_ct10,14.0,0.1,True,False,0.47802171977088953,0.3157430984262156,0.2869048560113612,0.9936958262197657,0.006304173780234248,56.83375771671881,0.5738097120227215,-597.1697387818956,-421.3323230535399,1420.509819231251,12.999545574188232,0.1693190319553806,0.5177947662272229,0.6313831980181769,1.0417236882800742,0.9536833560087794,3,1768.38,299.42038972925593,1468.9596102707442,348.87128129895336,1752.5592064250209,12.602048915338838,348.87128129895336,east_concentrated
82,0.3,bus16_ct10,16.0,0.1,True,False,0.5088982709444037,0.3800700528156545,0.2836883303651909,0.9917646477811151,0.008235352218884887,68.4126095068178,0.5673766607303832,-597.1697387818956,-421.38197781094965,1545.607616318901,12.792080640792847,0.1693190319553806,0.5177947662272229,0.6313831980181769,1.0417236882800742,0.9536833560087794,3,1768.38,299.42038972925593,1468.9596102707442,348.87128129895336,1752.5592064250209,12.602048915338838,348.87128129895336,east_concentrated
82,0.3,bus26_ct10,26.0,0.1,True,False,0.4856933840909542,0.3288659858641173,0.2900833692923612,0.9949581953432208,0.005041804656779125,59.195877455541115,0.580166738584722,-597.1697387818956,-422.44514214317064,1484.7876860081726,13.262328147888184,0.1693190319553806,0.5177947662272229,0.6313831980181769,1.0417236882800742,0.9536833560087794,3,1768.38,299.42038972925593,1468.9596102707442,348.87128129895336,1752.5592064250209,12.602048915338838,348.87128129895336,east_concentrated
82,0.3,bus20_ct15,20.0,0.15,True,False,0.8959792495634744,1.0,0.5839169982538976,1.0,-0.14269643650535016,181.5270862034067,1.1678339965077988,-597.1697387818956,-915.3452727726335,1414.3893473105659,1.8154058456420898,0.1693190319553806,0.5177947662272229,0.6313831980181769,1.0417236882800742,0.9536833560087794,3,1768.38,299.42038972925593,1468.9596102707442,348.87128129895336,1752.5592064250209,12.602048915338838,348.87128129895336,east_concentrated
82,0.3,bus8_ct15,8.0,0.15,True,False,0.5042510392815309,0.3166414294199501,0.3894192185307972,0.9943020797554262,0.00569792024457386,56.995457295591024,0.7788384370615931,-597.1697387818956,-420.70263884276676,1485.2169499332663,11.978198528289795,0.1693190319553806,0.5177947662272229,0.6313831980181769,1.0417236882800742,0.9536833560087794,3,1768.38,299.42038972925593,1468.9596102707442,348.87128129895336,1752.5592064250209,12.602048915338838,348.87128129895336,east_concentrated
82,0.3,bus4_ct25,4.0,0.25,True,False,0.6367375574481251,0.5209699285857903,0.5112035969859292,0.9938067756349908,0.0061932243650091945,93.77458714544224,1.0224071939718549,-597.1697387818956,-417.3961334599321,1917.8254191242497,15.144868612289429,0.1693190319553806,0.5177947662272229,0.6313831980181769,1.0417236882800742,0.9536833560087794,3,1768.38,299.42038972925593,1468.9596102707442,348.87128129895336,1752.5592064250209,12.602048915338838,348.87128129895336,east_concentrated
82,0.3,bus16_ct25,16.0,0.25,True,False,0.7378093996391855,0.7390125247619047,0.48088489037300874,0.9923276586599236,0.0076723413400764445,133.02225445714285,0.9617697807460202,-597.1697387818956,-416.4886926041949,2203.277675344174,12.77117657661438,0.1693190319553806,0.5177947662272229,0.6313831980181769,1.0417236882800742,0.9536833560087794,3,1768.38,299.42038972925593,1468.9596102707442,348.87128129895336,1752.5592064250209,12.602048915338838,348.87128129895336,east_concentrated
82,0.3,gen_trip_g4,,,True,False,0.23990086468851582,0.331112335370901,0.2408703873659377,0.056508400646323564,0.9434915993536764,59.60022036676219,0.4817407747318758,-597.1697387818956,-424.03697431883313,1286.732349768756,11.490138292312622,0.1693190319553806,0.5177947662272229,0.6313831980181769,1.0417236882800742,0.9536833560087794,3,1768.38,299.42038972925593,1468.9596102707442,348.87128129895336,1752.5592064250209,12.602048915338838,348.87128129895336,east_concentrated
83,0.3,bus4_ct10,4.0,0.1,True,False,0.4586810228606316,0.2782867510757936,0.28467867711865935,0.9934719121722799,0.006528087827720036,50.091615193642845,0.5693573542373187,-562.171042412887,-403.79422215864713,1400.5637646682599,11.378058910369873,0.20073254939012744,0.5643703803768616,0.6363782888012091,1.0880536129214802,0.8753327899627297,2,1768.38,354.97142569051357,1413.4085743094865,857.6206317122358,2091.685969284757,12.602048915338838,857.6206317122358,east_concentrated
83,0.3,bus14_ct10,14.0,0.1,True,False,0.4562394495585729,0.2783621097070453,0.2744569982445668,0.9937765805756341,0.006223419424365847,50.10517974726815,0.5489139964891332,-562.171042412887,-404.5780023377449,1399.865614588694,11.218838691711426,0.20073254939012744,0.5643703803768616,0.6363782888012091,1.0880536129214802,0.8753327899627297,2,1768.38,354.97142569051357,1413.4085743094865,857.6206317122358,2091.685969284757,12.602048915338838,857.6206317122358,east_concentrated
83,0.3,bus16_ct10,16.0,0.1,True,False,0.47636122867555997,0.31414035981524163,0.2853364148350117,0.9918277802367449,0.008172219763255061,56.54526476674349,0.5706728296700225,-562.171042412887,-404.98765504949097,1522.2562446968436,11.855123043060303,0.20073254939012744,0.5643703803768616,0.6363782888012091,1.0880536129214802,0.8753327899627297,2,1768.38,354.97142569051357,1413.4085743094865,857.6206317122358,2091.685969284757,12.602048915338838,857.6206317122358,east_concentrated
83,0.3,bus26_ct10,26.0,0.1,True,False,0.46592246424245376,0.2958762918407107,0.2769782948050157,0.9949589784833781,0.005041021516621881,53.257732531327925,0.5539565896100296,-562.171042412887,-406.2720777985218,1407.3300708629858,13.00898265838623,0.20073254939012744,0.5643703803768616,0.6363782888012091,1.0880536129214802,0.8753327899627297,2,1768.38,354.97142569051357,1413.4085743094865,857.6206317122358,2091.685969284757,12.602048915338838,857.6206317122358,east_concentrated
83,0.3,bus20_ct15,20.0,0.15,True,True,0.41386505590207906,0.2340606102099588,0.18733900318839858,1.0,-0.140681277574301,42.130909837792586,0.37467800637679405,-562.171042412887,-148.82849210196446,1170.1961689346294,2.5128793716430664,0.20073254939012744,0.5643703803768616,0.6363782888012091,1.0880536129214802,0.8753327899627297,2,1768.38,354.97142569051357,1413.4085743094865,857.6206317122358,2091.685969284757,12.602048915338838,857.6206317122358,east_concentrated
83,0.3,bus8_ct15,8.0,0.15,True,False,0.4769272666473751,0.27980838249357276,0.35371974921166327,0.9943725523906917,0.005627447609308324,50.36550884884309,0.7074394984233234,-562.171042412887,-404.7041203320133,1452.6503087655854,11.954369068145752,0.20073254939012744,0.5643703803768616,0.6363782888012091,1.0880536129214802,0.8753327899627297,2,1768.38,354.97142569051357,1413.4085743094865,857.6206317122358,2091.685969284757,12.602048915338838,857.6206317122358,east_concentrated
83,0.3,bus4_ct25,4.0,0.25,True,False,0.576825554220836,0.4190844986858047,0.4753244825170988,0.993808736994636,0.00619126300536401,75.43520976344485,0.9506489650341998,-562.171042412887,-401.349948567794,1894.534726342366,11.399689435958862,0.20073254939012744,0.5643703803768616,0.6363782888012091,1.0880536129214802,0.8753327899627297,2,1768.38,354.97142569051357,1413.4085743094865,857.6206317122358,2091.685969284757,12.602048915338838,857.6206317122358,east_concentrated
83,0.3,bus16_ct25,16.0,0.25,True,False,0.667866290754632,0.6256954854445166,0.4277576323669159,0.9923165597625792,0.007683440237420894,112.62518738001299,0.8555152647338327,-562.171042412887,-400.1427915627859,2232.784558725131,11.405601978302002,0.20073254939012744,0.5643703803768616,0.6363782888012091,1.0880536129214802,0.8753327899627297,2,1768.38,354.97142569051357,1413.4085743094865,857.6206317122358,2091.685969284757,12.602048915338838,857.6206317122358,east_concentrated
83,0.3,gen_trip_g4,,,True,False,0.22031325185718295,0.2953837453035711,0.23601427153340993,0.054471245288179704,0.9455287547118203,53.16907415464279,0.4720285430668181,-562.171042412887,-407.2757187973994,1240.937264667713,11.675217151641846,0.20073254939012744,0.5643703803768616,0.6363782888012091,1.0880536129214802,0.8753327899627297,2,1768.38,354.97142569051357,1413.4085743094865,857.6206317122358,2091.685969284757,12.602048915338838,857.6206317122358,east_concentrated
84,0.3,bus4_ct10,4.0,0.1,True,False,0.8368513528602446,1.0,0.35381537868114066,0.9935900327598379,0.006409967240162077,181.4462352034464,0.7076307573622831,135.5253315556451,-722.7684987089771,1830.1694641388126,5.355431079864502,0.9579237761689386,0.9694666622716133,0.4755685796824013,1.1267417464186185,0.9162954029396514,2,1768.38,1693.973247301628,74.40675269837229,-460.18306752798776,1119.0989913124085,12.602048915338838,460.18306752798776,west_concentrated
84,0.3,bus14_ct10,14.0,0.1,True,False,0.838563207258757,1.0,0.36032270162845137,0.9939301274065768,0.006069872593423167,182.15452801683986,0.7206454032569054,135.5253315556451,-718.7469569402265,1850.8521932758426,5.108315706253052,0.9579237761689386,0.9694666622716133,0.4755685796824013,1.1267417464186185,0.9162954029396514,2,1768.38,1693.973247301628,74.40675269837229,-460.18306752798776,1119.0989913124085,12.602048915338838,460.18306752798776,west_concentrated
84,0.3,bus16_ct10,16.0,0.1,True,False,0.8238304506773169,1.0,0.30314269816276607,0.9921791045465012,0.007820895453498839,180.44584777245058,0.6062853963255321,135.5253315556451,-697.9157377644142,2097.137177188697,6.488438606262207,0.9579237761689386,0.9694666622716133,0.4755685796824013,1.1267417464186185,0.9162954029396514,2,1768.38,1693.973247301628,74.40675269837229,-460.18306752798776,1119.0989913124085,12.602048915338838,460.18306752798776,west_concentrated
84,0.3,bus26_ct10,26.0,0.1,True,False,0.8258681104606932,1.0,0.3084600507046069,0.9950123911381658,0.004987608861834282,182.45185719420394,0.6169201014092152,135.5253315556451,-738.009301763629,1774.365313552595,4.965617895126343,0.9579237761689386,0.9694666622716133,0.4755685796824013,1.1267417464186185,0.9162954029396514,2,1768.38,1693.973247301628,74.40675269837229,-460.18306752798776,1119.0989913124085,12.602048915338838,460.18306752798776,west_concentrated
84,0.3,bus20_ct15,20.0,0.15,True,True,0.5773063463373744,0.5070755022887735,0.2950743807719505,1.0,-0.1290768492588297,91.27359041197923,0.5901487615438983,135.5253315556451,-194.20379070421217,1444.8449264935632,2.0033466815948486,0.9579237761689386,0.9694666622716133,0.4755685796824013,1.1267417464186185,0.9162954029396514,2,1768.38,1693.973247301628,74.40675269837229,-460.18306752798776,1119.0989913124085,12.602048915338838,460.18306752798776,west_concentrated
84,0.3,bus8_ct15,8.0,0.15,True,False,0.8543116386453065,1.0,0.42278436256867735,0.9944621920125483,0.0055378079874517415,181.35137218416236,0.8455687251373578,135.5253315556451,-728.9875426958351,1846.9383649867973,5.980110168457031,0.9579237761689386,0.9694666622716133,0.4755685796824013,1.1267417464186185,0.9162954029396514,2,1768.38,1693.973247301628,74.40675269837229,-460.18306752798776,1119.0989913124085,12.602048915338838,460.18306752798776,west_concentrated
84,0.3,bus4_ct25,4.0,0.25,True,False,0.8587059460301006,1.0,0.44057151046082765,0.9942522736595749,0.005747726340425108,180.16559585169816,0.8811430209216553,135.5253315556451,-1205.688761421447,2120.0641224227475,2.0852460861206055,0.9579237761689386,0.9694666622716133,0.4755685796824013,1.1267417464186185,0.9162954029396514,2,1768.38,1693.973247301628,74.40675269837229,-460.18306752798776,1119.0989913124085,12.602048915338838,460.18306752798776,west_concentrated
84,0.3,bus16_ct25,16.0,0.25,True,True,0.6836596240534252,0.6152293162250253,0.5104601244201419,0.9937197393435081,0.006280260656491898,110.74127692050455,1.0209202488402846,135.5253315556451,135.1513856247472,1444.8449264935632,3.079071521759033,0.9579237761689386,0.9694666622716133,0.4755685796824013,1.1267417464186185,0.9162954029396514,2,1768.38,1693.973247301628,74.40675269837229,-460.18306752798776,1119.0989913124085,12.602048915338838,460.18306752798776,west_concentrated
84,0.3,gen_trip_g4,,,True,False,0.709529819266675,1.0,0.2882126472744524,0.5499066297922476,0.4500933702077524,182.70311621627337,0.5764252945489079,135.5253315556451,-787.542248340951,1770.0668785617129,4.47005558013916,0.9579237761689386,0.9694666622716133,0.4755685796824013,1.1267417464186185,0.9162954029396514,2,1768.38,1693.973247301628,74.40675269837229,-460.18306752798776,1119.0989913124085,12.602048915338838,460.18306752798776,west_concentrated
85,0.3,bus4_ct10,4.0,0.1,True,False,0.5091065940107607,0.38325144484630497,0.2764105491720734,0.9935129371783599,0.006487062821640087,68.9852600723349,0.5528210983441495,-209.3001270659894,-290.7166629164411,1446.9340281081118,5.973773241043091,0.6467519623666133,0.4666751637910461,0.9960290863916095,1.023301860053175,1.0256284808112768,2,1768.38,1143.7032352098715,624.6767647901285,316.4944724306687,1416.286381654906,12.602048915338838,316.4944724306687,balanced
85,0.3,bus14_ct10,14.0,0.1,True,False,0.5109117435196388,0.3828073012482271,0.2842084238967537,0.9938239476853471,0.006176052314652897,68.90531422468088,0.568416847793507,-209.3001270659894,-290.7127473081686,1466.195910652441,6.259087562561035,0.6467519623666133,0.4666751637910461,0.9960290863916095,1.023301860053175,1.0256284808112768,2,1768.38,1143.7032352098715,624.6767647901285,316.4944724306687,1416.286381654906,12.602048915338838,316.4944724306687,balanced
85,0.3,bus16_ct10,16.0,0.1,True,False,0.5347912480419765,0.43215707971448614,0.28294920076882235,0.9919016319701114,0.008098368029888593,77.7882743486075,0.5658984015376478,-209.3001270659894,-290.41524327814386,1678.9519773124966,5.990656137466431,0.6467519623666133,0.4666751637910461,0.9960290863916095,1.023301860053175,1.0256284808112768,2,1768.38,1143.7032352098715,624.6767647901285,316.4944724306687,1416.286381654906,12.602048915338838,316.4944724306687,balanced
85,0.3,bus26_ct10,26.0,0.1,True,False,0.5066318318437847,0.3914272749673449,0.2487074756557206,0.9949653017847284,0.0050346982152715564,70.45690949412209,0.4974149513114434,-209.3001270659894,-291.6009931797338,1346.4999729135313,6.315099239349365,0.6467519623666133,0.4666751637910461,0.9960290863916095,1.023301860053175,1.0256284808112768,2,1768.38,1143.7032352098715,624.6767647901285,316.4944724306687,1416.286381654906,12.602048915338838,316.4944724306687,balanced
85,0.3,bus20_ct15,20.0,0.15,True,False,0.9327734136933339,1.0,0.7310936547733355,1.0,-0.2823218908380135,192.38647414159325,1.462187309546672,-209.3001270659894,-246.41270255018762,1116.7382094422182,1.1366772651672363,0.6467519623666133,0.4666751637910461,0.9960290863916095,1.023301860053175,1.0256284808112768,2,1768.38,1143.7032352098715,624.6767647901285,316.4944724306687,1416.286381654906,12.602048915338838,316.4944724306687,balanced
85,0.3,bus8_ct15,8.0,0.15,True,False,0.5206875830552494,0.38300749335729356,0.3223496710594418,0.9943856744469688,0.005614325553031205,68.94134880431284,0.644699342118884,-209.3001270659894,-289.52958072509267,1500.5910987782158,6.2303245067596436,0.6467519623666133,0.4666751637910461,0.9960290863916095,1.023301860053175,1.0256284808112768,2,1768.38,1143.7032352098715,624.6767647901285,316.4944724306687,1416.286381654906,12.602048915338838,316.4944724306687,balanced
85,0.3,bus4_ct25,4.0,0.25,True,False,0.6629470501300536,0.5868820934636292,0.4841129073585009,0.9939111062344552,0.006088893765544821,105.63877682345326,0.9682258147170053,-209.3001270659894,-285.67283235281184,2022.8390886806037,6.012929677963257,0.6467519623666133,0.4666751637910461,0.9960290863916095,1.023301860053175,1.0256284808112768,2,1768.38,1143.7032352098715,624.6767647901285,316.4944724306687,1416.286381654906,12.602048915338838,316.4944724306687,balanced
85,0.3,bus16_ct25,16.0,0.25,True,False,0.7352358795108238,0.7681404572421653,0.4120060581377203,0.9926565454212443,0.00734345457875578,138.26528230358974,0.8240121162754388,-209.3001270659894,-283.96247690853363,2505.7125035799186,6.56911563873291,0.6467519623666133,0.4666751637910461,0.9960290863916095,1.023301860053175,1.0256284808112768,2,1768.38,1143.7032352098715,624.6767647901285,316.4944724306687,1416.286381654906,12.602048915338838,316.4944724306687,balanced
85,0.3,gen_trip_g4,,,True,False,0.2704443290696924,0.3932635894057474,0.2190621937107906,0.07618794375648419,0.9238120562435158,70.78744609303453,0.4381243874215812,-209.3001270659894,-292.20743101973216,1213.2232972946174,5.829145431518555,0.6467519623666133,0.4666751637910461,0.9960290863916095,1.023301860053175,1.0256284808112768,2,1768.38,1143.7032352098715,624.6767647901285,316.4944724306687,1416.286381654906,12.602048915338838,316.4944724306687,balanced
86,0.3,bus4_ct10,4.0,0.1,True,False,0.4712878914640478,0.2939368628419997,0.30373074678524503,0.9935470933869468,0.006452906613053246,52.90863531155995,0.6074614935704914,-391.216620923763,-226.6683743248327,1369.4801463791528,6.824935674667358,0.24219083396544897,0.9504354534755839,0.8109166237438059,0.9861252162096983,1.1271167189606974,2,1768.38,428.2854269678207,1340.0945730321796,323.912039603567,1611.9527781337647,12.602048915338838,323.912039603567,east_concentrated
86,0.3,bus14_ct10,14.0,0.1,True,False,0.4706400701443531,0.29393817668103506,0.30084383651961133,0.993840090695731,0.006159909304269011,52.90887180258631,0.6016876730392262,-391.216620923763,-226.39141753081674,1371.2927535522256,6.295441627502441,0.24219083396544897,0.9504354534755839,0.8109166237438059,0.9861252162096983,1.1271167189606974,2,1768.38,428.2854269678207,1340.0945730321796,323.912039603567,1611.9527781337647,12.602048915338838,323.912039603567,east_concentrated
86,0.3,bus16_ct10,16.0,0.1,True,False,0.48567545200290063,0.3171635589036435,0.31654064313645236,0.9918340470678633,0.008165952932136749,57.089440602655834,0.6330812862729029,-391.216620923763,-225.48289483380418,1497.611005044159,6.699736833572388,0.24219083396544897,0.9504354534755839,0.8109166237438059,0.9861252162096983,1.1271167189606974,2,1768.38,428.2854269678207,1340.0945730321796,323.912039603567,1611.9527781337647,12.602048915338838,323.912039603567,east_concentrated
86,0.3,bus26_ct10,26.0,0.1,True,False,0.4835294580289929,0.3145511185795105,0.3100309437366171,0.9949846512203334,0.00501534877966661,56.6192013443119,0.6200618874732311,-391.216620923763,-226.78753454092492,1394.0303510420333,6.651087760925293,0.24219083396544897,0.9504354534755839,0.8109166237438059,0.9861252162096983,1.1271167189606974,2,1768.38,428.2854269678207,1340.0945730321796,323.912039603567,1611.9527781337647,12.602048915338838,323.912039603567,east_concentrated
86,0.3,bus20_ct15,20.0,0.15,True,False,0.9041593422731511,1.0,0.6166373690926044,1.0,-0.1335732779774996,186.1565963964434,1.233274738185206,-391.216620923763,-764.6267319723328,1394.120149202538,1.5393621921539307,0.24219083396544897,0.9504354534755839,0.8109166237438059,0.9861252162096983,1.1271167189606974,2,1768.38,428.2854269678207,1340.0945730321796,323.912039603567,1611.9527781337647,12.602048915338838,323.912039603567,east_concentrated
86,0.3,bus8_ct15,8.0,0.15,True,False,0.48700097893545846,0.29153260061025,0.37051682777588724,0.9944218867454466,0.0055781132545533844,52.475868109845,0.7410336555517771,-391.216620923763,-226.74571718804273,1409.567146049488,6.167381048202515,0.24219083396544897,0.9504354534755839,0.8109166237438059,0.9861252162096983,1.1271167189606974,2,1768.38,428.2854269678207,1340.0945730321796,323.912039603567,1611.9527781337647,12.602048915338838,323.912039603567,east_concentrated
86,0.3,bus4_ct25,4.0,0.25,True,False,0.592449392452826,0.4436373902621139,0.48863258403448384,0.9938902052525922,0.006109794747407848,79.8547302471805,0.9772651680689681,-391.216620923763,-223.2323067705506,1834.5627330317022,6.935781717300415,0.24219083396544897,0.9504354534755839,0.8109166237438059,0.9861252162096983,1.1271167189606974,2,1768.38,428.2854269678207,1340.0945730321796,323.912039603567,1611.9527781337647,12.602048915338838,323.912039603567,east_concentrated
86,0.3,bus16_ct25,16.0,0.25,True,False,0.6703013850102764,0.6350580567288084,0.41878330637289807,0.9923061202105906,0.007693879789409338,114.31045021118551,0.837566612745797,-391.216620923763,-222.56931020896803,2221.9257719890397,6.70667576789856,0.24219083396544897,0.9504354534755839,0.8109166237438059,0.9861252162096983,1.1271167189606974,2,1768.38,428.2854269678207,1340.0945730321796,323.912039603567,1611.9527781337647,12.602048915338838,323.912039603567,east_concentrated
86,0.3,gen_trip_g4,,,True,False,0.24204729815013742,0.3142310625735302,0.26882952992643183,0.07089753752705752,0.9291024624729425,56.56159126323543,0.5376590598528663,-391.216620923763,-229.0619339119796,1240.2711210017399,7.516698837280273,0.24219083396544897,0.9504354534755839,0.8109166237438059,0.9861252162096983,1.1271167189606974,2,1768.38,428.2854269678207,1340.0945730321796,323.912039603567,1611.9527781337647,12.602048915338838,323.912039603567,east_concentrated
87,0.3,bus4_ct10,4.0,0.1,True,False,0.49951854841317567,0.3577053130891846,0.2891021023569742,0.9935614651173595,0.006438534882640488,64.38695635605322,0.578204204713948,92.79582268846416,-151.3677683298569,1352.0023982827793,5.417622327804565,0.5700022949381223,0.8248711602793573,0.7412288233937125,0.9533514914340797,1.1829483462137367,2,1768.38,1007.9806583226767,760.3993416773234,-205.62259064924922,940.9797402206482,12.602048915338838,205.62259064924922,balanced
87,0.3,bus14_ct10,14.0,0.1,True,False,0.5013215935948675,0.3571281133556244,0.2971681101264494,0.9938620375417719,0.006137962458228056,64.28306040401239,0.5943362202529001,92.79582268846416,-150.9256221679704,1372.5356853773667,5.761609792709351,0.5700022949381223,0.8248711602793573,0.7412288233937125,0.9533514914340797,1.1829483462137367,2,1768.38,1007.9806583226767,760.3993416773234,-205.62259064924922,940.9797402206482,12.602048915338838,205.62259064924922,balanced
87,0.3,bus16_ct10,16.0,0.1,True,False,0.5264321453050971,0.4047580496851979,0.30432519504103794,0.9918872868089543,0.008112713191045683,72.85644894333562,0.6086503900820772,92.79582268846416,-151.02752476399675,1604.1211980162518,5.442654609680176,0.5700022949381223,0.8248711602793573,0.7412288233937125,0.9533514914340797,1.1829483462137367,2,1768.38,1007.9806583226767,760.3993416773234,-205.62259064924922,940.9797402206482,12.602048915338838,205.62259064924922,balanced
87,0.3,bus26_ct10,26.0,0.1,True,False,0.5013677471338888,0.36750584991350715,0.2754755597751597,0.9949837289333812,0.005016271066618831,66.15105298443129,0.5509511195503181,92.79582268846416,-153.280940918512,1319.7421640672403,6.029977083206177,0.5700022949381223,0.8248711602793573,0.7412288233937125,0.9533514914340797,1.1829483462137367,2,1768.38,1007.9806583226767,760.3993416773234,-205.62259064924922,940.9797402206482,12.602048915338838,205.62259064924922,balanced
87,0.3,bus20_ct15,20.0,0.15,True,False,0.9210535676068501,1.0,0.6842142704274004,1.0,-0.6371501714146626,181.1750833810419,1.368428540854798,92.79582268846416,-564.7689399364502,1343.0695454724337,1.4131748676300049,0.5700022949381223,0.8248711602793573,0.7412288233937125,0.9533514914340797,1.1829483462137367,2,1768.38,1007.9806583226767,760.3993416773234,-205.62259064924922,940.9797402206482,12.602048915338838,205.62259064924922,balanced
87,0.3,bus8_ct15,8.0,0.15,True,False,0.5105460885776703,0.35739637967851035,0.3329699521724123,0.9944216427812482,0.005578357218751742,64.33134834213186,0.6659399043448211,92.79582268846416,-150.7363095123352,1397.169698566263,5.8438332080841064,0.5700022949381223,0.8248711602793573,0.7412288233937125,0.9533514914340797,1.1829483462137367,2,1768.38,1007.9806583226767,760.3993416773234,-205.62259064924922,940.9797402206482,12.602048915338838,205.62259064924922,balanced
87,0.3,bus4_ct25,4.0,0.25,True,False,0.6530170536881451,0.560116579027111,0.4979107378228349,0.9939243188755236,0.006075681124476415,100.82098422487998,0.9958214756456707,92.79582268846416,-148.90373038945813,1914.909522682007,5.491380929946899,0.5700022949381223,0.8248711602793573,0.7412288233937125,0.9533514914340797,1.1829483462137367,2,1768.38,1007.9806583226767,760.3993416773234,-205.62259064924922,940.9797402206482,12.602048915338838,205.62259064924922,balanced
87,0.3,bus16_ct25,16.0,0.25,True,False,0.7039878638850233,0.7063260345902503,0.4107738055466825,0.99252558081291,0.007474419187090005,127.13868622624507,0.8215476110933673,92.79582268846416,-144.48894319084272,2432.2203212127515,5.999624490737915,0.5700022949381223,0.8248711602793573,0.7412288233937125,0.9533514914340797,1.1829483462137367,2,1768.38,1007.9806583226767,760.3993416773234,-205.62259064924922,940.9797402206482,12.602048915338838,205.62259064924922,balanced
87,0.3,gen_trip_g4,,,True,False,0.265602326937733,0.36830991075699476,0.24159305604453607,0.0841964301924063,0.9158035698075937,66.29578393625906,0.48318611208907347,92.79582268846416,-154.86072588392483,1183.515569410152,5.236334800720215,0.5700022949381223,0.8248711602793573,0.7412288233937125,0.9533514914340797,1.1829483462137367,2,1768.38,1007.9806583226767,760.3993416773234,-205.62259064924922,940.9797402206482,12.602048915338838,205.62259064924922,balanced
88,0.3,bus4_ct10,4.0,0.1,True,False,0.4922639472491843,0.3558695012498244,0.2637901394355353,0.9935266470615532,0.006473352938446803,64.05651022496839,0.5275802788710693,-313.78573562457535,-296.76295004350465,1372.8177422609097,6.653753042221069,0.4107814701011777,0.5600535525327659,0.6654957237131204,0.9133159703820953,1.0052890379385686,2,1768.38,726.4177360975207,1041.9622639024794,90.56479926153577,1541.3907693982737,12.602048915338838,90.56479926153577,balanced
88,0.3,bus14_ct10,14.0,0.1,True,False,0.4937737598976815,0.3554906973784793,0.27030144073003726,0.9938122041037302,0.006187795896269792,63.988325528126275,0.540602881460075,-313.78573562457535,-297.48098745685456,1384.8834638222218,6.728804349899292,0.4107814701011777,0.5600535525327659,0.6654957237131204,0.9133159703820953,1.0052890379385686,2,1768.38,726.4177360975207,1041.9622639024794,90.56479926153577,1541.3907693982737,12.602048915338838,90.56479926153577,balanced
88,0.3,bus16_ct10,16.0,0.1,True,False,0.5179021215898139,0.40025600825748353,0.27924962755711036,0.9918468422871782,0.00815315771282179,72.04608148634703,0.558499255114222,-313.78573562457535,-296.7608013586501,1577.4472524426465,7.056217670440674,0.4107814701011777,0.5600535525327659,0.6654957237131204,0.9133159703820953,1.0052890379385686,2,1768.38,726.4177360975207,1041.9622639024794,90.56479926153577,1541.3907693982737,12.602048915338838,90.56479926153577,balanced
88,0.3,bus26_ct10,26.0,0.1,True,False,0.5001426688173044,0.37183072740827966,0.2619780325104877,0.9949311879421705,0.0050688120578295205,66.92953093349034,0.523956065020974,-313.78573562457535,-297.73830581391417,1338.800358837055,6.737665176391602,0.4107814701011777,0.5600535525327659,0.6654957237131204,0.9133159703820953,1.0052890379385686,2,1768.38,726.4177360975207,1041.9622639024794,90.56479926153577,1541.3907693982737,12.602048915338838,90.56479926153577,balanced
88,0.3,bus20_ct15,20.0,0.15,True,True,0.45255097094459346,0.3052387343893589,0.19972641499965604,1.0,-0.13337998383983454,54.9429721900846,0.39945282999931386,-313.78573562457535,-98.26167182076445,1067.1496937793304,3.6986043453216553,0.4107814701011777,0.5600535525327659,0.6654957237131204,0.9133159703820953,1.0052890379385686,2,1768.38,726.4177360975207,1041.9622639024794,90.56479926153577,1541.3907693982737,12.602048915338838,90.56479926153577,balanced
88,0.3,bus8_ct15,8.0,0.15,True,False,0.5013610159800377,0.35233766796437743,0.3063354414855475,0.9944332865058484,0.005566713494151571,63.42078023358794,0.6126708829710958,-313.78573562457535,-295.559888018434,1443.0403528777665,6.942740440368652,0.4107814701011777,0.5600535525327659,0.6654957237131204,0.9133159703820953,1.0052890379385686,2,1768.38,726.4177360975207,1041.9622639024794,90.56479926153577,1541.3907693982737,12.602048915338838,90.56479926153577,balanced
88,0.3,bus4_ct25,4.0,0.25,True,False,0.6268224877013513,0.5340337754167657,0.44528310176125174,0.9939392982106223,0.006060701789377684,96.12607957501781,0.8905662035225026,-313.78573562457535,-292.3897429345975,1953.055114577685,7.230793237686157,0.4107814701011777,0.5600535525327659,0.6654957237131204,0.9133159703820953,1.0052890379385686,2,1768.38,726.4177360975207,1041.9622639024794,90.56479926153577,1541.3907693982737,12.602048915338838,90.56479926153577,balanced
88,0.3,bus16_ct25,16.0,0.25,True,False,0.6721964250373735,0.6538410923490753,0.3886332646124515,0.992470250838892,0.007529749161108022,117.69139662283355,0.7772665292249048,-313.78573562457535,-291.1883162641741,2401.8470143220165,6.906640529632568,0.4107814701011777,0.5600535525327659,0.6654957237131204,0.9133159703820953,1.0052890379385686,2,1768.38,726.4177360975207,1041.9622639024794,90.56479926153577,1541.3907693982737,12.602048915338838,90.56479926153577,balanced
88,0.3,gen_trip_g4,,,True,False,0.2563959129773892,0.36899311914827115,0.22520720010046347,0.06239021351255103,0.937609786487449,66.4187614466888,0.4504144002009247,-313.78573562457535,-298.45758106702027,1170.8364976332973,7.40794825553894,0.4107814701011777,0.5600535525327659,0.6654957237131204,0.9133159703820953,1.0052890379385686,2,1768.38,726.4177360975207,1041.9622639024794,90.56479926153577,1541.3907693982737,12.602048915338838,90.56479926153577,balanced
89,0.3,bus4_ct10,4.0,0.1,True,False,0.4891803751666825,0.3603845526697204,0.24240565999949482,0.9935467353277944,0.006453264672205609,64.86921948054967,0.4848113199989901,172.01844108822308,-151.91696090106495,1281.7253218015983,12.32083535194397,0.7091320419999853,0.5353123604884851,0.5002138746869552,1.116960499019374,0.9796918216543206,0,1768.38,1254.014920431934,514.3650795680661,209.1195937099535,853.8889138921118,12.602048915338838,209.1195937099535,west_concentrated
89,0.3,bus14_ct10,14.0,0.1,True,False,0.49135728647142074,0.36007786975566314,0.25141731333693684,0.9938560930374198,0.006143906962580156,64.81401655601937,0.5028346266738715,172.01844108822308,-158.14350755632722,1305.8649478913328,11.799140930175781,0.7091320419999853,0.5353123604884851,0.5002138746869552,1.116960499019374,0.9796918216543206,0,1768.38,1254.014920431934,514.3650795680661,209.1195937099535,853.8889138921118,12.602048915338838,209.1195937099535,west_concentrated
89,0.3,bus16_ct10,16.0,0.1,True,False,0.49049486798909286,0.35955414165763905,0.25097737026531775,0.9918938183757756,0.008106181624224362,64.71974549837503,0.501954740530639,172.01844108822308,-155.31940629957757,1512.6613814902375,11.587859869003296,0.7091320419999853,0.5353123604884851,0.5002138746869552,1.116960499019374,0.9796918216543206,0,1768.38,1254.014920431934,514.3650795680661,209.1195937099535,853.8889138921118,12.602048915338838,209.1195937099535,west_concentrated
89,0.3,bus26_ct10,26.0,0.1,True,False,0.48426773032250847,0.36096993484890955,0.22014287125461962,0.9949881803375952,0.005011819662404802,64.97458827280371,0.4402857425092388,172.01844108822308,-155.63647957460947,1200.6902008783734,12.172181606292725,0.7091320419999853,0.5353123604884851,0.5002138746869552,1.116960499019374,0.9796918216543206,0,1768.38,1254.014920431934,514.3650795680661,209.1195937099535,853.8889138921118,12.602048915338838,209.1195937099535,west_concentrated
89,0.3,bus20_ct15,20.0,0.15,True,False,0.9362961750886223,1.0,0.7451847003544891,1.0,-0.05565125251079849,184.39336856024028,1.4903694007089774,172.01844108822308,-437.8580380618792,1233.6228148928562,1.8086013793945312,0.7091320419999853,0.5353123604884851,0.5002138746869552,1.116960499019374,0.9796918216543206,0,1768.38,1254.014920431934,514.3650795680661,209.1195937099535,853.8889138921118,12.602048915338838,209.1195937099535,west_concentrated
89,0.3,bus8_ct15,8.0,0.15,True,False,0.4983022151179252,0.3605881626117014,0.277599786954422,0.9944327482938761,0.0055672517061239124,64.90586927010625,0.5551995739088444,172.01844108822308,-151.02138160311955,1307.2795148110886,11.776518106460571,0.7091320419999853,0.5353123604884851,0.5002138746869552,1.116960499019374,0.9796918216543206,0,1768.38,1254.014920431934,514.3650795680661,209.1195937099535,853.8889138921118,12.602048915338838,209.1195937099535,west_concentrated
89,0.3,bus4_ct25,4.0,0.25,True,False,0.5978866776088626,0.47003852626348935,0.45763856067489783,0.9938310972335737,0.006168902766426291,84.60693472742808,0.9152771213497934,172.01844108822308,-144.89247226801726,1888.3040947567376,9.976130962371826,0.7091320419999853,0.5353123604884851,0.5002138746869552,1.116960499019374,0.9796918216543206,0,1768.38,1254.014920431934,514.3650795680661,209.1195937099535,853.8889138921118,12.602048915338838,209.1195937099535,west_concentrated
89,0.3,bus16_ct25,16.0,0.25,True,False,0.6371096618967431,0.5776324080060233,0.4007205767092188,0.9924532548657068,0.0075467451342932515,103.9738334410842,0.801441153418434,172.01844108822308,-145.29759321356022,2447.4990519743583,10.90344786643982,0.7091320419999853,0.5353123604884851,0.5002138746869552,1.116960499019374,0.9796918216543206,0,1768.38,1254.014920431934,514.3650795680661,209.1195937099535,853.8889138921118,12.602048915338838,209.1195937099535,west_concentrated
89,0.3,gen_trip_g4,,,True,False,0.23986638693521584,0.35876370389022944,0.18751277741769456,0.05442536254270991,0.9455746374572901,64.5774667002413,0.37502555483538647,172.01844108822308,-156.36631914284575,1103.8561459230611,10.77691650390625,0.7091320419999853,0.5353123604884851,0.5002138746869552,1.116960499019374,0.9796918216543206,0,1768.38,1254.014920431934,514.3650795680661,209.1195937099535,853.8889138921118,12.602048915338838,209.1195937099535,west_concentrated
90,0.3,bus4_ct10,4.0,0.1,True,False,0.49208979235033024,0.33123754229376506,0.3123294140020363,0.9935546708117546,0.006445329188245356,59.62275761287771,0.6246588280040699,-450.9122668402687,-353.42949737424016,1453.7216296029515,5.974744081497192,0.3397867839068841,0.932565446217807,0.9434060589973565,1.0994169725831093,1.07718616107978,2,1768.38,600.8721529252557,1167.5078470747444,534.0570406340187,1758.9478361569363,12.602048915338838,534.0570406340187,balanced
90,0.3,bus14_ct10,14.0,0.1,True,False,0.4927926078040137,0.3313647199861733,0.3145820756072908,0.9938589156364173,0.00614108436358277,59.645649597511195,0.6291641512145851,-450.9122668402687,-354.7262969422675,1457.8151949015785,5.730243682861328,0.3397867839068841,0.932565446217807,0.9434060589973565,1.0994169725831093,1.07718616107978,2,1768.38,600.8721529252557,1167.5078470747444,534.0570406340187,1758.9478361569363,12.602048915338838,534.0570406340187,balanced
90,0.3,bus16_ct10,16.0,0.1,True,False,0.5103030203855453,0.3589434529228236,0.33145395839681413,0.99187121729972,0.008128782700279894,64.60982152610825,0.6629079167936269,-450.9122668402687,-354.6232054545593,1615.543412922501,5.970230340957642,0.3397867839068841,0.932565446217807,0.9434060589973565,1.0994169725831093,1.07718616107978,2,1768.38,600.8721529252557,1167.5078470747444,534.0570406340187,1758.9478361569363,12.602048915338838,534.0570406340187,balanced
90,0.3,bus26_ct10,26.0,0.1,True,False,0.503696706053379,0.35071469840243896,0.31835979841125805,0.9949976289973799,0.005002371002620106,63.12864571243901,0.6367195968225126,-450.9122668402687,-356.32627880554537,1471.1728075292363,5.68284010887146,0.3397867839068841,0.932565446217807,0.9434060589973565,1.0994169725831093,1.07718616107978,2,1768.38,600.8721529252557,1167.5078470747444,534.0570406340187,1758.9478361569363,12.602048915338838,534.0570406340187,balanced
90,0.3,bus20_ct15,20.0,0.15,True,False,0.9058973750119002,1.0,0.6235895000476006,1.0,-0.12975222247593451,183.4236013705346,1.247179000095202,-450.9122668402687,-752.6131669537776,1404.529144476343,1.6374993324279785,0.3397867839068841,0.932565446217807,0.9434060589973565,1.0994169725831093,1.07718616107978,2,1768.38,600.8721529252557,1167.5078470747444,534.0570406340187,1758.9478361569363,12.602048915338838,534.0570406340187,balanced
90,0.3,bus8_ct15,8.0,0.15,True,False,0.5024763451327597,0.32794500362575846,0.35958405757354583,0.9944313157059762,0.005568684294023755,59.03010065263652,0.7191681151470908,-450.9122668402687,-353.4699156857537,1493.0867755497259,5.700104475021362,0.3397867839068841,0.932565446217807,0.9434060589973565,1.0994169725831093,1.07718616107978,2,1768.38,600.8721529252557,1167.5078470747444,534.0570406340187,1758.9478361569363,12.602048915338838,534.0570406340187,balanced
90,0.3,bus4_ct25,4.0,0.25,True,False,0.6071581600515762,0.4765312010826095,0.48168716312752125,0.9938830749135646,0.006116925086435304,85.77561619486971,0.9633743262550398,-450.9122668402687,-350.9859004891432,1940.4546064789379,5.991927146911621,0.3397867839068841,0.932565446217807,0.9434060589973565,1.0994169725831093,1.07718616107978,2,1768.38,600.8721529252557,1167.5078470747444,534.0570406340187,1758.9478361569363,12.602048915338838,534.0570406340187,balanced
90,0.3,bus16_ct25,16.0,0.25,True,False,0.6655458836576835,0.6222228234275816,0.42534138942137645,0.9923964983541942,0.00760350164580579,112.00010821696469,0.8506827788427507,-450.9122668402687,-349.4209309971529,2357.3656402246597,5.874555587768555,0.3397867839068841,0.932565446217807,0.9434060589973565,1.0994169725831093,1.07718616107978,2,1768.38,600.8721529252557,1167.5078470747444,534.0570406340187,1758.9478361569363,12.602048915338838,534.0570406340187,balanced
90,0.3,gen_trip_g4,,,True,False,0.26868328724744484,0.35354360644891586,0.28217019800496956,0.08547573808697806,0.9145242619130219,63.637849160804855,0.5643403960099369,-450.9122668402687,-357.2768451439993,1333.2279350172491,5.723671913146973,0.3397867839068841,0.932565446217807,0.9434060589973565,1.0994169725831093,1.07718616107978,2,1768.38,600.8721529252557,1167.5078470747444,534.0570406340187,1758.9478361569363,12.602048915338838,534.0570406340187,balanced
91,0.3,bus4_ct10,4.0,0.1,True,False,0.48759245854574507,0.34601644224179073,0.2647683213036771,0.9935686283957218,0.006431371604278186,62.28295960352233,0.5295366426073533,292.9523873404864,-78.78255196293804,1220.8120243074275,7.369040250778198,0.7360741961914681,0.6187817813406378,0.7608745130442707,0.9959361313855993,1.1118597961533396,1,1768.38,1301.6588870610683,466.7211129389317,-583.5596953485174,282.4195995246937,12.602048915338838,583.5596953485174,west_concentrated
91,0.3,bus14_ct10,14.0,0.1,True,False,0.48973394679962196,0.34574682383739946,0.2735754376509263,0.9938667018727626,0.006133298127237393,62.234428290731906,0.5471508753018517,292.9523873404864,-77.79490222972399,1245.406603233183,7.6181724071502686,0.7360741961914681,0.6187817813406378,0.7608745130442707,0.9959361313855993,1.1118597961533396,1,1768.38,1301.6588870610683,466.7211129389317,-583.5596953485174,282.4195995246937,12.602048915338838,583.5596953485174,west_concentrated
91,0.3,bus16_ct10,16.0,0.1,True,False,0.48980544013275257,0.34371824737671675,0.2799087799108122,0.9918764858667646,0.008123514133235426,61.869284527809015,0.5598175598216271,292.9523873404864,-76.99734788968509,1462.6511885189655,7.345947027206421,0.7360741961914681,0.6187817813406378,0.7608745130442707,0.9959361313855993,1.1118597961533396,1,1768.38,1301.6588870610683,466.7211129389317,-583.5596953485174,282.4195995246937,12.602048915338838,583.5596953485174,west_concentrated
91,0.3,bus26_ct10,26.0,0.1,True,False,0.48585893002247005,0.3467814233494667,0.2548810362523177,0.994991837138629,0.005008162861370929,62.420656202904006,0.5097620725046381,292.9523873404864,-80.18517541464857,1198.3116513082393,7.48425030708313,0.7360741961914681,0.6187817813406378,0.7608745130442707,0.9959361313855993,1.1118597961533396,1,1768.38,1301.6588870610683,466.7211129389317,-583.5596953485174,282.4195995246937,12.602048915338838,583.5596953485174,west_concentrated
91,0.3,bus20_ct15,20.0,0.15,True,False,0.9286936722784631,1.0,0.7147746891138524,1.0,-0.06458694512820737,183.86241566491867,1.4295493782277058,292.9523873404864,-458.37585993728584,1259.2783094065942,1.6690912246704102,0.7360741961914681,0.6187817813406378,0.7608745130442707,0.9959361313855993,1.1118597961533396,1,1768.38,1301.6588870610683,466.7211129389317,-583.5596953485174,282.4195995246937,12.602048915338838,583.5596953485174,west_concentrated
91,0.3,bus8_ct15,8.0,0.15,True,False,0.4964770941798464,0.3461696090310103,0.2991327116729465,0.9944364469844185,0.00556355301558155,62.31052962558185,0.5982654233458895,292.9523873404864,-76.62466603971848,1245.5518960828574,7.557788610458374,0.7360741961914681,0.6187817813406378,0.7608745130442707,0.9959361313855993,1.1118597961533396,1,1768.38,1301.6588870610683,466.7211129389317,-583.5596953485174,282.4195995246937,12.602048915338838,583.5596953485174,west_concentrated
91,0.3,bus4_ct25,4.0,0.25,True,False,0.5983258186010882,0.4624041696206964,0.47464994417343576,0.9938449909895243,0.006155009010475738,83.23275053172536,0.9492998883468706,292.9523873404864,-72.35913894072675,1783.4600062041281,7.281884431838989,0.7360741961914681,0.6187817813406378,0.7608745130442707,0.9959361313855993,1.1118597961533396,1,1768.38,1301.6588870610683,466.7211129389317,-583.5596953485174,282.4195995246937,12.602048915338838,583.5596953485174,west_concentrated
91,0.3,bus16_ct25,16.0,0.25,True,False,0.6264792325596578,0.5632423094652551,0.3870625220275734,0.9923697892805474,0.007630210719452613,101.38361570374592,0.774125044055145,292.9523873404864,-67.39580125828083,2347.2793263231056,7.58582067489624,0.7360741961914681,0.6187817813406378,0.7608745130442707,0.9959361313855993,1.1118597961533396,1,1768.38,1301.6588870610683,466.7211129389317,-583.5596953485174,282.4195995246937,12.602048915338838,583.5596953485174,west_concentrated
91,0.3,gen_trip_g4,,,True,False,0.24554601873077445,0.3472860121156996,0.2205416837274683,0.0670703669642303,0.9329296330357697,62.51148218082592,0.4410833674549375,292.9523873404864,-81.52007234724036,1083.6709428812214,7.051999568939209,0.7360741961914681,0.6187817813406378,0.7608745130442707,0.9959361313855993,1.1118597961533396,1,1768.38,1301.6588870610683,466.7211129389317,-583.5596953485174,282.4195995246937,12.602048915338838,583.5596953485174,west_concentrated
92,0.3,bus4_ct10,4.0,0.1,True,False,0.4707747614457518,0.33178998814278526,0.2258951144628476,0.993623955034589,0.006376044965411032,59.72219786570135,0.45179022892569254,232.86616385432973,-52.14458358517005,1182.216463056298,10.045455694198608,0.7727488034806089,0.4798587113645621,0.8344171484706007,1.188387282209664,0.9949895522489663,1,1768.38,1366.5135290990393,401.8664709009608,183.53298019289662,572.2169508076117,12.602048915338838,183.53298019289662,west_concentrated
92,0.3,bus14_ct10,14.0,0.1,True,False,0.47333235014839004,0.33162904789476494,0.23614222452054534,0.9939290802834849,0.006070919716515059,59.69322862105769,0.47228444904108935,232.86616385432973,-50.097583094416684,1208.8199248998876,8.624225616455078,0.7727488034806089,0.4798587113645621,0.8344171484706007,1.188387282209664,0.9949895522489663,1,1768.38,1366.5135290990393,401.8664709009608,183.53298019289662,572.2169508076117,12.602048915338838,183.53298019289662,west_concentrated
92,0.3,bus16_ct10,16.0,0.1,True,False,0.4712934699096637,0.3298381311372402,0.23357082161783538,0.991926795746339,0.008073204253660997,59.37086360470324,0.467141643235669,232.86616385432973,-51.06053814407872,1390.5294047810937,11.860020160675049,0.7727488034806089,0.4798587113645621,0.8344171484706007,1.188387282209664,0.9949895522489663,1,1768.38,1366.5135290990393,401.8664709009608,183.53298019289662,572.2169508076117,12.602048915338838,183.53298019289662,west_concentrated
92,0.3,bus26_ct10,26.0,0.1,True,False,0.4671616686193244,0.3329149296903079,0.20777917444956628,0.9950376406471155,0.004962359352884466,59.924687344255425,0.4155583488991299,232.86616385432973,-54.573747695552285,1099.8284063389074,9.937834024429321,0.7727488034806089,0.4798587113645621,0.8344171484706007,1.188387282209664,0.9949895522489663,1,1768.38,1366.5135290990393,401.8664709009608,183.53298019289662,572.2169508076117,12.602048915338838,183.53298019289662,west_concentrated
92,0.3,bus20_ct15,20.0,0.15,True,False,0.5519112756292783,0.4496557754853333,0.3083335515464469,1.0,-1.1371449972380612,80.93803958736,0.6166671030928916,232.86616385432973,-5.1161976710701325,1408.1914112162415,20.442769527435303,0.7727488034806089,0.4798587113645621,0.8344171484706007,1.188387282209664,0.9949895522489663,1,1768.38,1366.5135290990393,401.8664709009608,183.53298019289662,572.2169508076117,12.602048915338838,183.53298019289662,west_concentrated
92,0.3,bus8_ct15,8.0,0.15,True,False,0.47697907712552434,0.33180409511487047,0.2497688765534143,0.9945392417189423,0.005460758281057707,59.724737120676686,0.499537753106829,232.86616385432973,-49.179851425726994,1180.86961089588,11.422379732131958,0.7727488034806089,0.4798587113645621,0.8344171484706007,1.188387282209664,0.9949895522489663,1,1768.38,1366.5135290990393,401.8664709009608,183.53298019289662,572.2169508076117,12.602048915338838,183.53298019289662,west_concentrated
92,0.3,bus4_ct25,4.0,0.25,True,False,0.5851082488844227,0.4538355937774085,0.43893015279817504,0.9938316551846985,0.006168344815301535,81.69040687993353,0.8778603055963519,232.86616385432973,-43.6493029860116,1737.6103691134801,11.247535228729248,0.7727488034806089,0.4798587113645621,0.8344171484706007,1.188387282209664,0.9949895522489663,1,1768.38,1366.5135290990393,401.8664709009608,183.53298019289662,572.2169508076117,12.602048915338838,183.53298019289662,west_concentrated
92,0.3,bus16_ct25,16.0,0.25,True,False,0.5817404003831727,0.4752436294947225,0.3841570171482154,0.9923173253950304,0.007682674604969625,85.54385330905005,0.768314034296429,232.86616385432973,-36.375306374961525,2301.953789035575,10.81619119644165,0.7727488034806089,0.4798587113645621,0.8344171484706007,1.188387282209664,0.9949895522489663,1,1768.38,1366.5135290990393,401.8664709009608,183.53298019289662,572.2169508076117,12.602048915338838,183.53298019289662,west_concentrated
92,0.3,gen_trip_g4,,,True,False,0.22064617428010377,0.3293911379686511,0.17453923127792237,0.04926318990519052,0.9507368100948095,59.2904048343572,0.3490784625558474,232.86616385432973,-56.83830041504339,1000.1056619396344,9.700037479400635,0.7727488034806089,0.4798587113645621,0.8344171484706007,1.188387282209664,0.9949895522489663,1,1768.38,1366.5135290990393,401.8664709009608,183.53298019289662,572.2169508076117,12.602048915338838,183.53298019289662,west_concentrated
93,0.3,bus4_ct10,4.0,0.1,True,False,0.840636139711948,1.0,0.36894453426812035,0.9936000245796717,0.006399975420328316,181.2349669009832,0.7378890685362438,455.1871865633658,-500.3664827647792,1826.8759398815346,8.105022192001343,0.9888460931106492,0.9058321285433115,0.7322235384399121,0.8936971740688111,1.176381873894466,2,1768.38,1748.6556541350099,19.72434586499018,-1149.5279388616668,409.1870463762357,12.602048915338838,1149.5279388616668,west_concentrated
93,0.3,bus14_ct10,14.0,0.1,True,False,0.8429197202157673,1.0,0.3777632684328651,0.9939156124302041,0.006084387569795865,181.4133059538445,0.7555265368657316,455.1871865633658,-496.563531241888,1847.9812430447132,8.744024515151978,0.9888460931106492,0.9058321285433115,0.7322235384399121,0.8936971740688111,1.176381873894466,2,1768.38,1748.6556541350099,19.72434586499018,-1149.5279388616668,409.1870463762357,12.602048915338838,1149.5279388616668,west_concentrated
93,0.3,bus16_ct10,16.0,0.1,True,False,0.8259039585124099,1.0,0.31156565580501905,0.9920501782446209,0.007949821755379071,183.20582717629256,0.6231313116100368,455.1871865633658,-446.22239397797824,2132.4493698715196,10.261085271835327,0.9888460931106492,0.9058321285433115,0.7322235384399121,0.8936971740688111,1.176381873894466,2,1768.38,1748.6556541350099,19.72434586499018,-1149.5279388616668,409.1870463762357,12.602048915338838,1149.5279388616668,west_concentrated
93,0.3,bus26_ct10,26.0,0.1,True,False,0.8273594700739686,1.0,0.31444371492981915,0.9949941653660554,0.005005834633944499,180.02797050409023,0.6288874298596414,455.1871865633658,-530.5598611885778,1796.1977477357814,8.53828763961792,0.9888460931106492,0.9058321285433115,0.7322235384399121,0.8936971740688111,1.176381873894466,2,1768.38,1748.6556541350099,19.72434586499018,-1149.5279388616668,409.1870463762357,12.602048915338838,1149.5279388616668,west_concentrated
93,0.3,bus20_ct15,20.0,0.15,True,False,0.826726793420513,1.0,0.3103819104455212,0.9965252632365308,0.003474736763469176,181.69924495345336,0.6207638208910415,455.1871865633658,-861.5357284226252,2028.516732169362,2.8298168182373047,0.9888460931106492,0.9058321285433115,0.7322235384399121,0.8936971740688111,1.176381873894466,2,1768.38,1748.6556541350099,19.72434586499018,-1149.5279388616668,409.1870463762357,12.602048915338838,1149.5279388616668,west_concentrated
93,0.3,bus8_ct15,8.0,0.15,True,False,0.8588455416446259,1.0,0.44091008170238766,0.9944720848761159,0.005527915123884067,180.65780782520255,0.881820163404774,455.1871865633658,-499.26777194912904,1845.2507126306919,8.81539249420166,0.9888460931106492,0.9058321285433115,0.7322235384399121,0.8936971740688111,1.176381873894466,2,1768.38,1748.6556541350099,19.72434586499018,-1149.5279388616668,409.1870463762357,12.602048915338838,1149.5279388616668,west_concentrated
93,0.3,bus4_ct25,4.0,0.25,True,False,0.8601923321050335,1.0,0.4464976852298257,0.9942716431903086,0.00572835680969143,180.1026283470192,0.8929953704596505,455.1871865633658,-941.8508195117038,2154.6804988054164,2.3997864723205566,0.9888460931106492,0.9058321285433115,0.7322235384399121,0.8936971740688111,1.176381873894466,2,1768.38,1748.6556541350099,19.72434586499018,-1149.5279388616668,409.1870463762357,12.602048915338838,1149.5279388616668,west_concentrated
93,0.3,bus16_ct25,16.0,0.25,True,True,0.668236876997973,0.5898859268567757,0.49971667241934625,0.9934589818589945,0.006541018141005458,106.17946683421961,0.9994333448386961,455.1871865633658,185.63908115798216,1426.3520022420698,2.9257941246032715,0.9888460931106492,0.9058321285433115,0.7322235384399121,0.8936971740688111,1.176381873894466,2,1768.38,1748.6556541350099,19.72434586499018,-1149.5279388616668,409.1870463762357,12.602048915338838,1149.5279388616668,west_concentrated
93,0.3,gen_trip_g4,,,True,False,0.7101499534077893,1.0,0.2936762977712739,0.5469235158598835,0.45307648414011653,180.16544386363384,0.5873525955425452,455.1871865633658,-581.2857703020406,1823.6012015217432,6.7309889793396,0.9888460931106492,0.9058321285433115,0.7322235384399121,0.8936971740688111,1.176381873894466,2,1768.38,1748.6556541350099,19.72434586499018,-1149.5279388616668,409.1870463762357,12.602048915338838,1149.5279388616668,west_concentrated
94,0.3,bus4_ct10,4.0,0.1,True,False,0.4382747298577768,0.28234233839063577,0.19470684495383495,0.9937073976960009,0.006292602303999052,50.82162091031444,0.3894136899076672,540.8904878351436,274.55513002274364,1021.7117153245679,10.212576866149902,0.6759525583862621,0.4940998379126168,0.4277551251583119,1.107341300385405,1.1503082362265227,1,1768.38,1195.3409851990982,573.0390148009018,-11.346895400803533,70.57385773269743,12.602048915338838,11.346895400803533,balanced
94,0.3,bus14_ct10,14.0,0.1,True,False,0.44125424483301057,0.28234233839063577,0.20633761336467416,0.9939946891860967,0.006005310813903266,50.82162091031444,0.412675226729351,540.8904878351436,275.292025637042,1042.3590399004445,11.796188592910767,0.6759525583862621,0.4940998379126168,0.4277551251583119,1.107341300385405,1.1503082362265227,1,1768.38,1195.3409851990982,573.0390148009018,-11.346895400803533,70.57385773269743,12.602048915338838,11.346895400803533,balanced
94,0.3,bus16_ct10,16.0,0.1,True,False,0.45331304227174263,0.3095897719623894,0.20217156752887533,0.9919010576333164,0.00809894236668362,55.72615895323009,0.40434313505774977,540.8904878351436,280.1989086500886,1168.4680677574668,10.128854036331177,0.6759525583862621,0.4940998379126168,0.4277551251583119,1.107341300385405,1.1503082362265227,1,1768.38,1195.3409851990982,573.0390148009018,-11.346895400803533,70.57385773269743,12.602048915338838,11.346895400803533,balanced
94,0.3,bus26_ct10,26.0,0.1,True,False,0.4339921117272092,0.28234233839063577,0.1762191083146334,0.9950646618129317,0.004935338187068245,50.82162091031444,0.352438216629265,540.8904878351436,278.62676995711104,942.9835240669121,10.713858842849731,0.6759525583862621,0.4940998379126168,0.4277551251583119,1.107341300385405,1.1503082362265227,1,1768.38,1195.3409851990982,573.0390148009018,-11.346895400803533,70.57385773269743,12.602048915338838,11.346895400803533,balanced
94,0.3,bus20_ct15,20.0,0.15,True,False,0.4895419502360666,0.35854038005750516,0.24482204164073096,0.9962649991885251,0.0037350008114749584,64.53726841035093,0.4896440832814619,540.8904878351436,276.53815518451455,1263.3089523099368,11.331045627593994,0.6759525583862621,0.4940998379126168,0.4277551251583119,1.107341300385405,1.1503082362265227,1,1768.38,1195.3409851990982,573.0390148009018,-11.346895400803533,70.57385773269743,12.602048915338838,11.346895400803533,balanced
94,0.3,bus8_ct15,8.0,0.15,True,False,0.4410664699875346,0.28234233839063577,0.20495056621757257,0.9946306369512943,0.005369363048705736,50.82162091031444,0.4099011324351465,540.8904878351436,280.69419463933684,1030.04978328935,8.165311098098755,0.6759525583862621,0.4940998379126168,0.4277551251583119,1.107341300385405,1.1503082362265227,1,1768.38,1195.3409851990982,573.0390148009018,-11.346895400803533,70.57385773269743,12.602048915338838,11.346895400803533,balanced
94,0.3,bus4_ct25,4.0,0.25,True,False,0.5596831198464596,0.4186162237198599,0.4076007981506464,0.9938992337954724,0.006100766204527568,75.35092026957479,0.8152015963012893,540.8904878351436,287.4996566679357,1521.4221514194785,10.095173597335815,0.6759525583862621,0.4940998379126168,0.4277551251583119,1.107341300385405,1.1503082362265227,1,1768.38,1195.3409851990982,573.0390148009018,-11.346895400803533,70.57385773269743,12.602048915338838,11.346895400803533,balanced
94,0.3,bus16_ct25,16.0,0.25,True,False,0.5957201944051025,0.5068638225026854,0.3770463953679126,0.9921067372471264,0.007893262752873635,91.23548805048335,0.7540927907358252,540.8904878351436,289.65178129303274,2033.9225910615369,9.754376649856567,0.6759525583862621,0.4940998379126168,0.4277551251583119,1.107341300385405,1.1503082362265227,1,1768.38,1195.3409851990982,573.0390148009018,-11.346895400803533,70.57385773269743,12.602048915338838,11.346895400803533,balanced
94,0.3,gen_trip_g4,,,True,False,0.18955612768621435,0.28234233839063577,0.1403297459691366,0.05321008799444926,0.9467899120055507,50.82162091031444,0.28065949193827544,540.8904878351436,273.98930593216335,864.0806391362082,11.437206268310547,0.6759525583862621,0.4940998379126168,0.4277551251583119,1.107341300385405,1.1503082362265227,1,1768.38,1195.3409851990982,573.0390148009018,-11.346895400803533,70.57385773269743,12.602048915338838,11.346895400803533,balanced
95,0.3,bus4_ct10,4.0,0.1,True,False,0.5163745645236713,0.37931147351921063,0.3133009788626957,0.9935743321935679,0.006425667806432023,68.27606523345791,0.6266019577253901,-346.4261964066484,-262.01404408625956,1368.017990646852,5.914069175720215,0.31376596244640526,0.9252357726677096,0.8058131581623138,0.8109739760345617,1.165442237101664,0,1768.38,554.8574526709741,1213.5225473290259,-614.5694488235923,1082.4159502820712,12.602048915338838,614.5694488235923,balanced
95,0.3,bus14_ct10,14.0,0.1,True,False,0.5151455714525219,0.3795934486040506,0.3075488943576623,0.9938464942443243,0.006153505755675791,68.3268207487291,0.6150977887153242,-346.4261964066484,-260.79276526692036,1368.9871796081075,6.234573125839233,0.31376596244640526,0.9252357726677096,0.8058131581623138,0.8109739760345617,1.165442237101664,0,1768.38,554.8574526709741,1213.5225473290259,-614.5694488235923,1082.4159502820712,12.602048915338838,614.5694488235923,balanced
95,0.3,bus16_ct10,16.0,0.1,True,False,0.5313968169249663,0.40589323401408933,0.3219637138425071,0.9918370858291796,0.008162914170820407,73.06078212253608,0.6439274276850115,-346.4261964066484,-263.01182479091966,1549.2535351433878,6.034293174743652,0.31376596244640526,0.9252357726677096,0.8058131581623138,0.8109739760345617,1.165442237101664,0,1768.38,554.8574526709741,1213.5225473290259,-614.5694488235923,1082.4159502820712,12.602048915338838,614.5694488235923,balanced
95,0.3,bus26_ct10,26.0,0.1,True,False,0.5294170397755422,0.4013215416809099,0.32007481003548577,0.9949502657048634,0.005049734295136557,72.23787750256378,0.6401496200709689,-346.4261964066484,-262.96307874182173,1418.8151001632607,6.200608015060425,0.31376596244640526,0.9252357726677096,0.8058131581623138,0.8109739760345617,1.165442237101664,0,1768.38,554.8574526709741,1213.5225473290259,-614.5694488235923,1082.4159502820712,12.602048915338838,614.5694488235923,balanced
95,0.3,bus20_ct15,20.0,0.15,True,False,0.5761832780508965,0.46610124489585864,0.37253062241186896,1.0,-1.1421447919828995,83.89822408125455,0.745061244823737,-346.4261964066484,-205.02343985765458,1602.7851038991316,9.41937780380249,0.31376596244640526,0.9252357726677096,0.8058131581623138,0.8109739760345617,1.165442237101664,0,1768.38,554.8574526709741,1213.5225473290259,-614.5694488235923,1082.4159502820712,12.602048915338838,614.5694488235923,balanced
95,0.3,bus8_ct15,8.0,0.15,True,False,0.5341439930144142,0.37399496692291456,0.3940958815493367,0.994490156662491,0.005509843337508997,67.31909404612462,0.7881917630986734,-346.4261964066484,-262.1795257704417,1430.2219060492575,6.23586630821228,0.31376596244640526,0.9252357726677096,0.8058131581623138,0.8109739760345617,1.165442237101664,0,1768.38,554.8574526709741,1213.5225473290259,-614.5694488235923,1082.4159502820712,12.602048915338838,614.5694488235923,balanced
95,0.3,bus4_ct25,4.0,0.25,True,False,0.6354351458454048,0.5291419362949525,0.4894162269023212,0.9940404838893928,0.005959516110607184,95.24554853309145,0.9788324538046411,-346.4261964066484,-257.46558027582853,1888.0875579088233,6.075719833374023,0.31376596244640526,0.9252357726677096,0.8058131581623138,0.8109739760345617,1.165442237101664,0,1768.38,554.8574526709741,1213.5225473290259,-614.5694488235923,1082.4159502820712,12.602048915338838,614.5694488235923,balanced
95,0.3,bus16_ct25,16.0,0.25,True,False,0.7251447164281629,0.7468640947658172,0.4144158790256718,0.9924347971553457,0.007565202844654372,134.43553705784709,0.8288317580513427,-346.4261964066484,-257.7032295859008,2259.9699264214587,6.425796270370483,0.31376596244640526,0.9252357726677096,0.8058131581623138,0.8109739760345617,1.165442237101664,0,1768.38,554.8574526709741,1213.5225473290259,-614.5694488235923,1082.4159502820712,12.602048915338838,614.5694488235923,balanced
95,0.3,gen_trip_g4,,,True,False,0.285921189270367,0.39681358905560865,0.27388395880795,0.07617362016230089,0.9238263798376991,71.42644603000956,0.5477679176159023,-346.4261964066484,-264.3434031556402,1247.6031026687037,5.767930030822754,0.31376596244640526,0.9252357726677096,0.8058131581623138,0.8109739760345617,1.165442237101664,0,1768.38,554.8574526709741,1213.5225473290259,-614.5694488235923,1082.4159502820712,12.602048915338838,614.5694488235923,balanced
96,0.3,bus4_ct10,4.0,0.1,True,False,0.46969159586782083,0.32433749199199746,0.23670125360138172,0.9933901458859066,0.006609854114093432,58.38074855855954,0.47340250720276256,-254.76809395402947,-387.2744610160947,1360.4515901749198,6.939476490020752,0.3855195107764526,0.7344064762985634,0.3900092500283834,1.052414804701648,0.8328053704404906,2,1768.38,681.7449924668632,1086.6350075331368,442.9487558311067,1728.6762780457261,12.602048915338838,442.9487558311067,balanced
96,0.3,bus14_ct10,14.0,0.1,True,False,0.47089719439891675,0.3240085013554364,0.24186749553410536,0.993704279350689,0.006295720649311061,58.32153024397855,0.4837349910682076,-254.76809395402947,-385.3103059065903,1371.0740163532287,6.68561053276062,0.3855195107764526,0.7344064762985634,0.3900092500283834,1.052414804701648,0.8328053704404906,2,1768.38,681.7449924668632,1086.6350075331368,442.9487558311067,1728.6762780457261,12.602048915338838,442.9487558311067,balanced
96,0.3,bus16_ct10,16.0,0.1,True,False,0.492385077873364,0.3616008185163712,0.2545169031617682,0.9918217712989453,0.00817822870105467,65.08814733294682,0.5090338063235378,-254.76809395402947,-387.27789635665755,1566.172484846616,7.798287630081177,0.3855195107764526,0.7344064762985634,0.3900092500283834,1.052414804701648,0.8328053704404906,2,1768.38,681.7449924668632,1086.6350075331368,442.9487558311067,1728.6762780457261,12.602048915338838,442.9487558311067,balanced
96,0.3,bus26_ct10,26.0,0.1,True,False,0.47684763227845883,0.3361531054678364,0.2401548335803767,0.9949294845977857,0.005070515402214232,60.50755898421055,0.4803096671607543,-254.76809395402947,-387.4990392339033,1337.1149176602808,7.418628692626953,0.3855195107764526,0.7344064762985634,0.3900092500283834,1.052414804701648,0.8328053704404906,2,1768.38,681.7449924668632,1086.6350075331368,442.9487558311067,1728.6762780457261,12.602048915338838,442.9487558311067,balanced
96,0.3,bus20_ct15,20.0,0.15,True,False,0.9113657948390426,1.0,0.6454631793561703,1.0,-0.13668024897025793,182.71650002036966,1.2909263587123432,-254.76809395402947,-722.6741611840476,1267.1141373470434,1.6777679920196533,0.3855195107764526,0.7344064762985634,0.3900092500283834,1.052414804701648,0.8328053704404906,2,1768.38,681.7449924668632,1086.6350075331368,442.9487558311067,1728.6762780457261,12.602048915338838,442.9487558311067,balanced
96,0.3,bus8_ct15,8.0,0.15,True,False,0.4816900516494298,0.32343822517363074,0.2856151413933823,0.9942686148570754,0.005731385142924554,58.21888053125353,0.5712302827867632,-254.76809395402947,-384.87415682360694,1425.5775460111859,6.849227428436279,0.3855195107764526,0.7344064762985634,0.3900092500283834,1.052414804701648,0.8328053704404906,2,1768.38,681.7449924668632,1086.6350075331368,442.9487558311067,1728.6762780457261,12.602048915338838,442.9487558311067,balanced
96,0.3,bus4_ct25,4.0,0.25,True,False,0.5843636107925974,0.4673384751331702,0.40907347478025,0.9937040181237988,0.006295981876201228,84.12092552397063,0.8181469495604965,-254.76809395402947,-380.3911431955298,1938.8133646275048,7.279048204421997,0.3855195107764526,0.7344064762985634,0.3900092500283834,1.052414804701648,0.8328053704404906,2,1768.38,681.7449924668632,1086.6350075331368,442.9487558311067,1728.6762780457261,12.602048915338838,442.9487558311067,balanced
96,0.3,bus16_ct25,16.0,0.25,True,False,0.6480063876293317,0.6002817836689942,0.39904291954408677,0.9924190636352518,0.007580936364748247,108.05072106041897,0.7980858390881762,-254.76809395402947,-381.76515452562865,2378.6652958861273,7.925717830657959,0.3855195107764526,0.7344064762985634,0.3900092500283834,1.052414804701648,0.8328053704404906,2,1768.38,681.7449924668632,1086.6350075331368,442.9487558311067,1728.6762780457261,12.602048915338838,442.9487558311067,balanced
96,0.3,gen_trip_g4,,,True,False,0.2349627001778804,0.3396236561970909,0.20735990042880914,0.053243587888530675,0.9467564121114693,61.13225811547636,0.41471980085761917,-254.76809395402947,-387.0975274135254,1170.5794018952452,7.031519651412964,0.3855195107764526,0.7344064762985634,0.3900092500283834,1.052414804701648,0.8328053704404906,2,1768.38,681.7449924668632,1086.6350075331368,442.9487558311067,1728.6762780457261,12.602048915338838,442.9487558311067,balanced
97,0.3,bus4_ct10,4.0,0.1,True,False,0.5319531344054516,0.3729460182381156,0.388346315749299,0.9935741853962761,0.006425814603723955,67.1302832828608,0.7766926314985967,-901.5744016638998,-400.49057101676897,1662.215397700698,25.005926847457886,0.03539755077718161,0.3411276844727906,0.9810222243800519,0.9658419259782939,1.149583858261381,0,1768.38,62.59632084335242,1705.7836791566476,374.2675605525577,1819.9640587030444,12.602048915338838,374.2675605525577,east_concentrated
97,0.3,bus14_ct10,14.0,0.1,True,False,0.5287385507941774,0.37272810094451936,0.3756404919539662,0.9938575093337046,0.0061424906662953666,67.09105817001348,0.7512809839079315,-901.5744016638998,-401.2072473094833,1659.8584158911015,24.08284568786621,0.03539755077718161,0.3411276844727906,0.9810222243800519,0.9658419259782939,1.149583858261381,0,1768.38,62.59632084335242,1705.7836791566476,374.2675605525577,1819.9640587030444,12.602048915338838,374.2675605525577,east_concentrated
97,0.3,bus16_ct10,16.0,0.1,True,False,0.545456917213906,0.40810400790448326,0.373780543578512,0.9918391094681455,0.008160890531854568,73.45872142280699,0.7475610871570204,-901.5744016638998,-401.0160690844182,1712.8230907980203,23.519597053527832,0.03539755077718161,0.3411276844727906,0.9810222243800519,0.9658419259782939,1.149583858261381,0,1768.38,62.59632084335242,1705.7836791566476,374.2675605525577,1819.9640587030444,12.602048915338838,374.2675605525577,east_concentrated
97,0.3,bus26_ct10,26.0,0.1,True,False,0.5388228283468731,0.388545554332408,0.38318684556062266,0.9950133591620539,0.0049866408379461375,69.93819977983344,0.7663736911212427,-901.5744016638998,-402.00189536033383,1736.156595040536,25.555322408676147,0.03539755077718161,0.3411276844727906,0.9810222243800519,0.9658419259782939,1.149583858261381,0,1768.38,62.59632084335242,1705.7836791566476,374.2675605525577,1819.9640587030444,12.602048915338838,374.2675605525577,east_concentrated
97,0.3,bus20_ct15,20.0,0.15,True,False,0.530500751367443,0.37724020734751934,0.36752259077473326,1.0,-0.0683494189493556,67.90323732255348,0.7350451815494674,-901.5744016638998,-402.1873531039366,1677.5904418419736,25.638988256454468,0.03539755077718161,0.3411276844727906,0.9810222243800519,0.9658419259782939,1.149583858261381,0,1768.38,62.59632084335242,1705.7836791566476,374.2675605525577,1819.9640587030444,12.602048915338838,374.2675605525577,east_concentrated
97,0.3,bus8_ct15,8.0,0.15,True,False,0.5550834300747944,0.3679412655483431,0.4899613784133088,0.9944898107891829,0.005510189210817149,66.22942779870176,0.9799227568266144,-901.5744016638998,-399.478091454928,1702.2728134977556,24.6004319190979,0.03539755077718161,0.3411276844727906,0.9810222243800519,0.9658419259782939,1.149583858261381,0,1768.38,62.59632084335242,1705.7836791566476,374.2675605525577,1819.9640587030444,12.602048915338838,374.2675605525577,east_concentrated
97,0.3,bus4_ct25,4.0,0.25,True,False,0.7218392990646076,0.6200972427043088,0.6530953798793426,0.9940673309704702,0.005932669029529857,111.61750368677558,1.3061907597586853,-901.5744016638998,-396.3041687563775,1984.4822275877495,24.476913690567017,0.03539755077718161,0.3411276844727906,0.9810222243800519,0.9658419259782939,1.149583858261381,0,1768.38,62.59632084335242,1705.7836791566476,374.2675605525577,1819.9640587030444,12.602048915338838,374.2675605525577,east_concentrated
97,0.3,bus16_ct25,16.0,0.25,True,False,0.766791789368255,0.8040572159272982,0.46663487390358327,0.9924178517148404,0.007582148285159556,144.73029886691367,0.9332697478071683,-901.5744016638998,-396.24443897116737,2122.057592913998,22.214990377426147,0.03539755077718161,0.3411276844727906,0.9810222243800519,0.9658419259782939,1.149583858261381,0,1768.38,62.59632084335242,1705.7836791566476,374.2675605525577,1819.9640587030444,12.602048915338838,374.2675605525577,east_concentrated
97,0.3,gen_trip_g4,,,True,False,0.2971439745041644,0.38909792241761365,0.32942673162259695,0.08095332155883328,0.9190466784411667,70.03762603517046,0.6588534632451903,-901.5744016638998,-403.41779409219134,1581.9262408715117,25.344566583633423,0.03539755077718161,0.3411276844727906,0.9810222243800519,0.9658419259782939,1.149583858261381,0,1768.38,62.59632084335242,1705.7836791566476,374.2675605525577,1819.9640587030444,12.602048915338838,374.2675605525577,east_concentrated
98,0.3,bus4_ct10,4.0,0.1,True,False,0.42848783588647654,0.23230931733585156,0.255866125085646,0.993466583788557,0.006533416211442952,41.81567712045328,0.5117322501712884,29.2831200904743,47.17112649975589,1289.5166649516982,17.672760009765625,0.07138689527834882,0.7181904480648553,0.35971621998689,0.8682940703146311,1.100748798816232,2,1768.38,126.2391578723265,1642.1408421276735,262.3036202136802,1185.8011283520573,12.602048915338838,262.3036202136802,east_concentrated
98,0.3,bus14_ct10,14.0,0.1,True,False,0.4256924395193368,0.23145205970234903,0.2461164114493677,0.9937492272232812,0.0062507727767188185,41.661370746422826,0.4922328228987327,29.2831200904743,46.37667754022405,1292.5562535674014,17.57018780708313,0.07138689527834882,0.7181904480648553,0.35971621998689,0.8682940703146311,1.100748798816232,2,1768.38,126.2391578723265,1642.1408421276735,262.3036202136802,1185.8011283520573,12.602048915338838,262.3036202136802,east_concentrated
98,0.3,bus16_ct10,16.0,0.1,True,False,0.43354643721345215,0.256044074258656,0.23034354108184374,0.9917540592546529,0.008245940745347121,46.087933366558076,0.4606870821636866,29.2831200904743,47.176375113407744,1321.5262758776917,17.379628896713257,0.07138689527834882,0.7181904480648553,0.35971621998689,0.8682940703146311,1.100748798816232,2,1768.38,126.2391578723265,1642.1408421276735,262.3036202136802,1185.8011283520573,12.602048915338838,262.3036202136802,east_concentrated
98,0.3,bus26_ct10,26.0,0.1,True,False,0.4245602547049483,0.23409004298594718,0.23508987370337664,0.9949710591445222,0.005028940855477781,42.13620773747049,0.4701797474067537,29.2831200904743,46.02230800617792,1334.4633696179953,18.03331971168518,0.07138689527834882,0.7181904480648553,0.35971621998689,0.8682940703146311,1.100748798816232,2,1768.38,126.2391578723265,1642.1408421276735,262.3036202136802,1185.8011283520573,12.602048915338838,262.3036202136802,east_concentrated
98,0.3,bus20_ct15,20.0,0.15,True,True,0.38415887036151436,0.19934370731979578,0.13794806680646587,1.0,-0.14623621260430295,35.88186731756324,0.27589613361293175,29.2831200904743,62.70530284941687,1051.993837898369,2.812100887298584,0.07138689527834882,0.7181904480648553,0.35971621998689,0.8682940703146311,1.100748798816232,2,1768.38,126.2391578723265,1642.1408421276735,262.3036202136802,1185.8011283520573,12.602048915338838,262.3036202136802,east_concentrated
98,0.3,bus8_ct15,8.0,0.15,True,False,0.44735826068240553,0.2322993551712441,0.33048451116141564,0.9943498212257182,0.005650178774281801,41.813883930823934,0.6609690223228304,29.2831200904743,47.49065352964381,1326.3602572762893,17.66111946105957,0.07138689527834882,0.7181904480648553,0.35971621998689,0.8682940703146311,1.100748798816232,2,1768.38,126.2391578723265,1642.1408421276735,262.3036202136802,1185.8011283520573,12.602048915338838,262.3036202136802,east_concentrated
98,0.3,bus4_ct25,4.0,0.25,True,False,0.5702695675815422,0.39849172381148684,0.49032584258064915,0.993768980122546,0.006231019877453958,71.72851028606763,0.9806516851613001,29.2831200904743,53.10536790835569,1719.1868436332597,16.450706481933594,0.07138689527834882,0.7181904480648553,0.35971621998689,0.8682940703146311,1.100748798816232,2,1768.38,126.2391578723265,1642.1408421276735,262.3036202136802,1185.8011283520573,12.602048915338838,262.3036202136802,east_concentrated
98,0.3,bus16_ct25,16.0,0.25,True,False,0.6321596959577835,0.5430697680086919,0.4504079831186587,0.9920912646950919,0.007908735304908154,97.75255824156454,0.9008159662373183,29.2831200904743,55.86587652396183,1830.614844755657,17.152924060821533,0.07138689527834882,0.7181904480648553,0.35971621998689,0.8682940703146311,1.100748798816232,2,1768.38,126.2391578723265,1642.1408421276735,262.3036202136802,1185.8011283520573,12.602048915338838,262.3036202136802,east_concentrated
98,0.3,gen_trip_g4,,,True,False,0.17388645390662083,0.23481985093135951,0.185523698312263,0.04038241545150134,0.9596175845484987,42.26757316764471,0.37104739662452424,29.2831200904743,42.67982455624077,1145.993909002782,16.333317518234253,0.07138689527834882,0.7181904480648553,0.35971621998689,0.8682940703146311,1.100748798816232,2,1768.38,126.2391578723265,1642.1408421276735,262.3036202136802,1185.8011283520573,12.602048915338838,262.3036202136802,east_concentrated
99,0.3,bus4_ct10,4.0,0.1,True,False,0.4789146826209368,0.32449649528587676,0.2731452293180645,0.9935205105939291,0.006479489406070857,58.40936915145782,0.5462904586361295,38.25356801048902,-282.97410746770043,1334.9590043714645,5.545789957046509,0.5852271127129646,0.8771009322569803,0.5807252137682747,1.065176965630571,0.9821726477274971,1,1768.38,1034.9039215793523,733.4760784206478,-463.7074886707835,696.792708604607,12.602048915338838,463.7074886707835,balanced
99,0.3,bus14_ct10,14.0,0.1,True,False,0.4796123679214287,0.32376413186744674,0.27709575497371475,0.9938254529771064,0.006174547022893499,58.277543736140416,0.5541915099474326,38.25356801048902,-282.20674246101817,1353.297164000784,6.740355730056763,0.5852271127129646,0.8771009322569803,0.5807252137682747,1.065176965630571,0.9821726477274971,1,1768.38,1034.9039215793523,733.4760784206478,-463.7074886707835,696.792708604607,12.602048915338838,463.7074886707835,balanced
99,0.3,bus16_ct10,16.0,0.1,True,False,0.49523974218017486,0.34720107171245984,0.2946776830296258,0.9918791422661539,0.008120857733846024,62.49619290824277,0.5893553660592543,38.25356801048902,-282.35513743131054,1556.6484611513881,5.791360139846802,0.5852271127129646,0.8771009322569803,0.5807252137682747,1.065176965630571,0.9821726477274971,1,1768.38,1034.9039215793523,733.4760784206478,-463.7074886707835,696.792708604607,12.602048915338838,463.7074886707835,balanced
99,0.3,bus26_ct10,26.0,0.1,True,False,0.4860028250467812,0.33460394641423974,0.27982353627867695,0.9949798710799684,0.005020128920031522,60.228710354563155,0.5596470725573544,38.25356801048902,-283.88345157182516,1346.0461221749208,5.8385303020477295,0.5852271127129646,0.8771009322569803,0.5807252137682747,1.065176965630571,0.9821726477274971,1,1768.38,1034.9039215793523,733.4760784206478,-463.7074886707835,696.792708604607,12.602048915338838,463.7074886707835,balanced
99,0.3,bus20_ct15,20.0,0.15,True,False,0.9124926308872974,1.0,0.6499705235491895,1.0,-0.13214707174114915,183.89116091554487,1.2999410470983763,38.25356801048902,-653.487388295007,1291.7052532847658,1.3820252418518066,0.5852271127129646,0.8771009322569803,0.5807252137682747,1.065176965630571,0.9821726477274971,1,1768.38,1034.9039215793523,733.4760784206478,-463.7074886707835,696.792708604607,12.602048915338838,463.7074886707835,balanced
99,0.3,bus8_ct15,8.0,0.15,True,False,0.48837342223701236,0.32350118373475517,0.3121012341868763,0.9943900872916628,0.005609912708337224,58.230213072255935,0.6242024683737513,38.25356801048902,-282.5752639510766,1371.1823977080287,5.773958444595337,0.5852271127129646,0.8771009322569803,0.5807252137682747,1.065176965630571,0.9821726477274971,1,1768.38,1034.9039215793523,733.4760784206478,-463.7074886707835,696.792708604607,12.602048915338838,463.7074886707835,balanced
99,0.3,bus4_ct25,4.0,0.25,True,False,0.5928972705099402,0.4625675177632111,0.4526402543739607,0.9938137921393779,0.006186207860622037,83.262153197378,0.9052805087479232,38.25356801048902,-278.87506825595773,1877.0668274414197,6.2631964683532715,0.5852271127129646,0.8771009322569803,0.5807252137682747,1.065176965630571,0.9821726477274971,1,1768.38,1034.9039215793523,733.4760784206478,-463.7074886707835,696.792708604607,12.602048915338838,463.7074886707835,balanced
99,0.3,bus16_ct25,16.0,0.25,True,False,0.6396332949448412,0.5874916566159619,0.3911312854756268,0.9924185810718141,0.0075814189281859,105.74849819087315,0.7822625709512554,38.25356801048902,-277.34410467597024,2346.5829211492332,6.029576539993286,0.5852271127129646,0.8771009322569803,0.5807252137682747,1.065176965630571,0.9821726477274971,1,1768.38,1034.9039215793523,733.4760784206478,-463.7074886707835,696.792708604607,12.602048915338838,463.7074886707835,balanced
99,0.3,gen_trip_g4,,,True,False,0.24437168076887533,0.3347572675962457,0.24040255906839292,0.06756962881461703,0.932430371185383,60.25630816732422,0.4808051181367867,38.25356801048902,-284.2238461734485,1181.309770380381,5.437112808227539,0.5852271127129646,0.8771009322569803,0.5807252137682747,1.065176965630571,0.9821726477274971,1,1768.38,1034.9039215793523,733.4760784206478,-463.7074886707835,696.792708604607,12.602048915338838,463.7074886707835,balanced
100,0.3,bus4_ct10,4.0,0.1,True,False,0.5639158004695655,0.4290350174221519,0.4041065016320786,0.9934866654018797,0.00651333459812031,77.22630313598734,0.8082130032641577,-1117.0853650055828,-656.1361474154422,1724.2042482649863,17.529858589172363,0.012732325141136976,0.8435880370379378,0.9024947590834187,1.0752651059894305,0.9473302433690811,1,1768.38,22.515589133083807,1745.8644108669164,457.3765783745618,1938.775666192957,12.602048915338838,457.3765783745618,east_concentrated
100,0.3,bus14_ct10,14.0,0.1,True,False,0.560236359585265,0.4290280686457014,0.389103192528097,0.9937861085215601,0.006213891478439908,77.22505235622626,0.7782063850561927,-1117.0853650055828,-655.757305716807,1719.8747587536707,15.26416015625,0.012732325141136976,0.8435880370379378,0.9024947590834187,1.0752651059894305,0.9473302433690811,1,1768.38,22.515589133083807,1745.8644108669164,457.3765783745618,1938.775666192957,12.602048915338838,457.3765783745618,east_concentrated
100,0.3,bus16_ct10,16.0,0.1,True,False,0.5731436285725388,0.467012619842048,0.3667138248590476,0.9918354497470113,0.008164550252988638,84.06227157156864,0.7334276497180969,-1117.0853650055828,-656.197300732312,1763.4489626610957,17.926589012145996,0.012732325141136976,0.8435880370379378,0.9024947590834187,1.0752651059894305,0.9473302433690811,1,1768.38,22.515589133083807,1745.8644108669164,457.3765783745618,1938.775666192957,12.602048915338838,457.3765783745618,east_concentrated
100,0.3,bus26_ct10,26.0,0.1,True,False,0.5662547042001251,0.44556295361831405,0.37888645897326256,0.9950064505906097,0.004993549409390308,80.20133165129653,0.757772917946522,-1117.0853650055828,-656.6683127789379,1782.3011029540357,17.99410367012024,0.012732325141136976,0.8435880370379378,0.9024947590834187,1.0752651059894305,0.9473302433690811,1,1768.38,22.515589133083807,1745.8644108669164,457.3765783745618,1938.775666192957,12.602048915338838,457.3765783745618,east_concentrated
100,0.3,bus20_ct15,20.0,0.15,True,True,0.4778282370236011,0.3269159365646508,0.25748107496510286,1.0,-0.15131593658637477,58.844868581637144,0.5149621499302048,-1117.0853650055828,-333.22670589882125,1573.092065466308,4.820500373840332,0.012732325141136976,0.8435880370379378,0.9024947590834187,1.0752651059894305,0.9473302433690811,1,1768.38,22.515589133083807,1745.8644108669164,457.3765783745618,1938.775666192957,12.602048915338838,457.3765783745618,east_concentrated
100,0.3,bus8_ct15,8.0,0.15,True,False,0.5917150324541701,0.42367606994237766,0.5250714971966701,0.9944364927352553,0.0055635072647447666,76.26169258962798,1.0501429943933438,-1117.0853650055828,-655.2847656078818,1764.4127921924357,16.08394718170166,0.012732325141136976,0.8435880370379378,0.9024947590834187,1.0752651059894305,0.9473302433690811,1,1768.38,22.515589133083807,1745.8644108669164,457.3765783745618,1938.775666192957,12.602048915338838,457.3765783745618,east_concentrated
100,0.3,bus4_ct25,4.0,0.25,True,False,0.7741461808982182,0.7125975211106697,0.6773255763754022,0.9940641049961311,0.005935895003868983,128.26755379992053,1.3546511527508032,-1117.0853650055828,-651.79791125612,2064.4176872157936,16.20992660522461,0.012732325141136976,0.8435880370379378,0.9024947590834187,1.0752651059894305,0.9473302433690811,1,1768.38,22.515589133083807,1745.8644108669164,457.3765783745618,1938.775666192957,12.602048915338838,457.3765783745618,east_concentrated
100,0.3,bus16_ct25,16.0,0.25,True,True,0.6778432627460433,0.6078111152718476,0.5031975589699158,0.9925532614705622,0.0074467385294377285,109.40600074893257,1.006395117939829,-1117.0853650055828,-144.19042594530578,1573.092065466308,4.285917520523071,0.012732325141136976,0.8435880370379378,0.9024947590834187,1.0752651059894305,0.9473302433690811,1,1768.38,22.515589133083807,1745.8644108669164,457.3765783745618,1938.775666192957,12.602048915338838,457.3765783745618,east_concentrated
100,0.3,gen_trip_g4,,,True,False,0.32167707038503635,0.44509443976747187,0.3214310685481401,0.07508833345706156,0.9249116665429384,80.11699915814494,0.6428621370962828,-1117.0853650055828,-658.228959303105,1620.3258995117276,16.213306665420532,0.012732325141136976,0.8435880370379378,0.9024947590834187,1.0752651059894305,0.9473302433690811,1,1768.38,22.515589133083807,1745.8644108669164,457.3765783745618,1938.775666192957,12.602048915338838,457.3765783745618,east_concentrated
101,0.3,bus4_ct10,4.0,0.1,True,False,0.4900282754226372,0.3211511096713794,0.32423366870654036,0.9935772136412497,0.006422786358750232,57.80719974084829,0.6484673374130834,-446.5930466520138,-183.72398602452716,1445.0241323607415,11.586779356002808,0.08902721349237383,0.4221217886020942,0.6705398913265987,0.8210383922816024,1.138597509110014,0,1768.38,157.43394379564404,1610.946056204356,-135.3651355023186,1255.858791827855,12.602048915338838,135.3651355023186,east_concentrated
101,0.3,bus14_ct10,14.0,0.1,True,False,0.4861041470138182,0.3201805631961011,0.31021188824955814,0.9938435734135126,0.0061564265864873955,57.6325013752982,0.6204237764991172,-446.5930466520138,-183.86213936299282,1442.5211897528525,11.733129262924194,0.08902721349237383,0.4221217886020942,0.6705398913265987,0.8210383922816024,1.138597509110014,0,1768.38,157.43394379564404,1610.946056204356,-135.3651355023186,1255.858791827855,12.602048915338838,135.3651355023186,east_concentrated
101,0.3,bus16_ct10,16.0,0.1,True,False,0.5112735849453184,0.37878901687286853,0.29569901612016736,0.9918172899153692,0.00818271008463083,68.18202303711634,0.5913980322403356,-446.5930466520138,-183.45226720408675,1494.9175671539833,11.644994497299194,0.08902721349237383,0.4221217886020942,0.6705398913265987,0.8210383922816024,1.138597509110014,0,1768.38,157.43394379564404,1610.946056204356,-135.3651355023186,1255.858791827855,12.602048915338838,135.3651355023186,east_concentrated
101,0.3,bus26_ct10,26.0,0.1,True,False,0.4901850052293561,0.3300646945883892,0.3056330163673202,0.9949776153733257,0.005022384626674218,59.411645025910055,0.6112660327346409,-446.5930466520138,-184.51730893333783,1516.8707437971118,12.021381378173828,0.08902721349237383,0.4221217886020942,0.6705398913265987,0.8210383922816024,1.138597509110014,0,1768.38,157.43394379564404,1610.946056204356,-135.3651355023186,1255.858791827855,12.602048915338838,135.3651355023186,east_concentrated
101,0.3,bus20_ct15,20.0,0.15,True,False,0.8889111560880556,1.0,0.5556446243522224,1.0,-0.07016543402278816,182.3709902999029,1.1112892487044457,-446.5930466520138,-900.9913371684567,1443.1038478797004,1.6415984630584717,0.08902721349237383,0.4221217886020942,0.6705398913265987,0.8210383922816024,1.138597509110014,0,1768.38,157.43394379564404,1610.946056204356,-135.3651355023186,1255.858791827855,12.602048915338838,135.3651355023186,east_concentrated
101,0.3,bus8_ct15,8.0,0.15,True,False,0.5120174468535907,0.31974673776358914,0.41407229425966463,0.9945040176275199,0.005495982372480021,57.55441279744605,0.8281445885193262,-446.5930466520138,-182.26018699163762,1489.2665181212467,11.640440464019775,0.08902721349237383,0.4221217886020942,0.6705398913265987,0.8210383922816024,1.138597509110014,0,1768.38,157.43394379564404,1610.946056204356,-135.3651355023186,1255.858791827855,12.602048915338838,135.3651355023186,east_concentrated
101,0.3,bus4_ct25,4.0,0.25,True,False,0.6697908999174115,0.5593886824905845,0.5663430964144283,0.9940431382740487,0.005956861725951345,100.68996284830521,1.1326861928288534,-446.5930466520138,-179.53459376650773,1849.8621657828287,10.430018901824951,0.08902721349237383,0.4221217886020942,0.6705398913265987,0.8210383922816024,1.138597509110014,0,1768.38,157.43394379564404,1610.946056204356,-135.3651355023186,1255.858791827855,12.602048915338838,135.3651355023186,east_concentrated
101,0.3,bus16_ct25,16.0,0.25,True,False,0.7280459695941384,0.7277185332533344,0.464412485959965,0.9923343259099199,0.007665674090080097,130.98933598560018,0.9288249719199282,-446.5930466520138,-178.82473308051328,2012.3886904720705,11.43466067314148,0.08902721349237383,0.4221217886020942,0.6705398913265987,0.8210383922816024,1.138597509110014,0,1768.38,157.43394379564404,1610.946056204356,-135.3651355023186,1255.858791827855,12.602048915338838,135.3651355023186,east_concentrated
101,0.3,gen_trip_g4,,,True,False,0.24170137093963043,0.33177624514508375,0.24703518158317195,0.05621781188518227,0.9437821881148177,59.719724126115075,0.49407036316634567,-446.5930466520138,-185.83839661415544,1312.8711713375412,11.6108980178833,0.08902721349237383,0.4221217886020942,0.6705398913265987,0.8210383922816024,1.138597509110014,0,1768.38,157.43394379564404,1610.946056204356,-135.3651355023186,1255.858791827855,12.602048915338838,135.3651355023186,east_concentrated
102,0.3,bus4_ct10,4.0,0.1,True,False,0.5548436700459118,0.4685899937536543,0.2887082445386895,0.9934864481376491,0.006513551862350911,84.34619887565778,0.5774164890773759,-765.4123810625114,-596.2662035654416,1555.5843174134477,7.489466190338135,0.43319399767400474,0.36507840878281733,0.9534601038928918,0.9427300538571312,0.8823135250808235,2,1768.38,766.0516016067565,1002.3283983932437,312.08911301355306,2129.411610927717,12.602048915338838,312.08911301355306,balanced
102,0.3,bus14_ct10,14.0,0.1,True,False,0.5546750696999662,0.46742674921841876,0.290066556388183,0.993780223974844,0.00621977602515595,84.13681485931538,0.5801331127763643,-765.4123810625114,-596.5464395449613,1565.0930484482838,6.5140297412872314,0.43319399767400474,0.36507840878281733,0.9534601038928918,0.9427300538571312,0.8823135250808235,2,1768.38,766.0516016067565,1002.3283983932437,312.08911301355306,2129.411610927717,12.602048915338838,312.08911301355306,balanced
102,0.3,bus16_ct10,16.0,0.1,True,False,0.5780115016067537,0.5067950690685378,0.30658340854976274,0.9918724597401769,0.008127540259823056,91.2231124323368,0.6131668170995264,-765.4123810625114,-596.2197638102535,1767.5282370922537,6.612637281417847,0.43319399767400474,0.36507840878281733,0.9534601038928918,0.9427300538571312,0.8823135250808235,2,1768.38,766.0516016067565,1002.3283983932437,312.08911301355306,2129.411610927717,12.602048915338838,312.08911301355306,balanced
102,0.3,bus26_ct10,26.0,0.1,True,False,0.5655661121495694,0.4895816900019374,0.2881909529386313,0.9949101156557714,0.0050898843442285955,88.12470420034873,0.5763819058772657,-765.4123810625114,-598.2859863233617,1554.0090856657837,6.466048240661621,0.43319399767400474,0.36507840878281733,0.9534601038928918,0.9427300538571312,0.8823135250808235,2,1768.38,766.0516016067565,1002.3283983932437,312.08911301355306,2129.411610927717,12.602048915338838,312.08911301355306,balanced
102,0.3,bus20_ct15,20.0,0.15,True,False,0.9029846284394951,1.0,0.6119385137579805,1.0,-0.13481200393205417,185.1514921961941,1.2238770275159627,-765.4123810625114,-861.0195203798173,1389.1903958978705,1.5206694602966309,0.43319399767400474,0.36507840878281733,0.9534601038928918,0.9427300538571312,0.8823135250808235,2,1768.38,766.0516016067565,1002.3283983932437,312.08911301355306,2129.411610927717,12.602048915338838,312.08911301355306,balanced
102,0.3,bus8_ct15,8.0,0.15,True,False,0.5639311936273951,0.46300175599689797,0.3353173135797398,0.9944039489360447,0.005596051063955327,83.34031607944164,0.6706346271594765,-765.4123810625114,-596.9157258458376,1643.5947632574955,6.732892036437988,0.43319399767400474,0.36507840878281733,0.9534601038928918,0.9427300538571312,0.8823135250808235,2,1768.38,766.0516016067565,1002.3283983932437,312.08911301355306,2129.411610927717,12.602048915338838,312.08911301355306,balanced
102,0.3,bus4_ct25,4.0,0.25,True,False,0.6696943404046074,0.6156146708169542,0.4535670026076275,0.9939810173768937,0.006018982623106297,110.81064074705175,0.9071340052152577,-765.4123810625114,-592.7095734675156,2116.284556714851,7.185328245162964,0.43319399767400474,0.36507840878281733,0.9534601038928918,0.9427300538571312,0.8823135250808235,2,1768.38,766.0516016067565,1002.3283983932437,312.08911301355306,2129.411610927717,12.602048915338838,312.08911301355306,balanced
102,0.3,bus16_ct25,16.0,0.25,True,False,0.8951379310870831,1.0,0.5805517243483322,1.0,3.313780194368778e-18,183.66451948665082,1.161103448696661,-765.4123810625114,-89.54931142611532,1339.212972808146,0.8963360786437988,0.43319399767400474,0.36507840878281733,0.9534601038928918,0.9427300538571312,0.8823135250808235,2,1768.38,766.0516016067565,1002.3283983932437,312.08911301355306,2129.411610927717,12.602048915338838,312.08911301355306,balanced
102,0.3,gen_trip_g4,,,True,False,0.32755428823886923,0.4851568167421371,0.253836148320989,0.08606737115021346,0.9139326288497865,87.32822701358468,0.5076722966419811,-765.4123810625114,-599.4012675242936,1411.1530048742186,6.585057020187378,0.43319399767400474,0.36507840878281733,0.9534601038928918,0.9427300538571312,0.8823135250808235,2,1768.38,766.0516016067565,1002.3283983932437,312.08911301355306,2129.411610927717,12.602048915338838,312.08911301355306,balanced
103,0.3,bus4_ct10,4.0,0.1,True,False,0.5910575906691907,0.516033217571333,0.33870891370134615,0.9934550138327506,0.006544986167249385,92.88597916283994,0.6774178274026887,-1181.923895689139,-891.906690672851,1788.9062027265777,12.926374912261963,0.194244650227628,0.5968452802669169,0.867790081785649,1.0062907771613756,0.8017021025686759,3,1768.38,343.4983545695328,1424.8816454304672,185.22544142941484,2464.1792899185534,12.602048915338838,185.22544142941484,east_concentrated
103,0.3,bus14_ct10,14.0,0.1,True,False,0.5885298168191088,0.5155126485785491,0.32934360574488863,0.9937503643744482,0.006249635625551798,92.79227674413883,0.6586872114897746,-1181.923895689139,-892.397953555279,1785.312366398271,13.345149040222168,0.194244650227628,0.5968452802669169,0.867790081785649,1.0062907771613756,0.8017021025686759,3,1768.38,343.4983545695328,1424.8816454304672,185.22544142941484,2464.1792899185534,12.602048915338838,185.22544142941484,east_concentrated
103,0.3,bus16_ct10,16.0,0.1,True,False,0.6050981059130256,0.5444979040897537,0.3395541577865657,0.9918424576860292,0.008157542313970822,98.00962273615568,0.6791083155731292,-1181.923895689139,-892.3733813727669,1863.379368450622,12.939054250717163,0.194244650227628,0.5968452802669169,0.867790081785649,1.0062907771613756,0.8017021025686759,3,1768.38,343.4983545695328,1424.8816454304672,185.22544142941484,2464.1792899185534,12.602048915338838,185.22544142941484,east_concentrated
103,0.3,bus26_ct10,26.0,0.1,True,False,0.6005775520557803,0.5339437186049136,0.3395027529012893,0.9949200181120046,0.005079981887995363,96.10986934888444,0.679005505802579,-1181.923895689139,-892.306238685363,1834.7316375602302,13.31363320350647,0.194244650227628,0.5968452802669169,0.867790081785649,1.0062907771613756,0.8017021025686759,3,1768.38,343.4983545695328,1424.8816454304672,185.22544142941484,2464.1792899185534,12.602048915338838,185.22544142941484,east_concentrated
103,0.3,bus20_ct15,20.0,0.15,True,False,0.8752722497116938,1.0,0.5010889988467753,1.0,-0.14429751732656856,183.86479709690585,1.002177997693554,-1181.923895689139,-1092.7654910184497,1590.3641346975153,1.3258531093597412,0.194244650227628,0.5968452802669169,0.867790081785649,1.0062907771613756,0.8017021025686759,3,1768.38,343.4983545695328,1424.8816454304672,185.22544142941484,2464.1792899185534,12.602048915338838,185.22544142941484,east_concentrated
103,0.3,bus8_ct15,8.0,0.15,True,False,0.61384335300438,0.5117941769072271,0.437360916676532,0.9944241415265339,0.005575858473466082,92.12295184330087,0.8747218333530604,-1181.923895689139,-890.5206314588949,1844.5038661042754,13.024885177612305,0.194244650227628,0.5968452802669169,0.867790081785649,1.0062907771613756,0.8017021025686759,3,1768.38,343.4983545695328,1424.8816454304672,185.22544142941484,2464.1792899185534,12.602048915338838,185.22544142941484,east_concentrated
103,0.3,bus4_ct25,4.0,0.25,True,False,0.7181313833386856,0.6965016296827348,0.4854250827073976,0.9940971912818755,0.0059028087181245805,125.37029334289227,0.9708501654147939,-1181.923895689139,-888.6532946946428,2142.7675814504673,12.56720519065857,0.194244650227628,0.5968452802669169,0.867790081785649,1.0062907771613756,0.8017021025686759,3,1768.38,343.4983545695328,1424.8816454304672,185.22544142941484,2464.1792899185534,12.602048915338838,185.22544142941484,east_concentrated
103,0.3,bus16_ct25,16.0,0.25,True,False,0.9099475824960113,1.0,0.6397903299840451,1.0,-1.3911093690695538e-12,187.09475889529966,1.2795806599680937,-1181.923895689139,-164.23823027425067,1590.3641346975153,1.130079984664917,0.194244650227628,0.5968452802669169,0.867790081785649,1.0062907771613756,0.8017021025686759,3,1768.38,343.4983545695328,1424.8816454304672,185.22544142941484,2464.1792899185534,12.602048915338838,185.22544142941484,east_concentrated
103,0.3,gen_trip_g4,,,True,False,0.36194068984613936,0.5320825788111173,0.2933733292336953,0.09022427252862741,0.9097757274713726,95.77486418600112,0.5867466584673897,-1181.923895689139,-893.4141763198554,1651.2589808711627,12.935332775115967,0.194244650227628,0.5968452802669169,0.867790081785649,1.0062907771613756,0.8017021025686759,3,1768.38,343.4983545695328,1424.8816454304672,185.22544142941484,2464.1792899185534,12.602048915338838,185.22544142941484,east_concentrated
104,0.3,bus4_ct10,4.0,0.1,True,False,0.48496036817208676,0.3631998071853713,0.21986205325242736,0.9935798050651772,0.006420194934822871,65.37596529336683,0.43972410650485516,143.4380565841682,-66.03827896641508,1329.333824185178,12.341856718063354,0.8261775151232564,0.3124089378325479,0.885986500238445,1.167440349094324,0.9606395642995104,0,1768.38,1460.9957941936643,307.3842058063358,585.9204956527286,919.4040509015267,12.602048915338838,585.9204956527286,west_concentrated
104,0.3,bus14_ct10,14.0,0.1,True,False,0.48768401107606885,0.36301314947161867,0.23081768042226614,0.993892064938772,0.006107935061227972,65.34236690489136,0.46163536084453227,143.4380565841682,-65.4566911052607,1355.754748995163,11.65678858757019,0.8261775151232564,0.3124089378325479,0.885986500238445,1.167440349094324,0.9606395642995104,0,1768.38,1460.9957941936643,307.3842058063358,585.9204956527286,919.4040509015267,12.602048915338838,585.9204956527286,west_concentrated
104,0.3,bus16_ct10,16.0,0.1,True,False,0.4897942046247049,0.37462063909724197,0.21801116994358338,0.9919243703607523,0.008075629639247663,67.43171503750355,0.43602233988716543,143.4380565841682,-69.6124907437874,1560.0738847837906,11.850580930709839,0.8261775151232564,0.3124089378325479,0.885986500238445,1.167440349094324,0.9606395642995104,0,1768.38,1460.9957941936643,307.3842058063358,585.9204956527286,919.4040509015267,12.602048915338838,585.9204956527286,west_concentrated
104,0.3,bus26_ct10,26.0,0.1,True,False,0.4764956257063728,0.364174551556033,0.18262163063868542,0.99501176907474,0.004988230925259965,65.55141928008594,0.36524326127736817,143.4380565841682,-71.64638829358238,1176.1703757379835,11.870617389678955,0.8261775151232564,0.3124089378325479,0.885986500238445,1.167440349094324,0.9606395642995104,0,1768.38,1460.9957941936643,307.3842058063358,585.9204956527286,919.4040509015267,12.602048915338838,585.9204956527286,west_concentrated
104,0.3,bus20_ct15,20.0,0.15,True,False,0.9459940213633455,1.0,0.7839760854533822,1.0,-0.043308235028343516,184.71899301970547,1.5679521709067679,143.4380565841682,-302.1118908440757,1248.8993747730203,1.9942960739135742,0.8261775151232564,0.3124089378325479,0.885986500238445,1.167440349094324,0.9606395642995104,0,1768.38,1460.9957941936643,307.3842058063358,585.9204956527286,919.4040509015267,12.602048915338838,585.9204956527286,west_concentrated
104,0.3,bus8_ct15,8.0,0.15,True,False,0.4929349293078208,0.3630550264100734,0.2511410082803316,0.9944886561308046,0.0055113438691953625,65.34990475381322,0.5022820165606623,143.4380565841682,-67.11502630405761,1346.3067549521038,10.528828144073486,0.8261775151232564,0.3124089378325479,0.885986500238445,1.167440349094324,0.9606395642995104,0,1768.38,1460.9957941936643,307.3842058063358,585.9204956527286,919.4040509015267,12.602048915338838,585.9204956527286,west_concentrated
104,0.3,bus4_ct25,4.0,0.25,True,False,0.641206426173765,0.5509691019930872,0.469019608722256,0.9938678919866294,0.006132108013370567,99.17443835875571,0.9380392174445085,143.4380565841682,-60.127144028106756,1960.6595012190455,11.349214315414429,0.8261775151232564,0.3124089378325479,0.885986500238445,1.167440349094324,0.9606395642995104,0,1768.38,1460.9957941936643,307.3842058063358,585.9204956527286,919.4040509015267,12.602048915338838,585.9204956527286,west_concentrated
104,0.3,bus16_ct25,16.0,0.25,True,False,0.6379438941819611,0.5529470545721005,0.45338861571190137,0.992492851871742,0.007507148128257982,99.53046982297808,0.906777231423801,143.4380565841682,-53.51586666175642,2526.9596539348327,11.545932054519653,0.8261775151232564,0.3124089378325479,0.885986500238445,1.167440349094324,0.9606395642995104,0,1768.38,1460.9957941936643,307.3842058063358,585.9204956527286,919.4040509015267,12.602048915338838,585.9204956527286,west_concentrated
104,0.3,gen_trip_g4,,,True,False,0.22819149866359587,0.35986662258650726,0.14968396412216478,0.04334878535920417,0.9566512146407958,64.7759920655713,0.2993679282443318,143.4380565841682,-73.3265500923919,1094.51645383312,12.1601243019104,0.8261775151232564,0.3124089378325479,0.885986500238445,1.167440349094324,0.9606395642995104,0,1768.38,1460.9957941936643,307.3842058063358,585.9204956527286,919.4040509015267,12.602048915338838,585.9204956527286,west_concentrated
105,0.3,bus4_ct10,4.0,0.1,True,False,0.5318618243112524,0.4287925614254189,0.27636970530573635,0.9934924690884356,0.006507530911564419,77.1826610565754,0.5527394106114714,-574.1208565988447,-505.893187917078,1521.1340903715177,7.008712530136108,0.5141225734999241,0.38763342762902286,0.9143956478405388,0.9725139198054306,0.9010920750912148,2,1768.38,909.1640765257957,859.2159234742044,334.88226747495133,1909.6503940634743,12.602048915338838,334.88226747495133,balanced
105,0.3,bus14_ct10,14.0,0.1,True,False,0.5334697120171308,0.42873340728682635,0.2826179865029772,0.9937940469918934,0.006205953008106503,77.17201331162875,0.5652359730059531,-574.1208565988447,-504.1446143812046,1532.8184292094845,6.985440731048584,0.5141225734999241,0.38763342762902286,0.9143956478405388,0.9725139198054306,0.9010920750912148,2,1768.38,909.1640765257957,859.2159234742044,334.88226747495133,1909.6503940634743,12.602048915338838,334.88226747495133,balanced
105,0.3,bus16_ct10,16.0,0.1,True,False,0.5613243819075305,0.4808979519180952,0.2916165806579869,0.991885043135945,0.008114956864054957,86.56163134525714,0.5832331613159769,-574.1208565988447,-505.8302572612956,1735.2557629376854,6.9010655879974365,0.5141225734999241,0.38763342762902286,0.9143956478405388,0.9725139198054306,0.9010920750912148,2,1768.38,909.1640765257957,859.2159234742044,334.88226747495133,1909.6503940634743,12.602048915338838,334.88226747495133,balanced
105,0.3,bus26_ct10,26.0,0.1,True,False,0.5382590946833178,0.4457161805462404,0.26668351415266045,0.9949205034881298,0.005079496511870198,80.22891249832327,0.5333670283053227,-574.1208565988447,-506.77020034383,1458.9488240837436,7.478394508361816,0.5141225734999241,0.38763342762902286,0.9143956478405388,0.9725139198054306,0.9010920750912148,2,1768.38,909.1640765257957,859.2159234742044,334.88226747495133,1909.6503940634743,12.602048915338838,334.88226747495133,balanced
105,0.3,bus20_ct15,20.0,0.15,True,True,0.4854321605615432,0.35866758619836003,0.22439346984945274,1.0,-0.13228657461978524,64.56016551570481,0.44878693969890193,-574.1208565988447,-191.69140932000116,1229.1054361113722,3.5670433044433594,0.5141225734999241,0.38763342762902286,0.9143956478405388,0.9725139198054306,0.9010920750912148,2,1768.38,909.1640765257957,859.2159234742044,334.88226747495133,1909.6503940634743,12.602048915338838,334.88226747495133,balanced
105,0.3,bus8_ct15,8.0,0.15,True,False,0.5436855121481311,0.4273846708623207,0.32558543154654984,0.9943872753213332,0.005612724678666847,76.92924075521772,0.6511708630931023,-574.1208565988447,-505.293063337521,1600.7710793596787,7.313865423202515,0.5141225734999241,0.38763342762902286,0.9143956478405388,0.9725139198054306,0.9010920750912148,2,1768.38,909.1640765257957,859.2159234742044,334.88226747495133,1909.6503940634743,12.602048915338838,334.88226747495133,balanced
105,0.3,bus4_ct25,4.0,0.25,True,False,0.666316456475542,0.6060579758622929,0.45920025854627156,0.9939496156313109,0.006050384368689148,109.09043565521273,0.9184005170925436,-574.1208565988447,-501.2581840850576,2105.8032221633175,6.750909328460693,0.5141225734999241,0.38763342762902286,0.9143956478405388,0.9725139198054306,0.9010920750912148,2,1768.38,909.1640765257957,859.2159234742044,334.88226747495133,1909.6503940634743,12.602048915338838,334.88226747495133,balanced
105,0.3,bus16_ct25,16.0,0.25,True,False,0.9058405308985007,1.0,0.6233621235940028,1.0,-1.3823799983439256e-11,180.22287042878818,1.2467242471880047,-574.1208565988447,-68.37190810881359,1229.1054361113722,5.49247932434082,0.5141225734999241,0.38763342762902286,0.9143956478405388,0.9725139198054306,0.9010920750912148,2,1768.38,909.1640765257957,859.2159234742044,334.88226747495133,1909.6503940634743,12.602048915338838,334.88226747495133,balanced
105,0.3,gen_trip_g4,,,True,False,0.29913470009412635,0.4420939291716461,0.2347203774041482,0.07763056462906504,0.922369435370935,79.5769072508963,0.46944075480829905,-574.1208565988447,-506.2334826847775,1318.6922657923585,6.671729326248169,0.5141225734999241,0.38763342762902286,0.9143956478405388,0.9725139198054306,0.9010920750912148,2,1768.38,909.1640765257957,859.2159234742044,334.88226747495133,1909.6503940634743,12.602048915338838,334.88226747495133,balanced
106,0.3,bus4_ct10,4.0,0.1,True,False,0.4862621880352712,0.34693769488624154,0.2576357413663075,0.9935376210022941,0.006462378997705854,62.448785079523475,0.5152714827326177,26.97508649039623,-292.182846277042,1312.1619730245397,7.697244882583618,0.6671017737042302,0.6364897824380578,0.7084209278945641,1.146263422711263,0.9390553333193848,1,1768.38,1179.6894345830867,588.6905654169135,-46.72721150453299,802.1031386323752,12.602048915338838,46.72721150453299,balanced
106,0.3,bus14_ct10,14.0,0.1,True,False,0.4880063517860917,0.34674382309555185,0.2646893130867838,0.9938484478664793,0.0061515521335207095,62.41388815719934,0.5293786261735689,26.97508649039623,-293.5993008242399,1333.4641206093959,7.543006896972656,0.6671017737042302,0.6364897824380578,0.7084209278945641,1.146263422711263,0.9390553333193848,1,1768.38,1179.6894345830867,588.6905654169135,-46.72721150453299,802.1031386323752,12.602048915338838,46.72721150453299,balanced
106,0.3,bus16_ct10,16.0,0.1,True,False,0.48943527159133027,0.34478829241310244,0.276265991235217,0.9918985103038993,0.008101489696100717,62.061892634358436,0.5525319824704344,26.97508649039623,-292.97400803320403,1534.5895983012624,7.872598171234131,0.6671017737042302,0.6364897824380578,0.7084209278945641,1.146263422711263,0.9390553333193848,1,1768.38,1179.6894345830867,588.6905654169135,-46.72721150453299,802.1031386323752,12.602048915338838,46.72721150453299,balanced
106,0.3,bus26_ct10,26.0,0.1,True,False,0.48644188081965833,0.34754210575411204,0.2556924187162579,0.9949908930541513,0.005009106945848645,62.55757903574017,0.5113848374325181,26.97508649039623,-294.44623386706746,1295.0813491854958,7.723395347595215,0.6671017737042302,0.6364897824380578,0.7084209278945641,1.146263422711263,0.9390553333193848,1,1768.38,1179.6894345830867,588.6905654169135,-46.72721150453299,802.1031386323752,12.602048915338838,46.72721150453299,balanced
106,0.3,bus20_ct15,20.0,0.15,True,False,0.5640714727615129,0.4643499551758625,0.32758598069432665,1.0,-0.05827754909868339,83.58299193165526,0.6551719613886564,26.97508649039623,-291.96364935101246,1544.1002284707138,8.438968420028687,0.6671017737042302,0.6364897824380578,0.7084209278945641,1.146263422711263,0.9390553333193848,1,1768.38,1179.6894345830867,588.6905654169135,-46.72721150453299,802.1031386323752,12.602048915338838,46.72721150453299,balanced
106,0.3,bus8_ct15,8.0,0.15,True,False,0.49511362812515736,0.3472086961055379,0.29161823569872425,0.9944188845908295,0.005581115409170541,62.49756529899682,0.5832364713974458,26.97508649039623,-293.4815431106008,1343.38292804129,7.395770788192749,0.6671017737042302,0.6364897824380578,0.7084209278945641,1.146263422711263,0.9390553333193848,1,1768.38,1179.6894345830867,588.6905654169135,-46.72721150453299,802.1031386323752,12.602048915338838,46.72721150453299,balanced
106,0.3,bus4_ct25,4.0,0.25,True,False,0.5803956677527706,0.4367007222607134,0.45438483841519783,0.9937963880744581,0.006203611925541886,78.60613000692841,0.9087696768303966,26.97508649039623,-286.9953854055637,1865.3639271800414,7.762214183807373,0.6671017737042302,0.6364897824380578,0.7084209278945641,1.146263422711263,0.9390553333193848,1,1768.38,1179.6894345830867,588.6905654169135,-46.72721150453299,802.1031386323752,12.602048915338838,46.72721150453299,balanced
106,0.3,bus16_ct25,16.0,0.25,True,False,0.6210620728270099,0.5557429948360237,0.38035353906001745,0.9924087625759747,0.007591237424025319,100.03373907048427,0.7607070781200376,26.97508649039623,-283.58108771680395,2354.2073807695606,7.940349102020264,0.6671017737042302,0.6364897824380578,0.7084209278945641,1.146263422711263,0.9390553333193848,1,1768.38,1179.6894345830867,588.6905654169135,-46.72721150453299,802.1031386323752,12.602048915338838,46.72721150453299,balanced
106,0.3,gen_trip_g4,,,True,False,0.24619180708016244,0.34970805369177704,0.22125621241612592,0.06409490852096977,0.9359050914790302,62.94744966451987,0.44251242483225095,26.97508649039623,-296.55972707090723,1155.0619529490511,7.520543098449707,0.6671017737042302,0.6364897824380578,0.7084209278945641,1.146263422711263,0.9390553333193848,1,1768.38,1179.6894345830867,588.6905654169135,-46.72721150453299,802.1031386323752,12.602048915338838,46.72721150453299,balanced
107,0.3,bus4_ct10,4.0,0.1,True,False,0.5187006484976744,0.40665328207777046,0.2679539942321085,0.993542035603048,0.0064579643969520225,73.19759077399868,0.535907988464217,234.02595306782501,-269.6740325015692,1353.653311794635,14.037664890289307,0.8765796712366555,0.6107830149374005,0.33285173618279895,1.131688873278751,0.8684671568337551,1,1768.38,1550.125959021477,218.2540409785232,-289.4127013056344,644.6967380159963,12.602048915338838,289.4127013056344,west_concentrated
107,0.3,bus14_ct10,14.0,0.1,True,False,0.5207626391682334,0.40634258555244657,0.2765080527194037,0.9938573328486369,0.006142667151363112,73.14166539944038,0.5530161054388083,234.02595306782501,-269.216322753218,1379.0847234449252,14.945417165756226,0.8765796712366555,0.6107830149374005,0.33285173618279895,1.131688873278751,0.8684671568337551,1,1768.38,1550.125959021477,218.2540409785232,-289.4127013056344,644.6967380159963,12.602048915338838,289.4127013056344,west_concentrated
107,0.3,bus16_ct10,16.0,0.1,True,False,0.5205790307773568,0.40364239737962093,0.2830815675466809,0.9919497608035046,0.008050239196495355,72.65563152833177,0.5661631350933582,234.02595306782501,-269.92219282438094,1628.3227055023913,14.178436040878296,0.8765796712366555,0.6107830149374005,0.33285173618279895,1.131688873278751,0.8684671568337551,1,1768.38,1550.125959021477,218.2540409785232,-289.4127013056344,644.6967380159963,12.602048915338838,289.4127013056344,west_concentrated
107,0.3,bus26_ct10,26.0,0.1,True,False,0.514565722944424,0.4072002054547794,0.24886938371033906,0.9949930971577983,0.005006902842201767,73.2960369818603,0.4977387674206768,234.02595306782501,-270.293492696524,1301.0292622912964,14.156518459320068,0.8765796712366555,0.6107830149374005,0.33285173618279895,1.131688873278751,0.8684671568337551,1,1768.38,1550.125959021477,218.2540409785232,-289.4127013056344,644.6967380159963,12.602048915338838,289.4127013056344,west_concentrated
107,0.3,bus20_ct15,20.0,0.15,True,False,0.9315528282903491,1.0,0.7262113131613965,1.0,-0.031001623809868893,187.28136950581808,1.4524226263227913,234.02595306782501,-507.19913402184426,1332.6964662134103,1.7442967891693115,0.8765796712366555,0.6107830149374005,0.33285173618279895,1.131688873278751,0.8684671568337551,1,1768.38,1550.125959021477,218.2540409785232,-289.4127013056344,644.6967380159963,12.602048915338838,289.4127013056344,west_concentrated
107,0.3,bus8_ct15,8.0,0.15,True,False,0.5287483488158302,0.40696989966050917,0.30663389297891896,0.9944197029633834,0.005580297036616501,73.25458193889165,0.6132677859578406,234.02595306782501,-269.1691556328479,1386.9887152305857,14.697649955749512,0.8765796712366555,0.6107830149374005,0.33285173618279895,1.131688873278751,0.8684671568337551,1,1768.38,1550.125959021477,218.2540409785232,-289.4127013056344,644.6967380159963,12.602048915338838,289.4127013056344,west_concentrated
107,0.3,bus4_ct25,4.0,0.25,True,False,0.6211488367227154,0.5047468666591978,0.4812602976916054,0.9938413158808604,0.0061586841191395925,90.8544359986556,0.9625205953832094,234.02595306782501,-263.49398133900274,1981.1474944645524,15.65312147140503,0.8765796712366555,0.6107830149374005,0.33285173618279895,1.131688873278751,0.8684671568337551,1,1768.38,1550.125959021477,218.2540409785232,-289.4127013056344,644.6967380159963,12.602048915338838,289.4127013056344,west_concentrated
107,0.3,bus16_ct25,16.0,0.25,True,False,0.6949171506480033,0.6874771313204675,0.4120660697297289,0.9926482702213494,0.007351729778650653,123.74588363768416,0.824132139459457,234.02595306782501,-258.98269342591,2510.124460072734,15.281465530395508,0.8765796712366555,0.6107830149374005,0.33285173618279895,1.131688873278751,0.8684671568337551,1,1768.38,1550.125959021477,218.2540409785232,-289.4127013056344,644.6967380159963,12.602048915338838,289.4127013056344,west_concentrated
107,0.3,gen_trip_g4,,,True,False,0.27620476441914077,0.4066117270367384,0.21737920290456003,0.07421640069852631,0.9257835993014737,73.19011086661291,0.4347584058091192,234.02595306782501,-273.6653220791504,1227.7468937651247,14.415820837020874,0.8765796712366555,0.6107830149374005,0.33285173618279895,1.131688873278751,0.8684671568337551,1,1768.38,1550.125959021477,218.2540409785232,-289.4127013056344,644.6967380159963,12.602048915338838,289.4127013056344,west_concentrated
108,0.3,bus4_ct10,4.0,0.1,True,False,0.4159893937819412,0.21856499487510664,0.23324584947287974,0.9935817359046719,0.006418264095328059,39.341699077519195,0.46649169894576126,291.06507794884504,165.6481133212129,1173.6733555891924,7.815145015716553,0.2531359489790634,0.8915623933499948,0.3470693357242483,0.9222259516175882,1.1902817357393904,2,1768.38,447.64054945559616,1320.7394505444038,126.8813731560848,816.3118457916098,12.602048915338838,126.8813731560848,east_concentrated
108,0.3,bus14_ct10,14.0,0.1,True,False,0.41456837427788834,0.21891095039805866,0.22658813153061175,0.9938634647848243,0.006136535215175674,39.40397107165056,0.4531762630612235,291.06507794884504,165.71575250576694,1185.1200252352626,7.472867965698242,0.2531359489790634,0.8915623933499948,0.3470693357242483,0.9222259516175882,1.1902817357393904,2,1768.38,447.64054945559616,1320.7394505444038,126.8813731560848,816.3118457916098,12.602048915338838,126.8813731560848,east_concentrated
108,0.3,bus16_ct10,16.0,0.1,True,False,0.42255159362870576,0.23411209990000081,0.23017631629183555,0.9918058584229859,0.008194141577014109,42.14017798200015,0.4603526325836693,291.06507794884504,167.71214054703552,1211.3908551725892,8.099247932434082,0.2531359489790634,0.8915623933499948,0.3470693357242483,0.9222259516175882,1.1902817357393904,2,1768.38,447.64054945559616,1320.7394505444038,126.8813731560848,816.3118457916098,12.602048915338838,126.8813731560848,east_concentrated
108,0.3,bus26_ct10,26.0,0.1,True,False,0.41631587010062654,0.22374885024336705,0.22277442601599518,0.9949913538997769,0.005008646100223141,40.27479304380607,0.44554885203198724,291.06507794884504,164.2739170448344,1176.5433692791157,7.70042085647583,0.2531359489790634,0.8915623933499948,0.3470693357242483,0.9222259516175882,1.1902817357393904,2,1768.38,447.64054945559616,1320.7394505444038,126.8813731560848,816.3118457916098,12.602048915338838,126.8813731560848,east_concentrated
108,0.3,bus20_ct15,20.0,0.15,True,True,0.3945497476689949,0.19742643689425812,0.1833461168874635,1.0,-0.1356892299659524,35.53675864096646,0.3666922337749279,291.06507794884504,174.30793774882216,928.7206135723271,3.3343875408172607,0.2531359489790634,0.8915623933499948,0.3470693357242483,0.9222259516175882,1.1902817357393904,2,1768.38,447.64054945559616,1320.7394505444038,126.8813731560848,816.3118457916098,12.602048915338838,126.8813731560848,east_concentrated
108,0.3,bus8_ct15,8.0,0.15,True,False,0.42893798183077203,0.21812395980629554,0.28504216949438543,0.9944618382161117,0.0055381617838883195,39.262312765133196,0.57008433898877,291.06507794884504,165.88081345811588,1195.339908977115,7.535015344619751,0.2531359489790634,0.8915623933499948,0.3470693357242483,0.9222259516175882,1.1902817357393904,2,1768.38,447.64054945559616,1320.7394505444038,126.8813731560848,816.3118457916098,12.602048915338838,126.8813731560848,east_concentrated
108,0.3,bus4_ct25,4.0,0.25,True,False,0.5201709505404615,0.3273781682000558,0.43207097405281303,0.9938564917089214,0.006143508291078528,58.92807027601004,0.8641419481056278,291.06507794884504,172.17687427110945,1609.4321976752722,7.744871139526367,0.2531359489790634,0.8915623933499948,0.3470693357242483,0.9222259516175882,1.1902817357393904,2,1768.38,447.64054945559616,1320.7394505444038,126.8813731560848,816.3118457916098,12.602048915338838,126.8813731560848,east_concentrated
108,0.3,bus16_ct25,16.0,0.25,True,False,0.5853419221985707,0.46441560899202816,0.4204376962013434,0.9920987746088831,0.007901225391116946,83.59480961856507,0.8408753924026868,291.06507794884504,176.49357343162336,1942.2757767704595,7.973228931427002,0.2531359489790634,0.8915623933499948,0.3470693357242483,0.9222259516175882,1.1902817357393904,2,1768.38,447.64054945559616,1320.7394505444038,126.8813731560848,816.3118457916098,12.602048915338838,126.8813731560848,east_concentrated
108,0.3,gen_trip_g4,,,True,False,0.16460513528022963,0.21998824704751108,0.1769813451443376,0.04146270188155876,0.9585372981184412,39.597884468551996,0.3539626902886739,291.06507794884504,161.08766652166622,1018.6529915085542,7.743290901184082,0.2531359489790634,0.8915623933499948,0.3470693357242483,0.9222259516175882,1.1902817357393904,2,1768.38,447.64054945559616,1320.7394505444038,126.8813731560848,816.3118457916098,12.602048915338838,126.8813731560848,east_concentrated
109,0.3,bus4_ct10,4.0,0.1,True,False,0.6111552293878793,0.5735158045214245,0.30404814166498895,0.993541166843679,0.006458833156321063,103.2328448138564,0.6080962833299752,-84.5271583784111,-589.4440783483556,1614.8645445812606,9.54900050163269,0.7996515928072949,0.7859810194750199,0.5601931111887358,0.8732234132638714,0.8987816749537147,0,1768.38,1414.0878836885643,354.29211631143585,-1012.9455266983116,1009.3993459537542,12.602048915338838,1012.9455266983116,west_concentrated
109,0.3,bus14_ct10,14.0,0.1,True,False,0.6126185837944931,0.5728805448036977,0.3108767433594757,0.9938365022111012,0.006163497788898757,103.11849806466557,0.62175348671895,-84.5271583784111,-589.9917727413539,1639.525983345544,9.597882509231567,0.7996515928072949,0.7859810194750199,0.5601931111887358,0.8732234132638714,0.8987816749537147,0,1768.38,1414.0878836885643,354.29211631143585,-1012.9455266983116,1009.3993459537542,12.602048915338838,1012.9455266983116,west_concentrated
109,0.3,bus16_ct10,16.0,0.1,True,False,0.6429543280401662,0.6297661851310709,0.32028685803475554,0.9919980838637675,0.008001916136232494,113.35791332359275,0.640573716069508,-84.5271583784111,-590.3932589513402,1868.9609138211817,10.266518592834473,0.7996515928072949,0.7859810194750199,0.5601931111887358,0.8732234132638714,0.8987816749537147,0,1768.38,1414.0878836885643,354.29211631143585,-1012.9455266983116,1009.3993459537542,12.602048915338838,1012.9455266983116,west_concentrated
109,0.3,bus26_ct10,26.0,0.1,True,False,0.6135213469095764,0.5869222386758205,0.28531598975738603,0.9949249205292784,0.00507507947072159,105.6460029616477,0.5706319795147707,-84.5271583784111,-591.1503007379175,1542.743249450595,9.593626022338867,0.7996515928072949,0.7859810194750199,0.5601931111887358,0.8732234132638714,0.8987816749537147,0,1768.38,1414.0878836885643,354.29211631143585,-1012.9455266983116,1009.3993459537542,12.602048915338838,1012.9455266983116,west_concentrated
109,0.3,bus20_ct15,20.0,0.15,True,True,0.5258221770364959,0.4297472138918782,0.24379428036222706,1.0,-0.13125810462996113,77.35449850053807,0.4875885607244568,-84.5271583784111,-206.8293599575898,1195.414732399151,3.592017412185669,0.7996515928072949,0.7859810194750199,0.5601931111887358,0.8732234132638714,0.8987816749537147,0,1768.38,1414.0878836885643,354.29211631143585,-1012.9455266983116,1009.3993459537542,12.602048915338838,1012.9455266983116,west_concentrated
109,0.3,bus8_ct15,8.0,0.15,True,False,0.6235394135844391,0.5673430994930241,0.36502179228330434,0.9944496630684039,0.005550336931596136,102.12175790874433,0.7300435845666087,-84.5271583784111,-587.4399258298882,1674.6664437245042,9.96142029762268,0.7996515928072949,0.7859810194750199,0.5601931111887358,0.8732234132638714,0.8987816749537147,0,1768.38,1414.0878836885643,354.29211631143585,-1012.9455266983116,1009.3993459537542,12.602048915338838,1012.9455266983116,west_concentrated
109,0.3,bus4_ct25,4.0,0.25,True,False,0.7491156671019555,0.7613816106495578,0.47956708676367654,0.9941323603450304,0.005867639654969605,137.0486899169204,0.9591341735273562,-84.5271583784111,-587.7909143067161,2168.6454778574257,9.796082019805908,0.7996515928072949,0.7859810194750199,0.5601931111887358,0.8732234132638714,0.8987816749537147,0,1768.38,1414.0878836885643,354.29211631143585,-1012.9455266983116,1009.3993459537542,12.602048915338838,1012.9455266983116,west_concentrated
109,0.3,bus16_ct25,16.0,0.25,True,True,0.639248058086294,0.5749689164213971,0.4138943024768409,0.9931600970255408,0.006839902974459204,103.4944049558515,0.8277886049536809,-84.5271583784111,78.06245442914397,1195.414732399151,3.3799095153808594,0.7996515928072949,0.7859810194750199,0.5601931111887358,0.8732234132638714,0.8987816749537147,0,1768.38,1414.0878836885643,354.29211631143585,-1012.9455266983116,1009.3993459537542,12.602048915338838,1012.9455266983116,west_concentrated
109,0.3,gen_trip_g4,,,True,False,0.3940145538265438,0.5981357000757015,0.2602285447910546,0.11955827036371769,0.8804417296362823,107.66442601362627,0.520457089582107,-84.5271583784111,-592.2503252334859,1458.938512113685,9.646377325057983,0.7996515928072949,0.7859810194750199,0.5601931111887358,0.8732234132638714,0.8987816749537147,0,1768.38,1414.0878836885643,354.29211631143585,-1012.9455266983116,1009.3993459537542,12.602048915338838,1012.9455266983116,west_concentrated
110,0.3,bus4_ct10,4.0,0.1,True,False,0.6271404626177636,0.5987063692513684,0.31769248441333886,0.9934566275549787,0.006543372445021355,107.76714646524633,0.6353849688266799,-35.866555342178565,-686.8588891368189,1687.0648761464518,13.28507137298584,0.9104720847694775,0.839003926095949,0.5134278207918104,1.032845928703842,0.8126101599608446,0,1768.38,1610.0606252646487,158.3193747353514,-740.2774465676134,1120.4812578232159,12.602048915338838,740.2774465676134,west_concentrated
110,0.3,bus14_ct10,14.0,0.1,True,False,0.6289203283214284,0.598259549726061,0.32537546111495175,0.9937867527186399,0.006213247281360089,107.68671895069097,0.6507509222299057,-35.866555342178565,-685.3791601644199,1711.6448136042914,13.464243650436401,0.9104720847694775,0.839003926095949,0.5134278207918104,1.032845928703842,0.8126101599608446,0,1768.38,1610.0606252646487,158.3193747353514,-740.2774465676134,1120.4812578232159,12.602048915338838,740.2774465676134,west_concentrated
110,0.3,bus16_ct10,16.0,0.1,True,False,0.6645754436001319,0.6686524131323857,0.32895569855663354,0.9920412495791224,0.007958750420877602,120.35743436382943,0.6579113971132666,-35.866555342178565,-685.8633251108782,1940.1844890360221,15.90075397491455,0.9104720847694775,0.839003926095949,0.5134278207918104,1.032845928703842,0.8126101599608446,0,1768.38,1610.0606252646487,158.3193747353514,-740.2774465676134,1120.4812578232159,12.602048915338838,740.2774465676134,west_concentrated
110,0.3,bus26_ct10,26.0,0.1,True,False,0.628998466795504,0.6133316936146899,0.2943749922473735,0.9949554877052628,0.005044512294737214,110.39970485064418,0.5887499844947497,-35.866555342178565,-687.3678681100432,1623.506052455936,12.86247730255127,0.9104720847694775,0.839003926095949,0.5134278207918104,1.032845928703842,0.8126101599608446,0,1768.38,1610.0606252646487,158.3193747353514,-740.2774465676134,1120.4812578232159,12.602048915338838,740.2774465676134,west_concentrated
110,0.3,bus20_ct15,20.0,0.15,True,False,0.9143499917646798,1.0,0.6573999670587192,1.0,-0.2953933853343971,185.5341568990211,1.314799934117441,-35.866555342178565,-596.2071252678808,1331.4639883500677,1.9209411144256592,0.9104720847694775,0.839003926095949,0.5134278207918104,1.032845928703842,0.8126101599608446,0,1768.38,1610.0606252646487,158.3193747353514,-740.2774465676134,1120.4812578232159,12.602048915338838,740.2774465676134,west_concentrated
110,0.3,bus8_ct15,8.0,0.15,True,False,0.638898528855396,0.5912028882532689,0.37886319656611533,0.9943251423489308,0.0056748576510692594,106.4165198855884,0.7577263931322342,-35.866555342178565,-687.7083654966087,1718.3666033456502,14.295043230056763,0.9104720847694775,0.839003926095949,0.5134278207918104,1.032845928703842,0.8126101599608446,0,1768.38,1610.0606252646487,158.3193747353514,-740.2774465676134,1120.4812578232159,12.602048915338838,740.2774465676134,west_concentrated
110,0.3,bus4_ct25,4.0,0.25,True,False,0.7637415717236538,0.7883223053862833,0.4843050674273357,0.9940166086947128,0.00598339130528727,141.898014969531,0.9686101348546727,-35.866555342178565,-680.808398988643,2220.8371180779013,14.112595558166504,0.9104720847694775,0.839003926095949,0.5134278207918104,1.032845928703842,0.8126101599608446,0,1768.38,1610.0606252646487,158.3193747353514,-740.2774465676134,1120.4812578232159,12.602048915338838,740.2774465676134,west_concentrated
110,0.3,bus16_ct25,16.0,0.25,True,True,0.6560204185887204,0.5887252590301035,0.45328191377906535,0.9933492425156094,0.006650757484390585,105.97054662541863,0.9065638275581289,-35.866555342178565,101.32892829370448,1291.5397858904091,2.9091598987579346,0.9104720847694775,0.839003926095949,0.5134278207918104,1.032845928703842,0.8126101599608446,0,1768.38,1610.0606252646487,158.3193747353514,-740.2774465676134,1120.4812578232159,12.602048915338838,740.2774465676134,west_concentrated
110,0.3,gen_trip_g4,,,True,False,0.42950312019656345,0.6361427690176831,0.2790203986679316,0.16670654408295593,0.8332934559170441,114.50569842318296,0.5580407973358614,-35.866555342178565,-687.6793499226062,1571.8120926633344,15.025795221328735,0.9104720847694775,0.839003926095949,0.5134278207918104,1.032845928703842,0.8126101599608446,0,1768.38,1610.0606252646487,158.3193747353514,-740.2774465676134,1120.4812578232159,12.602048915338838,740.2774465676134,west_concentrated
111,0.3,bus4_ct10,4.0,0.1,True,False,0.46147716604628863,0.28194022351070475,0.2886107241240694,0.9934174930396757,0.006582506960324197,50.749240231926855,0.5772214482481419,-376.1834169412714,-275.83475438218846,1407.22738761188,11.935896635055542,0.1268109362248373,0.7480423816080635,0.4697333978938335,1.0151141595464848,0.9233713578723641,1,1768.38,224.2499234012778,1544.1300765987223,115.657777048605,1151.9387406668911,12.602048915338838,115.657777048605,east_concentrated
111,0.3,bus14_ct10,14.0,0.1,True,False,0.45925672968786413,0.28211256642139054,0.2790861265659359,0.9937156593427394,0.006284340657260533,50.7802619558503,0.55817225313187,-376.1834169412714,-276.79644576708085,1402.5796818987199,11.463316917419434,0.1268109362248373,0.7480423816080635,0.4697333978938335,1.0151141595464848,0.9233713578723641,1,1768.38,224.2499234012778,1544.1300765987223,115.657777048605,1151.9387406668911,12.602048915338838,115.657777048605,east_concentrated
111,0.3,bus16_ct10,16.0,0.1,True,False,0.4871421899088334,0.35112463240912223,0.2545479731462379,0.9917715216708511,0.008228478329148817,63.202433833642,0.5090959462924749,-376.1834169412714,-276.84023946052747,1450.7233189842982,11.418667316436768,0.1268109362248373,0.7480423816080635,0.4697333978938335,1.0151141595464848,0.9233713578723641,1,1768.38,224.2499234012778,1544.1300765987223,115.657777048605,1151.9387406668911,12.602048915338838,115.657777048605,east_concentrated
111,0.3,bus26_ct10,26.0,0.1,True,False,0.46048763579124913,0.2897264618738897,0.26752269815252916,0.994974921264688,0.005025078735312039,52.150763137300146,0.5350453963050561,-376.1834169412714,-276.9261373731989,1484.3791363235873,12.009071111679077,0.1268109362248373,0.7480423816080635,0.4697333978938335,1.0151141595464848,0.9233713578723641,1,1768.38,224.2499234012778,1544.1300765987223,115.657777048605,1151.9387406668911,12.602048915338838,115.657777048605,east_concentrated
111,0.3,bus20_ct15,20.0,0.15,True,True,0.4055983577887594,0.2295288599581093,0.16333571123881896,1.0,-0.15203804571292018,41.31519479245967,0.32667142247764014,-376.1834169412714,-167.54238691306563,1181.1153444760487,3.1645665168762207,0.1268109362248373,0.7480423816080635,0.4697333978938335,1.0151141595464848,0.9233713578723641,1,1768.38,224.2499234012778,1544.1300765987223,115.657777048605,1151.9387406668911,12.602048915338838,115.657777048605,east_concentrated
111,0.3,bus8_ct15,8.0,0.15,True,False,0.48651970270057954,0.2826116776414314,0.3865268160452082,0.9943286394742472,0.005671360525752761,50.87010197545766,0.7730536320904169,-376.1834169412714,-276.3986708967391,1456.3653815238533,12.435626745223999,0.1268109362248373,0.7480423816080635,0.4697333978938335,1.0151141595464848,0.9233713578723641,1,1768.38,224.2499234012778,1544.1300765987223,115.657777048605,1151.9387406668911,12.602048915338838,115.657777048605,east_concentrated
111,0.3,bus4_ct25,4.0,0.25,True,False,0.6416185172207288,0.516820110958392,0.5390199980905663,0.9938138488755651,0.0061861511244349155,93.02761997251055,1.0780399961811349,-376.1834169412714,-272.9565073940308,1850.2657818070302,10.751478910446167,0.1268109362248373,0.7480423816080635,0.4697333978938335,1.0151141595464848,0.9233713578723641,1,1768.38,224.2499234012778,1544.1300765987223,115.657777048605,1151.9387406668911,12.602048915338838,115.657777048605,east_concentrated
111,0.3,bus16_ct25,16.0,0.25,True,False,0.7208901740291535,0.6982865330372896,0.49471456509296274,0.992273064949072,0.007726935050928051,125.69157594671213,0.9894291301859237,-376.1834169412714,-271.92268789333787,1976.8642301378627,12.344207048416138,0.1268109362248373,0.7480423816080635,0.4697333978938335,1.0151141595464848,0.9233713578723641,1,1768.38,224.2499234012778,1544.1300765987223,115.657777048605,1151.9387406668911,12.602048915338838,115.657777048605,east_concentrated
111,0.3,gen_trip_g4,,,True,False,0.20768380111456403,0.2897031084723612,0.21035808044568682,0.040970907067846896,0.9590290929321531,52.14655952502502,0.42071616089137676,-376.1834169412714,-279.1152251331715,1265.3615524704246,9.959611177444458,0.1268109362248373,0.7480423816080635,0.4697333978938335,1.0151141595464848,0.9233713578723641,1,1768.38,224.2499234012778,1544.1300765987223,115.657777048605,1151.9387406668911,12.602048915338838,115.657777048605,east_concentrated
112,0.3,bus4_ct10,4.0,0.1,True,False,0.507942549402238,0.3859722664889088,0.2663254056957207,0.9935002589354137,0.006499741064586315,69.47500796800358,0.5326508113914397,-400.76254006237446,-451.38743371169824,1370.7168967767525,6.990686893463135,0.3518797892671993,0.7020649589007404,0.44778403425928054,0.8336602488831892,0.8589410259624926,1,1768.38,622.25718174433,1146.1228182556702,-735.5628843097527,1110.500721540498,12.602048915338838,735.5628843097527,balanced
112,0.3,bus14_ct10,14.0,0.1,True,False,0.5042119578512185,0.38540137079858455,0.25226710534766283,0.9937779844600418,0.006222015539958137,69.37224674374522,0.5045342106953243,-400.76254006237446,-451.6492872129967,1379.7116676772407,6.762804985046387,0.3518797892671993,0.7020649589007404,0.44778403425928054,0.8336602488831892,0.8589410259624926,1,1768.38,622.25718174433,1146.1228182556702,-735.5628843097527,1110.500721540498,12.602048915338838,735.5628843097527,balanced
112,0.3,bus16_ct10,16.0,0.1,True,False,0.5334139997731904,0.44182074103648417,0.2581768629526202,0.9918376540671728,0.008162345932827149,79.52773338656715,0.5163537259052431,-400.76254006237446,-453.56953213380234,1543.2901330034995,6.530365467071533,0.3518797892671993,0.7020649589007404,0.44778403425928054,0.8336602488831892,0.8589410259624926,1,1768.38,622.25718174433,1146.1228182556702,-735.5628843097527,1110.500721540498,12.602048915338838,735.5628843097527,balanced
112,0.3,bus26_ct10,26.0,0.1,True,False,0.5138334895922113,0.40052487278818505,0.2593769659763545,0.9949072468161207,0.005092753183879253,72.09447710187331,0.5187539319527112,-400.76254006237446,-454.5382468139744,1395.5783035248785,6.396431922912598,0.3518797892671993,0.7020649589007404,0.44778403425928054,0.8336602488831892,0.8589410259624926,1,1768.38,622.25718174433,1146.1228182556702,-735.5628843097527,1110.500721540498,12.602048915338838,735.5628843097527,balanced
112,0.3,bus20_ct15,20.0,0.15,True,False,0.8908382669855035,1.0,0.563353067942014,1.0,-0.4730834770593039,184.85682635205805,1.126706135884028,-400.76254006237446,-864.652148161982,1313.91017550046,1.890634298324585,0.3518797892671993,0.7020649589007404,0.44778403425928054,0.8336602488831892,0.8589410259624926,1,1768.38,622.25718174433,1146.1228182556702,-735.5628843097527,1110.500721540498,12.602048915338838,735.5628843097527,balanced
112,0.3,bus8_ct15,8.0,0.15,True,False,0.5362899885467503,0.39713075065308495,0.35646631082775926,0.9944321420530717,0.0055678579469282145,71.48353511755529,0.7129326216555176,-400.76254006237446,-452.9770258759779,1465.4274994572295,6.458970546722412,0.3518797892671993,0.7020649589007404,0.44778403425928054,0.8336602488831892,0.8589410259624926,1,1768.38,622.25718174433,1146.1228182556702,-735.5628843097527,1110.500721540498,12.602048915338838,735.5628843097527,balanced
112,0.3,bus4_ct25,4.0,0.25,True,False,0.6309167240454799,0.5440164848878382,0.4416642888916371,0.9939696375146063,0.006030362485393679,97.92296727981086,0.8833285777832778,-400.76254006237446,-447.96245192634046,1926.763210941283,7.049426794052124,0.3518797892671993,0.7020649589007404,0.44778403425928054,0.8336602488831892,0.8589410259624926,1,1768.38,622.25718174433,1146.1228182556702,-735.5628843097527,1110.500721540498,12.602048915338838,735.5628843097527,balanced
112,0.3,bus16_ct25,16.0,0.25,True,False,0.8784965369454696,1.0,0.5139861477818783,1.0,-2.421889438820097e-11,186.1747009592159,1.027972295563755,-400.76254006237446,-523.5906401938752,1069.0699166529573,0.9674472808837891,0.3518797892671993,0.7020649589007404,0.44778403425928054,0.8336602488831892,0.8589410259624926,1,1768.38,622.25718174433,1146.1228182556702,-735.5628843097527,1110.500721540498,12.602048915338838,735.5628843097527,balanced
112,0.3,gen_trip_g4,,,True,False,0.2658359208234836,0.40076918852295346,0.21318059975819637,0.04862470648983119,0.9513752935101688,72.13845393413162,0.4263611995163896,-400.76254006237446,-453.39022425054276,1183.1346830277387,6.795674085617065,0.3518797892671993,0.7020649589007404,0.44778403425928054,0.8336602488831892,0.8589410259624926,1,1768.38,622.25718174433,1146.1228182556702,-735.5628843097527,1110.500721540498,12.602048915338838,735.5628843097527,balanced
113,0.3,bus4_ct10,4.0,0.1,True,False,0.5424717771902163,0.4437744903233785,0.28877388763438105,0.9935642404797272,0.006435759520272741,79.87940825820813,0.5775477752687608,192.42715937576426,-386.3903773485638,1484.5457799019625,11.28319001197815,0.8008442021964205,0.7970692553183985,0.5986720936219962,1.1919563908438704,1.0153261839844472,3,1768.38,1416.1968702801062,352.18312971989394,-142.95088295127493,872.6331502329558,12.602048915338838,142.95088295127493,west_concentrated
113,0.3,bus14_ct10,14.0,0.1,True,False,0.5445452293412192,0.4434591632067935,0.29737255461126466,0.9938900363400249,0.006109963659975118,79.82264937722283,0.5947451092225298,192.42715937576426,-383.8214997509981,1507.7272453802093,11.105484962463379,0.8008442021964205,0.7970692553183985,0.5986720936219962,1.1919563908438704,1.0153261839844472,3,1768.38,1416.1968702801062,352.18312971989394,-142.95088295127493,872.6331502329558,12.602048915338838,142.95088295127493,west_concentrated
113,0.3,bus16_ct10,16.0,0.1,True,False,0.5499999462295502,0.45315805380448865,0.3017086669658582,0.9919750103433652,0.008024989656634798,81.56844968480796,0.6034173339317128,192.42715937576426,-382.23382237111866,1763.8837656301134,11.241018772125244,0.8008442021964205,0.7970692553183985,0.5986720936219962,1.1919563908438704,1.0153261839844472,3,1768.38,1416.1968702801062,352.18312971989394,-142.95088295127493,872.6331502329558,12.602048915338838,142.95088295127493,west_concentrated
113,0.3,bus26_ct10,26.0,0.1,True,False,0.5363759825168426,0.44351554012284355,0.26346429846655184,0.9950085513551317,0.004991448644868361,79.83279722211184,0.5269285969331028,192.42715937576426,-387.8950843847428,1442.1469791699574,11.963581562042236,0.8008442021964205,0.7970692553183985,0.5986720936219962,1.1919563908438704,1.0153261839844472,3,1768.38,1416.1968702801062,352.18312971989394,-142.95088295127493,872.6331502329558,12.602048915338838,142.95088295127493,west_concentrated
113,0.3,bus20_ct15,20.0,0.15,True,False,0.6553989375268414,0.6460004865740182,0.32959477695932904,1.0,-0.28162100756360675,116.28008758332328,0.6591895539186554,192.42715937576426,-381.9458397646691,1702.1587837861182,11.182267904281616,0.8008442021964205,0.7970692553183985,0.5986720936219962,1.1919563908438704,1.0153261839844472,3,1768.38,1416.1968702801062,352.18312971989394,-142.95088295127493,872.6331502329558,12.602048915338838,142.95088295127493,west_concentrated
113,0.3,bus8_ct15,8.0,0.15,True,False,0.554957576034121,0.44489212284606394,0.3356019072509895,0.9944441511933668,0.005555848806633217,80.08058211229151,0.6712038145019816,192.42715937576426,-385.665377630222,1519.4026636747096,11.468666553497314,0.8008442021964205,0.7970692553183985,0.5986720936219962,1.1919563908438704,1.0153261839844472,3,1768.38,1416.1968702801062,352.18312971989394,-142.95088295127493,872.6331502329558,12.602048915338838,142.95088295127493,west_concentrated
113,0.3,bus4_ct25,4.0,0.25,True,False,0.6780604741975014,0.6055728754885104,0.5071412871769745,0.9939548586360101,0.006045141363989981,109.00311758793187,1.0142825743539507,192.42715937576426,-379.5226065940118,2094.865049875371,10.659204244613647,0.8008442021964205,0.7970692553183985,0.5986720936219962,1.1919563908438704,1.0153261839844472,3,1768.38,1416.1968702801062,352.18312971989394,-142.95088295127493,872.6331502329558,12.602048915338838,142.95088295127493,west_concentrated
113,0.3,bus16_ct25,16.0,0.25,True,False,0.7893567453698456,0.8581932234858095,0.44820384655056245,0.9928366879572011,0.007163312042798852,154.4747802274457,0.8964076931011267,192.42715937576426,-368.95349325821337,2574.063863549098,11.387260675430298,0.8008442021964205,0.7970692553183985,0.5986720936219962,1.1919563908438704,1.0153261839844472,3,1768.38,1416.1968702801062,352.18312971989394,-142.95088295127493,872.6331502329558,12.602048915338838,142.95088295127493,west_concentrated
113,0.3,gen_trip_g4,,,True,False,0.3094094763921492,0.4481873098422033,0.23223475724202913,0.10902852864216117,0.8909714713578388,80.67371577159659,0.4644695144840605,192.42715937576426,-387.90961739848444,1363.422195479347,11.065278768539429,0.8008442021964205,0.7970692553183985,0.5986720936219962,1.1919563908438704,1.0153261839844472,3,1768.38,1416.1968702801062,352.18312971989394,-142.95088295127493,872.6331502329558,12.602048915338838,142.95088295127493,west_concentrated
114,0.3,bus4_ct10,4.0,0.1,True,False,0.5151130958859933,0.38100402033370284,0.30489954547839915,0.9935447973981683,0.006455202601831722,68.58072366006651,0.6097990909567974,-412.1733479100364,-315.60039792806487,1342.6964586095144,7.979959964752197,0.2972714000808566,0.7579849992395521,0.6885557009543096,0.8076735925803357,1.0546923040940095,1,1768.38,525.6887984749852,1242.6912015250148,-780.5273385145864,934.4021977907787,12.602048915338838,780.5273385145864,east_concentrated
114,0.3,bus14_ct10,14.0,0.1,True,False,0.5118491460921794,0.3801256807539811,0.29332807441563347,0.9938171484451217,0.006182851554878271,68.4226225357166,0.5866561488312705,-412.1733479100364,-314.78731556388686,1344.3900326517955,6.788043737411499,0.2972714000808566,0.7579849992395521,0.6885557009543096,0.8076735925803357,1.0546923040940095,1,1768.38,525.6887984749852,1242.6912015250148,-780.5273385145864,934.4021977907787,12.602048915338838,780.5273385145864,east_concentrated
114,0.3,bus16_ct10,16.0,0.1,True,False,0.538804477300197,0.43382179776315083,0.2957473325649147,0.9918269811095715,0.008173018890428553,78.08792359736715,0.5914946651298258,-412.1733479100364,-316.7726173246567,1511.6569923352588,8.049628019332886,0.2972714000808566,0.7579849992395521,0.6885557009543096,0.8076735925803357,1.0546923040940095,1,1768.38,525.6887984749852,1242.6912015250148,-780.5273385145864,934.4021977907787,12.602048915338838,780.5273385145864,east_concentrated
114,0.3,bus26_ct10,26.0,0.1,True,False,0.5190276106699613,0.39063360974042116,0.2999038885258649,0.9949393346731378,0.005060665326862174,70.31404975327581,0.5998077770517285,-412.1733479100364,-317.02634386610316,1407.0370908663913,7.353460788726807,0.2972714000808566,0.7579849992395521,0.6885557009543096,0.8076735925803357,1.0546923040940095,1,1768.38,525.6887984749852,1242.6912015250148,-780.5273385145864,934.4021977907787,12.602048915338838,780.5273385145864,east_concentrated
114,0.3,bus20_ct15,20.0,0.15,True,False,0.8870455417892744,1.0,0.5481821671570977,1.0,-0.14280560561072642,180.89290772242788,1.096364334314197,-412.1733479100364,-838.2080677571346,1380.3603032195438,1.4183268547058105,0.2972714000808566,0.7579849992395521,0.6885557009543096,0.8076735925803357,1.0546923040940095,1,1768.38,525.6887984749852,1242.6912015250148,-780.5273385145864,934.4021977907787,12.602048915338838,780.5273385145864,east_concentrated
114,0.3,bus8_ct15,8.0,0.15,True,False,0.5384447529164822,0.38127584086500854,0.3967483302730166,0.9944789996628951,0.0055210003371048725,68.62965135570154,0.7934966605460358,-412.1733479100364,-315.6430892110193,1409.4170482493146,7.0518412590026855,0.2972714000808566,0.7579849992395521,0.6885557009543096,0.8076735925803357,1.0546923040940095,1,1768.38,525.6887984749852,1242.6912015250148,-780.5273385145864,934.4021977907787,12.602048915338838,780.5273385145864,east_concentrated
114,0.3,bus4_ct25,4.0,0.25,True,False,0.6591399589279797,0.5695641419148695,0.50339962684696,0.9940319250352199,0.0059680749647800955,102.5215455446765,1.0067992536939174,-412.1733479100364,-312.3522273627039,1861.9225146579217,7.607972860336304,0.2972714000808566,0.7579849992395521,0.6885557009543096,0.8076735925803357,1.0546923040940095,1,1768.38,525.6887984749852,1242.6912015250148,-780.5273385145864,934.4021977907787,12.602048915338838,780.5273385145864,east_concentrated
114,0.3,bus16_ct25,16.0,0.25,True,False,0.751877552717674,0.7857032649479381,0.44366019171009086,0.9924434892647289,0.007556510735271064,141.42658769062885,0.8873203834201826,-412.1733479100364,-311.13599220910777,2183.015124211891,7.166171073913574,0.2972714000808566,0.7579849992395521,0.6885557009543096,0.8076735925803357,1.0546923040940095,1,1768.38,525.6887984749852,1242.6912015250148,-780.5273385145864,934.4021977907787,12.602048915338838,780.5273385145864,east_concentrated
114,0.3,gen_trip_g4,,,True,False,0.2721575685203429,0.3903256904393639,0.24727733088178283,0.06070156232086077,0.9392984376791392,70.2586242790855,0.49455466176356433,-412.1733479100364,-317.74852066727135,1211.7616945507016,7.369139671325684,0.2972714000808566,0.7579849992395521,0.6885557009543096,0.8076735925803357,1.0546923040940095,1,1768.38,525.6887984749852,1242.6912015250148,-780.5273385145864,934.4021977907787,12.602048915338838,780.5273385145864,east_concentrated
115,0.3,bus4_ct10,4.0,0.1,True,False,0.4387897225812776,0.2588475647309042,0.2440132889394313,0.9934504719238706,0.006549528076129444,46.59256165156276,0.48802657787886394,131.35233450256416,-52.326573968166684,1145.5373031911497,7.204232215881348,0.45992232106653186,0.6777799975377106,0.4159517792403743,0.9357411791362649,1.0634806897442002,1,1768.38,813.3174341276336,955.0625658723665,-522.4725858312672,452.71962642810195,12.602048915338838,522.4725858312672,balanced
115,0.3,bus14_ct10,14.0,0.1,True,False,0.4368045089258632,0.258369979583069,0.23673430383862737,0.9937437726986875,0.006256227301312423,46.50659632495242,0.4734686076772565,131.35233450256416,-52.35285508999742,1155.6083052768313,7.436620235443115,0.45992232106653186,0.6777799975377106,0.4159517792403743,0.9357411791362649,1.0634806897442002,1,1768.38,813.3174341276336,955.0625658723665,-522.4725858312672,452.71962642810195,12.602048915338838,522.4725858312672,balanced
115,0.3,bus16_ct10,16.0,0.1,True,False,0.4425197140397592,0.2640508419753495,0.2502053592084792,0.9917718129998587,0.008228187000141293,47.52915155556291,0.5004107184169548,131.35233450256416,-52.05154359573292,1329.1434301545917,7.109450340270996,0.45992232106653186,0.6777799975377106,0.4159517792403743,0.9357411791362649,1.0634806897442002,1,1768.38,813.3174341276336,955.0625658723665,-522.4725858312672,452.71962642810195,12.602048915338838,522.4725858312672,balanced
115,0.3,bus26_ct10,26.0,0.1,True,False,0.44236314947794014,0.2652098400664577,0.24407878390517723,0.9949541338736679,0.005045866126332043,47.73777121196239,0.48815756781035224,131.35233450256416,-51.9388589733618,1171.4517975395902,7.229348659515381,0.45992232106653186,0.6777799975377106,0.4159517792403743,0.9357411791362649,1.0634806897442002,1,1768.38,813.3174341276336,955.0625658723665,-522.4725858312672,452.71962642810195,12.602048915338838,522.4725858312672,balanced
115,0.3,bus20_ct15,20.0,0.15,True,False,0.9166256805697177,1.0,0.6665027222788709,1.0,-0.1377397325254034,187.81072326400528,1.3330054445577444,131.35233450256416,-640.4241896245707,1269.3941157387842,1.6542704105377197,0.45992232106653186,0.6777799975377106,0.4159517792403743,0.9357411791362649,1.0634806897442002,1,1768.38,813.3174341276336,955.0625658723665,-522.4725858312672,452.71962642810195,12.602048915338838,522.4725858312672,balanced
115,0.3,bus8_ct15,8.0,0.15,True,False,0.45429511502544,0.25889936513614376,0.3050539606051643,0.9943277692243082,0.005672230775691771,46.60188572450588,0.6101079212103278,131.35233450256416,-51.97244584626292,1183.0932094562352,7.260113477706909,0.45992232106653186,0.6777799975377106,0.4159517792403743,0.9357411791362649,1.0634806897442002,1,1768.38,813.3174341276336,955.0625658723665,-522.4725858312672,452.71962642810195,12.602048915338838,522.4725858312672,balanced
115,0.3,bus4_ct25,4.0,0.25,True,False,0.5480746928447487,0.3878408186251965,0.42288031978482366,0.9937368143437783,0.006263185656221715,69.81134735253536,0.8457606395696438,131.35233450256416,-45.17030759862653,1672.0905046086223,6.870203018188477,0.45992232106653186,0.6777799975377106,0.4159517792403743,0.9357411791362649,1.0634806897442002,1,1768.38,813.3174341276336,955.0625658723665,-522.4725858312672,452.71962642810195,12.602048915338838,522.4725858312672,balanced
115,0.3,bus16_ct25,16.0,0.25,True,False,0.6255102853926668,0.5489852407114634,0.411891477019779,0.9921791831279616,0.007820816872038436,98.81734332806342,0.823782954039558,131.35233450256416,-43.50361176770921,2114.2307146657467,7.187788724899292,0.45992232106653186,0.6777799975377106,0.4159517792403743,0.9357411791362649,1.0634806897442002,1,1768.38,813.3174341276336,955.0625658723665,-522.4725858312672,452.71962642810195,12.602048915338838,522.4725858312672,balanced
115,0.3,gen_trip_g4,,,True,False,0.198934468642824,0.26990426939708284,0.20654633839536984,0.04938299738176044,0.9506170026182396,48.582768491474916,0.4130926767907428,131.35233450256416,-55.51904831577269,1005.2166954206651,6.742521286010742,0.45992232106653186,0.6777799975377106,0.4159517792403743,0.9357411791362649,1.0634806897442002,1,1768.38,813.3174341276336,955.0625658723665,-522.4725858312672,452.71962642810195,12.602048915338838,522.4725858312672,balanced
116,0.3,bus4_ct10,4.0,0.1,True,False,0.5552165181808003,0.4540226805028681,0.31919651133823024,0.9936242003792349,0.006375799620765057,81.72408249051625,0.63839302267646,504.8006473161906,-315.4897330288826,1425.4662968275602,11.847017526626587,0.8688040109262161,0.9958584086475424,0.5669447500957396,1.1718343123657609,1.0489472192014588,1,1768.38,1536.375636841702,232.00436315829805,-743.8481227206714,225.49247202723836,12.602048915338838,743.8481227206714,west_concentrated
116,0.3,bus14_ct10,14.0,0.1,True,False,0.5577130711417486,0.4541695221210059,0.32857231875958703,0.9939409215653955,0.006059078434604526,81.75051398178107,0.6571446375191758,504.8006473161906,-317.06086631879015,1433.5196166712199,10.939368486404419,0.8688040109262161,0.9958584086475424,0.5669447500957396,1.1718343123657609,1.0489472192014588,1,1768.38,1536.375636841702,232.00436315829805,-743.8481227206714,225.49247202723836,12.602048915338838,743.8481227206714,west_concentrated
116,0.3,bus16_ct10,16.0,0.1,True,False,0.5602373916828767,0.4509209543244907,0.34711942043144006,0.9919882376510852,0.008011762348914759,81.16577177840833,0.6942388408628775,504.8006473161906,-316.6698255180726,1678.1822916273595,11.571461200714111,0.8688040109262161,0.9958584086475424,0.5669447500957396,1.1718343123657609,1.0489472192014588,1,1768.38,1536.375636841702,232.00436315829805,-743.8481227206714,225.49247202723836,12.602048915338838,743.8481227206714,west_concentrated
116,0.3,bus26_ct10,26.0,0.1,True,False,0.5546226750597244,0.45362633012735515,0.3161978425227403,0.9950401974614471,0.004959802538552913,81.65273942292393,0.6323956850454793,504.8006473161906,-318.3331807603573,1435.7563729582814,11.88108777999878,0.8688040109262161,0.9958584086475424,0.5669447500957396,1.1718343123657609,1.0489472192014588,1,1768.38,1536.375636841702,232.00436315829805,-743.8481227206714,225.49247202723836,12.602048915338838,743.8481227206714,west_concentrated
116,0.3,bus20_ct15,20.0,0.15,True,False,0.9238553005300281,1.0,0.6954212021201123,1.0,-0.05056003660974493,182.25240168452896,1.3908424042402245,504.8006473161906,-465.2451816129384,1351.482049211292,1.9828951358795166,0.8688040109262161,0.9958584086475424,0.5669447500957396,1.1718343123657609,1.0489472192014588,1,1768.38,1536.375636841702,232.00436315829805,-743.8481227206714,225.49247202723836,12.602048915338838,743.8481227206714,west_concentrated
116,0.3,bus8_ct15,8.0,0.15,True,False,0.56591260543126,0.4551613396493908,0.35882157540370585,0.9945061670225525,0.0054938329774475905,81.92904113689035,0.7176431508074121,504.8006473161906,-315.52795296565114,1420.1430179999925,12.058592081069946,0.8688040109262161,0.9958584086475424,0.5669447500957396,1.1718343123657609,1.0489472192014588,1,1768.38,1536.375636841702,232.00436315829805,-743.8481227206714,225.49247202723836,12.602048915338838,743.8481227206714,west_concentrated
116,0.3,bus4_ct25,4.0,0.25,True,False,0.6470615430557218,0.5290923589883036,0.5361482870070233,0.9939131672392568,0.006086832760743124,95.23662461789466,1.0722965740140489,504.8006473161906,-309.87691478162566,1943.9797260238618,12.835416316986084,0.8688040109262161,0.9958584086475424,0.5669447500957396,1.1718343123657609,1.0489472192014588,1,1768.38,1536.375636841702,232.00436315829805,-743.8481227206714,225.49247202723836,12.602048915338838,743.8481227206714,west_concentrated
116,0.3,bus16_ct25,16.0,0.25,True,False,0.7323072488550812,0.7496073301828486,0.4373433301805285,0.9926710048740994,0.007328995125900604,134.92931943291276,0.8746866603610548,504.8006473161906,-307.61605542781757,2481.562864605736,11.720459222793579,0.8688040109262161,0.9958584086475424,0.5669447500957396,1.1718343123657609,1.0489472192014588,1,1768.38,1536.375636841702,232.00436315829805,-743.8481227206714,225.49247202723836,12.602048915338838,743.8481227206714,west_concentrated
116,0.3,gen_trip_g4,,,True,False,0.331748254018576,0.4572479546093989,0.2838934459757425,0.12860366087976383,0.8713963391202362,82.3046318296918,0.5677868919514828,504.8006473161906,-321.52381317461044,1373.412002895789,11.69071364402771,0.8688040109262161,0.9958584086475424,0.5669447500957396,1.1718343123657609,1.0489472192014588,1,1768.38,1536.375636841702,232.00436315829805,-743.8481227206714,225.49247202723836,12.602048915338838,743.8481227206714,west_concentrated
117,0.3,bus4_ct10,4.0,0.1,True,False,0.5067712639735062,0.3851216063490948,0.2633140713247286,0.993527771871107,0.006472228128892982,69.32188914283707,0.5266281426494568,-340.08104243792366,-282.0917042512448,1403.002226868801,6.286178827285767,0.5463456688951825,0.320568376667014,0.8545691432063287,0.8485612806702886,1.0307902952751256,2,1768.38,966.146753960863,802.2332460391372,-20.05150814905363,1465.9802855354906,12.602048915338838,20.05150814905363,balanced
117,0.3,bus14_ct10,14.0,0.1,True,False,0.5098329926286248,0.3872834331915302,0.2709530797144879,0.9938120244169508,0.006187975583049137,69.71101797447544,0.5419061594289731,-340.08104243792366,-281.9138368324352,1418.800858644483,6.215366363525391,0.5463456688951825,0.320568376667014,0.8545691432063287,0.8485612806702886,1.0307902952751256,2,1768.38,966.146753960863,802.2332460391372,-20.05150814905363,1465.9802855354906,12.602048915338838,20.05150814905363,balanced
117,0.3,bus16_ct10,16.0,0.1,True,False,0.5414740991107834,0.45067478053060384,0.27268576503255204,0.9918610703493739,0.008138929650626155,81.12146049550869,0.5453715300651063,-340.08104243792366,-282.69418221167314,1634.2438160439883,6.146531581878662,0.5463456688951825,0.320568376667014,0.8545691432063287,0.8485612806702886,1.0307902952751256,2,1768.38,966.146753960863,802.2332460391372,-20.05150814905363,1465.9802855354906,12.602048915338838,20.05150814905363,balanced
117,0.3,bus26_ct10,26.0,0.1,True,False,0.5084007526494506,0.3977577509141698,0.2431670103007164,0.9949204984687463,0.005079501531253734,71.59639516455057,0.48633402060143105,-340.08104243792366,-282.5017526569354,1319.8726652136222,6.15428614616394,0.5463456688951825,0.320568376667014,0.8545691432063287,0.8485612806702886,1.0307902952751256,2,1768.38,966.146753960863,802.2332460391372,-20.05150814905363,1465.9802855354906,12.602048915338838,20.05150814905363,balanced
117,0.3,bus20_ct15,20.0,0.15,True,False,0.9167798206713602,1.0,0.6671192826854409,1.0,-0.1309996482264333,182.3335444995919,1.3342385653708844,-340.08104243792366,-585.8418455864552,1238.0351718612153,1.316410779953003,0.5463456688951825,0.320568376667014,0.8545691432063287,0.8485612806702886,1.0307902952751256,2,1768.38,966.146753960863,802.2332460391372,-20.05150814905363,1465.9802855354906,12.602048915338838,20.05150814905363,balanced
117,0.3,bus8_ct15,8.0,0.15,True,False,0.5226180253944337,0.3921085089880132,0.3118210881376591,0.9944339954640494,0.005566004535950571,70.57953161784238,0.6236421762753208,-340.08104243792366,-281.1823522141034,1479.1283018538168,6.503754615783691,0.5463456688951825,0.320568376667014,0.8545691432063287,0.8485612806702886,1.0307902952751256,2,1768.38,966.146753960863,802.2332460391372,-20.05150814905363,1465.9802855354906,12.602048915338838,20.05150814905363,balanced
117,0.3,bus4_ct25,4.0,0.25,True,False,0.6640506133696709,0.6003123539721683,0.46159697424864277,0.9939807712857042,0.006019228714295795,108.0562237149903,0.9231939484972873,-340.08104243792366,-277.9529595984019,2007.2256321241448,6.192077159881592,0.5463456688951825,0.320568376667014,0.8545691432063287,0.8485612806702886,1.0307902952751256,2,1768.38,966.146753960863,802.2332460391372,-20.05150814905363,1465.9802855354906,12.602048915338838,20.05150814905363,balanced
117,0.3,bus16_ct25,16.0,0.25,True,False,0.7202169660286837,0.753847586190668,0.38057415875374545,0.9925985329796533,0.007401467020346729,135.69256551432025,0.7611483175074918,-340.08104243792366,-276.90984366855787,2490.3683705041767,6.38336181640625,0.5463456688951825,0.320568376667014,0.8545691432063287,0.8485612806702886,1.0307902952751256,2,1768.38,966.146753960863,802.2332460391372,-20.05150814905363,1465.9802855354906,12.602048915338838,20.05150814905363,balanced
117,0.3,gen_trip_g4,,,True,False,0.2678179203776854,0.39877172070425076,0.21049126295777754,0.06323697714446275,0.9367630228555373,71.77890972676514,0.4209825259155542,-340.08104243792366,-282.70783711876254,1175.6135304038248,6.009416341781616,0.5463456688951825,0.320568376667014,0.8545691432063287,0.8485612806702886,1.0307902952751256,2,1768.38,966.146753960863,802.2332460391372,-20.05150814905363,1465.9802855354906,12.602048915338838,20.05150814905363,balanced
118,0.3,bus4_ct10,4.0,0.1,True,False,0.5238431306378366,0.41764214107292197,0.2665925375812783,0.9934957028242241,0.006504297175775974,75.17558539312596,0.5331850751625566,290.36319126746116,-66.04851428107749,1573.1086261012356,14.094066143035889,0.9461596651201984,0.45547892388585626,0.5446299097141123,0.8894460459083574,1.0982535852906414,3,1768.38,1673.1698286052567,95.21017139474348,-746.6906777373949,493.9705596156755,12.602048915338838,746.6906777373949,west_concentrated
118,0.3,bus14_ct10,14.0,0.1,True,False,0.5265264648457572,0.41688849842435033,0.2785256472987925,0.9938032152355353,0.0061967847644646724,75.03992971638306,0.5570512945975881,290.36319126746116,-65.53008334972841,1594.586092660822,12.367287874221802,0.9461596651201984,0.45547892388585626,0.5446299097141123,0.8894460459083574,1.0982535852906414,3,1768.38,1673.1698286052567,95.21017139474348,-746.6906777373949,493.9705596156755,12.602048915338838,746.6906777373949,west_concentrated
118,0.3,bus16_ct10,16.0,0.1,True,False,0.5518392286887172,0.4732723126943485,0.2689061882690673,0.9919061010971043,0.00809389890289565,85.18901628498273,0.5378123765381337,290.36319126746116,-62.972799725939986,1881.9588022189014,9.067858934402466,0.9461596651201984,0.45547892388585626,0.5446299097141123,0.8894460459083574,1.0982535852906414,3,1768.38,1673.1698286052567,95.21017139474348,-746.6906777373949,493.9705596156755,12.602048915338838,746.6906777373949,west_concentrated
118,0.3,bus26_ct10,26.0,0.1,True,False,0.5149837414868769,0.42197055555218754,0.22103248592607017,0.9949613689170621,0.005038631082937846,75.95469999939375,0.442064971852143,290.36319126746116,-64.31699066741733,1437.924569743351,10.658634662628174,0.9461596651201984,0.45547892388585626,0.5446299097141123,0.8894460459083574,1.0982535852906414,3,1768.38,1673.1698286052567,95.21017139474348,-746.6906777373949,493.9705596156755,12.602048915338838,746.6906777373949,west_concentrated
118,0.3,bus20_ct15,20.0,0.15,True,False,0.9460579148080708,1.0,0.7842316592322831,1.0,-0.12901608924547409,184.83318536062995,1.568463318464568,290.36319126746116,-390.28188317607714,1563.338691785344,2.2045140266418457,0.9461596651201984,0.45547892388585626,0.5446299097141123,0.8894460459083574,1.0982535852906414,3,1768.38,1673.1698286052567,95.21017139474348,-746.6906777373949,493.9705596156755,12.602048915338838,746.6906777373949,west_concentrated
118,0.3,bus8_ct15,8.0,0.15,True,False,0.538189938082299,0.4188417875336439,0.3207150089641324,0.9943611682977759,0.005638831702224154,75.3915217560559,0.6414300179282617,290.36319126746116,-64.11834339801814,1637.7866796352343,13.801799774169922,0.9461596651201984,0.45547892388585626,0.5446299097141123,0.8894460459083574,1.0982535852906414,3,1768.38,1673.1698286052567,95.21017139474348,-746.6906777373949,493.9705596156755,12.602048915338838,746.6906777373949,west_concentrated
118,0.3,bus4_ct25,4.0,0.25,True,False,0.7156574369292037,0.6841010691588039,0.5004387816917166,0.9939888277074903,0.006011172292509665,123.13819244858469,1.000877563383431,290.36319126746116,-59.340097370712115,2295.426828230094,10.209666013717651,0.9461596651201984,0.45547892388585626,0.5446299097141123,0.8894460459083574,1.0982535852906414,3,1768.38,1673.1698286052567,95.21017139474348,-746.6906777373949,493.9705596156755,12.602048915338838,746.6906777373949,west_concentrated
118,0.3,bus16_ct25,16.0,0.25,True,False,0.8718598571530868,1.0,0.4945409902738689,0.9928984383384781,0.007101561661521925,182.96008196573268,0.9890819805477413,290.36319126746116,-237.49871249052637,2800.355826052568,3.913897752761841,0.9461596651201984,0.45547892388585626,0.5446299097141123,0.8894460459083574,1.0982535852906414,3,1768.38,1673.1698286052567,95.21017139474348,-746.6906777373949,493.9705596156755,12.602048915338838,746.6906777373949,west_concentrated
118,0.3,gen_trip_g4,,,True,False,0.2791522945303497,0.4251156987313906,0.1956587861459944,0.07071899451262298,0.929281005487377,76.52082577165031,0.39131757229198705,290.36319126746116,-67.40596936883671,1395.4924895259908,9.631280899047852,0.9461596651201984,0.45547892388585626,0.5446299097141123,0.8894460459083574,1.0982535852906414,3,1768.38,1673.1698286052567,95.21017139474348,-746.6906777373949,493.9705596156755,12.602048915338838,746.6906777373949,west_concentrated
119,0.3,bus4_ct10,4.0,0.1,True,False,0.5317472530001659,0.4248654575177833,0.28371521431455093,0.993542882650546,0.006457117349453999,76.475782353201,0.5674304286291032,-165.1666918603621,-354.4664247837784,1476.2404065215296,5.222935438156128,0.6079821368300123,0.6606114670054395,0.7844351558033391,0.9049547376297777,1.0812499505776538,3,1768.38,1075.1434511274572,693.2365488725428,-645.0972941742741,1030.9580011431976,12.602048915338838,645.0972941742741,balanced
119,0.3,bus14_ct10,14.0,0.1,True,False,0.533462878255719,0.4245200949728081,0.2909744504858871,0.993836872591373,0.006163127408626968,76.41361709510547,0.5819489009717738,-165.1666918603621,-352.60254374193113,1494.647077480828,5.460079669952393,0.6079821368300123,0.6606114670054395,0.7844351558033391,0.9049547376297777,1.0812499505776538,3,1768.38,1075.1434511274572,693.2365488725428,-645.0972941742741,1030.9580011431976,12.602048915338838,645.0972941742741,balanced
119,0.3,bus16_ct10,16.0,0.1,True,False,0.5664594574544898,0.4875585082163684,0.2988320119263186,0.9918888014589035,0.00811119854109656,87.76053147894632,0.5976640238526376,-165.1666918603621,-352.5780703685627,1718.9022647623246,5.188920736312866,0.6079821368300123,0.6606114670054395,0.7844351558033391,0.9049547376297777,1.0812499505776538,3,1768.38,1075.1434511274572,693.2365488725428,-645.0972941742741,1030.9580011431976,12.602048915338838,645.0972941742741,balanced
119,0.3,bus26_ct10,26.0,0.1,True,False,0.5434939448363956,0.451534221109294,0.27596938892357414,0.9949379482034202,0.005062051796579861,81.27615979967291,0.5519387778471452,-165.1666918603621,-352.9376192456688,1448.659279569279,5.776656627655029,0.6079821368300123,0.6606114670054395,0.7844351558033391,0.9049547376297777,1.0812499505776538,3,1768.38,1075.1434511274572,693.2365488725428,-645.0972941742741,1030.9580011431976,12.602048915338838,645.0972941742741,balanced
119,0.3,bus20_ct15,20.0,0.15,True,True,0.4848765034273941,0.353559369775486,0.23238727415860438,1.0,-0.12870573567585325,63.64068655958748,0.4647745483172061,-165.1666918603621,-120.87396314010141,1072.877161497901,3.2645962238311768,0.6079821368300123,0.6606114670054395,0.7844351558033391,0.9049547376297777,1.0812499505776538,3,1768.38,1075.1434511274572,693.2365488725428,-645.0972941742741,1030.9580011431976,12.602048915338838,645.0972941742741,balanced
119,0.3,bus8_ct15,8.0,0.15,True,False,0.5470879138329778,0.429103348290538,0.33570746173232635,0.9944374970185088,0.00556250298149114,77.23860269229684,0.6714149234646527,-165.1666918603621,-351.6784306072651,1553.7168734252843,5.4059107303619385,0.6079821368300123,0.6606114670054395,0.7844351558033391,0.9049547376297777,1.0812499505776538,3,1768.38,1075.1434511274572,693.2365488725428,-645.0972941742741,1030.9580011431976,12.602048915338838,645.0972941742741,balanced
119,0.3,bus4_ct25,4.0,0.25,True,False,0.6875311207676207,0.6416233033937688,0.4728504636682871,0.994027412614658,0.005972587385341967,115.49219461087839,0.9457009273365746,-165.1666918603621,-350.6408390470517,2061.395729269546,5.493251323699951,0.6079821368300123,0.6606114670054395,0.7844351558033391,0.9049547376297777,1.0812499505776538,3,1768.38,1075.1434511274572,693.2365488725428,-645.0972941742741,1030.9580011431976,12.602048915338838,645.0972941742741,balanced
119,0.3,bus16_ct25,16.0,0.25,True,False,0.8820678853117228,1.0,0.528271541246891,1.0,-2.9094301399081786e-15,180.00353117750876,1.0565430824937794,-165.1666918603621,-398.33346107918504,1119.5554038716214,1.356294870376587,0.6079821368300123,0.6606114670054395,0.7844351558033391,0.9049547376297777,1.0812499505776538,3,1768.38,1075.1434511274572,693.2365488725428,-645.0972941742741,1030.9580011431976,12.602048915338838,645.0972941742741,balanced
119,0.3,gen_trip_g4,,,True,False,0.3018619570822262,0.44268130745635453,0.23784170520181647,0.08424350821437943,0.9157564917856206,79.68263534214381,0.4756834104036356,-165.1666918603621,-354.16250360382134,1284.1456790953716,5.094686269760132,0.6079821368300123,0.6606114670054395,0.7844351558033391,0.9049547376297777,1.0812499505776538,3,1768.38,1075.1434511274572,693.2365488725428,-645.0972941742741,1030.9580011431976,12.602048915338838,645.0972941742741,balanced
120,0.45,bus4_ct10,4.0,0.1,True,False,0.45074279743269763,0.2847346416377158,0.24001550853266096,0.9934863979226981,0.006513602077301864,51.25223549478884,0.48003101706532325,148.62727467905796,-55.88774703853753,954.8928858013954,8.334524393081665,0.4890280390061987,0.4249745364015508,0.3052960594914611,0.8590582265211235,0.8402437764836325,1,2652.57,1297.1811054266725,1355.3888945733274,-768.4901482277875,1060.6091246865822,10.61225171818007,768.4901482277875,balanced
120,0.45,bus14_ct10,14.0,0.1,True,False,0.45677613305240183,0.28975560820281254,0.2538269679023841,0.9937663479015982,0.006233652098401813,52.156009476506256,0.5076539358047705,148.62727467905796,-59.12268063926087,979.5158750866369,10.01615285873413,0.4890280390061987,0.4249745364015508,0.3052960594914611,0.8590582265211235,0.8402437764836325,1,2652.57,1297.1811054266725,1355.3888945733274,-768.4901482277875,1060.6091246865822,10.61225171818007,768.4901482277875,balanced
120,0.45,bus16_ct10,16.0,0.1,True,False,0.4557455789439484,0.28211208122050896,0.26693241876783347,0.9918257345669422,0.008174265433057817,50.780174619691614,0.5338648375356669,148.62727467905796,-59.610414801919696,1125.111893878887,9.138376712799072,0.4890280390061987,0.4249745364015508,0.3052960594914611,0.8590582265211235,0.8402437764836325,1,2652.57,1297.1811054266725,1355.3888945733274,-768.4901482277875,1060.6091246865822,10.61225171818007,768.4901482277875,balanced
120,0.45,bus26_ct10,26.0,0.1,True,False,0.4563471565293523,0.28863634980342984,0.25317140278835737,0.9949445237221923,0.005055476277807628,51.954542964617374,0.5063428055767161,148.62727467905796,-57.51334368912776,998.674858990522,8.87288522720337,0.4890280390061987,0.4249745364015508,0.3052960594914611,0.8590582265211235,0.8402437764836325,1,2652.57,1297.1811054266725,1355.3888945733274,-768.4901482277875,1060.6091246865822,10.61225171818007,768.4901482277875,balanced
120,0.45,bus20_ct15,20.0,0.15,True,False,0.8988175710987063,1.0,0.5952702843948252,1.0,-0.1497260546407228,182.63234066760893,1.190540568789653,148.62727467905796,-538.5820622938022,1076.2720268507526,3.765875816345215,0.4890280390061987,0.4249745364015508,0.3052960594914611,0.8590582265211235,0.8402437764836325,1,2652.57,1297.1811054266725,1355.3888945733274,-768.4901482277875,1060.6091246865822,10.61225171818007,768.4901482277875,balanced
120,0.45,bus8_ct15,8.0,0.15,True,False,0.4635932889023302,0.29168374595434327,0.2766541434686154,0.9943515202320188,0.00564847976798127,52.50307427178179,0.5533082869372308,148.62727467905796,-56.8701614460949,993.074816077517,9.542987585067749,0.4890280390061987,0.4249745364015508,0.3052960594914611,0.8590582265211235,0.8402437764836325,1,2652.57,1297.1811054266725,1355.3888945733274,-768.4901482277875,1060.6091246865822,10.61225171818007,768.4901482277875,balanced
120,0.45,bus4_ct25,4.0,0.25,True,False,0.48828512226995424,0.28715360705588555,0.3852235291077335,0.9936097458603124,0.00639025413968767,51.6876492700594,0.7704470582154688,148.62727467905796,-56.460639547187334,1440.5970098467394,9.576233386993408,0.4890280390061987,0.4249745364015508,0.3052960594914611,0.8590582265211235,0.8402437764836325,1,2652.57,1297.1811054266725,1355.3888945733274,-768.4901482277875,1060.6091246865822,10.61225171818007,768.4901482277875,balanced
120,0.45,bus16_ct25,16.0,0.25,True,False,0.5316798955318229,0.3940976940409107,0.34643667719575433,0.992087516849716,0.007912483150283986,70.93758492736393,0.69287335439151,148.62727467905796,-51.07363989801265,1828.6374949350627,9.418900728225708,0.4890280390061987,0.4249745364015508,0.3052960594914611,0.8590582265211235,0.8402437764836325,1,2652.57,1297.1811054266725,1355.3888945733274,-768.4901482277875,1060.6091246865822,10.61225171818007,768.4901482277875,balanced
120,0.45,gen_trip_g4,,,True,False,0.21180887495247588,0.2863795533206481,0.22398904160052524,0.05048735156808215,0.9495126484319178,51.54831959771665,0.44797808320104826,148.62727467905796,-60.78086695026423,875.2557119626731,9.954960584640503,0.4890280390061987,0.4249745364015508,0.3052960594914611,0.8590582265211235,0.8402437764836325,1,2652.57,1297.1811054266725,1355.3888945733274,-768.4901482277875,1060.6091246865822,10.61225171818007,768.4901482277875,balanced
121,0.45,bus4_ct10,4.0,0.1,True,False,0.47411445403807306,0.3113237995193601,0.280128597516498,0.9936816195970741,0.006318380402925913,56.038283913484825,0.560257195032996,-211.7957389575347,-82.21598768955437,1474.7570677267556,17.302522659301758,0.12179715918311136,0.3796182460868276,0.38101103457592983,1.1507323501115139,0.8235613487991934,3,2652.57,323.0754905343457,2329.494509465654,730.9640280874462,2057.3391001213936,10.61225171818007,730.9640280874462,east_concentrated
121,0.45,bus14_ct10,14.0,0.1,True,False,0.47250288258831097,0.3113237995193601,0.27340199415850464,0.993961937156019,0.006038062843981052,56.038283913484825,0.5468039883170084,-211.7957389575347,-81.97622863326421,1477.654465298394,17.56014394760132,0.12179715918311136,0.3796182460868276,0.38101103457592983,1.1507323501115139,0.8235613487991934,3,2652.57,323.0754905343457,2329.494509465654,730.9640280874462,2057.3391001213936,10.61225171818007,730.9640280874462,east_concentrated
121,0.45,bus16_ct10,16.0,0.1,True,False,0.4723503120886665,0.32556867569893055,0.24631594624376874,0.9919479507130363,0.00805204928696371,58.6023616258075,0.4926318924875406,-211.7957389575347,-80.3405577390254,1494.5446588122024,18.446951150894165,0.12179715918311136,0.3796182460868276,0.38101103457592983,1.1507323501115139,0.8235613487991934,3,2652.57,323.0754905343457,2329.494509465654,730.9640280874462,2057.3391001213936,10.61225171818007,730.9640280874462,east_concentrated
121,0.45,bus26_ct10,26.0,0.1,True,False,0.46685181581625157,0.3113237995193601,0.24966857732909986,0.9950910868971862,0.004908913102813776,56.038283913484825,0.49933715465819706,-211.7957389575347,-83.2311662452816,1529.8181602774764,17.995310306549072,0.12179715918311136,0.3796182460868276,0.38101103457592983,1.1507323501115139,0.8235613487991934,3,2652.57,323.0754905343457,2329.494509465654,730.9640280874462,2057.3391001213936,10.61225171818007,730.9640280874462,east_concentrated
121,0.45,bus20_ct15,20.0,0.15,True,False,0.8949003015162003,1.0,0.579601206064801,1.0,-0.16603268965292498,185.70960361766745,1.159202412129603,-211.7957389575347,-678.0349705952312,1413.561413917598,2.5721957683563232,0.12179715918311136,0.3796182460868276,0.38101103457592983,1.1507323501115139,0.8235613487991934,3,2652.57,323.0754905343457,2329.494509465654,730.9640280874462,2057.3391001213936,10.61225171818007,730.9640280874462,east_concentrated
121,0.45,bus8_ct15,8.0,0.15,True,False,0.48972307051202746,0.3113237995193601,0.3416236519031166,0.9946210311062731,0.005378968893726883,56.038283913484825,0.6832473038062314,-211.7957389575347,-82.14165041113245,1459.9577928752074,17.79984450340271,0.12179715918311136,0.3796182460868276,0.38101103457592983,1.1507323501115139,0.8235613487991934,3,2652.57,323.0754905343457,2329.494509465654,730.9640280874462,2057.3391001213936,10.61225171818007,730.9640280874462,east_concentrated
121,0.45,bus4_ct25,4.0,0.25,True,False,0.6286083667165541,0.4818021835368735,0.5568925254205865,0.9939365743718829,0.006063425628117094,86.72439303663722,1.1137850508411717,-211.7957389575347,-76.7244882193219,1818.6299710994244,17.320269346237183,0.12179715918311136,0.3796182460868276,0.38101103457592983,1.1507323501115139,0.8235613487991934,3,2652.57,323.0754905343457,2329.494509465654,730.9640280874462,2057.3391001213936,10.61225171818007,730.9640280874462,east_concentrated
121,0.45,bus16_ct25,16.0,0.25,True,False,0.6173762019042563,0.5204396586906564,0.436376783134385,0.9922487071013277,0.007751292898672258,93.67913856431815,0.8727535662687691,-211.7957389575347,-74.53606587628526,1870.7612653142128,18.36352849006653,0.12179715918311136,0.3796182460868276,0.38101103457592983,1.1507323501115139,0.8235613487991934,3,2652.57,323.0754905343457,2329.494509465654,730.9640280874462,2057.3391001213936,10.61225171818007,730.9640280874462,east_concentrated
121,0.45,gen_trip_g4,,,True,False,0.22278499611615638,0.3113237995193601,0.20432781074904582,0.06416457467685943,0.9358354253231406,56.038283913484825,0.408655621498093,-211.7957389575347,-84.94559324346285,1335.6755703713502,17.808738708496094,0.12179715918311136,0.3796182460868276,0.38101103457592983,1.1507323501115139,0.8235613487991934,3,2652.57,323.0754905343457,2329.494509465654,730.9640280874462,2057.3391001213936,10.61225171818007,730.9640280874462,east_concentrated
122,0.45,bus4_ct10,4.0,0.1,True,False,0.48288713262632876,0.29084077901850314,0.35623915303461473,0.993627819433694,0.0063721805663059326,52.35134022333057,0.7124783060692264,-529.9648827219052,-254.89659065745286,1548.41553012625,11.641794204711914,0.1693190319553806,0.5177947662272229,0.6313831980181769,1.0417236882800742,0.9536833560087794,3,2652.57,449.1305845938839,2203.4394154061165,271.3521259471914,2216.29741467116,10.61225171818007,271.3521259471914,east_concentrated
122,0.45,bus14_ct10,14.0,0.1,True,False,0.4808045309773741,0.29089163006321067,0.3475272149317199,0.993907648851355,0.006092351148645045,52.36049341137792,0.6950544298634398,-529.9648827219052,-255.07573621548323,1550.4729700423666,11.654213666915894,0.1693190319553806,0.5177947662272229,0.6313831980181769,1.0417236882800742,0.9536833560087794,3,2652.57,449.1305845938839,2203.4394154061165,271.3521259471914,2216.29741467116,10.61225171818007,271.3521259471914,east_concentrated
122,0.45,bus16_ct10,16.0,0.1,True,False,0.48668427231311473,0.30212777869768154,0.3505849830900516,0.9918965487670444,0.008103451232955644,54.38300016558268,0.7011699661800996,-529.9648827219052,-254.30286706884377,1592.4966519104905,12.171501159667969,0.1693190319553806,0.5177947662272229,0.6313831980181769,1.0417236882800742,0.9536833560087794,3,2652.57,449.1305845938839,2203.4394154061165,271.3521259471914,2216.29741467116,10.61225171818007,271.3521259471914,east_concentrated
122,0.45,bus26_ct10,26.0,0.1,True,False,0.4856953953500396,0.29623603813640714,0.3552564347256464,0.9950530704016978,0.004946929598302247,53.322486864553284,0.7105128694512963,-529.9648827219052,-257.3905962267113,1617.1535056766188,12.208716630935669,0.1693190319553806,0.5177947662272229,0.6313831980181769,1.0417236882800742,0.9536833560087794,3,2652.57,449.1305845938839,2203.4394154061165,271.3521259471914,2216.29741467116,10.61225171818007,271.3521259471914,east_concentrated
122,0.45,bus20_ct15,20.0,0.15,True,False,0.4841742531853257,0.29456285602806226,0.3475713006851784,1.0,-0.09424644500009269,53.0213140850512,0.6951426013703554,-529.9648827219052,-256.8880839495465,1559.8622500618849,12.129555225372314,0.1693190319553806,0.5177947662272229,0.6313831980181769,1.0417236882800742,0.9536833560087794,3,2652.57,449.1305845938839,2203.4394154061165,271.3521259471914,2216.29741467116,10.61225171818007,271.3521259471914,east_concentrated
122,0.45,bus8_ct15,8.0,0.15,True,False,0.5013203456635671,0.2898714365934593,0.43102438155174383,0.9945141279156056,0.005485872084394431,52.176858586822675,0.8620487631034868,-529.9648827219052,-254.1191158349681,1546.8714575167064,11.829292297363281,0.1693190319553806,0.5177947662272229,0.6313831980181769,1.0417236882800742,0.9536833560087794,3,2652.57,449.1305845938839,2203.4394154061165,271.3521259471914,2216.29741467116,10.61225171818007,271.3521259471914,east_concentrated
122,0.45,bus4_ct25,4.0,0.25,True,False,0.6199583916988098,0.43219594690547997,0.6215463007546731,0.9938953722296066,0.006104627770393464,77.79527044298639,1.2430926015093435,-529.9648827219052,-249.8308969471737,1818.9443797307235,11.82512378692627,0.1693190319553806,0.5177947662272229,0.6313831980181769,1.0417236882800742,0.9536833560087794,3,2652.57,449.1305845938839,2203.4394154061165,271.3521259471914,2216.29741467116,10.61225171818007,271.3521259471914,east_concentrated
122,0.45,bus16_ct25,16.0,0.25,True,False,0.6458863721995313,0.5671153179462244,0.45707736452435554,0.9922374883813208,0.007762511618679267,102.08075723032039,0.9141547290487129,-529.9648827219052,-248.9591722400703,1880.751922561813,11.682018756866455,0.1693190319553806,0.5177947662272229,0.6313831980181769,1.0417236882800742,0.9536833560087794,3,2652.57,449.1305845938839,2203.4394154061165,271.3521259471914,2216.29741467116,10.61225171818007,271.3521259471914,east_concentrated
122,0.45,gen_trip_g4,,,True,False,0.23994089154200163,0.29368831451078653,0.31046058951849176,0.06192634762794169,0.9380736523720583,52.86389661194158,0.6209211790369817,-529.9648827219052,-259.3728821463797,1450.106209752283,11.90179181098938,0.1693190319553806,0.5177947662272229,0.6313831980181769,1.0417236882800742,0.9536833560087794,3,2652.57,449.1305845938839,2203.4394154061165,271.3521259471914,2216.29741467116,10.61225171818007,271.3521259471914,east_concentrated
123,0.45,bus4_ct10,4.0,0.1,True,False,0.4673430928110657,0.271772366422295,0.3321680702538714,0.9936595681458014,0.006340431854198623,48.9190259560131,0.6643361405077419,-484.19855338743724,-266.8731760086217,1415.784901276651,8.37709093093872,0.20073254939012744,0.5643703803768616,0.6363782888012091,1.0880536129214802,0.8753327899627297,2,2652.57,532.4571385357704,2120.11286146423,757.4529524422998,2541.4172342327715,10.61225171818007,757.4529524422998,east_concentrated
123,0.45,bus14_ct10,14.0,0.1,True,False,0.4681022882939814,0.271772366422295,0.3349307693102048,0.9939336510211305,0.00606634897886948,48.9190259560131,0.669861538620411,-484.19855338743724,-267.5972079530934,1420.3667213073136,9.400932550430298,0.20073254939012744,0.5643703803768616,0.6363782888012091,1.0880536129214802,0.8753327899627297,2,2652.57,532.4571385357704,2120.11286146423,757.4529524422998,2541.4172342327715,10.61225171818007,757.4529524422998,east_concentrated
123,0.45,bus16_ct10,16.0,0.1,True,False,0.4719916866284072,0.271772366422295,0.3525032486443749,0.9919187650246637,0.008081234975336327,48.9190259560131,0.7050064972887493,-484.19855338743724,-267.1903489768207,1451.6939077590762,7.931342840194702,0.20073254939012744,0.5643703803768616,0.6363782888012091,1.0880536129214802,0.8753327899627297,2,2652.57,532.4571385357704,2120.11286146423,757.4529524422998,2541.4172342327715,10.61225171818007,757.4529524422998,east_concentrated
123,0.45,bus26_ct10,26.0,0.1,True,False,0.47049267362183966,0.271772366422295,0.34336755402284425,0.9950584076199245,0.004941592380075476,48.9190259560131,0.6867351080456863,-484.19855338743724,-269.02875415290254,1447.058013002053,8.798102140426636,0.20073254939012744,0.5643703803768616,0.6363782888012091,1.0880536129214802,0.8753327899627297,2,2652.57,532.4571385357704,2120.11286146423,757.4529524422998,2541.4172342327715,10.61225171818007,757.4529524422998,east_concentrated
123,0.45,bus20_ct15,20.0,0.15,True,False,0.47429217568305737,0.271772366422295,0.35362396988763933,1.0,-0.11238845313727272,48.9190259560131,0.7072479397752796,-484.19855338743724,-268.3436131737128,1429.425867656863,8.70833420753479,0.20073254939012744,0.5643703803768616,0.6363782888012091,1.0880536129214802,0.8753327899627297,2,2652.57,532.4571385357704,2120.11286146423,757.4529524422998,2541.4172342327715,10.61225171818007,757.4529524422998,east_concentrated
123,0.45,bus8_ct15,8.0,0.15,True,False,0.48033838961163244,0.271772366422295,0.3832488561524663,0.9945599694494734,0.005440030550526521,48.9190259560131,0.7664977123049321,-484.19855338743724,-266.1685744461372,1404.93521509155,7.897918462753296,0.20073254939012744,0.5643703803768616,0.6363782888012091,1.0880536129214802,0.8753327899627297,2,2652.57,532.4571385357704,2120.11286146423,757.4529524422998,2541.4172342327715,10.61225171818007,757.4529524422998,east_concentrated
123,0.45,bus4_ct25,4.0,0.25,True,False,0.5573458264994754,0.3351667902574881,0.5652594616391795,0.9937902638437459,0.006209736156254073,60.33002224634785,1.1305189232783563,-484.19855338743724,-260.9057761844633,1670.6398911525698,8.506820917129517,0.20073254939012744,0.5643703803768616,0.6363782888012091,1.0880536129214802,0.8753327899627297,2,2652.57,532.4571385357704,2120.11286146423,757.4529524422998,2541.4172342327715,10.61225171818007,757.4529524422998,east_concentrated
123,0.45,bus16_ct25,16.0,0.25,True,False,0.5805837989361685,0.4487580989831394,0.4327022516333905,0.9921167461450046,0.007883253854995442,80.77645781696509,0.8654045032667801,-484.19855338743724,-261.18889397664344,1719.873014688496,9.595868110656738,0.20073254939012744,0.5643703803768616,0.6363782888012091,1.0880536129214802,0.8753327899627297,2,2652.57,532.4571385357704,2120.11286146423,757.4529524422998,2541.4172342327715,10.61225171818007,757.4529524422998,east_concentrated
123,0.45,gen_trip_g4,,,True,False,0.23083070189408933,0.271772366422295,0.31420873862475673,0.06556933610701055,0.9344306638929895,48.9190259560131,0.6284174772495144,-484.19855338743724,-271.210226223922,1320.7905986207654,8.360120058059692,0.20073254939012744,0.5643703803768616,0.6363782888012091,1.0880536129214802,0.8753327899627297,2,2652.57,532.4571385357704,2120.11286146423,757.4529524422998,2541.4172342327715,10.61225171818007,757.4529524422998,east_concentrated
124,0.45,bus4_ct10,4.0,0.1,True,False,0.8529341230258983,1.0,0.4181039806659541,0.9936325114376391,0.006367488562360929,180.23678800262547,0.8362079613319096,184.5172899210163,-823.7733319672703,2052.611226490616,2.9153149127960205,0.9579237761689386,0.9694666622716133,0.4755685796824013,1.1267417464186185,0.9162954029396514,2,2652.57,2540.9598709524416,111.61012904755843,-1281.308362547445,1136.7917481621812,10.61225171818007,1281.308362547445,west_concentrated
124,0.45,bus14_ct10,14.0,0.1,True,False,0.8539483023552978,1.0,0.42180834142226686,0.9939848679989245,0.006015132001075541,180.1563188601778,0.8436166828445368,184.5172899210163,-881.9386690614544,2068.231293655163,2.6915016174316406,0.9579237761689386,0.9694666622716133,0.4755685796824013,1.1267417464186185,0.9162954029396514,2,2652.57,2540.9598709524416,111.61012904755843,-1281.308362547445,1136.7917481621812,10.61225171818007,1281.308362547445,west_concentrated
124,0.45,bus16_ct10,16.0,0.1,True,False,0.8342652348701042,1.0,0.34473956545232554,0.9923213740280911,0.007678625971908916,181.06936641877763,0.6894791309046489,184.5172899210163,-1400.269124461966,2244.544578365875,1.9592094421386719,0.9579237761689386,0.9694666622716133,0.4755685796824013,1.1267417464186185,0.9162954029396514,2,2652.57,2540.9598709524416,111.61012904755843,-1281.308362547445,1136.7917481621812,10.61225171818007,1281.308362547445,west_concentrated
124,0.45,bus26_ct10,26.0,0.1,True,False,0.8464619392917554,1.0,0.3908103682955826,0.9950373888714389,0.0049626111285610616,180.00714681730622,0.781620736591162,184.5172899210163,-935.1480719637337,2021.09077522146,2.7076897621154785,0.9579237761689386,0.9694666622716133,0.4755685796824013,1.1267417464186185,0.9162954029396514,2,2652.57,2540.9598709524416,111.61012904755843,-1281.308362547445,1136.7917481621812,10.61225171818007,1281.308362547445,west_concentrated
124,0.45,bus20_ct15,20.0,0.15,True,False,0.6111819574443969,0.5470180918848957,0.350691646007796,0.9999999999999998,1.7261495288201038e-16,98.46325653928122,0.7013832920155894,184.5172899210163,-353.540231092999,1636.831085591805,3.822338581085205,0.9579237761689386,0.9694666622716133,0.4755685796824013,1.1267417464186185,0.9162954029396514,2,2652.57,2540.9598709524416,111.61012904755843,-1281.308362547445,1136.7917481621812,10.61225171818007,1281.308362547445,west_concentrated
124,0.45,bus8_ct15,8.0,0.15,True,False,0.8702986562819759,1.0,0.486690846070978,0.9945037790569257,0.005496220943074315,181.0060197390414,0.9733816921419525,184.5172899210163,-859.7189925978766,2073.2949060668307,2.7261292934417725,0.9579237761689386,0.9694666622716133,0.4755685796824013,1.1267417464186185,0.9162954029396514,2,2652.57,2540.9598709524416,111.61012904755843,-1281.308362547445,1136.7917481621812,10.61225171818007,1281.308362547445,west_concentrated
124,0.45,bus4_ct25,4.0,0.25,True,False,0.8416605954663214,1.0,0.3721967211651567,0.994445660700129,0.005554339299871051,180.47167332727733,0.7443934423303133,184.5172899210163,-1091.7031625148604,2197.380020580004,1.8973443508148193,0.9579237761689386,0.9694666622716133,0.4755685796824013,1.1267417464186185,0.9162954029396514,2,2652.57,2540.9598709524416,111.61012904755843,-1281.308362547445,1136.7917481621812,10.61225171818007,1281.308362547445,west_concentrated
124,0.45,bus16_ct25,16.0,0.25,True,False,0.740022641055661,0.7420562592531155,0.48174697338585304,0.9942310723305601,0.005768927669439875,133.5701266655608,0.9634939467717052,184.5172899210163,76.06209620901183,1636.831085591805,3.1400914192199707,0.9579237761689386,0.9694666622716133,0.4755685796824013,1.1267417464186185,0.9162954029396514,2,2652.57,2540.9598709524416,111.61012904755843,-1281.308362547445,1136.7917481621812,10.61225171818007,1281.308362547445,west_concentrated
124,0.45,gen_trip_g4,,,True,False,0.7093155591567497,1.0,0.39225235653775314,0.4450098800892459,0.5549901199107541,180.55233242333202,0.7845047130755067,184.5172899210163,-1137.4799506492047,1977.298407043989,2.7079966068267822,0.9579237761689386,0.9694666622716133,0.4755685796824013,1.1267417464186185,0.9162954029396514,2,2652.57,2540.9598709524416,111.61012904755843,-1281.308362547445,1136.7917481621812,10.61225171818007,1281.308362547445,west_concentrated
125,0.45,bus4_ct10,4.0,0.1,True,False,0.5523047581741374,0.4412511234856714,0.33306483398026643,0.9936519517449403,0.006348048255059778,79.42520222742085,0.6661296679605355,-63.87782585261361,-256.02749253415556,1316.9029744178526,7.14426326751709,0.6467519623666133,0.4666751637910461,0.9960290863916095,1.023301860053175,1.0256284808112768,2,2652.57,1715.5548528148074,937.0151471851927,49.62552512071056,1727.3844953168955,10.61225171818007,49.62552512071056,balanced
125,0.45,bus14_ct10,14.0,0.1,True,False,0.553232917083121,0.4411347413798595,0.33671576599382647,0.9939464195789383,0.006053580421061701,79.4042534483747,0.673431531987656,-63.87782585261361,-254.96060695445968,1327.4192705092305,7.519996881484985,0.6467519623666133,0.4666751637910461,0.9960290863916095,1.023301860053175,1.0256284808112768,2,2652.57,1715.5548528148074,937.0151471851927,49.62552512071056,1727.3844953168955,10.61225171818007,49.62552512071056,balanced
125,0.45,bus16_ct10,16.0,0.1,True,False,0.5554695393869831,0.43746123870763437,0.35496413740078125,0.9919915427318822,0.008008457268117814,78.74302296737419,0.7099282748015612,-63.87782585261361,-254.3744752379555,1502.1552050705245,6.970491409301758,0.6467519623666133,0.4666751637910461,0.9960290863916095,1.023301860053175,1.0256284808112768,2,2652.57,1715.5548528148074,937.0151471851927,49.62552512071056,1727.3844953168955,10.61225171818007,49.62552512071056,balanced
125,0.45,bus26_ct10,26.0,0.1,True,False,0.5525459176892484,0.4415381939880873,0.3320586282996203,0.9950486544811987,0.004951345518801263,79.47687491785571,0.664117256599237,-63.87782585261361,-257.1615003911084,1322.9523764467683,7.463745594024658,0.6467519623666133,0.4666751637910461,0.9960290863916095,1.023301860053175,1.0256284808112768,2,2652.57,1715.5548528148074,937.0151471851927,49.62552512071056,1727.3844953168955,10.61225171818007,49.62552512071056,balanced
125,0.45,bus20_ct15,20.0,0.15,True,False,0.9137622996451089,1.0,0.6550491985804356,1.0,-0.12649571191947281,184.28267898668508,1.3100983971608748,-63.87782585261361,-412.25021176145145,1291.8003271385326,1.4329559803009033,0.6467519623666133,0.4666751637910461,0.9960290863916095,1.023301860053175,1.0256284808112768,2,2652.57,1715.5548528148074,937.0151471851927,49.62552512071056,1727.3844953168955,10.61225171818007,49.62552512071056,balanced
125,0.45,bus8_ct15,8.0,0.15,True,False,0.5582558503900293,0.4416540653021603,0.35518222283101153,0.994533048124785,0.0054669518752149615,79.49773175438885,0.710364445662024,-63.87782585261361,-253.7234591590273,1325.638502791189,7.463937282562256,0.6467519623666133,0.4666751637910461,0.9960290863916095,1.023301860053175,1.0256284808112768,2,2652.57,1715.5548528148074,937.0151471851927,49.62552512071056,1727.3844953168955,10.61225171818007,49.62552512071056,balanced
125,0.45,bus4_ct25,4.0,0.25,True,False,0.6298993682572755,0.49159599822632016,0.5425478612525403,0.9938576153239215,0.006142384676078573,88.48727968073763,1.0850957225050828,-63.87782585261361,-249.42588047706116,1810.1971973319157,7.1119160652160645,0.6467519623666133,0.4666751637910461,0.9960290863916095,1.023301860053175,1.0256284808112768,2,2652.57,1715.5548528148074,937.0151471851927,49.62552512071056,1727.3844953168955,10.61225171818007,49.62552512071056,balanced
125,0.45,bus16_ct25,16.0,0.25,True,False,0.681602894043885,0.63287291125326,0.46816402502574306,0.9925017286432771,0.007498271356722834,113.91712402558679,0.936328050051487,-63.87782585261361,-246.7293666539721,2329.9355625221274,7.426058053970337,0.6467519623666133,0.4666751637910461,0.9960290863916095,1.023301860053175,1.0256284808112768,2,2652.57,1715.5548528148074,937.0151471851927,49.62552512071056,1727.3844953168955,10.61225171818007,49.62552512071056,balanced
125,0.45,gen_trip_g4,,,True,False,0.32961475919376615,0.44705930308476594,0.30456883392287537,0.11977159668265724,0.8802284033173428,80.47067455525787,0.6091376678457494,-63.87782585261361,-259.6833950546767,1266.4113129915725,6.9877471923828125,0.6467519623666133,0.4666751637910461,0.9960290863916095,1.023301860053175,1.0256284808112768,2,2652.57,1715.5548528148074,937.0151471851927,49.62552512071056,1727.3844953168955,10.61225171818007,49.62552512071056,balanced
126,0.45,bus4_ct10,4.0,0.1,True,False,0.47663887220802903,0.26192862462609956,0.38895402061857,0.9937442189613471,0.006255781038652824,47.14715243269792,0.7779080412371364,-412.49677655710315,-105.57164458937568,1470.9912343511464,6.064947605133057,0.24219083396544897,0.9504354534755839,0.8109166237438059,0.9861252162096983,1.1271167189606974,2,2652.57,642.428140451731,2010.1418595482692,120.3832126049947,2155.305261464091,10.61225171818007,120.3832126049947,east_concentrated
126,0.45,bus14_ct10,14.0,0.1,True,False,0.4774124579406584,0.26192862462609956,0.39178590566913485,0.9940066768412996,0.005993323158700411,47.14715243269792,0.7835718113382728,-412.49677655710315,-104.70595688816132,1475.1496947105493,5.805759429931641,0.24219083396544897,0.9504354534755839,0.8109166237438059,0.9861252162096983,1.1271167189606974,2,2652.57,642.428140451731,2010.1418595482692,120.3832126049947,2155.305261464091,10.61225171818007,120.3832126049947,east_concentrated
126,0.45,bus16_ct10,16.0,0.1,True,False,0.4815645113084137,0.26192862462609956,0.4104521830746002,0.9919486129068557,0.00805138709314433,47.14715243269792,0.8209043661491977,-412.49677655710315,-103.89736087221866,1530.2543941983242,6.0572638511657715,0.24219083396544897,0.9504354534755839,0.8109166237438059,0.9861252162096983,1.1271167189606974,2,2652.57,642.428140451731,2010.1418595482692,120.3832126049947,2155.305261464091,10.61225171818007,120.3832126049947,east_concentrated
126,0.45,bus26_ct10,26.0,0.1,True,False,0.48154688841396376,0.2638034371968834,0.4034975393575131,0.9950831399045752,0.00491686009542477,47.48461869543901,0.8069950787150248,-412.49677655710315,-106.49031497240051,1528.9285182490341,5.804789304733276,0.24219083396544897,0.9504354534755839,0.8109166237438059,0.9861252162096983,1.1271167189606974,2,2652.57,642.428140451731,2010.1418595482692,120.3832126049947,2155.305261464091,10.61225171818007,120.3832126049947,east_concentrated
126,0.45,bus20_ct15,20.0,0.15,True,False,0.8748027255307989,1.0,0.4992109021231954,1.0,-0.14462671088423593,183.64433011214055,0.9984218042463944,-412.49677655710315,-802.6938710158092,1443.6626585733454,1.6892814636230469,0.24219083396544897,0.9504354534755839,0.8109166237438059,0.9861252162096983,1.1271167189606974,2,2652.57,642.428140451731,2010.1418595482692,120.3832126049947,2155.305261464091,10.61225171818007,120.3832126049947,east_concentrated
126,0.45,bus8_ct15,8.0,0.15,True,False,0.487060005215238,0.26192862462609956,0.4297584768327276,0.9946242947760253,0.005375705223974693,47.14715243269792,0.8595169536654534,-412.49677655710315,-105.06643037477028,1457.6501674730423,5.763442516326904,0.24219083396544897,0.9504354534755839,0.8109166237438059,0.9861252162096983,1.1271167189606974,2,2652.57,642.428140451731,2010.1418595482692,120.3832126049947,2155.305261464091,10.61225171818007,120.3832126049947,east_concentrated
126,0.45,bus4_ct25,4.0,0.25,True,False,0.5733625016979211,0.34717753683056285,0.6052151151333227,0.9938798179972361,0.006120182002763842,62.49195662950132,1.2104302302666459,-412.49677655710315,-101.61528686718242,1715.1086554673998,6.1145851612091064,0.24219083396544897,0.9504354534755839,0.8109166237438059,0.9861252162096983,1.1271167189606974,2,2652.57,642.428140451731,2010.1418595482692,120.3832126049947,2155.305261464091,10.61225171818007,120.3832126049947,east_concentrated
126,0.45,bus16_ct25,16.0,0.25,True,False,0.6174847023168523,0.4897878469588591,0.498207784379332,0.9921553309703589,0.007844669029641123,88.16181245259463,0.9964155687586618,-412.49677655710315,-100.75869654394612,1779.2212933268777,5.922866344451904,0.24219083396544897,0.9504354534755839,0.8109166237438059,0.9861252162096983,1.1271167189606974,2,2652.57,642.428140451731,2010.1418595482692,120.3832126049947,2155.305261464091,10.61225171818007,120.3832126049947,east_concentrated
126,0.45,gen_trip_g4,,,True,False,0.24454925415390671,0.2624019448003586,0.36894129307797385,0.08445183393693578,0.9155481660630642,47.232350064064555,0.7378825861559446,-412.49677655710315,-106.94158187358492,1398.7778906720946,5.8748955726623535,0.24219083396544897,0.9504354534755839,0.8109166237438059,0.9861252162096983,1.1271167189606974,2,2652.57,642.428140451731,2010.1418595482692,120.3832126049947,2155.305261464091,10.61225171818007,120.3832126049947,east_concentrated
127,0.45,bus4_ct10,4.0,0.1,True,False,0.5320741842872818,0.38674504053922343,0.36110383097721055,0.9937028250934699,0.0062971749065301764,69.61410729706022,0.7222076619544193,276.3789355351004,-76.50405871688831,1235.152300149132,4.484213352203369,0.5700022949381223,0.8248711602793573,0.7412288233937125,0.9533514914340797,1.1829483462137367,2,2652.57,1511.970987484015,1140.5990125159851,-621.3496782341376,1222.7946948910662,10.61225171818007,621.3496782341376,balanced
127,0.45,bus14_ct10,14.0,0.1,True,False,0.5328012079208149,0.3863686829823494,0.36448546884377464,0.9939819968747863,0.0060180031252137275,69.54636293682289,0.7289709376875497,276.3789355351004,-76.47800396860137,1238.3102763276263,4.661647796630859,0.5700022949381223,0.8248711602793573,0.7412288233937125,0.9533514914340797,1.1829483462137367,2,2652.57,1511.970987484015,1140.5990125159851,-621.3496782341376,1222.7946948910662,10.61225171818007,621.3496782341376,balanced
127,0.45,bus16_ct10,16.0,0.1,True,False,0.5351696750404819,0.38298611595852683,0.3827303382945324,0.9919761299503415,0.008023870049658544,68.93750087253483,0.7654606765890648,276.3789355351004,-75.94088128496125,1416.2545083642037,4.609964609146118,0.5700022949381223,0.8248711602793573,0.7412288233937125,0.9533514914340797,1.1829483462137367,2,2652.57,1511.970987484015,1140.5990125159851,-621.3496782341376,1222.7946948910662,10.61225171818007,621.3496782341376,balanced
127,0.45,bus26_ct10,26.0,0.1,True,False,0.5371422185715253,0.3948911623454076,0.3637211998333356,0.9950653497619502,0.00493465023804981,71.08040922217337,0.7274423996666735,276.3789355351004,-77.5281395910887,1258.068201705136,5.023639440536499,0.5700022949381223,0.8248711602793573,0.7412288233937125,0.9533514914340797,1.1829483462137367,2,2652.57,1511.970987484015,1140.5990125159851,-621.3496782341376,1222.7946948910662,10.61225171818007,621.3496782341376,balanced
127,0.45,bus20_ct15,20.0,0.15,True,False,0.9044838841676492,1.0,0.617935536670597,1.0,-0.125634014434665,180.4788333092392,1.2358710733411948,276.3789355351004,-454.75469944892484,1305.5135627318768,1.0556085109710693,0.5700022949381223,0.8248711602793573,0.7412288233937125,0.9533514914340797,1.1829483462137367,2,2652.57,1511.970987484015,1140.5990125159851,-621.3496782341376,1222.7946948910662,10.61225171818007,621.3496782341376,balanced
127,0.45,bus8_ct15,8.0,0.15,True,False,0.5345545388354443,0.38660170704042873,0.3704401969102591,0.994574544350661,0.005425455649339007,69.58830726727717,0.7408803938205177,276.3789355351004,-76.04966315753528,1216.9842201582144,4.695974111557007,0.5700022949381223,0.8248711602793573,0.7412288233937125,0.9533514914340797,1.1829483462137367,2,2652.57,1511.970987484015,1140.5990125159851,-621.3496782341376,1222.7946948910662,10.61225171818007,621.3496782341376,balanced
127,0.45,bus4_ct25,4.0,0.25,True,False,0.5994437232546739,0.4252451996324686,0.5534254796610085,0.9938590140927497,0.0061409859072503355,76.54413593384434,1.1068509593220188,276.3789355351004,-71.3013289452542,1651.1700094208443,4.564019680023193,0.5700022949381223,0.8248711602793573,0.7412288233937125,0.9533514914340797,1.1829483462137367,2,2652.57,1511.970987484015,1140.5990125159851,-621.3496782341376,1222.7946948910662,10.61225171818007,621.3496782341376,balanced
127,0.45,bus16_ct25,16.0,0.25,True,False,0.6517577944025885,0.5644159463269202,0.48585134470657465,0.9923479402499391,0.007652059750060837,101.59487033884564,0.9717026894131497,276.3789355351004,-68.59155767399993,2186.1506957127635,4.921224117279053,0.5700022949381223,0.8248711602793573,0.7412288233937125,0.9533514914340797,1.1829483462137367,2,2652.57,1511.970987484015,1140.5990125159851,-621.3496782341376,1222.7946948910662,10.61225171818007,621.3496782341376,balanced
127,0.45,gen_trip_g4,,,True,False,0.31447706477655163,0.40273973406253677,0.33444222127442913,0.11798656970670396,0.882013430293296,72.49315213125662,0.6688844425488583,276.3789355351004,-79.83804710122033,1196.3470891262423,4.193578004837036,0.5700022949381223,0.8248711602793573,0.7412288233937125,0.9533514914340797,1.1829483462137367,2,2652.57,1511.970987484015,1140.5990125159851,-621.3496782341376,1222.7946948910662,10.61225171818007,621.3496782341376,balanced
128,0.45,bus4_ct10,4.0,0.1,True,False,0.4809386470107414,0.30217846413399224,0.32578715164520844,0.9936105081297728,0.006389491870227153,54.392123544118604,0.6515743032904187,-169.2666548249474,-103.92163445336082,1170.2861044434762,5.988370418548584,0.4107814701011777,0.5600535525327659,0.6654957237131204,0.9133159703820953,1.0052890379385686,2,2652.57,1089.6266041462811,1562.943395853719,-112.85161760057713,1888.101484847045,10.61225171818007,112.85161760057713,balanced
128,0.45,bus14_ct10,14.0,0.1,True,False,0.4810568309374318,0.30100726153105484,0.3283263601200943,0.9938864405675232,0.0061135594324768505,54.18130707558987,0.6566527202401917,-169.2666548249474,-103.86910873460526,1174.9231615413335,5.791011571884155,0.4107814701011777,0.5600535525327659,0.6654957237131204,0.9133159703820953,1.0052890379385686,2,2652.57,1089.6266041462811,1562.943395853719,-112.85161760057713,1888.101484847045,10.61225171818007,112.85161760057713,balanced
128,0.45,bus16_ct10,16.0,0.1,True,False,0.48193357248260366,0.2969218357566628,0.3419942781041918,0.9918963403128972,0.008103659687102822,53.445930436199305,0.6839885562083836,-169.2666548249474,-104.11173637744004,1273.3025722274324,6.002051591873169,0.4107814701011777,0.5600535525327659,0.6654957237131204,0.9133159703820953,1.0052890379385686,2,2652.57,1089.6266041462811,1562.943395853719,-112.85161760057713,1888.101484847045,10.61225171818007,112.85161760057713,balanced
128,0.45,bus26_ct10,26.0,0.1,True,False,0.48460784627915854,0.3083901149188732,0.32664917704610374,0.995001978232784,0.004998021767215972,55.51022068539718,0.6532983540922066,-169.2666548249474,-103.3640163968062,1185.3453373395225,5.761612415313721,0.4107814701011777,0.5600535525327659,0.6654957237131204,0.9133159703820953,1.0052890379385686,2,2652.57,1089.6266041462811,1562.943395853719,-112.85161760057713,1888.101484847045,10.61225171818007,112.85161760057713,balanced
128,0.45,bus20_ct15,20.0,0.15,True,False,0.8927128238907844,1.0,0.5708512955631377,1.0,-0.1398999625798763,181.047486532935,1.141702591126279,-169.2666548249474,-611.2328678364838,1206.4008321006554,1.79758882522583,0.4107814701011777,0.5600535525327659,0.6654957237131204,0.9133159703820953,1.0052890379385686,2,2652.57,1089.6266041462811,1562.943395853719,-112.85161760057713,1888.101484847045,10.61225171818007,112.85161760057713,balanced
128,0.45,bus8_ct15,8.0,0.15,True,False,0.48216216520508676,0.30128984883708154,0.33158984181472917,0.9944791213314548,0.005520878668545251,54.232172790674674,0.6631796836294557,-169.2666548249474,-102.25133637535056,1175.6075220998705,5.821814298629761,0.4107814701011777,0.5600535525327659,0.6654957237131204,0.9133159703820953,1.0052890379385686,2,2652.57,1089.6266041462811,1562.943395853719,-112.85161760057713,1888.101484847045,10.61225171818007,112.85161760057713,balanced
128,0.45,bus4_ct25,4.0,0.25,True,False,0.5352406992435651,0.3385528511774458,0.47009933956574557,0.9937577550536231,0.00624224494637696,60.93951321194025,0.9401986791314898,-169.2666548249474,-99.45391370476418,1565.6035852437142,6.02789831161499,0.4107814701011777,0.5600535525327659,0.6654957237131204,0.9133159703820953,1.0052890379385686,2,2652.57,1089.6266041462811,1562.943395853719,-112.85161760057713,1888.101484847045,10.61225171818007,112.85161760057713,balanced
128,0.45,bus16_ct25,16.0,0.25,True,False,0.5709327972514227,0.43199398361859614,0.4275654614250115,0.9921777603434869,0.007822239656513047,77.75891705134731,0.8551309228500203,-169.2666548249474,-99.98022522527089,1975.295350791123,5.938661575317383,0.4107814701011777,0.5600535525327659,0.6654957237131204,0.9133159703820953,1.0052890379385686,2,2652.57,1089.6266041462811,1562.943395853719,-112.85161760057713,1888.101484847045,10.61225171818007,112.85161760057713,balanced
128,0.45,gen_trip_g4,,,True,False,0.25024617521849823,0.31330935738576765,0.3000691811917058,0.07429680491075186,0.9257031950892481,56.395684329438176,0.6001383623834111,-169.2666548249474,-104.86873027045576,1084.5389971120444,6.202659845352173,0.4107814701011777,0.5600535525327659,0.6654957237131204,0.9133159703820953,1.0052890379385686,2,2652.57,1089.6266041462811,1562.943395853719,-112.85161760057713,1888.101484847045,10.61225171818007,112.85161760057713,balanced
129,0.45,bus4_ct10,4.0,0.1,True,False,0.5004599177185098,0.3769696608181007,0.2541101121817029,0.9937902370561349,0.006209762943865148,67.85453894725812,0.5082202243634026,499.2804308819486,48.43080284036486,1180.4264828235869,4.9444520473480225,0.7091320419999853,0.5353123604884851,0.5002138746869552,1.116960499019374,0.9796918216543206,0,2652.57,1881.022380647901,771.5476193520992,-126.52524986214576,982.5351886193148,10.61225171818007,126.52524986214576,west_concentrated
129,0.45,bus14_ct10,14.0,0.1,True,False,0.5027590211147686,0.3768101646848048,0.26334930536949486,0.9940664497199699,0.005933550280030019,67.82582964326487,0.526698610738987,499.2804308819486,48.46701433525655,1189.6989041968257,5.005879163742065,0.7091320419999853,0.5353123604884851,0.5002138746869552,1.116960499019374,0.9796918216543206,0,2652.57,1881.022380647901,771.5476193520992,-126.52524986214576,982.5351886193148,10.61225171818007,126.52524986214576,west_concentrated
129,0.45,bus16_ct10,16.0,0.1,True,False,0.5072543756041726,0.37587757481876766,0.28520215331566234,0.9920601994634927,0.007939800536507379,67.65796346737818,0.5704043066313247,499.2804308819486,49.496458421980805,1365.057833254037,4.795717000961304,0.7091320419999853,0.5353123604884851,0.5002138746869552,1.116960499019374,0.9796918216543206,0,2652.57,1881.022380647901,771.5476193520992,-126.52524986214576,982.5351886193148,10.61225171818007,126.52524986214576,west_concentrated
129,0.45,bus26_ct10,26.0,0.1,True,False,0.5024736230928343,0.37894617267244524,0.2568714519992916,0.995130695027155,0.0048693049728449934,68.21031108104015,0.5137429039985819,499.2804308819486,46.97873747981181,1159.5751603958897,4.936416387557983,0.7091320419999853,0.5353123604884851,0.5002138746869552,1.116960499019374,0.9796918216543206,0,2652.57,1881.022380647901,771.5476193520992,-126.52524986214576,982.5351886193148,10.61225171818007,126.52524986214576,west_concentrated
129,0.45,bus20_ct15,20.0,0.15,True,False,0.9236378148695854,1.0,0.6945512594783416,1.0,-0.11543395076491102,180.20082681733817,1.3891025189566841,499.2804308819486,-169.79911181743054,1286.539997381782,1.4391429424285889,0.7091320419999853,0.5353123604884851,0.5002138746869552,1.116960499019374,0.9796918216543206,0,2652.57,1881.022380647901,771.5476193520992,-126.52524986214576,982.5351886193148,10.61225171818007,126.52524986214576,west_concentrated
129,0.45,bus8_ct15,8.0,0.15,True,False,0.5032221506666691,0.3771149928164946,0.2639428868414768,0.9947157301922105,0.005284269807789541,67.88069870696903,0.5278857736829501,499.2804308819486,48.96832801418719,1184.735300771666,5.183037996292114,0.7091320419999853,0.5353123604884851,0.5002138746869552,1.116960499019374,0.9796918216543206,0,2652.57,1881.022380647901,771.5476193520992,-126.52524986214576,982.5351886193148,10.61225171818007,126.52524986214576,west_concentrated
129,0.45,bus4_ct25,4.0,0.25,True,False,0.6249240274921353,0.5195380931023005,0.46673162506679944,0.9938882986971407,0.0061117013028593355,93.5168567584141,0.9334632501335971,499.2804308819486,55.165594010954955,1696.1253375663157,4.874937295913696,0.7091320419999853,0.5353123604884851,0.5002138746869552,1.116960499019374,0.9796918216543206,0,2652.57,1881.022380647901,771.5476193520992,-126.52524986214576,982.5351886193148,10.61225171818007,126.52524986214576,west_concentrated
129,0.45,bus16_ct25,16.0,0.25,True,False,0.6135000891650368,0.5404965359829982,0.3806507423811709,0.9923565423129803,0.007643457687019681,97.28937647693968,0.7613014847623445,499.2804308819486,59.23224964831595,2239.3794222771817,5.478326797485352,0.7091320419999853,0.5353123604884851,0.5002138746869552,1.116960499019374,0.9796918216543206,0,2652.57,1881.022380647901,771.5476193520992,-126.52524986214576,982.5351886193148,10.61225171818007,126.52524986214576,west_concentrated
129,0.45,gen_trip_g4,,,True,False,0.2651581118285397,0.3778109472089649,0.22394326051149704,0.08106729238473198,0.918932707615268,68.00597049761369,0.4478865210229954,499.2804308819486,44.250008064365005,1145.3884317965826,4.542393684387207,0.7091320419999853,0.5353123604884851,0.5002138746869552,1.116960499019374,0.9796918216543206,0,2652.57,1881.022380647901,771.5476193520992,-126.52524986214576,982.5351886193148,10.61225171818007,126.52524986214576,west_concentrated
130,0.45,bus4_ct10,4.0,0.1,True,False,0.5172059488734853,0.32684979508765316,0.4213830997721253,0.9937411055465092,0.00625889445349085,58.832963115777574,0.8427661995442515,-495.10612814528895,-293.614049268162,1452.7256462591092,5.649890899658203,0.3397867839068841,0.932565446217807,0.9434060589973565,1.0994169725831093,1.07718616107978,2,2652.57,901.3082293878837,1751.2617706121166,253.88073692772082,2309.664824585573,10.61225171818007,253.88073692772082,balanced
130,0.45,bus14_ct10,14.0,0.1,True,False,0.5179007149972601,0.3266376952750234,0.4243173679046528,0.994010101534341,0.005989898465658976,58.79478514950421,0.848634735809306,-495.10612814528895,-293.61950499615693,1455.1140879309978,5.37879753112793,0.3397867839068841,0.932565446217807,0.9434060589973565,1.0994169725831093,1.07718616107978,2,2652.57,901.3082293878837,1751.2617706121166,253.88073692772082,2309.664824585573,10.61225171818007,253.88073692772082,balanced
130,0.45,bus16_ct10,16.0,0.1,True,False,0.5204140190158459,0.32374015345475105,0.4422119556770099,0.9919638134768716,0.008036186523128408,58.273227621855185,0.884423911354022,-495.10612814528895,-293.3735625024766,1510.3369172384532,5.579684019088745,0.3397867839068841,0.932565446217807,0.9434060589973565,1.0994169725831093,1.07718616107978,2,2652.57,901.3082293878837,1751.2617706121166,253.88073692772082,2309.664824585573,10.61225171818007,253.88073692772082,balanced
130,0.45,bus26_ct10,26.0,0.1,True,False,0.5259046791753175,0.34019519327485404,0.42813893956813587,0.9950893905834257,0.004910609416574294,61.235134789473726,0.8562778791362735,-495.10612814528895,-293.6354870655544,1485.0353326741617,5.3515825271606445,0.3397867839068841,0.932565446217807,0.9434060589973565,1.0994169725831093,1.07718616107978,2,2652.57,901.3082293878837,1751.2617706121166,253.88073692772082,2309.664824585573,10.61225171818007,253.88073692772082,balanced
130,0.45,bus20_ct15,20.0,0.15,True,False,0.8770528433478768,1.0,0.5082113733915072,1.0,-0.13643623623020823,180.95379115746118,1.0164227467830145,-495.10612814528895,-761.3694508954051,1384.0552288385843,1.6196229457855225,0.3397867839068841,0.932565446217807,0.9434060589973565,1.0994169725831093,1.07718616107978,2,2652.57,901.3082293878837,1751.2617706121166,253.88073692772082,2309.664824585573,10.61225171818007,253.88073692772082,balanced
130,0.45,bus8_ct15,8.0,0.15,True,False,0.5168885448623013,0.3265537145907884,0.4198079891112556,0.994638761156373,0.0053612388436270935,58.779668626341916,0.8396159782225099,-495.10612814528895,-292.24657664624135,1434.8026971479558,5.317646026611328,0.3397867839068841,0.932565446217807,0.9434060589973565,1.0994169725831093,1.07718616107978,2,2652.57,901.3082293878837,1751.2617706121166,253.88073692772082,2309.664824585573,10.61225171818007,253.88073692772082,balanced
130,0.45,bus4_ct25,4.0,0.25,True,False,0.5571384574247678,0.3341299724339298,0.5664623113412368,0.9938315734899748,0.00616842651002524,60.14339503810736,1.132924622682474,-495.10612814528895,-288.79132520814454,1703.3222090701838,5.631521940231323,0.3397867839068841,0.932565446217807,0.9434060589973565,1.0994169725831093,1.07718616107978,2,2652.57,901.3082293878837,1751.2617706121166,253.88073692772082,2309.664824585573,10.61225171818007,253.88073692772082,balanced
130,0.45,bus16_ct25,16.0,0.25,True,False,0.622309475864716,0.4858974411801324,0.5252514892368545,0.9921915318617446,0.007808468138255424,87.46153941242383,1.0505029784737085,-495.10612814528895,-289.1485717946981,1994.6706730241774,5.499882459640503,0.3397867839068841,0.932565446217807,0.9434060589973565,1.0994169725831093,1.07718616107978,2,2652.57,901.3082293878837,1751.2617706121166,253.88073692772082,2309.664824585573,10.61225171818007,253.88073692772082,balanced
130,0.45,gen_trip_g4,,,True,False,0.30202358924029526,0.3508764836975065,0.39943671209589127,0.10690467747027677,0.8930953225297232,63.15776706555117,0.7988734241917839,-495.10612814528895,-294.68652517034184,1376.3320765646795,5.771230697631836,0.3397867839068841,0.932565446217807,0.9434060589973565,1.0994169725831093,1.07718616107978,2,2652.57,901.3082293878837,1751.2617706121166,253.88073692772082,2309.664824585573,10.61225171818007,253.88073692772082,balanced
131,0.45,bus4_ct10,4.0,0.1,True,False,0.5234859094256764,0.394134764716866,0.3118813266324665,0.9937927816365072,0.006207218363492765,70.94425764903588,0.6237626532649321,585.6653463702122,50.01970244001461,1191.1959134699423,4.684771537780762,0.7360741961914681,0.6187817813406378,0.7608745130442707,0.9959361313855993,1.1118597961533396,1,2652.57,1952.4883305916026,700.0816694083976,-986.2810977652773,459.97769929213837,10.61225171818007,986.2810977652773,west_concentrated
131,0.45,bus14_ct10,14.0,0.1,True,False,0.5246476013730835,0.3939148309339702,0.31670187409561024,0.9940588695287834,0.0059411304712165755,70.90466956811463,0.6334037481912236,585.6653463702122,50.05037763988451,1198.0625866612118,4.8944079875946045,0.7360741961914681,0.6187817813406378,0.7608745130442707,0.9959361313855993,1.1118597961533396,1,2652.57,1952.4883305916026,700.0816694083976,-986.2810977652773,459.97769929213837,10.61225171818007,986.2810977652773,west_concentrated
131,0.45,bus16_ct10,16.0,0.1,True,False,0.5282130620218703,0.39017111315657677,0.3404716399001977,0.9920383818741298,0.007961618125870205,70.23080036818382,0.6809432798003945,585.6653463702122,50.924828316974725,1323.8664821357495,4.460200786590576,0.7360741961914681,0.6187817813406378,0.7608745130442707,0.9959361313855993,1.1118597961533396,1,2652.57,1952.4883305916026,700.0816694083976,-986.2810977652773,459.97769929213837,10.61225171818007,986.2810977652773,west_concentrated
131,0.45,bus26_ct10,26.0,0.1,True,False,0.5256246144526051,0.3963794345870674,0.3146158700441255,0.9951237185921599,0.004876281407840094,71.34829822567214,0.6292317400882497,585.6653463702122,48.644266341070754,1196.3779110811372,4.952436685562134,0.7360741961914681,0.6187817813406378,0.7608745130442707,0.9959361313855993,1.1118597961533396,1,2652.57,1952.4883305916026,700.0816694083976,-986.2810977652773,459.97769929213837,10.61225171818007,986.2810977652773,west_concentrated
131,0.45,bus20_ct15,20.0,0.15,True,False,0.9147020265483672,1.0,0.6588081061934687,1.0,-0.12553891338867218,180.66862369307015,1.3176162123869384,585.6653463702122,-228.6960417383512,1333.0305907322668,1.692728042602539,0.7360741961914681,0.6187817813406378,0.7608745130442707,0.9959361313855993,1.1118597961533396,1,2652.57,1952.4883305916026,700.0816694083976,-986.2810977652773,459.97769929213837,10.61225171818007,986.2810977652773,west_concentrated
131,0.45,bus8_ct15,8.0,0.15,True,False,0.5237735994327114,0.39378712851260594,0.3128274261930457,0.994692714512588,0.005307285487412046,70.88168313226907,0.625654852386095,585.6653463702122,50.63537847724483,1200.6050078882454,4.982478141784668,0.7360741961914681,0.6187817813406378,0.7608745130442707,0.9959361313855993,1.1118597961533396,1,2652.57,1952.4883305916026,700.0816694083976,-986.2810977652773,459.97769929213837,10.61225171818007,986.2810977652773,west_concentrated
131,0.45,bus4_ct25,4.0,0.25,True,False,0.6223578477530822,0.49064835504523163,0.5142531739364387,0.9938815069854269,0.006118493014573166,88.31670390814169,1.0285063478728773,585.6653463702122,56.18641031263327,1625.2804770542289,4.698003768920898,0.7360741961914681,0.6187817813406378,0.7608745130442707,0.9959361313855993,1.1118597961533396,1,2652.57,1952.4883305916026,700.0816694083976,-986.2810977652773,459.97769929213837,10.61225171818007,986.2810977652773,west_concentrated
131,0.45,bus16_ct25,16.0,0.25,True,False,0.5925538379715207,0.4705559883060072,0.4367928475387757,0.992310527735293,0.00768947226470699,84.7000778950813,0.8735856950775478,585.6653463702122,59.380122484243664,2166.2387841725795,5.050158739089966,0.7360741961914681,0.6187817813406378,0.7608745130442707,0.9959361313855993,1.1118597961533396,1,2652.57,1952.4883305916026,700.0816694083976,-986.2810977652773,459.97769929213837,10.61225171818007,986.2810977652773,west_concentrated
131,0.45,gen_trip_g4,,,True,False,0.2951122763097538,0.3960859934603859,0.2868739141524017,0.10140320416584148,0.8985967958341585,71.29547882286947,0.5737478283048048,585.6653463702122,45.94665548332597,1182.477095027236,4.348470449447632,0.7360741961914681,0.6187817813406378,0.7608745130442707,0.9959361313855993,1.1118597961533396,1,2652.57,1952.4883305916026,700.0816694083976,-986.2810977652773,459.97769929213837,10.61225171818007,986.2810977652773,west_concentrated
132,0.45,bus4_ct10,4.0,0.1,True,False,0.5213990088740159,0.4255733357752422,0.24051575628871547,0.9939336076568634,0.006066392343136512,76.6032004395436,0.4810315125774278,483.9377684774006,99.86490229241369,1166.8036314487722,5.03723669052124,0.7727488034806089,0.4798587113645621,0.8344171484706007,1.188387282209664,0.9949895522489663,1,2652.57,2049.770293648559,602.7997063514413,-144.33373037495585,739.8790881651735,10.61225171818007,144.33373037495585,west_concentrated
132,0.45,bus14_ct10,14.0,0.1,True,False,0.5230415121734443,0.4255733357752422,0.24682586519201521,0.9941935119512776,0.005806488048722371,76.6032004395436,0.49365173038403265,483.9377684774006,99.91355811991684,1173.6755032890092,4.9909303188323975,0.7727488034806089,0.4798587113645621,0.8344171484706007,1.188387282209664,0.9949895522489663,1,2652.57,2049.770293648559,602.7997063514413,-144.33373037495585,739.8790881651735,10.61225171818007,144.33373037495585,west_concentrated
132,0.45,bus16_ct10,16.0,0.1,True,False,0.5297689611928398,0.4255733357752422,0.27578834915926365,0.9921408240616112,0.007859175938388778,76.6032004395436,0.5515766983185255,483.9377684774006,101.13310205842296,1291.3837755811055,5.193159103393555,0.7727488034806089,0.4798587113645621,0.8344171484706007,1.188387282209664,0.9949895522489663,1,2652.57,2049.770293648559,602.7997063514413,-144.33373037495585,739.8790881651735,10.61225171818007,144.33373037495585,west_concentrated
132,0.45,bus26_ct10,26.0,0.1,True,False,0.5226966852880672,0.4255733357752422,0.2444285283996237,0.9952115412021608,0.004788458797839213,76.6032004395436,0.48885705679925007,483.9377684774006,98.31840214204608,1122.5658112808928,4.890494108200073,0.7727488034806089,0.4798587113645621,0.8344171484706007,1.188387282209664,0.9949895522489663,1,2652.57,2049.770293648559,602.7997063514413,-144.33373037495585,739.8790881651735,10.61225171818007,144.33373037495585,west_concentrated
132,0.45,bus20_ct15,20.0,0.15,True,False,0.9273352949558236,1.0,0.7093411798232943,1.0,-0.12381451206419032,181.0552263292404,1.4186823596465903,483.9377684774006,-124.44825055884537,1260.3467035370031,1.6812751293182373,0.7727488034806089,0.4798587113645621,0.8344171484706007,1.188387282209664,0.9949895522489663,1,2652.57,2049.770293648559,602.7997063514413,-144.33373037495585,739.8790881651735,10.61225171818007,144.33373037495585,west_concentrated
132,0.45,bus8_ct15,8.0,0.15,True,False,0.5200690942156188,0.4255733357752422,0.2342333167283961,0.9948963885835945,0.005103611416405525,76.6032004395436,0.46846663345678996,483.9377684774006,100.47568160981758,1148.7238592235171,4.923851728439331,0.7727488034806089,0.4798587113645621,0.8344171484706007,1.188387282209664,0.9949895522489663,1,2652.57,2049.770293648559,602.7997063514413,-144.33373037495585,739.8790881651735,10.61225171818007,144.33373037495585,west_concentrated
132,0.45,bus4_ct25,4.0,0.25,True,False,0.6245661592657513,0.529281827611873,0.4457209656865153,0.9939800161527439,0.006019983847256051,95.27072897013714,0.8914419313730315,483.9377684774006,107.38085356514931,1612.460813874202,5.21329140663147,0.7727488034806089,0.4798587113645621,0.8344171484706007,1.188387282209664,0.9949895522489663,1,2652.57,2049.770293648559,602.7997063514413,-144.33373037495585,739.8790881651735,10.61225171818007,144.33373037495585,west_concentrated
132,0.45,bus16_ct25,16.0,0.25,True,False,0.6329497028932665,0.5933737687127583,0.35272871132105266,0.9923225628264968,0.007677437173503199,106.8072783682965,0.7054574226421062,483.9377684774006,111.74699713369435,2105.2093051050133,5.260361909866333,0.7727488034806089,0.4798587113645621,0.8344171484706007,1.188387282209664,0.9949895522489663,1,2652.57,2049.770293648559,602.7997063514413,-144.33373037495585,739.8790881651735,10.61225171818007,144.33373037495585,west_concentrated
132,0.45,gen_trip_g4,,,True,False,0.29589652401270666,0.4255733357752422,0.21263696483541494,0.1198024596649272,0.8801975403350728,76.6032004395436,0.425273929670833,483.9377684774006,95.33499850512888,1094.4997961450958,4.690453290939331,0.7727488034806089,0.4798587113645621,0.8344171484706007,1.188387282209664,0.9949895522489663,1,2652.57,2049.770293648559,602.7997063514413,-144.33373037495585,739.8790881651735,10.61225171818007,144.33373037495585,west_concentrated
133,0.45,bus4_ct10,4.0,0.1,True,False,0.8550766818439399,1.0,0.4266919038027055,0.9936148235730541,0.0063851764269459,180.75434494588546,0.8533838076054101,473.1163370305434,-516.8297346976425,2046.7232351304197,3.781751871109009,0.9888460931106492,0.9058321285433115,0.7322235384399121,0.8936971740688111,1.176381873894466,2,2652.57,2622.9834812025147,29.58651879748527,-1941.5221754988734,416.4083615375739,10.61225171818007,1941.5221754988734,west_concentrated
133,0.45,bus14_ct10,14.0,0.1,True,False,0.8565252638249433,1.0,0.43216333926964623,0.993937716030127,0.006062283969872939,180.42595507614894,0.8643266785392911,473.1163370305434,-499.8472839313746,2064.749966737439,3.8116161823272705,0.9888460931106492,0.9058321285433115,0.7322235384399121,0.8936971740688111,1.176381873894466,2,2652.57,2622.9834812025147,29.58651879748527,-1941.5221754988734,416.4083615375739,10.61225171818007,1941.5221754988734,west_concentrated
133,0.45,bus16_ct10,16.0,0.1,True,False,0.8322007185513747,1.0,0.3366426663169477,0.9921602078885507,0.007839792111449246,180.28737685240884,0.6732853326338928,473.1163370305434,-1143.7599840169762,2286.3809468090776,2.424776792526245,0.9888460931106492,0.9058321285433115,0.7322235384399121,0.8936971740688111,1.176381873894466,2,2652.57,2622.9834812025147,29.58651879748527,-1941.5221754988734,416.4083615375739,10.61225171818007,1941.5221754988734,west_concentrated
133,0.45,bus26_ct10,26.0,0.1,True,False,0.8469917388946782,1.0,0.3929589482758722,0.9950080073028404,0.004991992697159604,180.04770728354825,0.7859178965517466,473.1163370305434,-667.8486132017883,1996.0490093721137,3.8415093421936035,0.9888460931106492,0.9058321285433115,0.7322235384399121,0.8936971740688111,1.176381873894466,2,2652.57,2622.9834812025147,29.58651879748527,-1941.5221754988734,416.4083615375739,10.61225171818007,1941.5221754988734,west_concentrated
133,0.45,bus20_ct15,20.0,0.15,True,False,0.5952564634111764,0.5188414923283673,0.3433428689879712,1.0,-0.13093443426858262,93.3914686191061,0.6866857379759406,473.1163370305434,-180.73627548048336,1614.710519387875,3.6144649982452393,0.9888460931106492,0.9058321285433115,0.7322235384399121,0.8936971740688111,1.176381873894466,2,2652.57,2622.9834812025147,29.58651879748527,-1941.5221754988734,416.4083615375739,10.61225171818007,1941.5221754988734,west_concentrated
133,0.45,bus8_ct15,8.0,0.15,True,False,0.8731067113957993,1.0,0.4979362507254166,0.9944905948577809,0.005509405142219124,180.31507018824584,0.9958725014508318,473.1163370305434,-433.84400818918306,2075.25426400634,3.7875521183013916,0.9888460931106492,0.9058321285433115,0.7322235384399121,0.8936971740688111,1.176381873894466,2,2652.57,2622.9834812025147,29.58651879748527,-1941.5221754988734,416.4083615375739,10.61225171818007,1941.5221754988734,west_concentrated
133,0.45,bus4_ct25,4.0,0.25,True,False,0.8450174543413612,1.0,0.3856468895272478,0.9944229278381972,0.00557707216180279,182.18727947379128,0.7712937790544983,473.1163370305434,-926.3547866051568,2252.2435366706222,2.0208563804626465,0.9888460931106492,0.9058321285433115,0.7322235384399121,0.8936971740688111,1.176381873894466,2,2652.57,2622.9834812025147,29.58651879748527,-1941.5221754988734,416.4083615375739,10.61225171818007,1941.5221754988734,west_concentrated
133,0.45,bus16_ct25,16.0,0.25,True,False,0.9131261630893741,1.0,0.6525046523574964,1.0,-9.861083951494207e-11,182.17349173125788,1.3050093047149947,473.1163370305434,46.99224730423596,1614.710519387875,2.497802257537842,0.9888460931106492,0.9058321285433115,0.7322235384399121,0.8936971740688111,1.176381873894466,2,2652.57,2622.9834812025147,29.58651879748527,-1941.5221754988734,416.4083615375739,10.61225171818007,1941.5221754988734,west_concentrated
133,0.45,gen_trip_g4,,,True,False,0.713042358787132,1.0,0.38693563959783006,0.46523379555069777,0.5347662044493022,180.87354460389,0.7738712791956592,473.1163370305434,-887.1515485047491,1987.5797993456843,4.162695646286011,0.9888460931106492,0.9058321285433115,0.7322235384399121,0.8936971740688111,1.176381873894466,2,2652.57,2622.9834812025147,29.58651879748527,-1941.5221754988734,416.4083615375739,10.61225171818007,1941.5221754988734,west_concentrated
134,0.45,bus4_ct10,4.0,0.1,True,False,0.5294100449088379,0.4805493096141842,0.16234969320124648,0.994191867205737,0.005808132794262949,86.49887573055315,0.32469938640249607,888.8371419317526,552.6560290751986,1148.784459394687,5.901413917541504,0.6759525583862621,0.4940998379126168,0.4277551251583119,1.107341300385405,1.1503082362265227,1,2652.57,1793.0114777986473,859.5585222013527,-306.6557889193946,193.1340454810752,10.61225171818007,306.6557889193946,balanced
134,0.45,bus14_ct10,14.0,0.1,True,False,0.5310212795530791,0.4805493096141842,0.16856958033619662,0.9944169186477516,0.005583081352248389,86.49887573055315,0.337139160672395,888.8371419317526,552.6285691148249,1163.7851436301778,5.57884407043457,0.6759525583862621,0.4940998379126168,0.4277551251583119,1.107341300385405,1.1503082362265227,1,2652.57,1793.0114777986473,859.5585222013527,-306.6557889193946,193.1340454810752,10.61225171818007,306.6557889193946,balanced
134,0.45,bus16_ct10,16.0,0.1,True,False,0.5416569312410602,0.48622658094118426,0.20193052549623047,0.9922440375856418,0.007755962414358135,87.52078456941317,0.4038610509924623,888.8371419317526,553.8940073287373,1132.648586489642,5.817155599594116,0.6759525583862621,0.4940998379126168,0.4277551251583119,1.107341300385405,1.1503082362265227,1,2652.57,1793.0114777986473,859.5585222013527,-306.6557889193946,193.1340454810752,10.61225171818007,306.6557889193946,balanced
134,0.45,bus26_ct10,26.0,0.1,True,False,0.5308495238921058,0.4805493096141842,0.16697148875176282,0.9953279875882922,0.004672012411707773,86.49887573055315,0.3339429775035252,888.8371419317526,550.6595064914395,1081.42228872541,5.426590204238892,0.6759525583862621,0.4940998379126168,0.4277551251583119,1.107341300385405,1.1503082362265227,1,2652.57,1793.0114777986473,859.5585222013527,-306.6557889193946,193.1340454810752,10.61225171818007,306.6557889193946,balanced
134,0.45,bus20_ct15,20.0,0.15,True,False,0.9389615200777675,1.0,0.7558460803110698,1.0,-0.08764851351029446,180.46675341427388,1.5116921606221378,888.8371419317526,44.962569845831055,1233.0010003893901,1.6432104110717773,0.6759525583862621,0.4940998379126168,0.4277551251583119,1.107341300385405,1.1503082362265227,1,2652.57,1793.0114777986473,859.5585222013527,-306.6557889193946,193.1340454810752,10.61225171818007,306.6557889193946,balanced
134,0.45,bus8_ct15,8.0,0.15,True,True,0.5191749394733807,0.4805493096141842,0.12042391271724995,0.9951772259479043,0.004822774052095743,86.49887573055315,0.24084782543449812,888.8371419317526,387.97551604701243,1031.8570311714604,3.4995715618133545,0.6759525583862621,0.4940998379126168,0.4277551251583119,1.107341300385405,1.1503082362265227,1,2652.57,1793.0114777986473,859.5585222013527,-306.6557889193946,193.1340454810752,10.61225171818007,306.6557889193946,balanced
134,0.45,bus4_ct25,4.0,0.25,True,False,0.6207660064175767,0.5561722729198315,0.37649740718028823,0.9942220726503556,0.005777927349644422,100.11100912556968,0.7529948143605791,888.8371419317526,561.5668600066597,1486.6179071652266,5.761131286621094,0.6759525583862621,0.4940998379126168,0.4277551251583119,1.107341300385405,1.1503082362265227,1,2652.57,1793.0114777986473,859.5585222013527,-306.6557889193946,193.1340454810752,10.61225171818007,306.6557889193946,balanced
134,0.45,bus16_ct25,16.0,0.25,True,False,0.6624117422338766,0.6729389418616006,0.3115250476266631,0.9922440375856418,0.007755962414358135,121.12900953508812,0.6230500952533236,888.8371419317526,565.90475308511,1617.470051741145,6.003535509109497,0.6759525583862621,0.4940998379126168,0.4277551251583119,1.107341300385405,1.1503082362265227,1,2652.57,1793.0114777986473,859.5585222013527,-306.6557889193946,193.1340454810752,10.61225171818007,306.6557889193946,balanced
134,0.45,gen_trip_g4,,,True,False,0.3161643168909011,0.4805493096141842,0.14789751619858293,0.1556611321366529,0.8443388678633471,86.49887573055315,0.29579503239716365,888.8371419317526,547.3716553356924,1031.8570311714604,5.288460969924927,0.6759525583862621,0.4940998379126168,0.4277551251583119,1.107341300385405,1.1503082362265227,1,2652.57,1793.0114777986473,859.5585222013527,-306.6557889193946,193.1340454810752,10.61225171818007,306.6557889193946,balanced
135,0.45,bus4_ct10,4.0,0.1,True,False,0.5316072112007371,0.3603095920190934,0.4121853367907917,0.9936243239739699,0.0063756760260300725,64.85572656343682,0.8243706735815848,-343.5638693920279,-182.67992378894434,1447.2519025667473,6.397564649581909,0.31376596244640526,0.9252357726677096,0.8058131581623138,0.8109739760345617,1.165442237101664,0,2652.57,832.2861790064612,1820.2838209935387,-871.2564307948253,1571.35216846426,10.61225171818007,871.2564307948253,balanced
135,0.45,bus14_ct10,14.0,0.1,True,False,0.5320439722240774,0.36030928835234327,0.41366329124684853,0.9938940209447744,0.006105979055225537,64.8556719034218,0.8273265824936971,-343.5638693920279,-183.86397752889138,1447.591611706645,6.720836639404297,0.31376596244640526,0.9252357726677096,0.8058131581623138,0.8109739760345617,1.165442237101664,0,2652.57,832.2861790064612,1820.2838209935387,-871.2564307948253,1571.35216846426,10.61225171818007,871.2564307948253,balanced
135,0.45,bus16_ct10,16.0,0.1,True,False,0.5280816244659693,0.34627679241163395,0.42788900451296996,0.9918839085276393,0.00811609147236065,62.32982263409411,0.8557780090259426,-343.5638693920279,-184.2290077625948,1505.2740577949423,5.36797833442688,0.31376596244640526,0.9252357726677096,0.8058131581623138,0.8109739760345617,1.165442237101664,0,2652.57,832.2861790064612,1820.2838209935387,-871.2564307948253,1571.35216846426,10.61225171818007,871.2564307948253,balanced
135,0.45,bus26_ct10,26.0,0.1,True,False,0.5409526548343162,0.3733719631516474,0.4220564013394501,0.9950102916945196,0.004989708305480452,67.20695336729653,0.844112802678898,-343.5638693920279,-184.67803417576877,1506.284462842954,5.771969318389893,0.31376596244640526,0.9252357726677096,0.8058131581623138,0.8109739760345617,1.165442237101664,0,2652.57,832.2861790064612,1820.2838209935387,-871.2564307948253,1571.35216846426,10.61225171818007,871.2564307948253,balanced
135,0.45,bus20_ct15,20.0,0.15,True,False,0.8670265470071117,1.0,0.4681061880284467,1.0,-0.14414422161537627,188.54613405668167,0.9362123760568908,-343.5638693920279,-591.5201805099446,1330.0148403860655,1.2347028255462646,0.31376596244640526,0.9252357726677096,0.8058131581623138,0.8109739760345617,1.165442237101664,0,2652.57,832.2861790064612,1820.2838209935387,-871.2564307948253,1571.35216846426,10.61225171818007,871.2564307948253,balanced
135,0.45,bus8_ct15,8.0,0.15,True,False,0.5390432112218754,0.34955363858576616,0.4625963344375279,0.9944692332784412,0.00553076672155878,62.919654945437905,0.9251926688750589,-343.5638693920279,-182.15041362834233,1437.5729216376403,6.622059106826782,0.31376596244640526,0.9252357726677096,0.8058131581623138,0.8109739760345617,1.165442237101664,0,2652.57,832.2861790064612,1820.2838209935387,-871.2564307948253,1571.35216846426,10.61225171818007,871.2564307948253,balanced
135,0.45,bus4_ct25,4.0,0.25,True,False,0.6138503276627253,0.42975281751845534,0.6020289880438341,0.9938666875701566,0.006133312429843408,77.35550715332197,1.2040579760876713,-343.5638693920279,-179.90525648967434,1682.3880731350703,6.44979453086853,0.31376596244640526,0.9252357726677096,0.8058131581623138,0.8109739760345617,1.165442237101664,0,2652.57,832.2861790064612,1820.2838209935387,-871.2564307948253,1571.35216846426,10.61225171818007,871.2564307948253,balanced
135,0.45,bus16_ct25,16.0,0.25,True,False,0.6869188170739772,0.6193251056501584,0.5167785669093412,0.9922464900862508,0.007753509913749203,111.47851901702852,1.0335571338186855,-343.5638693920279,-180.31007738580095,1914.5257166635831,6.8098838329315186,0.31376596244640526,0.9252357726677096,0.8058131581623138,0.8109739760345617,1.165442237101664,0,2652.57,832.2861790064612,1820.2838209935387,-871.2564307948253,1571.35216846426,10.61225171818007,871.2564307948253,balanced
135,0.45,gen_trip_g4,,,True,False,0.30839290359247984,0.37772238993009993,0.38191195692158075,0.09621487758813874,0.9037851224118613,67.99003018741799,0.7638239138431602,-343.5638693920279,-184.96379625350204,1364.7723642083647,5.120885372161865,0.31376596244640526,0.9252357726677096,0.8058131581623138,0.8109739760345617,1.165442237101664,0,2652.57,832.2861790064612,1820.2838209935387,-871.2564307948253,1571.35216846426,10.61225171818007,871.2564307948253,balanced
136,0.45,bus4_ct10,4.0,0.1,True,False,0.47490539994019426,0.3068333778656753,0.2923684031909204,0.993586440838506,0.006413559161494049,55.23000801582156,0.5847368063818426,25.266639576221664,-222.18484903644196,1107.161671617525,6.865382432937622,0.3855195107764526,0.7344064762985634,0.3900092500283834,1.052414804701648,0.8328053704404906,2,2652.57,1022.6174887002949,1629.952511299705,192.60978700521684,1940.5751302170188,10.61225171818007,192.60978700521684,balanced
136,0.45,bus14_ct10,14.0,0.1,True,False,0.47558828176320866,0.306439223681205,0.2956058692284742,0.9938688104619505,0.006131189538049495,55.159060262616904,0.5912117384569493,25.266639576221664,-221.6586517263791,1113.0530714210715,6.991051912307739,0.3855195107764526,0.7344064762985634,0.3900092500283834,1.052414804701648,0.8328053704404906,2,2652.57,1022.6174887002949,1629.952511299705,192.60978700521684,1940.5751302170188,10.61225171818007,192.60978700521684,balanced
136,0.45,bus16_ct10,16.0,0.1,True,False,0.47788245799866347,0.3030819963578324,0.31346154637933665,0.9919042928996523,0.008095707100347663,54.55475934440983,0.6269230927586755,25.266639576221664,-221.9322242325029,1240.6370198194056,7.019695281982422,0.3855195107764526,0.7344064762985634,0.3900092500283834,1.052414804701648,0.8328053704404906,2,2652.57,1022.6174887002949,1629.952511299705,192.60978700521684,1940.5751302170188,10.61225171818007,192.60978700521684,balanced
136,0.45,bus26_ct10,26.0,0.1,True,False,0.4772535169578417,0.3082690659528584,0.2974682778894575,0.9950076580361925,0.004992341963807435,55.488431871514514,0.5949365557789177,25.266639576221664,-221.57618298531185,1144.3441564085358,6.788918733596802,0.3855195107764526,0.7344064762985634,0.3900092500283834,1.052414804701648,0.8328053704404906,2,2652.57,1022.6174887002949,1629.952511299705,192.60978700521684,1940.5751302170188,10.61225171818007,192.60978700521684,balanced
136,0.45,bus20_ct15,20.0,0.15,True,False,0.4878934016297069,0.30653906405180453,0.33849547841521854,1.0,-1.1629279769952425,55.177031529324815,0.6769909568304389,25.266639576221664,-182.64400816869937,1298.0179508533474,11.954899311065674,0.3855195107764526,0.7344064762985634,0.3900092500283834,1.052414804701648,0.8328053704404906,2,2652.57,1022.6174887002949,1629.952511299705,192.60978700521684,1940.5751302170188,10.61225171818007,192.60978700521684,balanced
136,0.45,bus8_ct15,8.0,0.15,True,False,0.47715515173716216,0.306885152828431,0.30037031914611845,0.9944799821456681,0.005520017854331842,55.23932750911758,0.6007406382922365,25.266639576221664,-221.90460862245845,1103.4625719543562,6.765709161758423,0.3855195107764526,0.7344064762985634,0.3900092500283834,1.052414804701648,0.8328053704404906,2,2652.57,1022.6174887002949,1629.952511299705,192.60978700521684,1940.5751302170188,10.61225171818007,192.60978700521684,balanced
136,0.45,bus4_ct25,4.0,0.25,True,False,0.5082161260329483,0.30722343511145916,0.4247354141332913,0.9936822197755835,0.006317780224416554,55.30021832006265,0.8494708282665808,25.266639576221664,-216.64068119570408,1533.173040111918,7.034830331802368,0.3855195107764526,0.7344064762985634,0.3900092500283834,1.052414804701648,0.8328053704404906,2,2652.57,1022.6174887002949,1629.952511299705,192.60978700521684,1940.5751302170188,10.61225171818007,192.60978700521684,balanced
136,0.45,bus16_ct25,16.0,0.25,True,False,0.5424485498138414,0.3916813298426666,0.39428905852478735,0.9921424810452448,0.007857518954755163,70.50263937167999,0.788578117049572,25.266639576221664,-215.3395143650108,1917.8228968446542,7.546158075332642,0.3855195107764526,0.7344064762985634,0.3900092500283834,1.052414804701648,0.8328053704404906,2,2652.57,1022.6174887002949,1629.952511299705,192.60978700521684,1940.5751302170188,10.61225171818007,192.60978700521684,balanced
136,0.45,gen_trip_g4,,,True,False,0.23672422970209014,0.30635899338725014,0.26779034832521376,0.06638858370864653,0.9336114162913535,55.14461880970502,0.5355806966504262,25.266639576221664,-224.30243269995805,1017.8650044030677,6.781152009963989,0.3855195107764526,0.7344064762985634,0.3900092500283834,1.052414804701648,0.8328053704404906,2,2652.57,1022.6174887002949,1629.952511299705,192.60978700521684,1940.5751302170188,10.61225171818007,192.60978700521684,balanced
137,0.45,bus4_ct10,4.0,0.1,True,False,0.6145126017441815,0.48268565147224135,0.49906047837645673,0.993618625655787,0.006381374344213004,86.88341726500344,0.9981209567529103,-1388.4218226171938,-536.8187652100097,1976.1243235950665,24.03254795074463,0.03539755077718161,0.3411276844727906,0.9810222243800519,0.9658419259782939,1.149583858261381,0,2652.57,93.89448126502863,2558.6755187349713,363.59089155965336,2656.6699083217663,10.61225171818007,363.59089155965336,east_concentrated
137,0.45,bus14_ct10,14.0,0.1,True,False,0.611293879026027,0.482662811269948,0.48595091080916575,0.9938989827550465,0.006101017244953534,86.87930602859063,0.9719018216183284,-1388.4218226171938,-536.3014460247903,1975.7132046950244,25.809118032455444,0.03539755077718161,0.3411276844727906,0.9810222243800519,0.9658419259782939,1.149583858261381,0,2652.57,93.89448126502863,2558.6755187349713,363.59089155965336,2656.6699083217663,10.61225171818007,363.59089155965336,east_concentrated
137,0.45,bus16_ct10,16.0,0.1,True,False,0.6083958862175778,0.47055897919924833,0.5005747666205451,0.9918908198512691,0.008109180148730879,84.7006162558647,1.0011495332410925,-1388.4218226171938,-537.2384384466804,1990.2695974218786,20.709874391555786,0.03539755077718161,0.3411276844727906,0.9810222243800519,0.9658419259782939,1.149583858261381,0,2652.57,93.89448126502863,2558.6755187349713,363.59089155965336,2656.6699083217663,10.61225171818007,363.59089155965336,east_concentrated
137,0.45,bus26_ct10,26.0,0.1,True,False,0.6256048336539314,0.4993032221158501,0.508760641162759,0.9950522492212663,0.004947750778733687,89.87457998085301,1.0175212823255197,-1388.4218226171938,-537.8794085641875,2019.5920747524538,23.033432960510254,0.03539755077718161,0.3411276844727906,0.9810222243800519,0.9658419259782939,1.149583858261381,0,2652.57,93.89448126502863,2558.6755187349713,363.59089155965336,2656.6699083217663,10.61225171818007,363.59089155965336,east_concentrated
137,0.45,bus20_ct15,20.0,0.15,True,False,0.6149513987883083,0.4834703163481156,0.49286496245700206,1.0,-0.15191020785076628,87.02465694266081,0.9857299249140028,-1388.4218226171938,-537.8657907395329,1971.8232141748954,25.058003902435303,0.03539755077718161,0.3411276844727906,0.9810222243800519,0.9658419259782939,1.149583858261381,0,2652.57,93.89448126502863,2558.6755187349713,363.59089155965336,2656.6699083217663,10.61225171818007,363.59089155965336,east_concentrated
137,0.45,bus8_ct15,8.0,0.15,True,False,0.6388427603728636,0.4763030112745187,0.608245801639665,0.994519217302752,0.005480782697248075,85.73454202941336,1.2164916032793305,-1388.4218226171938,-536.4424888351356,1972.1236679950691,23.53176522254944,0.03539755077718161,0.3411276844727906,0.9810222243800519,0.9658419259782939,1.149583858261381,0,2652.57,93.89448126502863,2558.6755187349713,363.59089155965336,2656.6699083217663,10.61225171818007,363.59089155965336,east_concentrated
137,0.45,bus4_ct25,4.0,0.25,True,False,0.7845072909398212,0.6761890127167459,0.7915500642407451,0.9941010740850478,0.005898925914952269,121.71402228901427,1.5831001284814916,-1388.4218226171938,-532.8091451292396,2123.7066177612605,23.609792470932007,0.03539755077718161,0.3411276844727906,0.9810222243800519,0.9658419259782939,1.149583858261381,0,2652.57,93.89448126502863,2558.6755187349713,363.59089155965336,2656.6699083217663,10.61225171818007,363.59089155965336,east_concentrated
137,0.45,bus16_ct25,16.0,0.25,True,False,0.8239713061002781,0.8713586124975589,0.560663259542288,0.9925047398637071,0.007495260136292859,156.8445502495606,1.1213265190845734,-1388.4218226171938,-532.3900466723277,2118.9726964935962,22.912177085876465,0.03539755077718161,0.3411276844727906,0.9810222243800519,0.9658419259782939,1.149583858261381,0,2652.57,93.89448126502863,2558.6755187349713,363.59089155965336,2656.6699083217663,10.61225171818007,363.59089155965336,east_concentrated
137,0.45,gen_trip_g4,,,True,False,0.396075709650233,0.506904298550494,0.4612490603719799,0.109245181127964,0.890754818872036,91.24277373908892,0.9224981207439575,-1388.4218226171938,-539.5053221765636,1940.1172983900126,21.902793407440186,0.03539755077718161,0.3411276844727906,0.9810222243800519,0.9658419259782939,1.149583858261381,0,2652.57,93.89448126502863,2558.6755187349713,363.59089155965336,2656.6699083217663,10.61225171818007,363.59089155965336,east_concentrated
138,0.45,bus4_ct10,4.0,0.1,True,False,0.47559875983203825,0.3165898856546338,0.2754458730502769,0.9937693949686084,0.006230605031391611,56.98617941783409,0.5508917461005547,182.6346123747113,304.49529955795293,1530.2493588795944,16.204365730285645,0.07138689527834882,0.7181904480648553,0.35971621998689,0.8682940703146311,1.100748798816232,2,2652.57,189.35873680848974,2463.21126319151,216.9717415358521,1481.1534765601846,10.61225171818007,216.9717415358521,east_concentrated
138,0.45,bus14_ct10,14.0,0.1,True,False,0.47423997329373996,0.3165898856546338,0.26975549643414,0.9940246254315522,0.005975374568447726,56.98617941783409,0.5395109928682795,182.6346123747113,303.7820853306015,1538.8130843553774,15.718492269515991,0.07138689527834882,0.7181904480648553,0.35971621998689,0.8682940703146311,1.100748798816232,2,2652.57,189.35873680848974,2463.21126319151,216.9717415358521,1481.1534765601846,10.61225171818007,216.9717415358521,east_concentrated
138,0.45,bus16_ct10,16.0,0.1,True,False,0.46759350908040404,0.3165898856546338,0.2452345997622949,0.9919596652500536,0.008040334749946367,56.98617941783409,0.49046919952459245,182.6346123747113,304.78675715369826,1540.933771504261,16.373482942581177,0.07138689527834882,0.7181904480648553,0.35971621998689,0.8682940703146311,1.100748798816232,2,2652.57,189.35873680848974,2463.21126319151,216.9717415358521,1481.1534765601846,10.61225171818007,216.9717415358521,east_concentrated
138,0.45,bus26_ct10,26.0,0.1,True,False,0.4688124669596369,0.3165898856546338,0.24698409943902888,0.9950859970902511,0.004914002909748818,56.98617941783409,0.49396819887805643,182.6346123747113,303.52832923065347,1603.9616330665947,15.693467855453491,0.07138689527834882,0.7181904480648553,0.35971621998689,0.8682940703146311,1.100748798816232,2,2652.57,189.35873680848974,2463.21126319151,216.9717415358521,1481.1534765601846,10.61225171818007,216.9717415358521,east_concentrated
138,0.45,bus20_ct15,20.0,0.15,True,True,0.44286490261451805,0.3165898856546338,0.13827983914880448,1.0,-0.09632622727948102,56.98617941783409,0.27655967829760986,182.6346123747113,300.41712895312855,1376.3517152184334,3.0498554706573486,0.07138689527834882,0.7181904480648553,0.35971621998689,0.8682940703146311,1.100748798816232,2,2652.57,189.35873680848974,2463.21126319151,216.9717415358521,1481.1534765601846,10.61225171818007,216.9717415358521,east_concentrated
138,0.45,bus8_ct15,8.0,0.15,True,False,0.4895036092293292,0.3165898856546338,0.33017733580809505,0.994657329799954,0.0053426702000459675,56.98617941783409,0.6603546716161901,182.6346123747113,302.95624918473914,1508.0014365581433,16.999659776687622,0.07138689527834882,0.7181904480648553,0.35971621998689,0.8682940703146311,1.100748798816232,2,2652.57,189.35873680848974,2463.21126319151,216.9717415358521,1481.1534765601846,10.61225171818007,216.9717415358521,east_concentrated
138,0.45,bus4_ct25,4.0,0.25,True,False,0.6234358129137078,0.47633630116423886,0.5470500502721798,0.9940205990541735,0.005979400945826513,85.740534209563,1.0941001005443596,182.6346123747113,308.23762297673846,1796.8811409523682,16.06664276123047,0.07138689527834882,0.7181904480648553,0.35971621998689,0.8682940703146311,1.100748798816232,2,2652.57,189.35873680848974,2463.21126319151,216.9717415358521,1481.1534765601846,10.61225171818007,216.9717415358521,east_concentrated
138,0.45,bus16_ct25,16.0,0.25,True,False,0.5907144698999534,0.4888754779869654,0.39288316171484183,0.9922237619110409,0.0077762380889590844,87.99758603765378,0.7857663234296863,182.6346123747113,312.09480991381474,1846.575173840056,15.624842882156372,0.07138689527834882,0.7181904480648553,0.35971621998689,0.8682940703146311,1.100748798816232,2,2652.57,189.35873680848974,2463.21126319151,216.9717415358521,1481.1534765601846,10.61225171818007,216.9717415358521,east_concentrated
138,0.45,gen_trip_g4,,,True,False,0.21875395609657822,0.3165898856546338,0.20245049645556534,0.03938555662147991,0.9606144433785201,56.98617941783409,0.404900992911128,182.6346123747113,300.44899475836513,1421.8148763001702,16.05656123161316,0.07138689527834882,0.7181904480648553,0.35971621998689,0.8682940703146311,1.100748798816232,2,2652.57,189.35873680848974,2463.21126319151,216.9717415358521,1481.1534765601846,10.61225171818007,216.9717415358521,east_concentrated
139,0.45,bus4_ct10,4.0,0.1,True,False,0.5256397256386892,0.3730618513899138,0.36275627176683045,0.9936789280080989,0.006321071991901164,67.15113325018449,0.7255125435336618,293.15368855985406,-252.02182901174234,1256.5086361443177,4.626708984375,0.5852271127129646,0.8771009322569803,0.5807252137682747,1.065176965630571,0.9821726477274971,1,2652.57,1552.3558823690284,1100.2141176309717,-917.565085877611,909.7667348219802,10.61225171818007,917.565085877611,balanced
139,0.45,bus14_ct10,14.0,0.1,True,False,0.5262930985415133,0.3725340743502217,0.3661449087495505,0.9939593367160595,0.006040663283940479,67.0561333830399,0.7322898174990988,293.15368855985406,-252.00728184386577,1260.3006807183046,4.806307077407837,0.5852271127129646,0.8771009322569803,0.5807252137682747,1.065176965630571,0.9821726477274971,1,2652.57,1552.3558823690284,1100.2141176309717,-917.565085877611,909.7667348219802,10.61225171818007,917.565085877611,balanced
139,0.45,bus16_ct10,16.0,0.1,True,False,0.5285009138595838,0.36859918554659865,0.3848272005486102,0.9919780837965273,0.008021916203472713,66.34785339838776,0.7696544010972195,293.15368855985406,-251.54590279926714,1379.838877725195,4.482648849487305,0.5852271127129646,0.8771009322569803,0.5807252137682747,1.065176965630571,0.9821726477274971,1,2652.57,1552.3558823690284,1100.2141176309717,-917.565085877611,909.7667348219802,10.61225171818007,917.565085877611,balanced
139,0.45,bus26_ct10,26.0,0.1,True,False,0.527185315388518,0.3747242752700753,0.3642326393447206,0.9950600716692007,0.004939928330799297,67.45036954861355,0.728465278689443,293.15368855985406,-253.2340602679335,1278.5158081686764,4.918558359146118,0.5852271127129646,0.8771009322569803,0.5807252137682747,1.065176965630571,0.9821726477274971,1,2652.57,1552.3558823690284,1100.2141176309717,-917.565085877611,909.7667348219802,10.61225171818007,917.565085877611,balanced
139,0.45,bus20_ct15,20.0,0.15,True,True,0.4487362822933172,0.2718880666730165,0.2511689958272356,1.0,-0.1331778855188456,48.939852001142974,0.502337991654469,293.15368855985406,132.66247517761246,863.3987239131643,2.8086891174316406,0.5852271127129646,0.8771009322569803,0.5807252137682747,1.065176965630571,0.9821726477274971,1,2652.57,1552.3558823690284,1100.2141176309717,-917.565085877611,909.7667348219802,10.61225171818007,917.565085877611,balanced
139,0.45,bus8_ct15,8.0,0.15,True,False,0.5229274980680547,0.3730485739592427,0.3510401537263341,0.9945726906273995,0.00542730937260045,67.14874331266368,0.7020803074526705,293.15368855985406,-251.48878332210697,1225.4523678453336,4.87409782409668,0.5852271127129646,0.8771009322569803,0.5807252137682747,1.065176965630571,0.9821726477274971,1,2652.57,1552.3558823690284,1100.2141176309717,-917.565085877611,909.7667348219802,10.61225171818007,917.565085877611,balanced
139,0.45,bus4_ct25,4.0,0.25,True,False,0.564205451183154,0.3750394087359661,0.5129816949087278,0.9937612923519563,0.006238707648043718,67.50709357247389,1.0259633898174547,293.15368855985406,-246.87100886070274,1623.6251698660635,4.495957851409912,0.5852271127129646,0.8771009322569803,0.5807252137682747,1.065176965630571,0.9821726477274971,1,2652.57,1552.3558823690284,1100.2141176309717,-917.565085877611,909.7667348219802,10.61225171818007,917.565085877611,balanced
139,0.45,bus16_ct25,16.0,0.25,True,False,0.6009040358063195,0.4716711163434481,0.46800650994125803,0.9922674005971235,0.007732599402876485,84.90080094182066,0.9360130198825156,293.15368855985406,-245.02020776873374,2090.8188431785456,4.970718622207642,0.5852271127129646,0.8771009322569803,0.5807252137682747,1.065176965630571,0.9821726477274971,1,2652.57,1552.3558823690284,1100.2141176309717,-917.565085877611,909.7667348219802,10.61225171818007,917.565085877611,balanced
139,0.45,gen_trip_g4,,,True,False,0.30330805940839933,0.3840293683899973,0.33716994351353335,0.10800355734006939,0.8919964426599306,69.12528631019951,0.6743398870270689,293.15368855985406,-255.7454206351911,1175.411046705818,4.976567983627319,0.5852271127129646,0.8771009322569803,0.5807252137682747,1.065176965630571,0.9821726477274971,1,2652.57,1552.3558823690284,1100.2141176309717,-917.565085877611,909.7667348219802,10.61225171818007,917.565085877611,balanced
140,0.45,bus4_ct10,4.0,0.1,True,False,0.6651036823958633,0.5739664277433271,0.518972836649759,0.99350903744704,0.006490962552959996,103.31395699379887,1.0379456732995207,-1654.6192468482293,-873.0219497437379,2038.2180386553016,25.517194986343384,0.012732325141136976,0.8435880370379378,0.9024947590834187,1.0752651059894305,0.9473302433690811,1,2652.57,33.77338369962571,2618.7966163003744,447.8796375547964,2726.592406631783,10.61225171818007,447.8796375547964,east_concentrated
140,0.45,bus14_ct10,14.0,0.1,True,False,0.6617469344394845,0.5742769056283049,0.5046251686758474,0.993808757825481,0.006191242174519103,103.36984301309488,1.009250337351697,-1654.6192468482293,-873.6299289634186,2037.662959939564,26.369736194610596,0.012732325141136976,0.8435880370379378,0.9024947590834187,1.0752651059894305,0.9473302433690811,1,2652.57,33.77338369962571,2618.7966163003744,447.8796375547964,2726.592406631783,10.61225171818007,447.8796375547964,east_concentrated
140,0.45,bus16_ct10,16.0,0.1,True,False,0.6493103741244334,0.5597261619891246,0.48592300871769467,0.9918661638017896,0.008133836198210353,100.75070915804244,0.9718460174353871,-1654.6192468482293,-874.0264982408805,2054.4904519276856,25.286848068237305,0.012732325141136976,0.8435880370379378,0.9024947590834187,1.0752651059894305,0.9473302433690811,1,2652.57,33.77338369962571,2618.7966163003744,447.8796375547964,2726.592406631783,10.61225171818007,447.8796375547964,east_concentrated
140,0.45,bus26_ct10,26.0,0.1,True,False,0.6707826233091313,0.5947689899576433,0.4985760209263397,0.9950164923948991,0.00498350760510087,107.05841819237578,0.997152041852678,-1654.6192468482293,-873.8262903864834,2085.729051164759,27.563785076141357,0.012732325141136976,0.8435880370379378,0.9024947590834187,1.0752651059894305,0.9473302433690811,1,2652.57,33.77338369962571,2618.7966163003744,447.8796375547964,2726.592406631783,10.61225171818007,447.8796375547964,east_concentrated
140,0.45,bus20_ct15,20.0,0.15,True,False,0.6568527945045564,0.5758829591951896,0.47564525962784643,1.0,-0.12117832494002946,103.65893265513412,0.9512905192556942,-1654.6192468482293,-874.6632403893873,2031.233911565541,26.04701590538025,0.012732325141136976,0.8435880370379378,0.9024947590834187,1.0752651059894305,0.9473302433690811,1,2652.57,33.77338369962571,2618.7966163003744,447.8796375547964,2726.592406631783,10.61225171818007,447.8796375547964,east_concentrated
140,0.45,bus8_ct15,8.0,0.15,True,False,0.6926927353167233,0.5643654815455862,0.647563535052587,0.9944764431231337,0.005523556876866397,101.58578667820552,1.2951270701051754,-1654.6192468482293,-872.4835139138072,2037.073251113493,26.2153537273407,0.012732325141136976,0.8435880370379378,0.9024947590834187,1.0752651059894305,0.9473302433690811,1,2652.57,33.77338369962571,2618.7966163003744,447.8796375547964,2726.592406631783,10.61225171818007,447.8796375547964,east_concentrated
140,0.45,bus4_ct25,4.0,0.25,True,False,0.8632710936717808,0.8437847716065012,0.7713496721561981,0.9941651593179225,0.005834840682077492,151.88125888917023,1.542699344312397,-1654.6192468482293,-867.9230580995652,2163.7115441597502,26.06213688850403,0.012732325141136976,0.8435880370379378,0.9024947590834187,1.0752651059894305,0.9473302433690811,1,2652.57,33.77338369962571,2618.7966163003744,447.8796375547964,2726.592406631783,10.61225171818007,447.8796375547964,east_concentrated
140,0.45,bus16_ct25,16.0,0.25,True,False,0.694609144887707,0.6652495650618798,0.4552309606791596,0.9927064887479088,0.0072935112520912644,119.74492171113836,0.9104619213583165,-1654.6192468482293,-184.4721110841491,1957.4538875641936,3.4715464115142822,0.012732325141136976,0.8435880370379378,0.9024947590834187,1.0752651059894305,0.9473302433690811,1,2652.57,33.77338369962571,2618.7966163003744,447.8796375547964,2726.592406631783,10.61225171818007,447.8796375547964,east_concentrated
140,0.45,gen_trip_g4,,,True,False,0.4388681251365433,0.598936333426508,0.4453547601307726,0.11224507356238445,0.8877549264376156,107.80854001677143,0.8907095202615456,-1654.6192468482293,-875.6819750630145,2002.9560394517412,25.094739198684692,0.012732325141136976,0.8435880370379378,0.9024947590834187,1.0752651059894305,0.9473302433690811,1,2652.57,33.77338369962571,2618.7966163003744,447.8796375547964,2726.592406631783,10.61225171818007,447.8796375547964,east_concentrated
141,0.45,bus4_ct10,4.0,0.1,True,False,0.5020399565234142,0.31232094831740814,0.38986127312064056,0.9936566563381999,0.006343343661800135,56.21777069713347,0.7797225462412793,-575.7501787079767,-91.07162218243995,1647.2457658451776,15.905259132385254,0.08902721349237383,0.4221217886020942,0.6705398913265987,0.8210383922816024,1.138597509110014,0,2652.57,236.15091569346606,2416.419084306534,-168.593284473168,1795.9605885579954,10.61225171818007,168.593284473168,east_concentrated
141,0.45,bus14_ct10,14.0,0.1,True,False,0.49895850230055866,0.31219791512371625,0.3775163262859351,0.9939218526688671,0.006078147331132879,56.195624722268924,0.7550326525718698,-575.7501787079767,-90.09640342655277,1647.467228332095,15.819446563720703,0.08902721349237383,0.4221217886020942,0.6705398913265987,0.8210383922816024,1.138597509110014,0,2652.57,236.15091569346606,2416.419084306534,-168.593284473168,1795.9605885579954,10.61225171818007,168.593284473168,east_concentrated
141,0.45,bus16_ct10,16.0,0.1,True,False,0.5059392780678313,0.330822258976948,0.37020904666916365,0.9919035476482655,0.00809645235173453,59.54800661585064,0.7404180933383286,-575.7501787079767,-90.5632815782632,1683.9180425335971,15.863768339157104,0.08902721349237383,0.4221217886020942,0.6705398913265987,0.8210383922816024,1.138597509110014,0,2652.57,236.15091569346606,2416.419084306534,-168.593284473168,1795.9605885579954,10.61225171818007,168.593284473168,east_concentrated
141,0.45,bus26_ct10,26.0,0.1,True,False,0.5039015079028942,0.3198836460857354,0.3807931033239669,0.9950456361161393,0.0049543638838607336,57.57905629543237,0.7615862066479329,-575.7501787079767,-91.63581819928314,1739.0481567106951,16.502750635147095,0.08902721349237383,0.4221217886020942,0.6705398913265987,0.8210383922816024,1.138597509110014,0,2652.57,236.15091569346606,2416.419084306534,-168.593284473168,1795.9605885579954,10.61225171818007,168.593284473168,east_concentrated
141,0.45,bus20_ct15,20.0,0.15,True,False,0.8665969573902652,1.0,0.46638782956106084,1.0,-5.803623055202963e-11,187.26156027250406,0.9327756591221226,-575.7501787079767,-721.5630923031805,1598.9759014334732,2.0411834716796875,0.08902721349237383,0.4221217886020942,0.6705398913265987,0.8210383922816024,1.138597509110014,0,2652.57,236.15091569346606,2416.419084306534,-168.593284473168,1795.9605885579954,10.61225171818007,168.593284473168,east_concentrated
141,0.45,bus8_ct15,8.0,0.15,True,False,0.5249054305312707,0.3128074150488347,0.47947687821469387,0.9945300138127197,0.00546998618728038,56.30533470879024,0.9589537564293882,-575.7501787079767,-90.19070333434854,1641.407208083308,14.826385021209717,0.08902721349237383,0.4221217886020942,0.6705398913265987,0.8210383922816024,1.138597509110014,0,2652.57,236.15091569346606,2416.419084306534,-168.593284473168,1795.9605885579954,10.61225171818007,168.593284473168,east_concentrated
141,0.45,bus4_ct25,4.0,0.25,True,False,0.6750873578653637,0.5168214201874041,0.672697904239012,0.9940086868476345,0.005991313152365419,93.02785563373273,1.3453958084780249,-575.7501787079767,-87.31855521571273,1882.7336569653442,14.42440152168274,0.08902721349237383,0.4221217886020942,0.6705398913265987,0.8210383922816024,1.138597509110014,0,2652.57,236.15091569346606,2416.419084306534,-168.593284473168,1795.9605885579954,10.61225171818007,168.593284473168,east_concentrated
141,0.45,bus16_ct25,16.0,0.25,True,False,0.6949135403206956,0.6488246982943615,0.4896621402065904,0.9923426244874692,0.0076573755125307515,116.78844569298508,0.9793242804131808,-575.7501787079767,-87.04386320334453,1943.8482908738313,15.818196773529053,0.08902721349237383,0.4221217886020942,0.6705398913265987,0.8210383922816024,1.138597509110014,0,2652.57,236.15091569346606,2416.419084306534,-168.593284473168,1795.9605885579954,10.61225171818007,168.593284473168,east_concentrated
141,0.45,gen_trip_g4,,,True,False,0.2590303182218642,0.3215442269716543,0.32703691660292833,0.06599590234121977,0.9340040976587802,57.87796085489777,0.6540738332058571,-575.7501787079767,-92.29364814383192,1575.569950739977,15.674124240875244,0.08902721349237383,0.4221217886020942,0.6705398913265987,0.8210383922816024,1.138597509110014,0,2652.57,236.15091569346606,2416.419084306534,-168.593284473168,1795.9605885579954,10.61225171818007,168.593284473168,east_concentrated
142,0.45,bus4_ct10,4.0,0.1,True,False,0.55398262193794,0.42345334878975505,0.37549473249274,0.9935290576795099,0.006470942320490025,76.22160278215591,0.7509894649854831,-749.701472541449,-443.54919295818013,1495.3325237967092,6.644183158874512,0.43319399767400474,0.36507840878281733,0.9534601038928918,0.9427300538571312,0.8823135250808235,2,2652.57,1149.0774024101347,1503.4925975898655,172.25466313349142,2607.2516803611256,10.61225171818007,172.25466313349142,balanced
142,0.45,bus14_ct10,14.0,0.1,True,False,0.5539257364222662,0.4222313994426022,0.3774190408289826,0.9938211059748778,0.006178894025122204,76.00165189966839,0.7548380816579625,-749.701472541449,-442.34563904116214,1497.8849688794546,6.368341684341431,0.43319399767400474,0.36507840878281733,0.9534601038928918,0.9427300538571312,0.8823135250808235,2,2652.57,1149.0774024101347,1503.4925975898655,172.25466313349142,2607.2516803611256,10.61225171818007,172.25466313349142,balanced
142,0.45,bus16_ct10,16.0,0.1,True,False,0.5573744640581,0.42045030492882657,0.39671147039517507,0.9918857759795715,0.008114224020428544,75.68105488718878,0.7934229407903493,-749.701472541449,-444.41185979052744,1561.2172249176292,6.264425992965698,0.43319399767400474,0.36507840878281733,0.9534601038928918,0.9427300538571312,0.8823135250808235,2,2652.57,1149.0774024101347,1503.4925975898655,172.25466313349142,2607.2516803611256,10.61225171818007,172.25466313349142,balanced
142,0.45,bus26_ct10,26.0,0.1,True,False,0.5615486955079348,0.4382758666356861,0.3746845669800436,0.9949584817803238,0.0050415182196762295,78.88965599442349,0.7493691339600894,-749.701472541449,-444.8948762236221,1499.8380700128068,6.336683034896851,0.43319399767400474,0.36507840878281733,0.9534601038928918,0.9427300538571312,0.8823135250808235,2,2652.57,1149.0774024101347,1503.4925975898655,172.25466313349142,2607.2516803611256,10.61225171818007,172.25466313349142,balanced
142,0.45,bus20_ct15,20.0,0.15,True,False,0.8839519710376367,1.0,0.5358078841505467,1.0,-0.14077884473836777,185.73553114727625,1.0716157683010907,-749.701472541449,-757.0381764280011,1356.391467595493,1.498030424118042,0.43319399767400474,0.36507840878281733,0.9534601038928918,0.9427300538571312,0.8823135250808235,2,2652.57,1149.0774024101347,1503.4925975898655,172.25466313349142,2607.2516803611256,10.61225171818007,172.25466313349142,balanced
142,0.45,bus8_ct15,8.0,0.15,True,False,0.5506400943287595,0.41657761957824974,0.3750220441754024,0.9943830939831361,0.005616906016863951,74.98397152408495,0.7500440883508075,-749.701472541449,-442.1492554512247,1501.0810624942728,5.965937376022339,0.43319399767400474,0.36507840878281733,0.9534601038928918,0.9427300538571312,0.8823135250808235,2,2652.57,1149.0774024101347,1503.4925975898655,172.25466313349142,2607.2516803611256,10.61225171818007,172.25466313349142,balanced
142,0.45,bus4_ct25,4.0,0.25,True,False,0.6033691488381061,0.452646920772947,0.5144157908695846,0.9937669629369458,0.006233037063054265,81.47644573913045,1.028831581739169,-749.701472541449,-439.32868848966143,1826.7022813760982,6.765729665756226,0.43319399767400474,0.36507840878281733,0.9534601038928918,0.9427300538571312,0.8823135250808235,2,2652.57,1149.0774024101347,1503.4925975898655,172.25466313349142,2607.2516803611256,10.61225171818007,172.25466313349142,balanced
142,0.45,bus16_ct25,16.0,0.25,True,False,0.6654461398271085,0.5979276720986677,0.4735642237080029,0.9923649914030961,0.007635008596903859,107.62698097776018,0.9471284474160058,-749.701472541449,-440.79617681160215,2209.1439021244146,6.837819576263428,0.43319399767400474,0.36507840878281733,0.9534601038928918,0.9427300538571312,0.8823135250808235,2,2652.57,1149.0774024101347,1503.4925975898655,172.25466313349142,2607.2516803611256,10.61225171818007,172.25466313349142,balanced
142,0.45,gen_trip_g4,,,True,False,0.34100692176345115,0.45365198702554294,0.3485968693261441,0.10812684367657466,0.8918731563234253,81.65735766459773,0.6971937386522908,-749.701472541449,-445.68630462129624,1399.441282224615,6.911533355712891,0.43319399767400474,0.36507840878281733,0.9534601038928918,0.9427300538571312,0.8823135250808235,2,2652.57,1149.0774024101347,1503.4925975898655,172.25466313349142,2607.2516803611256,10.61225171818007,172.25466313349142,balanced
143,0.45,bus4_ct10,4.0,0.1,True,False,0.6048189484698588,0.49705150892983446,0.43168466815050976,0.9934881078692567,0.006511892130743286,89.4692716073702,0.8633693363010209,-1266.5794770982702,-740.9842660697394,1756.9386271399665,6.3493971824646,0.194244650227628,0.5968452802669169,0.867790081785649,1.0062907771613756,0.8017021025686759,3,2652.57,515.2475318542992,2137.322468145701,82.71775557727608,3082.428369730041,10.61225171818007,82.71775557727608,east_concentrated
143,0.45,bus14_ct10,14.0,0.1,True,False,0.6052767728713642,0.497199360795015,0.4329270782955561,0.9937812915998708,0.006218708400129218,89.4958849431027,0.8658541565911149,-1266.5794770982702,-741.1836704122817,1754.833218986987,6.538655996322632,0.194244650227628,0.5968452802669169,0.867790081785649,1.0062907771613756,0.8017021025686759,3,2652.57,515.2475318542992,2137.322468145701,82.71775557727608,3082.428369730041,10.61225171818007,82.71775557727608,east_concentrated
143,0.45,bus16_ct10,16.0,0.1,True,False,0.603597178264577,0.48833046745685227,0.44588019077949426,0.9918475873651093,0.008152412634890764,87.8994841422334,0.8917603815589858,-1266.5794770982702,-740.3733405291927,1792.928120032633,6.282460451126099,0.194244650227628,0.5968452802669169,0.867790081785649,1.0062907771613756,0.8017021025686759,3,2652.57,515.2475318542992,2137.322468145701,82.71775557727608,3082.428369730041,10.61225171818007,82.71775557727608,east_concentrated
143,0.45,bus26_ct10,26.0,0.1,True,False,0.6152448013321687,0.5082453944723007,0.4495283507113754,0.9949600656726985,0.005039934327301596,91.48417100501412,0.8990567014227513,-1266.5794770982702,-740.9005375499977,1824.032275546609,6.533983945846558,0.194244650227628,0.5968452802669169,0.867790081785649,1.0062907771613756,0.8017021025686759,3,2652.57,515.2475318542992,2137.322468145701,82.71775557727608,3082.428369730041,10.61225171818007,82.71775557727608,east_concentrated
143,0.45,bus20_ct15,20.0,0.15,True,True,0.5056059084408121,0.3476915327214087,0.32704056832043094,1.0,-0.16001982067135048,62.584475889853564,0.6540811366408605,-1266.5794770982702,-304.2913829592197,1623.6658890138913,2.9921255111694336,0.194244650227628,0.5968452802669169,0.867790081785649,1.0062907771613756,0.8017021025686759,3,2652.57,515.2475318542992,2137.322468145701,82.71775557727608,3082.428369730041,10.61225171818007,82.71775557727608,east_concentrated
143,0.45,bus8_ct15,8.0,0.15,True,False,0.6269917684555772,0.49283174813952674,0.5279140024857405,0.9943895750575147,0.005610424942485342,88.70971466511482,1.055828004971484,-1266.5794770982702,-739.985620932281,1764.2670376573324,6.658487319946289,0.194244650227628,0.5968452802669169,0.867790081785649,1.0062907771613756,0.8017021025686759,3,2652.57,515.2475318542992,2137.322468145701,82.71775557727608,3082.428369730041,10.61225171818007,82.71775557727608,east_concentrated
143,0.45,bus4_ct25,4.0,0.25,True,False,0.7061981449704658,0.5902594919373182,0.6503555506905059,0.993918045316721,0.0060819546832789695,106.24670854871727,1.300711101381009,-1266.5794770982702,-737.6565845917393,1969.9745566005297,6.225805997848511,0.194244650227628,0.5968452802669169,0.867790081785649,1.0062907771613756,0.8017021025686759,3,2652.57,515.2475318542992,2137.322468145701,82.71775557727608,3082.428369730041,10.61225171818007,82.71775557727608,east_concentrated
143,0.45,bus16_ct25,16.0,0.25,True,False,0.7950153146265211,0.8343341213871824,0.5189204636001747,0.9924725521315448,0.007527447868455213,150.18014184969283,1.0378409272003464,-1266.5794770982702,-737.1939955955688,2068.378329811192,6.660377264022827,0.194244650227628,0.5968452802669169,0.867790081785649,1.0062907771613756,0.8017021025686759,3,2652.57,515.2475318542992,2137.322468145701,82.71775557727608,3082.428369730041,10.61225171818007,82.71775557727608,east_concentrated
143,0.45,gen_trip_g4,,,True,False,0.38515939799905385,0.5159050019436977,0.40667928279942345,0.10214830530939645,0.8978516946906036,92.86290034986558,0.8133585655988496,-1266.5794770982702,-743.5164099415738,1679.2882452804893,6.0616631507873535,0.194244650227628,0.5968452802669169,0.867790081785649,1.0062907771613756,0.8017021025686759,3,2652.57,515.2475318542992,2137.322468145701,82.71775557727608,3082.428369730041,10.61225171818007,82.71775557727608,east_concentrated
144,0.45,bus4_ct10,4.0,0.1,True,False,0.4963876158565109,0.3810589742009489,0.22969046253078673,0.9937420524933592,0.006257947506640759,68.5906153561708,0.4593809250615766,308.75016214427694,37.91789073594461,1320.533241716315,6.995280027389526,0.8261775151232564,0.3124089378325479,0.885986500238445,1.167440349094324,0.9606395642995104,0,2652.57,2191.4936912904964,461.07630870950373,357.70642353179744,1055.5731792669912,10.61225171818007,357.70642353179744,west_concentrated
144,0.45,bus14_ct10,14.0,0.1,True,False,0.4996074907485847,0.38097501060845335,0.24244262980253595,0.9940373119748961,0.0059626880251038685,68.5755019095216,0.48488525960507456,308.75016214427694,37.10083680764086,1343.762722667689,6.833868741989136,0.8261775151232564,0.3124089378325479,0.885986500238445,1.167440349094324,0.9606395642995104,0,2652.57,2191.4936912904964,461.07630870950373,357.70642353179744,1055.5731792669912,10.61225171818007,357.70642353179744,west_concentrated
144,0.45,bus16_ct10,16.0,0.1,True,False,0.5034074331736758,0.38928358287656395,0.24301010008599988,0.9920524668555754,0.007947533144424687,70.0710449177815,0.48602020017200154,308.75016214427694,37.423869902618364,1521.6528990251936,7.219054937362671,0.8261775151232564,0.3124089378325479,0.885986500238445,1.167440349094324,0.9606395642995104,0,2652.57,2191.4936912904964,461.07630870950373,357.70642353179744,1055.5731792669912,10.61225171818007,357.70642353179744,west_concentrated
144,0.45,bus26_ct10,26.0,0.1,True,False,0.4929451482473617,0.3825445389512657,0.21157652557506879,0.9951149895118466,0.004885010488153321,68.85801701122783,0.42315305115014024,308.75016214427694,36.57420152173573,1225.7798496713024,6.835612773895264,0.8261775151232564,0.3124089378325479,0.885986500238445,1.167440349094324,0.9606395642995104,0,2652.57,2191.4936912904964,461.07630870950373,357.70642353179744,1055.5731792669912,10.61225171818007,357.70642353179744,west_concentrated
144,0.45,bus20_ct15,20.0,0.15,True,False,0.9352370728821064,1.0,0.7409482915284258,1.0,-0.12166642501942221,184.4206463617695,1.4818965830568542,308.75016214427694,142.47794827770437,1113.7354467009122,1.813533067703247,0.8261775151232564,0.3124089378325479,0.885986500238445,1.167440349094324,0.9606395642995104,0,2652.57,2191.4936912904964,461.07630870950373,357.70642353179744,1055.5731792669912,10.61225171818007,357.70642353179744,west_concentrated
144,0.45,bus8_ct15,8.0,0.15,True,False,0.5025034741393111,0.38399395345575255,0.2473556870892608,0.994670302556478,0.005329697443522004,69.11891162203545,0.4947113741785225,308.75016214427694,38.61238509565679,1301.461209743576,6.82613205909729,0.8261775151232564,0.3124089378325479,0.885986500238445,1.167440349094324,0.9606395642995104,0,2652.57,2191.4936912904964,461.07630870950373,357.70642353179744,1055.5731792669912,10.61225171818007,357.70642353179744,west_concentrated
144,0.45,bus4_ct25,4.0,0.25,True,False,0.6581385225848293,0.5921731044403079,0.4542757104321886,0.9939321710265125,0.006067828973487467,106.59115879925542,0.9085514208643763,308.75016214427694,44.565354169720536,1881.6465719589823,7.148804664611816,0.8261775151232564,0.3124089378325479,0.885986500238445,1.167440349094324,0.9606395642995104,0,2652.57,2191.4936912904964,461.07630870950373,357.70642353179744,1055.5731792669912,10.61225171818007,357.70642353179744,west_concentrated
144,0.45,bus16_ct25,16.0,0.25,True,False,0.6510320636178121,0.5938470422678152,0.42393944044111365,0.9924947294945045,0.00750527050549551,106.89246760820673,0.8478788808822246,308.75016214427694,50.13995208495206,2460.371513819976,7.319697856903076,0.8261775151232564,0.3124089378325479,0.885986500238445,1.167440349094324,0.9606395642995104,0,2652.57,2191.4936912904964,461.07630870950373,357.70642353179744,1055.5731792669912,10.61225171818007,357.70642353179744,west_concentrated
144,0.45,gen_trip_g4,,,True,False,0.25206783807413546,0.38027724699211674,0.17634138549155054,0.07137547282075796,0.928624527179242,68.44990445858102,0.3526827709830993,308.75016214427694,33.83040921075432,1181.7970822748796,6.748389482498169,0.8261775151232564,0.3124089378325479,0.885986500238445,1.167440349094324,0.9606395642995104,0,2652.57,2191.4936912904964,461.07630870950373,357.70642353179744,1055.5731792669912,10.61225171818007,357.70642353179744,west_concentrated
145,0.45,bus4_ct10,4.0,0.1,True,False,0.5261808310975992,0.3840239029532261,0.34312777003995265,0.9935477484439919,0.006452251556008095,69.1243025315807,0.6862555400799075,-488.53212611899664,-338.15283591087086,1376.8120100922656,6.1579718589782715,0.5141225734999241,0.38763342762902286,0.9143956478405388,0.9725139198054306,0.9010920750912148,2,2652.57,1363.7461147886936,1288.8238852113066,158.67107384451663,2302.4820445535256,10.61225171818007,158.67107384451663,balanced
145,0.45,bus14_ct10,14.0,0.1,True,False,0.527034251470867,0.3838696308741186,0.34655533838352426,0.9938424057517068,0.006157594248293263,69.09653355734135,0.6931106767670481,-488.53212611899664,-338.18361752346397,1381.6290943126912,6.418751955032349,0.5141225734999241,0.38763342762902286,0.9143956478405388,0.9725139198054306,0.9010920750912148,2,2652.57,1363.7461147886936,1288.8238852113066,158.67107384451663,2302.4820445535256,10.61225171818007,158.67107384451663,balanced
145,0.45,bus16_ct10,16.0,0.1,True,False,0.5252880269103448,0.37395050941177876,0.36133964221388837,0.9919114466039332,0.008088553396066893,67.31109169412018,0.7226792844277741,-488.53212611899664,-337.04234205715454,1497.7704194692083,6.12563157081604,0.5141225734999241,0.38763342762902286,0.9143956478405388,0.9725139198054306,0.9010920750912148,2,2652.57,1363.7461147886936,1288.8238852113066,158.67107384451663,2302.4820445535256,10.61225171818007,158.67107384451663,balanced
145,0.45,bus26_ct10,26.0,0.1,True,False,0.5292284973849406,0.391824344421713,0.33828325657561464,0.9949820441207216,0.0050179558792784445,70.52838199590833,0.6765665131512288,-488.53212611899664,-338.30123679253995,1362.00025482343,6.4650046825408936,0.5141225734999241,0.38763342762902286,0.9143956478405388,0.9725139198054306,0.9010920750912148,2,2652.57,1363.7461147886936,1288.8238852113066,158.67107384451663,2302.4820445535256,10.61225171818007,158.67107384451663,balanced
145,0.45,bus20_ct15,20.0,0.15,True,False,0.8950860391206872,1.0,0.5803441564827487,1.0,-0.1356436688152474,181.769965209332,1.1606883129654966,-488.53212611899664,-619.7367621255378,1220.5431093986163,1.2476296424865723,0.5141225734999241,0.38763342762902286,0.9143956478405388,0.9725139198054306,0.9010920750912148,2,2652.57,1363.7461147886936,1288.8238852113066,158.67107384451663,2302.4820445535256,10.61225171818007,158.67107384451663,balanced
145,0.45,bus8_ct15,8.0,0.15,True,False,0.5282079084025155,0.38216176126378704,0.3540958330833526,0.9944122779991355,0.005587722000864598,68.78911702748167,0.7081916661667065,-488.53212611899664,-336.6900324243821,1391.8141560222791,6.4329047203063965,0.5141225734999241,0.38763342762902286,0.9143956478405388,0.9725139198054306,0.9010920750912148,2,2652.57,1363.7461147886936,1288.8238852113066,158.67107384451663,2302.4820445535256,10.61225171818007,158.67107384451663,balanced
145,0.45,bus4_ct25,4.0,0.25,True,False,0.5947982902496819,0.4371314046203003,0.5111791258987957,0.9937512258593312,0.006248774140668818,78.68365283165406,1.0223582517975882,-488.53212611899664,-333.95784164709755,1795.2035906637927,6.103483438491821,0.5141225734999241,0.38763342762902286,0.9143956478405388,0.9725139198054306,0.9010920750912148,2,2652.57,1363.7461147886936,1288.8238852113066,158.67107384451663,2302.4820445535256,10.61225171818007,158.67107384451663,balanced
145,0.45,bus16_ct25,16.0,0.25,True,False,0.6598167119294546,0.5945026903702731,0.4578837711424626,0.9923776958348093,0.0076223041651906675,107.01048426664917,0.9157675422849221,-488.53212611899664,-334.6079919202973,2239.4193223862135,6.5079357624053955,0.5141225734999241,0.38763342762902286,0.9143956478405388,0.9725139198054306,0.9010920750912148,2,2652.57,1363.7461147886936,1288.8238852113066,158.67107384451663,2302.4820445535256,10.61225171818007,158.67107384451663,balanced
145,0.45,gen_trip_g4,,,True,False,0.31020629658064525,0.41071756606429854,0.3177662640229215,0.10162379017106249,0.8983762098289375,73.92916189157374,0.6355325280458435,-488.53212611899664,-341.39157395856904,1278.4469747383841,6.3584840297698975,0.5141225734999241,0.38763342762902286,0.9143956478405388,0.9725139198054306,0.9010920750912148,2,2652.57,1363.7461147886936,1288.8238852113066,158.67107384451663,2302.4820445535256,10.61225171818007,158.67107384451663,balanced
146,0.45,bus4_ct10,4.0,0.1,True,False,0.518144007919651,0.3825520338190975,0.31370439589545285,0.9937675681449559,0.006232431855044092,68.85936608743755,0.6274087917909088,287.3594576009932,-158.13668219542708,1152.1213770834058,5.0288238525390625,0.6671017737042302,0.6364897824380578,0.7084209278945641,1.146263422711263,0.9390553333193848,1,2652.57,1769.53415187463,883.0358481253702,-422.1573472856651,1010.6234969300881,10.61225171818007,422.1573472856651,balanced
146,0.45,bus14_ct10,14.0,0.1,True,False,0.5192229066120091,0.38230543236606834,0.31824083105902545,0.9940399306568739,0.005960069343126109,68.8149778258923,0.6364816621180536,287.3594576009932,-158.13628605134653,1159.9798020030612,4.740240812301636,0.6671017737042302,0.6364897824380578,0.7084209278945641,1.146263422711263,0.9390553333193848,1,2652.57,1769.53415187463,883.0358481253702,-422.1573472856651,1010.6234969300881,10.61225171818007,422.1573472856651,balanced
146,0.45,bus16_ct10,16.0,0.1,True,False,0.5224560717241479,0.37870731958890114,0.34036931695380446,0.9920403307649847,0.007959669235015366,68.16731752600221,0.6807386339076094,287.3594576009932,-157.45191239654608,1294.3807473743082,4.78188943862915,0.6671017737042302,0.6364897824380578,0.7084209278945641,1.146263422711263,0.9390553333193848,1,2652.57,1769.53415187463,883.0358481253702,-422.1573472856651,1010.6234969300881,10.61225171818007,422.1573472856651,balanced
146,0.45,bus26_ct10,26.0,0.1,True,False,0.5196543646405101,0.38468132388153237,0.31414012204779596,0.9951146887511796,0.004885311248820383,69.24263829867583,0.6282802440955937,287.3594576009932,-159.4867440162508,1152.821732811392,4.78814172744751,0.6671017737042302,0.6364897824380578,0.7084209278945641,1.146263422711263,0.9390553333193848,1,2652.57,1769.53415187463,883.0358481253702,-422.1573472856651,1010.6234969300881,10.61225171818007,422.1573472856651,balanced
146,0.45,bus20_ct15,20.0,0.15,True,False,0.91037076050055,1.0,0.6414830420022,1.0,-0.1294857452751658,181.84363173770646,1.2829660840044,287.3594576009932,-382.39383845632904,1191.1283206531377,1.8691518306732178,0.6671017737042302,0.6364897824380578,0.7084209278945641,1.146263422711263,0.9390553333193848,1,2652.57,1769.53415187463,883.0358481253702,-422.1573472856651,1010.6234969300881,10.61225171818007,422.1573472856651,balanced
146,0.45,bus8_ct15,8.0,0.15,True,False,0.515191286339362,0.38231705956588363,0.30144259137395224,0.9946884348517282,0.005311565148271853,68.81707072185905,0.6028851827479076,287.3594576009932,-157.56069079396875,1144.499259083858,4.781450271606445,0.6671017737042302,0.6364897824380578,0.7084209278945641,1.146263422711263,0.9390553333193848,1,2652.57,1769.53415187463,883.0358481253702,-422.1573472856651,1010.6234969300881,10.61225171818007,422.1573472856651,balanced
146,0.45,bus4_ct25,4.0,0.25,True,False,0.5774799445528568,0.4137645377136274,0.4885842624733563,0.993806440310816,0.0061935596891840375,74.47761678845293,0.9771685249467099,287.3594576009932,-152.42282651956873,1575.5164103122968,4.992656469345093,0.6671017737042302,0.6364897824380578,0.7084209278945641,1.146263422711263,0.9390553333193848,1,2652.57,1769.53415187463,883.0358481253702,-422.1573472856651,1010.6234969300881,10.61225171818007,422.1573472856651,balanced
146,0.45,bus16_ct25,16.0,0.25,True,False,0.5719854820897087,0.43554848737155205,0.4245669198456099,0.9922780337701208,0.007721966229879228,78.39872772687937,0.8491338396912163,287.3594576009932,-149.8122834332244,2059.343767597562,4.955888509750366,0.6671017737042302,0.6364897824380578,0.7084209278945641,1.146263422711263,0.9390553333193848,1,2652.57,1769.53415187463,883.0358481253702,-422.1573472856651,1010.6234969300881,10.61225171818007,422.1573472856651,balanced
146,0.45,gen_trip_g4,,,True,False,0.287833898986775,0.3843875697606822,0.28905110616943475,0.09350935025630103,0.906490649743699,69.1897625569228,0.578102212338869,287.3594576009932,-161.98850756235225,1097.5658263587266,4.629802465438843,0.6671017737042302,0.6364897824380578,0.7084209278945641,1.146263422711263,0.9390553333193848,1,2652.57,1769.53415187463,883.0358481253702,-422.1573472856651,1010.6234969300881,10.61225171818007,422.1573472856651,balanced
147,0.45,bus4_ct10,4.0,0.1,True,False,0.5648911214857364,0.4764192409584284,0.31308980922477403,0.9936361948013145,0.0063638051986855395,85.75546337251711,0.626179618449545,464.1710348247096,-297.60322095325085,1427.9830970687442,13.131355285644531,0.8765796712366555,0.6107830149374005,0.33285173618279895,1.131688873278751,0.8684671568337551,1,2652.57,2325.188938532215,327.3810614677848,-762.8080046975679,681.0198562503028,10.61225171818007,762.8080046975679,west_concentrated
147,0.45,bus14_ct10,14.0,0.1,True,False,0.5670156371529412,0.4763179433286468,0.32148037712972766,0.9939462848247437,0.006053715175256277,85.73722979915642,0.6429607542594584,464.1710348247096,-298.4314785810321,1432.4295039720673,13.485396146774292,0.8765796712366555,0.6107830149374005,0.33285173618279895,1.131688873278751,0.8684671568337551,1,2652.57,2325.188938532215,327.3810614677848,-762.8080046975679,681.0198562503028,10.61225171818007,762.8080046975679,west_concentrated
147,0.45,bus16_ct10,16.0,0.1,True,False,0.5686275423844986,0.4709980484305873,0.3404615590005662,0.9920525136762538,0.00794748632374619,84.77964871750571,0.680923118001131,464.1710348247096,-298.3277009430522,1652.9324175496283,12.623643159866333,0.8765796712366555,0.6107830149374005,0.33285173618279895,1.131688873278751,0.8684671568337551,1,2652.57,2325.188938532215,327.3810614677848,-762.8080046975679,681.0198562503028,10.61225171818007,762.8080046975679,west_concentrated
147,0.45,bus26_ct10,26.0,0.1,True,False,0.5651270662803755,0.4766026903667002,0.3122481544352844,0.9950547299528169,0.004945270047183127,85.78848426600604,0.6244963088705657,464.1710348247096,-299.9309469745614,1429.9591679888426,13.875101566314697,0.8765796712366555,0.6107830149374005,0.33285173618279895,1.131688873278751,0.8684671568337551,1,2652.57,2325.188938532215,327.3810614677848,-762.8080046975679,681.0198562503028,10.61225171818007,762.8080046975679,west_concentrated
147,0.45,bus20_ct15,20.0,0.15,True,False,0.9169786149674719,1.0,0.6679144598698876,1.0,-0.057818450393330015,183.07469579060506,1.3358289197397744,464.1710348247096,-411.7946808643716,1438.3993906893934,1.8318538665771484,0.8765796712366555,0.6107830149374005,0.33285173618279895,1.131688873278751,0.8684671568337551,1,2652.57,2325.188938532215,327.3810614677848,-762.8080046975679,681.0198562503028,10.61225171818007,762.8080046975679,west_concentrated
147,0.45,bus8_ct15,8.0,0.15,True,False,0.5739453542577644,0.47702981556345825,0.34719979995190187,0.9945219859522392,0.005478014047760782,85.86536680142248,0.6943995999038033,464.1710348247096,-299.31393796042767,1423.54934875576,13.130540609359741,0.8765796712366555,0.6107830149374005,0.33285173618279895,1.131688873278751,0.8684671568337551,1,2652.57,2325.188938532215,327.3810614677848,-762.8080046975679,681.0198562503028,10.61225171818007,762.8080046975679,west_concentrated
147,0.45,bus4_ct25,4.0,0.25,True,False,0.6509905690332298,0.5401832565468806,0.5297225420688783,0.9938732209702797,0.0061267790297202945,97.23298617843851,1.0594450841377556,464.1710348247096,-293.9551584051872,1978.194952618978,13.587376356124878,0.8765796712366555,0.6107830149374005,0.33285173618279895,1.131688873278751,0.8684671568337551,1,2652.57,2325.188938532215,327.3810614677848,-762.8080046975679,681.0198562503028,10.61225171818007,762.8080046975679,west_concentrated
147,0.45,bus16_ct25,16.0,0.25,True,False,0.7164717372741152,0.7110076031677556,0.451138799562937,0.9927329431980128,0.007267056801987258,127.981368570196,0.9022775991258736,464.1710348247096,-287.5153621208149,2489.1890893087316,13.31480622291565,0.8765796712366555,0.6107830149374005,0.33285173618279895,1.131688873278751,0.8684671568337551,1,2652.57,2325.188938532215,327.3810614677848,-762.8080046975679,681.0198562503028,10.61225171818007,762.8080046975679,west_concentrated
147,0.45,gen_trip_g4,,,True,False,0.33936573641277495,0.47763296143599504,0.28121074881666175,0.12098627396244788,0.8790137260375521,85.9739330584791,0.5624214976333208,464.1710348247096,-303.56687858515875,1413.795741038049,13.065521001815796,0.8765796712366555,0.6107830149374005,0.33285173618279895,1.131688873278751,0.8684671568337551,1,2652.57,2325.188938532215,327.3810614677848,-762.8080046975679,681.0198562503028,10.61225171818007,762.8080046975679,west_concentrated
148,0.45,bus4_ct10,4.0,0.1,True,False,0.47083114505217766,0.32474308682148373,0.2399631626391674,0.9938752439265758,0.006124756073424256,58.45375562786707,0.479926325278337,577.1275174035436,441.4311339316586,1394.601539300824,7.158644914627075,0.2531359489790634,0.8915623933499948,0.3470693357242483,0.9222259516175882,1.1902817357393904,2,2652.57,671.4608241833942,1981.1091758166058,-72.66836666048414,1045.5059276742377,10.61225171818007,72.66836666048414,east_concentrated
148,0.45,bus14_ct10,14.0,0.1,True,False,0.4703772107302714,0.32474308682148373,0.23790111121652657,0.9941215580615916,0.005878441938408384,58.45375562786707,0.4758022224330505,577.1275174035436,442.34883572220656,1408.3009458903935,6.87054967880249,0.2531359489790634,0.8915623933499948,0.3470693357242483,0.9222259516175882,1.1902817357393904,2,2652.57,671.4608241833942,1981.1091758166058,-72.66836666048414,1045.5059276742377,10.61225171818007,72.66836666048414,east_concentrated
148,0.45,bus16_ct10,16.0,0.1,True,False,0.47244281405455396,0.32474308682148373,0.2482772856960196,0.9920077968792288,0.00799220312077124,58.45375562786707,0.4965545713920405,577.1275174035436,443.17188370003265,1404.503532481039,7.222829818725586,0.2531359489790634,0.8915623933499948,0.3470693357242483,0.9222259516175882,1.1902817357393904,2,2652.57,671.4608241833942,1981.1091758166058,-72.66836666048414,1045.5059276742377,10.61225171818007,72.66836666048414,east_concentrated
148,0.45,bus26_ct10,26.0,0.1,True,False,0.4699215458764142,0.32474308682148373,0.23506072139285905,0.9951392884698302,0.0048607115301697095,58.45375562786707,0.4701214427857159,577.1275174035436,439.86374613587395,1396.1077269107464,6.870346307754517,0.2531359489790634,0.8915623933499948,0.3470693357242483,0.9222259516175882,1.1902817357393904,2,2652.57,671.4608241833942,1981.1091758166058,-72.66836666048414,1045.5059276742377,10.61225171818007,72.66836666048414,east_concentrated
148,0.45,bus20_ct15,20.0,0.15,True,False,0.4757972234887967,0.32474308682148373,0.2537027203122193,1.0,-0.14758623240940394,58.45375562786707,0.5074054406244377,577.1275174035436,443.06469784635624,1387.7101179519616,7.334311246871948,0.2531359489790634,0.8915623933499948,0.3470693357242483,0.9222259516175882,1.1902817357393904,2,2652.57,671.4608241833942,1981.1091758166058,-72.66836666048414,1045.5059276742377,10.61225171818007,72.66836666048414,east_concentrated
148,0.45,bus8_ct15,8.0,0.15,True,False,0.4771530565764589,0.32474308682148373,0.26435250534650834,0.9947735473163599,0.005226452683640068,58.45375562786707,0.5287050106930202,577.1275174035436,442.13071558371746,1358.8168226900423,7.006711959838867,0.2531359489790634,0.8915623933499948,0.3470693357242483,0.9222259516175882,1.1902817357393904,2,2652.57,671.4608241833942,1981.1091758166058,-72.66836666048414,1045.5059276742377,10.61225171818007,72.66836666048414,east_concentrated
148,0.45,bus4_ct25,4.0,0.25,True,False,0.546071937689357,0.36365592869061536,0.46298893726809,0.9939869561081074,0.006013043891892614,65.45806716431076,0.9259778745361769,577.1275174035436,448.2508335399145,1663.5838387194376,7.133763551712036,0.2531359489790634,0.8915623933499948,0.3470693357242483,0.9222259516175882,1.1902817357393904,2,2652.57,671.4608241833942,1981.1091758166058,-72.66836666048414,1045.5059276742377,10.61225171818007,72.66836666048414,east_concentrated
148,0.45,bus16_ct25,16.0,0.25,True,False,0.5383165532350016,0.41269930616858175,0.335799015215855,0.9920685853869882,0.007931414613011856,74.28587511034472,0.6715980304317082,577.1275174035436,453.00185585671375,1689.4260823140974,6.940864324569702,0.2531359489790634,0.8915623933499948,0.3470693357242483,0.9222259516175882,1.1902817357393904,2,2652.57,671.4608241833942,1981.1091758166058,-72.66836666048414,1045.5059276742377,10.61225171818007,72.66836666048414,east_concentrated
148,0.45,gen_trip_g4,,,True,False,0.2309723595288666,0.32474308682148373,0.20297024813285702,0.07143301633964194,0.9285669836603581,58.45375562786707,0.4059404962657154,577.1275174035436,438.00040762313506,1282.2918858745697,6.878087520599365,0.2531359489790634,0.8915623933499948,0.3470693357242483,0.9222259516175882,1.1902817357393904,2,2652.57,671.4608241833942,1981.1091758166058,-72.66836666048414,1045.5059276742377,10.61225171818007,72.66836666048414,east_concentrated
149,0.45,bus4_ct10,4.0,0.1,True,False,0.6826066487519133,0.6784555166293587,0.37992995027265053,0.9935856114762857,0.006414388523714356,122.12199299328455,0.7598599005452988,149.16343151517785,-621.4712725943017,1658.736597924274,6.5373148918151855,0.7996515928072949,0.7859810194750199,0.5601931111887358,0.8732234132638714,0.8987816749537147,0,2652.57,2121.1318255328465,531.4381744671538,-1568.6686449227172,1108.6353474068264,10.61225171818007,1568.6686449227172,west_concentrated
149,0.45,bus14_ct10,14.0,0.1,True,False,0.6825324322104948,0.6772217820814914,0.38179975814242084,0.9938864065365752,0.006113593463424738,121.89992077466846,0.7635995162848452,149.16343151517785,-618.8920415547136,1667.3492303764035,6.588643789291382,0.7996515928072949,0.7859810194750199,0.5601931111887358,0.8732234132638714,0.8987816749537147,0,2652.57,2121.1318255328465,531.4381744671538,-1568.6686449227172,1108.6353474068264,10.61225171818007,1568.6686449227172,west_concentrated
149,0.45,bus16_ct10,16.0,0.1,True,False,0.6764234941940794,0.6570877838891039,0.39944761532993667,0.9920707936681732,0.007929206331826857,118.2758011000387,0.7988952306598751,149.16343151517785,-616.7626940784409,1868.5087246445148,5.911123752593994,0.7996515928072949,0.7859810194750199,0.5601931111887358,0.8732234132638714,0.8987816749537147,0,2652.57,2121.1318255328465,531.4381744671538,-1568.6686449227172,1108.6353474068264,10.61225171818007,1568.6686449227172,west_concentrated
149,0.45,bus26_ct10,26.0,0.1,True,False,0.691063055901064,0.6978011619784235,0.3736890036715188,0.9949608959758904,0.0050391040241095295,125.60420915611623,0.747378007343038,149.16343151517785,-622.566121449014,1635.699418843982,6.76749849319458,0.7996515928072949,0.7859810194750199,0.5601931111887358,0.8732234132638714,0.8987816749537147,0,2652.57,2121.1318255328465,531.4381744671538,-1568.6686449227172,1108.6353474068264,10.61225171818007,1568.6686449227172,west_concentrated
149,0.45,bus20_ct15,20.0,0.15,True,False,0.7790379293052978,0.8850395402495677,0.3460726367220559,1.0,-1.0983720330016684,159.30711724492218,0.6921452734441114,149.16343151517785,-570.3119479501255,1801.4880759844625,16.216587781906128,0.7996515928072949,0.7859810194750199,0.5601931111887358,0.8732234132638714,0.8987816749537147,0,2652.57,2121.1318255328465,531.4381744671538,-1568.6686449227172,1108.6353474068264,10.61225171818007,1568.6686449227172,west_concentrated
149,0.45,bus8_ct15,8.0,0.15,True,False,0.6910204971385597,0.6693471961055701,0.43093368093726525,0.9944539154058333,0.005546084594166733,120.48249529900262,0.8618673618745287,149.16343151517785,-622.5942242317411,1676.1812479391758,6.07129693031311,0.7996515928072949,0.7859810194750199,0.5601931111887358,0.8732234132638714,0.8987816749537147,0,2652.57,2121.1318255328465,531.4381744671538,-1568.6686449227172,1108.6353474068264,10.61225171818007,1568.6686449227172,west_concentrated
149,0.45,bus4_ct25,4.0,0.25,True,False,0.7732156446562615,0.7722792003858372,0.5542024743134562,0.9941017035399156,0.005898296460084483,139.0102560694507,1.1084049486269087,149.16343151517785,-619.9495919189796,2089.405726747079,6.615280628204346,0.7996515928072949,0.7859810194750199,0.5601931111887358,0.8732234132638714,0.8987816749537147,0,2652.57,2121.1318255328465,531.4381744671538,-1568.6686449227172,1108.6353474068264,10.61225171818007,1568.6686449227172,west_concentrated
149,0.45,bus16_ct25,16.0,0.25,True,False,0.6271184065627163,0.5775042322437189,0.3602471256641451,0.9932180360992825,0.006781963900717502,103.95076180386941,0.7204942513282919,149.16343151517785,105.71148924768026,1294.9818975887538,3.3834075927734375,0.7996515928072949,0.7859810194750199,0.5601931111887358,0.8732234132638714,0.8987816749537147,0,2652.57,2121.1318255328465,531.4381744671538,-1568.6686449227172,1108.6353474068264,10.61225171818007,1568.6686449227172,west_concentrated
149,0.45,gen_trip_g4,,,True,False,0.5249871324289097,0.7433747124005626,0.35053569407515894,0.2626634108393545,0.7373365891606455,133.80744823210128,0.7010713881503206,149.16343151517785,-618.2071968757291,1598.1561280000842,6.750818490982056,0.7996515928072949,0.7859810194750199,0.5601931111887358,0.8732234132638714,0.8987816749537147,0,2652.57,2121.1318255328465,531.4381744671538,-1568.6686449227172,1108.6353474068264,10.61225171818007,1568.6686449227172,west_concentrated
