mode_id,max_severity,worst_fault,wind_area1_pct,wind_area2_pct,solar_area1_pct,solar_area2_pct,load_area1,load_area2,gen_dispatch_bias,total_re_pct,angle_dominated_severity,angle_dominated_f_angle,angle_dominated_f_freq,angle_dominated_f_voltage,angle_dominated_success,angle_dominated_v2_severity,angle_dominated_v2_f_angle,angle_dominated_v2_f_freq,angle_dominated_v2_f_voltage,angle_dominated_v2_success,voltage_dominated_severity,voltage_dominated_f_angle,voltage_dominated_f_freq,voltage_dominated_f_voltage,voltage_dominated_success,voltage_dominated_v2_severity,voltage_dominated_v2_f_angle,voltage_dominated_v2_f_freq,voltage_dominated_v2_f_voltage,voltage_dominated_v2_success,freq_dominated_severity,freq_dominated_f_angle,freq_dominated_f_freq,freq_dominated_f_voltage,freq_dominated_success,freq_dominated_v2_severity,freq_dominated_v2_f_angle,freq_dominated_v2_f_freq,freq_dominated_v2_f_voltage,freq_dominated_v2_success,severe_combined_severity,severe_combined_f_angle,severe_combined_f_freq,severe_combined_f_voltage,severe_combined_success,tie_line_n3_fault_severity,tie_line_n3_fault_f_angle,tie_line_n3_fault_f_freq,tie_line_n3_fault_f_voltage,tie_line_n3_fault_success,tie_line_n2_fault_severity,tie_line_n2_fault_f_angle,tie_line_n2_fault_f_freq,tie_line_n2_fault_f_voltage,tie_line_n2_fault_success
0,0.9993887600800764,tie_line_n3_fault,0.2469680586019254,0.2567481620803306,0.2571414020800885,0.2403026319709406,1.0763587339781684,0.7900365664725448,-0.0967611397019903,0.5005801273666426,0.5130432691266927,0.3860354013023498,0.2831122890622914,0.9969899848397796,True,0.4442407990817777,0.2941836331484556,0.1919641024285283,0.9966318276016712,True,0.4419484504813898,0.2907356890954576,0.190494488465827,0.995827935268817,True,0.4418679451816011,0.2900700994376511,0.1909901728365284,0.996341409014574,True,0.5219242190421784,0.3949896457182998,0.3016465267443209,0.9960710579877932,True,0.4410483860679269,0.2900700994376511,0.1879997928013885,0.9960535525950168,True,0.6667105716355652,0.5655533755487041,0.5384493138162014,0.9972862216286515,True,0.9993887600800764,1.0,1.0,0.9975550403203054,True,0.869258223783239,1.0,0.479659811201941,0.9973730839310151,True
1,0.9993396709041618,tie_line_n3_fault,0.1048606320424935,0.3800390693008068,0.1491068788786778,0.2832216165029262,0.900708041938222,0.9497999184944094,-0.0770438037657872,0.4586140983624522,0.7299810440442441,0.7017711466860417,0.5193798608021218,0.9970020220027712,True,0.5557975786454491,0.5061368596990593,0.2143894335020419,0.996527161681636,True,0.5492873356471788,0.497228447274471,0.2070255618730563,0.995666886166717,True,0.5322937323754899,0.4705473727907945,0.1918232471032865,0.996256936817084,True,0.7657735511082737,0.7367052159438033,0.593822468515441,0.9958613040300472,True,0.5311868144883685,0.4705473727907945,0.1876734868382428,0.9959790255336418,True,0.8848200644803392,1.0,0.5418498262558735,0.9974304316654832,True,0.9993396709041618,1.0,1.0,0.9973586836166471,True,0.8564473373890531,1.0,0.4284980825278808,0.9972912670283314,True
2,0.9993079215342278,tie_line_n3_fault,0.0317942806772432,0.24575593472901,0.1892552378440921,0.0630324902675657,1.0280112619627926,0.8089443104409476,0.0805304441887241,0.2649189717589556,0.8922318470599124,1.0,0.5718858822432189,0.9970415059964306,True,0.5770246507748715,0.5498833116614322,0.2118520108649235,0.9964799689116982,True,0.5668363925267444,0.5364668164067697,0.1988197545448642,0.995592182748574,True,0.5409629609655773,0.5123798832903805,0.1428773024430363,0.9962147748385118,True,0.8825632911447803,1.0,0.534445369456968,0.9958077951221532,True,0.5394014502236537,0.5123798832903805,0.1369129204543355,0.995933113859518,True,0.8928782140970061,1.0,0.5739888579716705,0.9975239984163536,True,0.9993079215342278,1.0,1.0,0.9972316861369109,True,0.8516313321185263,1.0,0.4092773371090672,0.9972479913650378,True
3,0.9992956717736863,tie_line_n3_fault,0.3330807048545543,0.2771601046595527,0.106524295073774,0.1297730906509491,0.7649952790079761,0.8763442721216914,-0.0558326781960578,0.4232690976194151,0.8705204353557783,1.0,0.4850802973826695,0.9970014440404434,True,0.6032218646622429,0.5856881029762562,0.2450653024402953,0.9964459502561638,True,0.5893845535969126,0.5710828314167492,0.2198248518138896,0.995547699740262,True,0.5673046610792588,0.5593780064434336,0.154271187352549,0.9961914440776192,True,0.8715851507805578,1.0,0.4906441556574883,0.9956964474647428,True,0.5654141218115438,0.5593780064434336,0.1469875489527439,0.9959129254065642,True,0.8812141491094583,1.0,0.5273582553877496,0.9974983410500832,True,0.9992956717736863,1.0,1.0,0.997182687094745,True,0.8458729855894616,1.0,0.386287765064516,0.9972041772933302,True
4,0.9993887621653261,tie_line_n3_fault,0.1723996465306636,0.2449168444781573,0.1901677401986048,0.2561952356425032,0.7264187824314547,0.8210675078441045,-0.0216824955039749,0.4318397334249645,0.5121478020466836,0.380519376651449,0.2905452905843546,0.997007164299482,True,0.439952225439283,0.2860407288112478,0.1910967653017721,0.9966306788328644,True,0.4377269803647287,0.2824364647346432,0.1902101897121397,0.9958248022774884,True,0.4359028402809859,0.2813227760716925,0.1846257938871964,0.9963400150933625,True,0.5275760766269231,0.4009042113129363,0.312382430549853,0.9961134533319664,True,0.4350747018560567,0.2813227760716925,0.1816009633418573,0.9960522919389844,True,0.6843325262828422,0.5847509600637819,0.570510705272504,0.9973174797313012,True,0.9993887621653261,1.0,1.0,0.9975550486613047,True,0.8677320913391912,1.0,0.4735454334105462,0.9973829319462183,True
5,0.9992511338435477,tie_line_n3_fault,0.2931469966885209,0.2357334557300332,0.263992637730249,0.2372130756224978,0.8970027237151119,1.0979422519320603,0.069219270968978,0.5150430828856505,0.8486957327318534,1.0,0.3977596881599758,0.9970232427674378,True,0.9202760078083456,1.0,0.6847611906109812,0.9963428406224014,True,0.9086291622885304,1.0,0.6391278269716985,0.9953888221824228,True,0.8898760559013299,1.0,0.5634007699972408,0.9961034536080786,True,0.9087041012915682,1.0,0.6348164051662728,1.0,True,0.861012350062841,1.0,0.4482203625568992,0.9958290376944648,True,0.8694517712760776,1.0,0.4802636829857647,0.9975434021185456,True,0.9992511338435477,1.0,1.0,0.9970045353741905,True,0.8245113107424555,1.0,0.3009269925551301,0.9971182504146918,True
6,0.9993114691496215,tie_line_n3_fault,0.3589800015234453,0.2818203755733325,0.103446420599342,0.2034407928392546,0.731044074852906,0.930953773248148,-0.0014367173892323,0.4738437952676873,0.9019406731851642,1.0,0.6107465294872654,0.9970161632533914,True,0.576799729609529,0.553836566780123,0.2030442818859832,0.9964815029918866,True,0.5677594668174869,0.5411539318115773,0.1931309658022399,0.9955990378445528,True,0.5442648041778598,0.5160496750774559,0.1487407288133688,0.9962191377431588,True,0.8879434964385834,1.0,0.5559921804180021,0.9957818053363312,True,0.543172217129994,0.5160496750774559,0.1446502971029772,0.9959392212620868,True,0.886029381517062,1.0,0.5466251059494702,0.997492420118778,True,0.9993114691496215,1.0,1.0,0.9972458765984863,True,0.8500949208344446,1.0,0.4031365544520753,0.9972431288857029,True
7,0.9993937224778773,tie_line_n3_fault,0.1577841113136975,0.1552572904635449,0.0982161017908935,0.2653356864596726,1.0143904197078395,0.8397789694230009,-0.0881669729199077,0.3382965950139043,0.4817479223951092,0.3376781770535117,0.2546453233366073,0.9969900121368062,True,0.4157712936638998,0.2496801210551822,0.1670685944147045,0.9966563381305305,True,0.4144205080050739,0.2464372662616864,0.1689361539216847,0.9958713455752384,True,0.4068577146456795,0.2464372662616864,0.1381781435116416,0.996378182547704,True,0.4904385017353416,0.3463088008494266,0.273034407021882,0.9961019982206312,True,0.410843397258419,0.2464372662616864,0.1543976853417525,0.9961013711685506,True,0.6174619554214525,0.4953148575362484,0.4819527549932516,0.9972653516200616,True,0.9993937224778773,1.0,1.0,0.9975748899115091,True,0.8718434631130538,1.0,0.48999196933088385,0.9973818831213314,True
8,0.9993994575085644,tie_line_n3_fault,0.0571759921305059,0.1933841364472673,0.1300914193092924,0.1533002928661892,0.7296011950578106,0.7015462354339783,-0.0087787509039657,0.2669759203766275,0.4863988755445259,0.3491910062541483,0.2502230319873035,0.9969904576825036,True,0.4305041375693536,0.2613103572752345,0.2027375329504579,0.9966583027764874,True,0.4287367757322591,0.2585634849712501,0.2019471947386328,0.9958729382479036,True,0.4251549377638929,0.2497689444954345,0.2047087608722826,0.99637310119242,True,0.5033476903142571,0.3733737897329335,0.2704706287720171,0.996172553019144,True,0.4244170031905975,0.2497689444954345,0.2020366711567831,0.9960934526147378,True,0.6237867899609272,0.516685901513029,0.4645086806092244,0.9972666762084264,True,0.9993994575085644,1.0,1.0,0.9975978300342577,True,0.8704612240492429,1.0,0.48445332023144516,0.9973915759655261,True
9,0.9986613250249562,tie_line_n3_fault,0.168377479747788,0.1540675179971416,0.1527277584381548,0.0969036090378465,0.8936460964051842,0.8163163355652495,0.0817976366352047,0.2860381826104655,0.7111854526357203,0.6635171214536186,0.5206345439511111,0.9970730236845328,True,0.5206447164143093,0.4474396294724814,0.1911328652292319,0.9965667414830424,True,0.5132997617347126,0.4370546297826898,0.1833681453318867,0.9957216420415842,True,0.483069890013448,0.404803614204559,0.1263751220509803,0.9962972095936936,True,0.7522376954105372,0.7048635041690696,0.6032365497219452,0.9959872235820644,True,0.4843866378405086,0.404803614204559,0.1319190813892738,0.9960202415636428,True,0.9010437970695928,1.0,0.6066821000307385,0.9974930882476326,True,0.9986613250249562,1.0,0.9972644955422041,0.9973808045576206,True,0.861290061578837,1.0,0.44782202908297464,0.9973382172323734,True
10,0.9993001776221473,tie_line_n3_fault,0.3298302548790634,0.3205545360414497,0.1703501533984451,0.0409155556788601,0.823876288896744,0.782437578739207,0.0125060091807554,0.4308252499989091,0.8774694906275121,1.0,0.5128724304153423,0.9970055320947064,True,0.5949576574309179,0.5768685368325943,0.2296435831347203,0.9964499729237626,True,0.5834234474900686,0.563026537864106,0.2120866910302972,0.9955540232017652,True,0.562136792414494,0.5499468257482492,0.1524583271392643,0.9961951910222132,True,0.8749136495356484,1.0,0.5039211558239174,0.9957334423186764,True,0.5603592692704132,0.5499468257482492,0.1456239368585627,0.995919488726592,True,0.882905962064946,1.0,0.5341261781985907,0.9974976700611934,True,0.9993001776221473,1.0,1.0,0.9972007104885893,True,0.8447718717188357,1.0,0.3818721105209306,0.9972153763544122,True
11,0.9992925665741049,tie_line_n3_fault,0.0648935183835562,0.1398073010815119,0.0958965970322774,0.0744123554278222,1.1497441105471946,0.8771123198224348,0.0154189388602996,0.1875048859625839,0.8754610893972558,1.0,0.5047607855638105,0.9970835720252126,True,0.6108675850113742,0.5901726083843064,0.2666441948249627,0.9964809284519212,True,0.5922978395463743,0.5703314285302664,0.2329480448889924,0.9955804562359716,True,0.5475265388508284,0.5323513416554956,0.1291813015826939,0.9962221705096282,True,0.8738998530689202,1.0,0.4998398316674226,0.995759580608258,True,0.5462928550247773,0.5323513416554956,0.1245264590977086,0.9959422776904094,True,0.8895924778439973,1.0,0.5607923318904753,0.997577579485514,True,0.9992925665741049,1.0,1.0,0.9971702662964197,True,0.8477689921117708,1.0,0.3938416353025822,0.997234333144501,True
12,1.0,angle_dominated,0.3915375069272869,0.0098787793446914,0.2799771961289703,0.0300414407867585,0.9047765448445856,1.0873258971591246,-0.1390827299999224,0.3557174615938536,1.0,1.0,1.0,1.0,False,1.0,1.0,1.0,1.0,False,1.0,1.0,1.0,1.0,False,1.0,1.0,1.0,1.0,False,1.0,1.0,1.0,1.0,False,1.0,1.0,1.0,1.0,False,1.0,1.0,1.0,1.0,False,1.0,1.0,1.0,1.0,False,1.0,1.0,1.0,1.0,False
13,0.9727836444712226,tie_line_n3_fault,0.2606844555588825,0.0433457240075273,0.216062173545025,0.0124282719476239,0.8777897658984145,0.8045995365053621,0.0636684310026574,0.2662603125295293,0.7974237679163438,0.7578268397839267,0.6769668872003294,0.9970745048971924,True,0.5296523975373342,0.4726340800855887,0.1767911078552266,0.9965503221229324,True,0.5202458504949787,0.4605973684259491,0.1640859372836374,0.9957027278443792,True,0.4876001459613066,0.4257867989392601,0.1025230507812366,0.9963039351854696,True,0.8778615059939685,0.8264107833820569,0.8627084077938036,0.9959160494179564,True,0.4916849202391408,0.4243085514493037,0.1220939104322447,0.9960286676257112,True,0.9009473611496908,1.0,0.6062824064269563,0.997507038171807,True,0.9727836444712226,1.0,0.8938166193467723,0.997317958538118,True,0.863221458571837,1.0,0.455577874603339,0.9973079596840088,True
14,0.9992424545990484,tie_line_n3_fault,0.0033057701300379,0.0620814513862599,0.2599783879201196,0.1121737080758056,1.1276557588422402,1.032789626366502,0.1204459638564609,0.2187696587561116,0.853074507573518,1.0,0.41513722895235,0.9971608013417218,True,0.8725691040157206,1.0,0.493871371504639,0.9964050445582436,True,0.9533792510361384,1.0,0.8135170041445541,1.0,True,0.9040676282884456,1.0,0.6201234031585834,0.9961471099951994,True,0.91008058183985,1.0,0.6403223273593994,1.0,True,0.8816457322869324,1.0,0.5307215281499147,0.9958614009978152,True,0.8808408276377246,1.0,0.5257017261711923,0.9976615843797062,True,0.9992424545990484,1.0,1.0,0.9969698183961937,True,0.8334218550774133,1.0,0.33653641253716415,0.9971510077724889,True
15,0.9921568891830346,tie_line_n3_fault,0.0222438148095697,0.057396134139907,0.2137090821618598,0.1224849428707682,0.8901160523641485,0.8635959346449265,-0.098164607817582,0.2079169869910524,0.7024406836328005,0.6648109731489404,0.4831100651174544,0.9970307231158668,True,0.5155436445379598,0.4466837872346957,0.1722316477826453,0.9965753558998022,True,0.5083850662396158,0.4368116100919758,0.1641689578156722,0.9957480869588392,True,0.4780581571203612,0.4053417206351817,0.1052217159481614,0.99632747126292,True,0.7355507930456625,0.6975766935098682,0.5511509836134714,0.9958988015494424,True,0.483664102540806,0.4053417206351817,0.1279207605855354,0.9960522083073252,True,0.8912239286788308,1.0,0.5674707006984967,0.9974250140168268,True,0.9921568891830346,1.0,0.9712488969438411,0.9973786597882971,True,0.8628495731275934,1.0,0.4540819366663804,0.9973163558439931,True
16,0.9992796785372926,tie_line_n3_fault,0.1919401191741435,0.1287532039199959,0.0010076244359441,0.146108322733745,0.7978770879708145,0.973163811263682,-0.0288934466396978,0.2339046351319143,0.8650939997359981,1.0,0.4632859043881936,0.9970900945557988,True,0.6574594404031667,0.6477304307852253,0.3379181377199742,0.996458762322242,True,0.6215713611798518,0.6099049857545856,0.2709342058721091,0.9955412673381266,True,0.5861087831269496,0.5718523696162678,0.2045286573282183,0.9962017359470444,True,0.8677002835540024,1.0,0.4750975998504678,0.9957035343655416,True,0.6129378768766742,0.6003819585394928,0.2550678283783263,0.9959197620493848,True,0.8835689778028164,1.0,0.5366774282335633,0.9975984829777024,True,0.9992796785372926,1.0,1.0,0.9971187141491702,True,0.8438511596719681,1.0,0.37819558358641814,0.9972090551014544,True
17,0.999301504529412,tie_line_n3_fault,0.2543167193121028,0.3120842491326216,0.2937590294249943,0.2748772420675884,1.1097533309918126,1.0372700735250633,0.0568207316918422,0.5675186199686537,0.8824791894525266,1.0,0.5328992491760971,0.9970175086340092,True,0.590846707577068,0.5699522040288287,0.2270278750854615,0.9964545471651528,True,0.5795794451531708,0.5561460923008286,0.2104667822709203,0.995558813740106,True,0.5569624646741702,0.5405524016140915,0.1505477591671962,0.9961972963013016,True,0.8800258200980956,1.0,0.5243446893846908,0.9957585910076916,True,0.5552401626525872,0.5405524016140915,0.143934995523935,0.9959208518582308,True,0.8875318378433737,1.0,0.5526184316507283,0.9975089197227666,True,0.999301504529412,1.0,1.0,0.9972060181176479,True,0.8451661434357896,1.0,0.38344084627846087,0.9972237274646971,True
18,0.9993660708092696,tie_line_n3_fault,0.1218674896113055,0.2281672506122167,0.1998035653342854,0.0476896763270999,1.003333892742638,0.7075422603609085,0.0294992588137976,0.2987639909424538,0.6134597118238521,0.5372042432301475,0.3823886494073285,0.9970417114277844,True,0.4932262275838163,0.3892212107108125,0.197871151587524,0.9965913373261164,True,0.4887724177178588,0.3827692269613302,0.1937900951401374,0.9957611218086376,True,0.4721544093835461,0.3639224523158978,0.1644647318685841,0.9963080010338046,True,0.6340424481531586,0.5591425580070375,0.4218434238606008,0.9960412527379584,True,0.471223317321188,0.3639224523158978,0.1610263189280587,0.9960220457248978,True,0.9122679740029412,1.0,0.6516532375299349,0.9974186584818302,True,0.9993660708092696,1.0,1.0,0.9974642832370787,True,0.868683972188435,1.0,0.47737422578440913,0.9973616629693306,True
19,0.999354156481857,tie_line_n3_fault,0.2691414699965983,0.2786480849497224,0.1727703439700011,0.0988681777822134,0.9599835119895808,0.7583172512430572,0.0284936700683793,0.4097140383492677,0.6659897330131367,0.6114945008261563,0.4439304942019468,0.9970394361982872,True,0.5207381306130672,0.439968892152516,0.2064506918526341,0.9965640462946024,True,0.5154001569507527,0.4323785946236298,0.2011250134097899,0.9957184251459614,True,0.4955696861859692,0.4055374650136523,0.1749216197484386,0.9962821949681336,True,0.6929503217848066,0.6398131815556286,0.496190635898273,0.9959842881296962,True,0.4945288713684167,0.4055374650136523,0.1710432680798987,0.9959972873664636,True,0.9009474021850596,1.0,0.6063445214758261,0.9974450872644122,True,0.999354156481857,1.0,1.0,0.9974166259274279,True,0.8649566003363172,1.0,0.46248824463529203,0.9973381567099766,True
20,0.9993695160569359,tie_line_n3_fault,0.0377409834191428,0.3992251778543721,0.0648002243483399,0.1161958754738177,0.8159268893055762,0.7123915239941266,0.0088689422484426,0.3089811305478363,0.6001705471532646,0.5171162344716106,0.3694262770107741,0.9970234426590632,True,0.5039463977938213,0.3976747325116532,0.2238565518945598,0.9965795742574192,True,0.5004337081864986,0.3919347264880229,0.2221243694618913,0.9957410103080574,True,0.4898852801583452,0.370871458062692,0.2215017961039187,0.996296408404078,True,0.6155904143248134,0.532024107862301,0.4022768136965524,0.9960366278780994,True,0.4889623188273079,0.370871458062692,0.218090241779393,0.9960161174044544,True,0.9563232572583708,1.0,0.8278943769347009,0.9973986520987824,True,0.9993695160569359,1.0,1.0,0.9974780642277437,True,0.8662825809126192,1.0,0.46777269137155386,0.9973576322789229,True
21,0.9992757711479586,tie_line_n3_fault,0.2916180716974906,0.1307669220942506,0.1799751405086137,0.0974448019576731,0.8655490373324783,0.9248411538943738,-0.0381403395970639,0.349902468129014,0.8612102523633316,1.0,0.4477486819245797,0.9970923275287468,True,0.689555377528338,0.6825599594395224,0.3966504211763286,0.9964511700579782,True,0.6442211992152854,0.635785544534397,0.3097860085968733,0.9955276991954743,True,0.6239028888639466,0.6140468488726917,0.271324274325476,0.9961935833849273,True,0.586373304504521,0.5780829902429561,0.1936392921972114,0.9956879453349604,True,0.661536815561876,0.654100690294412,0.3420347283880822,0.995911153270598,True,0.8840192375100667,1.0,0.538472287899264,0.9976046621410029,True,0.9992757711479586,1.0,1.0,0.9971030845918345,True,0.8437961047502451,1.0,0.3779830508903821,0.9972013681105983,True
22,0.9992631720115728,tie_line_n3_fault,0.1647745142409116,0.3027116907838091,0.1234039574467656,0.2010669767783997,0.7947934586265805,1.000798927597667,0.1182152365507478,0.395978569624943,0.8572855521532259,1.0,0.4321398674683401,0.9970023411445637,True,0.682778072937964,0.6693320600933717,0.3960946596477015,0.9963535119174112,True,0.6384886907933818,0.6243065356857153,0.3099288649535126,0.9954128268485838,True,0.9046724782653748,1.0,0.6225728234066779,0.996117089654821,True,0.8531513957436123,1.0,0.4169932029664238,0.9956123800080257,True,0.9989616804700104,1.0,1.0,0.995846721880042,True,0.8761841840269653,1.0,0.5072154111407876,0.9975213249670736,True,0.9992631720115728,1.0,1.0,0.9970526880462913,True,0.8289540710577081,1.0,0.31867979467376983,0.9971364895570627,True
23,0.9992435552245055,tie_line_n3_fault,0.2586428842880307,0.1691878080043123,0.1271705713851172,0.2042031829116748,0.8511510388870502,1.0997038456141013,0.0043939841792999,0.3796022232945676,0.8424206642326564,1.0,0.3725987087861213,0.9970839481445044,True,0.883529203930036,1.0,0.5377507175954968,0.9963660981246472,True,0.9450904413253154,1.0,0.7803617653012616,1.0,True,0.8753993064344547,1.0,0.5054828821541797,0.9961143435836392,True,0.9159141343034872,1.0,0.6636565372139493,1.0,True,0.8438413798378702,1.0,0.3795326787604729,0.995832840591008,True,0.872643375012786,1.0,0.4929688406610282,0.9976046593901156,True,0.9992435552245055,1.0,1.0,0.9969742208980218,True,0.8251888284856883,1.0,0.3036305091920184,0.9971248047507346,True
24,0.9993832059618197,tie_line_n3_fault,0.1473948041572316,0.2130028805827315,0.1967633376370024,0.1092539857197565,0.811275146854864,0.7253420828802187,0.1109334411430447,0.333207504048361,0.5498732407356866,0.4402200043483864,0.3220115386657127,0.9970414155802604,True,0.4565431069087764,0.3192594969384217,0.1910323461372662,0.996621087620996,True,0.4536774766506963,0.3147981708250799,0.1893054802845597,0.9958080846680656,True,0.4375082222261807,0.2948856074846823,0.1639263042591068,0.9963353696762516,True,0.5716231907270777,0.468001206919261,0.3543301751138052,0.9961601739559836,True,0.4366333469878126,0.2948856074846823,0.1607120861196449,0.9960500868622412,True,0.7869300579164719,0.7097929576899153,0.730743831747457,0.9973904845385996,True,0.9993832059618197,1.0,1.0,0.997532823847279,True,0.8688853141426809,1.0,0.47814864251607503,0.9973926140546483,True
25,0.9991814913164141,tie_line_n2_fault,0.2845407551149914,0.0558051023410764,0.2551753358095436,0.0716896653260759,0.8362841921005433,1.0691185442912687,-0.0271655317227352,0.3336054292958437,0.9682448826613128,0.9381457160066478,1.0,0.9966880986319554,True,0.9680091124063216,0.9381457160066478,1.0,0.9957450176119906,True,0.9676904642095118,0.9381457160066478,1.0,0.9944704248247516,True,0.9988805960931426,1.0,1.0,0.9955223843725702,True,0.8013511072286291,0.9381457160066478,0.3341685072274458,0.994944489673775,True,0.9988259599309004,1.0,1.0,0.9953038397236014,True,0.9682851305126936,0.9381457160066478,1.0,0.996849090037479,True,0.9991330580191246,1.0,1.0,0.9965322320764981,True,0.9991814913164141,1.0,1.0,0.9967259652656565,True
26,0.9994016920783003,tie_line_n3_fault,0.094287039890216,0.3691285154730773,0.0138845099363346,0.2489788519836635,0.9084169068862537,0.7012380377935962,-0.1290533819326271,0.3631394586416457,0.497850280598505,0.3052108075976869,0.3840334624019199,0.9969460447967264,True,0.4645966460350126,0.2393764957755568,0.3829889770110632,0.9966446155778736,True,0.4628007788881976,0.2364254398556556,0.3825031220442518,0.9958491137972274,True,0.4634034205135716,0.2357227564959605,0.3858118426868131,0.9963563263755524,True,0.5063550838590392,0.3233007916445177,0.3827081488591517,0.9961106032879696,True,0.4629927477446583,0.2357227564959605,0.3844536400478162,0.996071837938896,True,0.5721241488731785,0.4377187639783272,0.4158679990334377,0.9971910685026218,True,0.9994016920783003,1.0,1.0,0.9976067683132014,True,0.8942054770711889,1.0,0.5794535074934615,0.9973684007912944,True
27,0.9992992301649664,tie_line_n3_fault,0.097878474911852,0.0337590472976006,0.2066063695431679,0.0936820089030479,0.9857432106444666,0.854687492586648,-0.1408511316268222,0.2159629503278343,0.7403531877031717,0.7126190376252363,0.5391523822784414,0.9970222932837728,True,0.5235876075787927,0.4646475519089297,0.1684915097713499,0.9965638167259616,True,0.5156547313936158,0.4537233344544349,0.1594388395240429,0.9957334171415506,True,0.4852962460470396,0.4227869435380918,0.0992876574323311,0.9963234396796438,True,0.7840473181878671,0.7542009812843598,0.6319358579162611,0.9958514522664876,True,0.4916826162423747,0.4227869435380918,0.1251071766938594,0.9960494011994558,True,0.8901486097924537,1.0,0.5631651406029441,0.9974292985668706,True,0.9992992301649664,1.0,0.9998468601145234,0.997350060545342,True,0.8621670259177807,1.0,0.45136972441134304,0.9972983792597797,True
28,0.9993402013692037,tie_line_n3_fault,0.2599420332506496,0.3890913354538713,0.1677632551288956,0.1627506124241678,0.8791431510223857,0.8118756063614452,-0.0510492541199276,0.4897736181287921,0.7274341328434593,0.6967783316430339,0.5191727338340257,0.9970071342537434,True,0.5547736724537703,0.5035073534067909,0.2155528083567546,0.9965271746447448,True,0.548295952704164,0.4946382503999362,0.2082412879437818,0.9956660220730016,True,0.5318815318867091,0.4685958302546043,0.1940782311875928,0.9962562358500348,True,0.7634372576117491,0.7319367005031739,0.5940005934111952,0.9958750360294536,True,0.5307758667670702,0.4685958302546043,0.1899329299794203,0.995978876579652,True,0.8898820191843236,1.0,0.5620912613291793,0.9974368154081152,True,0.9993402013692037,1.0,1.0,0.9973608054768148,True,0.8565394631933422,1.0,0.4288629795467287,0.99729487322664,True
29,0.9993335366863357,tie_line_n3_fault,0.192208566731203,0.2534631291414299,0.0020204293194134,0.2411979741197264,0.883330783688843,0.9405362750860068,-0.0957789963545781,0.3444450496558863,0.7708459500178737,0.7513337351819448,0.5837051554314492,0.997011174276156,True,0.5541377330572428,0.5090065530345621,0.2020086843717727,0.996529141788074,True,0.546468017094649,0.4991073066199279,0.19198702377669,0.99567043136205,True,0.5242667807760164,0.4721837775614432,0.1564422616774159,0.9962573063037634,True,0.8209840790037799,0.7974045688818653,0.6932883842711917,0.9958387939801971,True,0.5231676176738163,0.4721837775614432,0.152330137568434,0.9959727780039446,True,0.8877023690514703,1.0,0.5533638721521683,0.9974456040537124,True,0.9993335366863357,1.0,1.0,0.997334146745343,True,0.8545360973988387,1.0,0.42086002170697867,0.9972843678883763,True
30,0.9992472381186426,tie_line_n3_fault,0.2278205970554491,0.2379519092854032,0.1214857771298096,0.1211424278558774,0.9288058009516096,0.9619223657558492,0.0923604367287629,0.3542003556632697,0.8468755526243635,1.0,0.3904826372746548,0.9970195732227992,True,0.8811057329975831,1.0,0.5280932205120905,0.9963297114782416,True,0.9849998057781738,1.0,0.9446279699394786,0.9953712531732168,True,0.867569886418132,1.0,0.4741857968412404,0.9960937488312878,True,0.6044133734544701,0.6488230033479194,0.1244507226741973,0.9955567644478444,True,0.8513191393575733,1.0,0.409454749736529,0.9958218076937644,True,0.8678208353411769,1.0,0.47374386881404,0.997539472550668,True,0.9992472381186426,1.0,1.0,0.9969889524745702,True,0.8225734324062964,1.0,0.2931857433618674,0.9971079862633182,True
31,0.9992391813337097,tie_line_n3_fault,0.3169780489099989,0.031813642118728,0.1985221227259762,0.1695831106314051,0.9741511450892066,1.1254487322848272,-0.1343663924498262,0.3584484621930541,0.8393224724241506,1.0,0.360143015718954,0.9971468739776485,True,0.941450266643712,0.9107502104772974,0.9479064931830125,0.996394152437241,True,0.9475344268259898,1.0,0.790137707303959,1.0,True,0.8787978141120626,1.0,0.5190478027337591,0.9961434537144912,True,0.9096837353815204,1.0,0.6387349415260815,1.0,True,0.8337469767109981,1.0,0.3391317698058707,0.9958561370381216,True,0.8778155447695258,1.0,0.5135839371209734,0.9976782419571298,True,0.9992391813337097,1.0,1.0,0.9969567253348388,True,0.8293059218798747,1.0,0.3200858963882922,0.9971377911312068,True
32,0.999365600623037,tie_line_n3_fault,0.0622300059141166,0.1434940478936974,0.000314256654544,0.0917031235254287,1.022576713109927,0.7586254779706927,-0.1314809104283,0.1488707169938934,0.6118658098462342,0.5470384435518515,0.3563722717938127,0.997014080487421,True,0.4911104520603938,0.3940447095677427,0.1797471300803295,0.9966052590257604,True,0.4871374484906609,0.3876126550853591,0.1775338394262036,0.9957906443657218,True,0.4636929793441893,0.3650242565489348,0.1283859322246456,0.996337472054242,True,0.6286531620556168,0.5642255926523908,0.3901977743746734,0.995963688543012,True,0.4669146511647038,0.3650242565489348,0.1415485037578854,0.9960615878030604,True,0.9512642134661856,0.9053624748803792,0.9969675688195564,0.9973643352844276,True,0.999365600623037,1.0,1.0,0.997462402492148,True,0.8620902975154191,1.0,0.4510148764081343,0.9973463136535421,True
33,0.9992417467475359,tie_line_n3_fault,0.1822288517266604,0.0712860869468933,0.0031514395112263,0.0813474126594399,0.9177934122580792,0.9947009165859012,0.0093670823707323,0.16900689542211,0.8466077861743041,1.0,0.3892863447237893,0.997144799973427,True,0.8728776752528965,1.0,0.4951117545018704,0.9963989465097156,True,0.9493830196741088,1.0,0.7975320786964346,1.0,True,0.9936908772719322,1.0,0.9786211125260174,0.9961423965617116,True,0.9078442994482776,1.0,0.6313771977931104,1.0,True,0.8595977427348587,1.0,0.4425348792082033,0.9958560917312316,True,0.8760825385564194,1.0,0.5066735912835476,0.9976565629421298,True,0.9992417467475359,1.0,1.0,0.9969669869901432,True,0.8327136190249872,1.0,0.33371114033804616,0.9971433357619027,True
34,0.9994169824824864,tie_line_n3_fault,0.2156157925144233,0.1496868091169196,0.0277975954068742,0.2313052018711815,0.8427089213975111,0.7043018457440476,0.1173856202594581,0.3122026994546994,0.5837976902422499,0.3420962343633879,0.6540103093140495,0.9969879829281744,True,0.5446272887020309,0.2639384818077551,0.6539391927847902,0.9966929984078232,True,0.5432700279518115,0.2618701841685215,0.6534164997326499,0.9959232437375526,True,0.5336277685487724,0.2407937834946961,0.6565261110221279,0.9963973961835692,True,0.6008864261529332,0.3775679367676282,0.6520588750021901,0.9963509560742868,True,0.5330208766750207,0.2407937834946961,0.6543841916192328,0.996111748091458,True,0.654162968189572,0.4862851731577212,0.6468306092846206,0.9972509171582248,True,0.9994169824824864,1.0,1.0,0.9976679299299457,True,0.7853760051055656,0.6471705775194674,0.8497458704173226,0.9974169949660049,True
35,0.999244535380194,tie_line_n3_fault,0.0098451123999678,0.1277716115945429,0.0544350493885275,0.0734275694859661,0.913801022270528,0.9602160523367302,0.1112360766099933,0.1327396714345022,0.8518941895166507,1.0,0.4104387099904159,0.9971380480761872,True,0.8752472297068589,1.0,0.5045928166356326,0.9963961021918027,True,0.9517307509316266,1.0,0.8069230037265065,1.0,True,0.9692744398748636,1.0,0.8809649624773002,0.9961327970221544,True,0.9192757566003742,1.0,0.6771030264014968,1.0,True,0.8724359341319468,1.0,0.4938964635392615,0.9958472729885256,True,0.8761292716273994,1.0,0.506870606856932,0.9976464796526658,True,0.999244535380194,1.0,1.0,0.9969781415207761,True,0.8303643146600027,1.0,0.32430939852333296,0.9971478601166778,True
36,0.9993944055628774,tie_line_n3_fault,0.2036392867454531,0.1061810773096372,0.2776855600197957,0.159842388351375,1.0882783249411867,0.7750958088049363,0.1395620959628012,0.3736741562131306,0.5210607016359275,0.4056414681224612,0.2759299124506249,0.9970299578481628,True,0.437326729952349,0.2930295782668794,0.1665931445817001,0.996654618693937,True,0.4352592976664302,0.2890780245188479,0.1670127809137085,0.9958683607143164,True,0.4126970577282259,0.2649648192476591,0.1244748937506585,0.9963836986669272,True,0.5451736048247303,0.4383790911717742,0.3077064344929709,0.996229802462402,True,0.4212398765619378,0.2649648192476591,0.1589233322902536,0.9961065354621796,True,0.705116671540134,0.6234197806868534,0.5762788246176314,0.997348300169198,True,0.9993944055628774,1.0,1.0,0.9975776222515097,True,0.8689228169357746,1.0,0.4782848327356177,0.9974064350074804,True
37,0.9818438916691323,tie_line_n3_fault,0.0474889069029634,0.0750270857217635,0.0074470069347471,0.2050638600131615,1.0978295477591358,0.9797809456538132,0.0136236405265191,0.1675134297863178,0.784307632497056,0.7499963191403682,0.6401737695641216,0.997064122143366,True,0.5339922914789259,0.4791553814706774,0.1811062111379833,0.9965521918363656,True,0.5247394232147895,0.467329549464065,0.1685938927564194,0.9957047011746086,True,0.4920436698158008,0.4318719850894649,0.1081299242455422,0.9963007848387314,True,0.8500972777092205,0.8082172515053404,0.7880515316063885,0.9959030762198124,True,0.4944088884945018,0.4304818957893557,0.1206477542857555,0.9960240081135404,True,0.8966200220485292,1.0,0.5889864124668449,0.997493675727272,True,0.9818438916691323,1.0,0.9300486695747345,0.9973268971017949,True,0.8619464005425179,1.0,0.4504783087480533,0.9973072934220186,True
38,0.9903636435861853,tie_line_n3_fault,0.239215656000041,0.1510852048465261,0.2979876973141114,0.2965456820381582,0.9252619007332056,1.0775569614619838,0.0985414519182014,0.4924171200994184,0.7957629659558489,0.7563175202012663,0.6733361440634908,0.9970806793573728,True,0.5384273054857487,0.4823090112404051,0.192545039046049,0.9965461604161354,True,0.5291909059701749,0.4700956230603332,0.1808844540279039,0.9956879237321294,True,0.49744735162917,0.4348548881871176,0.1238003009787007,0.996279329163744,True,0.881181788227897,0.8291987225354678,0.8703873176473067,0.9959423901933452,True,0.496716541283687,0.4348548881871176,0.1211539192981803,0.9960024694623324,True,0.8998605422654467,1.0,0.6019180101052193,0.9975241589565672,True,0.9903636435861853,1.0,0.9641250810870545,0.9973294932576866,True,0.8628330957082763,1.0,0.4540159967516715,0.9973163860814336,True
39,0.9992530205704002,tie_line_n3_fault,0.1074102478305761,0.0515974301447433,0.0390815581044844,0.1422187059645684,0.8348341173835058,1.0465044480132435,0.1351207999756922,0.1701539710221862,0.8640452205383948,1.0,0.4590227450460027,0.9971581371075766,True,0.9089153474506404,1.0,0.639236208905885,0.9964251808966772,True,0.9565808655492029,1.0,0.826323462196811,1.0,True,0.9262231472432474,1.0,0.7087232128124938,0.9961693761604956,True,0.9212242082837117,1.0,0.6848968331348466,1.0,True,0.92569932987749,1.0,0.7069116206596355,0.9958856988503249,True,0.888169451516742,1.0,0.5550182257427068,0.9976595803242608,True,0.9992530205704002,1.0,1.0,0.9970120822816008,True,0.8403090096396364,1.0,0.36406066796640246,0.9971753705921433,True
40,0.9993061687336393,tie_line_n3_fault,0.1289547887495146,0.133550804560452,0.1298935804681286,0.0850008952695257,1.0305014728958402,0.8625248124766618,-0.1220904407269841,0.2387000345238105,0.8831540096362261,1.0,0.535571570788921,0.9970444677559837,True,0.5830060566173635,0.5609016878604833,0.2137184017581574,0.9965024489903298,True,0.5704491088991703,0.5444136652761405,0.1973446297273611,0.9956244753170392,True,0.5369582745736665,0.5148528722797079,0.1218776715735714,0.9962496821616788,True,0.8786578555464449,1.0,0.5188800399527551,0.9957513822330248,True,0.5343771626322088,0.5148528722797079,0.1118319829484306,0.9959709230209888,True,0.8885847256777257,1.0,0.5568129505611488,0.997525952149754,True,0.9993061687336393,1.0,1.0,0.9972246749345572,True,0.8498579181784638,1.0,0.40218640608135914,0.9972452666324958,True
41,0.9992575469130199,tie_line_n3_fault,0.3894706221348045,0.130628000662394,0.2837591719419588,0.0518569781248333,0.9193348480889616,0.9037026936591804,-0.1279106382271309,0.4278573864319953,0.84465855686752,1.0,0.3815362398999475,0.9970979875701323,True,0.875539065956233,1.0,0.5057439940569459,0.996412269767986,True,0.5887188018577496,0.6349588313718076,0.0894969693067899,0.9954605753805932,True,0.8601041579866125,1.0,0.4442617986939545,0.9961548332524957,True,0.9138174236281936,1.0,0.655269694512775,1.0,True,0.9121350457855624,1.0,0.6526704230428351,0.9958697600994144,True,0.8773911127586829,1.0,0.5119331125012963,0.9976313385334352,True,0.9992575469130199,1.0,1.0,0.9970301876520797,True,0.8320768746824729,1.0,0.3311448210523409,0.9971626776775506,True
42,0.9994221349111002,tie_line_n3_fault,0.1804583079475633,0.0159517830526737,0.2999945701658713,0.2459483420829855,1.0080911122335283,0.7107977772837109,0.0367614471793726,0.3711765016245469,0.5369469589171773,0.2741995537757932,0.602438091507512,0.9969506366096104,True,0.5355127865184486,0.2712889751020696,0.6027398023513939,0.9967333935182612,True,0.5351332862888751,0.2712889751020696,0.6019597813334912,0.99599541361787,True,0.5359559392544293,0.2712889751020696,0.6047963175903668,0.9964494892232114,True,0.5571943748354311,0.3157905320107069,0.6008676224423048,0.9963288128780058,True,0.5355366684834671,0.2712889751020696,0.6034033922515505,0.9961653314781788,True,0.5864787140518967,0.3756762214500611,0.597391475040844,0.9971709382666206,True,0.9994221349111002,1.0,1.0,0.9976885396444009,True,0.6388249751658668,0.40771711226183305,0.7424639230397148,0.997401753100086,True
43,0.9992445369699186,tie_line_n3_fault,0.0826131316006039,0.1783976238523746,0.1618750763206943,0.181495469009807,0.8203822178075066,1.0605549822331353,-0.1418511310997619,0.3021906503917399,0.8348529201086958,1.0,0.3423595109104909,0.9970521695242924,True,0.871845001582062,1.0,0.4910257474256383,0.99635425890261,True,0.9463257275829032,1.0,0.7853029103316125,1.0,True,0.8461396476425631,1.0,0.3884493339658732,0.9961092566043792,True,0.9100684063094696,1.0,0.640273625237878,1.0,True,0.8277645869999555,1.0,0.31522720358425,0.9958311444155716,True,0.8711084317554365,1.0,0.4868415807623059,0.9975921462594404,True,0.9992445369699186,1.0,1.0,0.9969781478796741,True,0.8240580326644047,1.0,0.29911754679785574,0.9971145838597628,True
44,0.9994066083107427,tie_line_n3_fault,0.1384597160100785,0.3336871718774198,0.2928069585091311,0.2637292412486821,0.848935142954078,0.733029692822652,0.0963884563940229,0.5143415438226557,0.589247454707905,0.3807597952001397,0.5984741210703319,0.9969961073610084,True,0.5477967575455408,0.2974688635368364,0.5996001574640388,0.9966491456444516,True,0.5460687623254692,0.2946476929731559,0.5991299902167171,0.9958496731388476,True,0.5397038336938913,0.279927207376117,0.6026108334643361,0.9963500865589952,True,0.6042349596328024,0.4122891380700402,0.5960865195589058,0.9962750428322232,True,0.5392519311692776,0.279927207376117,0.6010956523485902,0.9960576575762864,True,0.6751304053034168,0.5533431031591092,0.596549079110801,0.9972863357846478,True,0.9994066083107427,1.0,1.0,0.9976264332429708,True,0.8868734583256124,1.0,0.550088401886871,0.9974054314155786,True
45,0.9993308962167067,tie_line_n3_fault,0.1025939995800116,0.1805115880400966,0.1599576494484198,0.2191158542886331,1.070935632572349,0.956240308230366,0.0199082789941758,0.3310895456785806,0.7982789946656509,0.7678500949714987,0.6603597165681059,0.9970560721515002,True,0.5462600409392295,0.4971564135121059,0.1941891059091567,0.9965382308235498,True,0.5372712906913036,0.4850952496465773,0.1832153622340655,0.9956793012379944,True,0.5082617962418374,0.4529785665387774,0.1308191893668926,0.996270862522902,True,0.8745518835102678,0.8332830646558571,0.8357463867364388,0.9958950179929182,True,0.5076141536610794,0.4529785665387774,0.1285062319462753,0.9959932496204874,True,0.8965758260180854,1.0,0.5888061708764027,0.997497133195939,True,0.9993308962167067,1.0,1.0,0.9973235848668269,True,0.857452484701644,1.0,0.4325085124141026,0.9973014263924734,True
46,0.9993012661270617,tie_line_n3_fault,0.3290886223614929,0.1413599637605944,0.2225414393575415,0.1082159190516585,0.8640453874868383,0.894141380275062,-0.030145130254665,0.4006029722656438,0.8800345121683931,1.0,0.5230719075254484,0.9970661411481242,True,0.5881920887322566,0.5633770450243065,0.229519409869642,0.9964948550107712,True,0.5757120970537264,0.5489772727144688,0.2092864418103133,0.9956074009756548,True,0.5384726991128239,0.5176844659637515,0.1222837385519213,0.9962381259718712,True,0.8813651982354214,1.0,0.5296903309527643,0.995770461988921,True,0.5353256076444262,0.5176844659637515,0.1099730757441044,0.995960422906097,True,0.8872643107059787,1.0,0.5515065447440435,0.9975506980798712,True,0.9993012661270617,1.0,1.0,0.997205064508247,True,0.8515164403625913,1.0,0.4088207477121557,0.9972450137382097,True
47,0.982654472856146,tie_line_n3_fault,0.086243945451577,0.0839519202209635,0.1645815999558431,0.2595258673249098,1.0296616106976937,1.053141313100317,0.0244342280995681,0.2971516664766467,0.804630696965239,0.7699666683291,0.6815216534404236,0.9970677977623325,True,0.5380819097899803,0.486321613496559,0.1831365118684544,0.9965479002983488,True,0.5284327016191253,0.4740817693457769,0.1698707348312247,0.9956965329537224,True,0.4957658073123006,0.4377458014520118,0.1112766253719641,0.9962950009732144,True,0.8864834207482403,0.8390553024093735,0.8719236538846609,0.9958994242895528,True,0.4971837429657346,0.4365810821372469,0.1195551237445542,0.9960176838438904,True,0.8995720070185672,1.0,0.6007848192717304,0.9975032088025384,True,0.982654472856146,1.0,0.9333000938979481,0.9973177975266361,True,0.8584317285011974,1.0,0.43642248596030697,0.9973044280444828,True
48,0.9993204885264271,tie_line_n3_fault,0.0897306637585195,0.2044694020237317,0.0203475669434789,0.2896837858481759,0.9988188516670208,1.0651762834246004,0.1025685818048201,0.3021157092869531,0.9483829533618856,0.8982332978093551,1.0,0.9970652178288316,True,0.5568560545012406,0.5174532717106636,0.1960031660404873,0.996514508543148,True,0.5463622634680744,0.5045066883754019,0.1807945930262562,0.9956410840952375,True,0.520045110084627,0.4732735290399085,0.1373869492237815,0.9962464330349092,True,0.908560685404727,1.0,0.6383604888886971,0.9958822527302108,True,0.5191050242494208,0.4732735290399085,0.133907183142071,0.9959658557757955,True,0.8956282195674183,1.0,0.5849830599876569,0.9975298182820168,True,0.9993204885264271,1.0,1.0,0.9972819541057082,True,0.8559857764933403,1.0,0.4266582399323262,0.9972848660410351,True
49,0.9992214053311131,tie_line_n3_fault,0.1966396331803459,0.1162668394523148,0.2406855493082557,0.1631626176376549,1.1042587875302237,1.127326214913497,-0.0810720591470729,0.3583773197892858,0.828100086900309,1.0,0.3152675216521174,0.9971328259491188,True,0.8507694206515025,1.0,0.4067355699890917,0.9963421126169182,True,0.953514066652005,1.0,0.8140562666080413,0.9999999999999788,True,0.849670924378527,1.0,0.4026003563873068,0.9960833411268007,True,0.8966555198668553,1.0,0.5866220794674213,1.0,True,0.8609340566412194,1.0,0.4479421101667427,0.9957941163981348,True,0.8660595975962341,1.0,0.4665870147305604,0.9976513756543758,True,0.9992214053311131,1.0,1.0,0.9968856213244525,True,0.8164245118220008,1.0,0.268608139870274,0.9970899074177291,True
50,0.9992905360779536,tie_line_n3_fault,0.256210675718614,0.0252592427774575,0.1427193885638663,0.0006658699594984,0.8587405083322126,0.8570291599452969,0.1382573074332748,0.2124275885097181,0.8877359181793555,1.0,0.5538266185118843,0.9971170542055376,True,0.5857265205088489,0.5550901207101304,0.2362375347130481,0.9964883059020868,True,0.5644018822161694,0.5328664182476507,0.1962819544693843,0.9955927378999916,True,0.526863893988092,0.5011406700233763,0.1089289859838942,0.9962452499217213,True,0.8857471208430181,1.0,0.5471834139431131,0.9958050694289592,True,0.5355373312618087,0.510832853749317,0.1245156994268548,0.995967918121746,True,0.8994163777151876,1.0,0.6000644699256377,0.9976010409351124,True,0.9992905360779536,1.0,1.0,0.9971621443118142,True,0.8557161663243835,1.0,0.4256200981398166,0.9972445671577177,True
51,0.9993100703854091,tie_line_n3_fault,0.3115134408518957,0.2893887610921321,0.2080045355274163,0.0782278951086454,0.7340335577351188,0.8024685024262508,-0.053705406365484,0.4435673162900447,0.89468099431425,1.0,0.5817214688107164,0.9970025084462836,True,0.5815609887335571,0.5616335001715039,0.2065000058812813,0.9964769487099394,True,0.5722867837780155,0.5488310119974739,0.1958906211286368,0.9955944899884772,True,0.5494403011165407,0.5260085787740133,0.1495267781383411,0.996217268779795,True,0.8845651333832709,1.0,0.5425077762225143,0.9957527573105692,True,0.5482437241184565,0.5260085787740133,0.1450197410012705,0.9959379979245288,True,0.8861818952205708,1.0,0.5472472916671371,0.997480289215146,True,0.9993100703854091,1.0,1.0,0.9972402815416362,True,0.8498591770479551,1.0,0.4022029539770884,0.9972337542147321,True
52,0.9993736730762198,tie_line_n3_fault,0.1461432363788774,0.0945599342884717,0.2392446698272052,0.0675662209726774,0.9662960095987144,0.7447739905392801,-0.0401809266522308,0.2737570307336159,0.5738050099625718,0.4839346268418416,0.330321694852028,0.9970290913145756,True,0.4657901335501245,0.3469979668635707,0.1725408230961882,0.9966237773771685,True,0.4620174692512819,0.341001137034732,0.1702471237547129,0.9958204791809508,True,0.4381479889249305,0.3203114452869343,0.115608868359665,0.9963601967661886,True,0.5892947138889542,0.5003848738992209,0.3603653564203704,0.9960437513370044,True,0.4454387080057566,0.3203114452869343,0.1450483533768078,0.9960835880723496,True,0.8305523636003547,0.7695747576876684,0.7856949823935153,0.9973649566325667,True,0.9993736730762198,1.0,1.0,0.9974946923048793,True,0.8665061379512673,1.0,0.46865516502191085,0.9973693867831582,True
53,0.9993766146310727,tie_line_n3_fault,0.1852211795539241,0.2223417767279257,0.1551564116152374,0.2863624112995215,0.8280262764247985,0.914994695116973,0.0262370969809604,0.4245408895983044,0.5666742840938593,0.4664443211604934,0.336774445205215,0.9970340488492354,True,0.4693530610188263,0.3434839050532347,0.1938337453364909,0.9966106886323448,True,0.4660515393689644,0.3384488043791426,0.1915164359320513,0.9957921127855208,True,0.4534978708959647,0.3253412232393421,0.1669834721577601,0.9963255649474144,True,0.5828674014202876,0.4839684180739057,0.3674465191642113,0.9960862503691276,True,0.4525754310213386,0.3253412232393421,0.1635793701880814,0.9960399074185888,True,0.8325773033251216,0.7645062588733766,0.8039119207539898,0.9973847747997432,True,0.9993766146310727,1.0,1.0,0.9975064585242912,True,0.8688275637977055,1.0,0.4779335182730833,0.9973767369177388,True
54,0.9993955803729336,tie_line_n3_fault,0.1279225220243714,0.3021778554867565,0.0854604725647383,0.2666615435167027,0.9012332816900692,0.8057761412371189,0.1222313724105406,0.3911111967962845,0.5454770488477778,0.417791234287914,0.349311822374581,0.997013904440702,True,0.4939229513172563,0.3164409401105471,0.346180299922473,0.996629625125458,True,0.4917653285944803,0.3128404384713387,0.3455582823451344,0.9958221550901094,True,0.4848626488624701,0.2973963441680312,0.3483188728130244,0.9963390343007936,True,0.5607097431542551,0.4492514299550365,0.3481132308641008,0.9962228818428468,True,0.4842306289593681,0.2973963441680312,0.34607686659362,0.9960529609077896,True,0.7106033123872952,0.6336863130963637,0.5777008665827346,0.997339756773719,True,0.9993955803729336,1.0,1.0,0.9975823214917346,True,0.8696214718198105,1.0,0.4810874124120552,0.997398474867187,True
55,0.9838599520828905,tie_line_n3_fault,0.0415306459774917,0.0126602780227953,0.2090904477561286,0.238412876059463,0.9792245885517494,1.0339891138066126,-0.0724988169585314,0.2508471239079394,0.7443303783544039,0.7116109397464263,0.5570612169691174,0.9970384169556452,True,0.5197961887906587,0.4579465681532164,0.1667286593237271,0.9965629595324746,True,0.5116539259503531,0.4468132748260746,0.1572580476302469,0.9957311065190162,True,0.4815120982908352,0.4161430131254386,0.0974377743088794,0.996324592603584,True,0.7908167260286383,0.7554746188183477,0.6564405912176561,0.9958770752602016,True,0.4885494587025267,0.4161430131254386,0.1258603382291383,0.9960514703300912,True,0.8935503444595515,1.0,0.576754046637614,0.997447331200592,True,0.9838599520828905,1.0,0.9380959680291134,0.9973438403024485,True,0.863565177325254,1.0,0.4569572486365878,0.997303460664428,True
56,0.9993890070006037,tie_line_n3_fault,0.2752914519453272,0.0171933603788052,0.1506014474932984,0.2200826623274483,0.8820537516394529,0.8737337401263445,-0.0203388556356096,0.3315844610724396,0.4962294394179347,0.3599766160940088,0.2679562368930916,0.9970082885906294,True,0.4149799957200489,0.2539605668842725,0.1553369603997403,0.9966618887119104,True,0.4128413638263553,0.2495045732793189,0.1564688611385243,0.9958874476082592,True,0.3991858103992036,0.2410026824687727,0.1183313318313779,0.9964065448278914,True,0.5081363512522824,0.3725047482433218,0.2914230373866964,0.9961128711357896,True,0.4075343284691572,0.2410026824687727,0.151997625125805,0.9961343238132784,True,0.6522847817169795,0.5358880104176887,0.5400667267700499,0.9972963792624908,True,0.9993890070006037,1.0,1.0,0.9975560280024152,True,0.8729223303260683,1.0,0.49430381791654554,0.9973855033877272,True
57,0.9993290292491308,tie_line_n3_fault,0.3197445293204497,0.2893002358242686,0.2680725395414959,0.1275517926717431,1.0025386973913688,0.8251022842126634,0.0329926855437069,0.5023345486789788,0.8070033815508725,0.7777746750918265,0.6754309890435337,0.9970331869763034,True,0.5571240334775858,0.5133341429051522,0.2053117674697375,0.9965160806303012,True,0.5487993793993052,0.5029269397247548,0.1936963438420278,0.9956472943056836,True,0.5241785129821046,0.4710675702810284,0.1583344830440296,0.996244428322332,True,0.8970666090936359,0.8515952935242936,0.8892019179076236,0.9958739314183328,True,0.5231156579063597,0.4710675702810284,0.1543645944869176,0.9959628965764642,True,0.8909220692835405,1.0,0.566203485197935,0.9974847919362267,True,0.9993290292491308,1.0,1.0,0.9973161169965233,True,0.8568344320753767,1.0,0.4300511939166647,0.9972865343848423,True
58,0.9993954488012629,tie_line_n3_fault,0.0761288961707146,0.2030390720710422,0.0260367887764506,0.2752179948292618,0.9311997978426072,0.8438288438932244,0.0642675864970062,0.2902113759237346,0.5124031149661346,0.3896999039165656,0.2732001821290701,0.997012469902337,True,0.4427332797508158,0.2902119079518008,0.1938636107301192,0.9966456923695424,True,0.4406413608658889,0.28683613417324,0.1930425401626188,0.9958506349544568,True,0.4340811275632897,0.2721503080133907,0.1956641234186378,0.9963597708077396,True,0.5322366755500727,0.4171406281932014,0.2984720946800507,0.9961933511338372,True,0.4333107707859389,0.2721503080133907,0.1928657957720148,0.9960766713449596,True,0.6768489682613761,0.5876498074496633,0.5347779060983129,0.9973183520478648,True,0.9993954488012629,1.0,1.0,0.9975817952050514,True,0.8666485493994343,1.0,0.46919655236398583,0.9973976452337514,True
59,0.9709403939027929,tie_line_n3_fault,0.0147670644437068,0.0389032225458434,0.2529630292727988,0.2246272976586932,0.8019269522915292,0.968336076563328,0.0313246943713325,0.2656303069605211,0.6424200900955723,0.5768292943319199,0.4189680924864696,0.9970536792319802,True,0.4882424982876253,0.3922856831127653,0.1718017478380815,0.996596879086889,True,0.4824024283984469,0.3839139895597689,0.1660016747914277,0.995780059682822,True,0.4542096843692935,0.3561823365968901,0.1081280028017985,0.9963460614815952,True,0.6687438454150563,0.6041663494113837,0.4706342264862506,0.9960084563512068,True,0.4615909970674575,0.3561823365968901,0.1379269065274897,0.9960724085485602,True,0.910163446660836,1.0,0.6432232806213669,0.9974305060219768,True,0.9709403939027929,1.0,0.8863344566812188,0.9974271189299527,True,0.8689257734048915,1.0,0.4783515804887024,0.9973515131308637,True
60,0.9992880260834711,tie_line_n3_fault,0.2645041363021663,0.1041891662605002,0.1979954998750603,0.0574853706578836,0.8759840689009534,0.8814555890663069,0.0465986444424466,0.3120870865478052,0.8762488917658803,1.0,0.5078974347594105,0.9970981323041108,True,0.6184838256561386,0.5985027652060417,0.2804523879418354,0.9964773842706354,True,0.5945445054276953,0.5739695318913587,0.2346662073688854,0.9955727505591786,True,0.5497694073663162,0.5330143733080057,0.1368259164972904,0.9962229663519628,True,0.873032539221426,1.0,0.4963708617099129,0.9957592951757912,True,0.5577045804402869,0.54320967470878,0.1484564832597357,0.995942489083852,True,0.8918347475785849,1.0,0.5697459164608425,0.9975930738534972,True,0.9992880260834711,1.0,1.0,0.9971521043338843,True,0.8490768232521972,1.0,0.399076430106593,0.9972308629021958,True
61,0.9992915146570813,tie_line_n3_fault,0.078805820158155,0.0017711829215255,0.0357623416366394,0.056147218870368,0.7894779528648856,0.9102199829932838,0.025701056348881,0.086243281793344,0.886116608917003,1.0,0.5473718469886748,0.9970945886793372,True,0.5839123375802885,0.5582857376415641,0.2225882141540616,0.996489660883964,True,0.5624802183311066,0.5354246405145349,0.1834706376669324,0.9956009546284246,True,0.5292316207069723,0.5066201806094185,0.1074319550342437,0.996254166574808,True,0.8804071173449538,1.0,0.5258619548043022,0.9957665145755132,True,0.5407922882841554,0.519728280784051,0.1277346091438147,0.9959779824247048,True,0.8940494396083705,1.0,0.5786211662390954,0.9975765921943864,True,0.9992915146570813,1.0,1.0,0.9971660586283251,True,0.8506076935531102,1.0,0.4051939189295837,0.997236855282857,True
62,0.9992547254695751,tie_line_n3_fault,0.3045462396654891,0.1634707465763362,0.2857251749492449,0.0581134424378281,0.9727186094770908,0.9083727826131462,0.0976580730614543,0.4059278018144492,0.855585458834413,1.0,0.4252370145164938,0.997104820821158,True,0.9298677965877832,1.0,0.7230729074851148,0.9963982788660184,True,0.9524921123436152,1.0,0.809968449374491,0.9999999999999702,True,0.8663611645997352,1.0,0.4693050028491932,0.9961396555497476,True,0.9160200831697356,1.0,0.6640803326789424,1.0,True,0.9411575513124948,1.0,0.7687724857206533,0.9958577195293256,True,0.8783293959713763,1.0,0.5156995046289055,0.9976180792565996,True,0.9992547254695751,1.0,1.0,0.9970189018783002,True,0.8339199970955754,1.0,0.338520877115549,0.9971591112667527,True
63,0.9994028913813782,tie_line_n3_fault,0.2693365599503161,0.1230654919865058,0.2704047871595866,0.2806076309070782,0.9266270518595716,0.8537546251058044,0.1048656330866869,0.4717072350017434,0.501991866341209,0.3739705497603339,0.2630172895811711,0.9970090762629972,True,0.4519954855219804,0.2764486203657024,0.2584136789227678,0.996671022433749,True,0.4500370040473016,0.2732767850145082,0.2577008411376909,0.9958936050224994,True,0.4408926561899448,0.2531454014099237,0.2608864092682452,0.9963934126716868,True,0.5246309144945726,0.4062231724549633,0.2898203499863427,0.9962569630820208,True,0.4400463695968341,0.2531454014099237,0.2577739864016948,0.996120689165794,True,0.6506630583339925,0.5557930571834553,0.493766974784009,0.9972991441850504,True,0.9994028913813782,1.0,1.0,0.9976115655255124,True,0.8732335514948268,1.0,0.495525883085417,0.9974083228938904,True
64,0.9992629798613771,tie_line_n3_fault,0.1421794953824011,0.0372437777748696,0.1867980209623112,0.041982331219,0.9753200801252496,0.9195481896025722,-0.0633432924623789,0.204101812669291,0.8560123539476469,1.0,0.4269280097161072,0.9971214060744804,True,0.893641253822486,0.86016867401439,0.857790572766632,0.9964370944945328,True,0.5726600400847861,0.5956753555080179,0.1037902689541105,0.9954991803689982,True,0.897253104911609,1.0,0.5928220373386424,0.9961903823077936,True,0.9327249618935164,1.0,0.7308998475740651,1.0,True,0.8769482316640362,1.0,0.5118844824464261,0.9959084442097188,True,0.8847724792064973,1.0,0.5414527034798375,0.9976372133461516,True,0.9992629798613771,1.0,1.0,0.9970519194455085,True,0.8416543533611807,1.0,0.3694332208784985,0.9971841925662243,True
65,0.9984404633058719,tie_line_n3_fault,0.0703448372511644,0.1449033435371084,0.1698445584359166,0.0181256856347091,0.9815751296001248,0.7711577659083784,-0.0057919744251413,0.2016092124294493,0.8007874830233588,0.7713784533144896,0.6633331360162984,0.9970598894481572,True,0.5444130568236065,0.495913584097679,0.1892804951261268,0.9965445639729412,True,0.5350637348595347,0.4834396482734414,0.1776871303074472,0.9956885125838092,True,0.5043100407875574,0.4490664421633706,0.122825895895879,0.996281382927609,True,0.8759070792465062,0.8357868141357614,0.8361653528561277,0.9958893358583742,True,0.5036365175805443,0.4490664421633706,0.1204049436629759,0.99600824233246,True,0.8922941859284658,1.0,0.5716786135905068,0.9974981301233564,True,0.9984404633058719,1.0,0.9964393988460181,0.9973224543774695,True,0.857746775378432,1.0,0.4336844360214158,0.9973026654923123,True
66,0.9994145450129173,tie_line_n3_fault,0.3964024136991868,0.1757239726113002,0.2446979284312163,0.2286058742228219,0.7203750855503962,0.7059975089384878,0.1148879296290012,0.5227150944822626,0.5823606435341024,0.3518141267121748,0.6288238105123725,0.996990510199688,True,0.542392017378915,0.271969923470622,0.6289432242408353,0.9966849983335804,True,0.5409788811768355,0.2697839398686436,0.6284377058676398,0.9959099391024152,True,0.5322309917824462,0.2504336141564821,0.6316690786436681,0.9963876601731524,True,0.598994002221594,0.3864068330943994,0.6268276251767766,0.996334717520801,True,0.5316411633934522,0.2504336141564821,0.6295981481900021,0.9960992770708424,True,0.6559142143853023,0.502122614833782,0.6221532616315955,0.9972583662420498,True,0.9994145450129173,1.0,1.0,0.9976581800516692,True,0.8346981421912059,0.741096415383766,0.8591849784148593,0.997414759582432,True
67,0.9992601326870382,tie_line_n3_fault,0.2742256856772602,0.2854261538432145,0.068951430710153,0.0385392303947604,0.7574326629376048,0.8377743189826637,0.0239526259799945,0.3335712503126941,0.8476272043937243,1.0,0.3935166908836685,0.9969921266912284,True,0.7353021244969203,0.7273076477531256,0.4902438689289852,0.996349333552445,True,0.6942492598929089,0.6884656226702416,0.4046589094491253,0.9954068847820268,True,0.9397764547145372,1.0,0.7629919654274886,0.9961138534306602,True,0.8515674824968575,1.0,0.4106969070439419,0.9955730229434884,True,0.8956954615552022,1.0,0.5869410214556616,0.9958408247651472,True,0.8716942371205045,1.0,0.4892642611489499,0.997512687333068,True,0.9992601326870382,1.0,1.0,0.9970405307481526,True,0.8289757210103896,1.0,0.3187776069992445,0.997125277042314,True
68,0.996652823488744,tie_line_n3_fault,0.1716778147883479,0.0659077172660924,0.0444098046172338,0.1771505646669102,0.8739928879106321,0.8577199458109864,-0.0486191190864269,0.2295729506692922,0.577203729153088,0.4897788099600352,0.3322312683485542,0.9970260283437272,True,0.4655215331796376,0.3484286261917961,0.1686047619125084,0.99662411842245,True,0.4615821294905157,0.3422242704296561,0.1660562370739811,0.9958237400287696,True,0.4378161645458842,0.3207650744983526,0.1133685790066643,0.9963659301801674,True,0.5930734579960678,0.5066343215503291,0.3629935999585569,0.9960315889250562,True,0.4454361867833651,0.3207650744983526,0.1441234975359542,0.9960911006008012,True,0.8371142055885662,0.777569288798489,0.7959578198500452,0.997360424907242,True,0.996652823488744,1.0,0.9891222979594225,0.9974889959955531,True,0.8671339747834297,1.0,0.4711704865947226,0.9973654125389961,True
69,0.999382358130979,tie_line_n3_fault,0.1331163420185267,0.268302750149153,0.1221445084582094,0.1997457365162458,0.7001218094786459,0.780318313854552,-0.0036034244543333,0.3616546685710675,0.5424131823775997,0.4283649320672834,0.3159043792744,0.9970184861014324,True,0.4594989687331399,0.3216532529592857,0.198073655307752,0.996615713706236,True,0.4569640650134756,0.3175233791729359,0.1970094380041622,0.9958000637038684,True,0.4517059289774975,0.310267084775199,0.189963474655471,0.9963260717041212,True,0.555300989138331,0.4422191817854453,0.3406719878722839,0.9960936051101495,True,0.4508350658233516,0.310267084775199,0.1867669397534115,0.9960391539895972,True,0.749536877405448,0.6664152812197061,0.6679650472951373,0.9973518998872428,True,0.999382358130979,1.0,1.0,0.9975294325239159,True,0.8674149984705047,1.0,0.4722818626246159,0.9973781312574032,True
70,0.9992278099944883,tie_line_n3_fault,0.2021146318749477,0.1702431524875153,0.1369218916069196,0.1889701652299003,0.7354802820168892,1.1229714487782738,0.1498345122424182,0.3491249205996415,0.83770347448761,1.0,0.3537177623750835,0.997096135575356,True,0.902533066821632,1.0,0.6138056715415274,0.9963265957450004,True,0.9464870294160496,1.0,0.7859481176641978,1.0,True,0.8385211537840873,1.0,0.3580058998941133,0.9960787152422358,True,0.9066602125746844,1.0,0.6266408502987382,1.0,True,0.8445238170054159,1.0,0.3822988476156297,0.9957964204060336,True,0.8699593125187941,1.0,0.4822340583373439,0.9976031917378324,True,0.9992278099944883,1.0,1.0,0.9969112399779535,True,0.8207461683241323,1.0,0.2858924298953731,0.9970922434011559,True
71,0.9994001719076704,tie_line_n3_fault,0.0270330889055321,0.1363892116857552,0.2472614196135426,0.21168284682887,0.9701649708143234,0.7636092541779573,-0.0701260263417466,0.31118328351685,0.4642800472651083,0.3142208833213293,0.2316989758125771,0.9969794466051976,True,0.4037948884384914,0.2302827855720602,0.1579417453167195,0.9966722372931254,True,0.4029039443766136,0.2276360141786441,0.1604461498620502,0.995897599287116,True,0.3913849800755343,0.2206540004434284,0.1278368857787626,0.9963950336365176,True,0.4792048254675258,0.3355785552049155,0.249519657082299,0.9961425343779736,True,0.3981627820257964,0.2206540004434284,0.1552234925488704,0.9961196346674586,True,0.5890840459325427,0.4650969978041319,0.4289064086804899,0.997235779441417,True,0.9994001719076704,1.0,1.0,0.9976006876306813,True,0.8748324690094409,1.0,0.5019434455954794,0.9973864304422843,True
72,0.9993450030851248,tie_line_n3_fault,0.1733425538907593,0.3405538148878211,0.1348730900244814,0.1431026978002459,1.0931794295498083,0.7966956993803329,-0.0346217920298607,0.3959360783016539,0.705823513437785,0.6686142950419212,0.4890469911039012,0.9970184725633964,True,0.5433831993851412,0.482449318967363,0.212092705699213,0.996541453906626,True,0.5373231816147146,0.4741457123171414,0.205315096333809,0.9956862054907664,True,0.5171381290509466,0.4434257772973419,0.1854346104061974,0.9962663512029049,True,0.7371968725923181,0.7002560964580808,0.5523666191157979,0.9959086783373132,True,0.5160199668023393,0.4434257772973419,0.1812425244384385,0.9959857881762348,True,0.8905304846087592,1.0,0.5646840043967813,0.9974379340382556,True,0.9993450030851248,1.0,1.0,0.997380012340499,True,0.8594325864526187,1.0,0.44042044976812633,0.9973098960423482,True
73,0.9993453183771082,tie_line_n3_fault,0.0632057149670857,0.2090249592804175,0.0501261115020962,0.1247463354934381,0.9765838448001468,0.8191696887398655,0.0356038334999407,0.2235515606215188,0.7089254342149891,0.6663313775097527,0.5059869786904123,0.9970520031500384,True,0.5281705341918003,0.4588087270819335,0.1985065399322962,0.996558142671038,True,0.5214274768483176,0.4499903543274588,0.1900201205849114,0.9957090781534412,True,0.4960662013644648,0.4206832495497907,0.1466152213755265,0.9962830849827512,True,0.7455223930317416,0.7033317999298392,0.5794685211287565,0.9959574511385316,True,0.4949710532358246,0.4206832495497907,0.1425186336470254,0.9959990801966916,True,0.8965629906003308,1.0,0.5887808778097359,0.9974710845915874,True,0.9993453183771082,1.0,1.0,0.9973812735084325,True,0.8605731404762826,1.0,0.4449647348777539,0.9973278270273769,True
74,0.999298951479806,tie_line_n3_fault,0.1177565578690543,0.1224675011248424,0.2040384503704589,0.0658215582381781,1.0852006870106508,0.8652115257091634,0.005087417255858,0.255042033801267,0.8795078951401203,1.0,0.5209530234955615,0.9970785570649195,True,0.5904015707195578,0.5651948024719411,0.2347225651565949,0.9964941127777538,True,0.5765301958410695,0.5498662397925494,0.2107842348262814,0.9956040689528975,True,0.5370793508974397,0.5152514075458162,0.1215759950890031,0.9962385934091236,True,0.8799508943529675,1.0,0.5240246369897221,0.9957789404221477,True,0.5342034848666998,0.5152514075458162,0.1103527930039049,0.9959583313712618,True,0.8884075369651678,1.0,0.5560659485866175,0.9975641992740536,True,0.999298951479806,1.0,1.0,0.9971958059192237,True,0.852460245588791,1.0,0.4125952347866466,0.9972457475685174,True
75,0.9992483924551003,tie_line_n3_fault,0.074533516697119,0.2677274701772247,0.0432563996348923,0.182976859905418,0.943031163049439,1.0174342829794665,-0.0317193125336908,0.2842471232073271,0.8418057637115924,1.0,0.3702463621767258,0.996976692669644,True,0.9506716897414104,1.0,0.8063697981853721,0.9963169607802692,True,0.8754880153563761,1.0,0.5065895425127778,0.9953625189127264,True,0.8512494262224406,1.0,0.4089075614503201,0.996090143439442,True,0.6167438624074766,0.6668193412251581,0.1378293909943089,0.9955073761852814,True,0.8356731707863809,1.0,0.3468746161721299,0.9958180669733936,True,0.8674817697579483,1.0,0.4724235212933116,0.9975035577384816,True,0.9992483924551003,1.0,1.0,0.9969935698204013,True,0.8204434362782977,1.0,0.2846809668462953,0.9970927782668955,True
76,0.9992570554080399,tie_line_n3_fault,0.2254832385486826,0.1821404934824665,0.1416808675114003,0.1753912588711017,0.7831285159393778,1.018886290033563,-0.0676017747558677,0.3623479292068255,0.8456754194126139,1.0,0.3856413641851581,0.9970603134652976,True,0.970910797978252,0.9436279020013036,1.0,0.9963873879104004,True,0.5867842423072536,0.6366524251268342,0.0783939848274677,0.995438134147878,True,0.8881874685519783,1.0,0.5566136737916345,0.9961362004162788,True,0.9153526157948102,1.0,0.6614104631792408,1.0,True,0.9001108241713768,1.0,0.6045851462852809,0.9958581504002264,True,0.8746410696866559,1.0,0.5009775906205114,0.9975866881261124,True,0.9992570554080399,1.0,1.0,0.9970282216321595,True,0.8322243049064267,1.0,0.331750749090439,0.9971464705352681,True
77,0.9993094826681621,tie_line_n3_fault,0.0600861581739113,0.1900431463244979,0.1208032578192493,0.170622794017117,1.0264088395261102,0.9293033369604606,0.0108371284994454,0.2707776781673878,0.8963794723586461,1.0,0.5884686812989735,0.9970492081356112,True,0.5744107845406997,0.5476099225408219,0.2059257493849209,0.996497543696234,True,0.5634298868877845,0.5323692441502201,0.1933634420068344,0.9956176172438634,True,0.5347502128144069,0.5048517482871893,0.1330609622344916,0.9962363924487576,True,0.8850734300255618,1.0,0.5444924685240657,0.9958012515781816,True,0.5328157691239908,0.5048517482871893,0.1256010143404964,0.995958565581088,True,0.8899039440902922,1.0,0.562091565562902,0.9975242107982666,True,0.9993094826681621,1.0,1.0,0.9972379306726482,True,0.8529482617313346,1.0,0.41453854024207004,0.9972545066832683,True
78,0.9991929270377726,tie_line_n2_fault,0.3206913448795649,0.0520542235364858,0.2823474807992474,0.0595044934433713,0.7643339618889555,1.0641213455641756,-0.1262947739495745,0.3572987713293348,0.9806882942435526,0.9629862427064754,1.0,0.9967806915612604,True,0.980444018785954,0.9629862427064754,1.0,0.995803589730866,True,0.8916555921951126,1.0,0.5666223687804504,1.0,True,0.9988854078524152,1.0,1.0,0.9955416314096608,True,0.8518323780366502,1.0,0.4073295121480242,0.9999999999985768,True,0.998825206998238,1.0,1.0,0.9953008279929518,True,0.9807340061752984,0.9629862427064754,1.0,0.9969635392882435,True,0.9991376113652632,1.0,1.0,0.9965504454610528,True,0.9991929270377726,1.0,1.0,0.9967717081510905,True
79,0.9992928459752373,tie_line_n3_fault,0.134980261929857,0.1081643856036471,0.0590983581464335,0.2770154313917492,0.9445264499753432,1.139570501300848,0.0729281778594971,0.2896292185358434,0.8825506252814134,1.0,0.5331040090219048,0.9970984921037488,True,0.6019927074354572,0.5770084083459915,0.2574682645268176,0.9964857485230282,True,0.5835836646680241,0.557598261517111,0.2235512715740313,0.9955868640638434,True,0.5401707341993108,0.5191167093838889,0.1262192270769233,0.996230290952542,True,0.8807341866006468,1.0,0.5271515245756149,0.9957852218269724,True,0.5407572737067606,0.5219015581198818,0.1232759068208046,0.9959500717664744,True,0.8902697170470778,1.0,0.563490112030351,0.99758875615796,True,0.9992928459752373,1.0,1.0,0.9971713839009493,True,0.8486280513093811,1.0,0.3972706588354349,0.9972415464020896,True
80,0.9994143985536705,tie_line_n3_fault,0.2064829419520962,0.0795940446313653,0.1074471017459355,0.2329030221112945,0.7137313045632967,0.718574865731384,-0.0185423644023022,0.3132135552203458,0.5011408087650833,0.2792385894165733,0.4491340904673251,0.9969519657598614,True,0.4654226650904393,0.2078761285892167,0.4492255679372192,0.9967128352461044,True,0.4641382942247244,0.2059855491954163,0.4486206368428362,0.9959614416652288,True,0.4605643698591407,0.1970357238300593,0.4517557773625498,0.9964302544138944,True,0.5148079006991995,0.3077172047506438,0.4475442392820099,0.9962529540135002,True,0.4600805001807608,0.1970357238300593,0.4501005558731137,0.9961499971898112,True,0.5587847491753846,0.3966166585410231,0.4447349733300925,0.9971707062893996,True,0.9994143985536705,1.0,1.0,0.9976575942146823,True,0.6574420620593197,0.5050741714380129,0.6222284660956667,0.997391439265586,True
81,0.9992956781584937,tie_line_n3_fault,0.103672988035969,0.3443863397315521,0.0861486653505977,0.2151254248601444,0.9559910167813952,0.958703724408568,0.0377515935961343,0.3746667089891317,0.8759339784565079,1.0,0.5067347936233766,0.9970011202026552,True,0.6010555177073922,0.5839453545684385,0.2398964430856551,0.9964349186070364,True,0.5883532346080129,0.5697962184245423,0.2182874157211856,0.9955330858617816,True,0.5705627961696171,0.5627589903534077,0.1605492383788203,0.9961839655928326,True,0.8714035540704977,1.0,0.4898951734787751,0.995719042803216,True,0.5687380351076492,0.5627589903534077,0.1535231588398069,0.9959110008839742,True,0.8826155475430368,1.0,0.532962995218309,0.997499194953838,True,0.9992956781584937,1.0,1.0,0.997182712633975,True,0.844506966380246,1.0,0.38082364000981883,0.9972042255111653,True
82,0.9994028540960125,tie_line_n3_fault,0.1623402713312665,0.1891183279161974,0.1480599809891924,0.1601120111713944,0.7513339619300085,0.7067235077180684,0.1135093920844881,0.3298152957040254,0.532536328293129,0.3864102561405385,0.3603160884291654,0.9970087124622738,True,0.4843837287015561,0.2915506088024672,0.3577730582568108,0.9966606389444792,True,0.4825322256019637,0.2885339302912157,0.3571870529754299,0.9958739888499936,True,0.4744728979856289,0.2705137444085891,0.360492060834332,0.9963720422910054,True,0.5481754739041862,0.4186565846110484,0.3591274734227774,0.9962612529718704,True,0.4738617511106013,0.2705137444085891,0.3583345767141814,0.9960849389110454,True,0.6634802622799973,0.5719271612730457,0.5127614565678833,0.9973052700060148,True,0.9994028540960125,1.0,1.0,0.9976114163840497,True,0.8739438126437522,1.0,0.49836761839430466,0.9974076321807042,True
83,0.9992773087258134,tie_line_n3_fault,0.2779603391117566,0.0406179093152305,0.1855654369153023,0.1688682451671079,1.0073115042206973,1.0375716254262315,-0.1154820307595863,0.3365059652546987,0.8667679645211558,1.0,0.4699830919826553,0.9970887661019678,True,0.6952684918877783,0.6961694413732213,0.3922770472766785,0.9964580375279916,True,0.6315154150379273,0.6333124705167892,0.2638915926325822,0.9955451264855484,True,0.616093568804039,0.6089257948370653,0.250305063431135,0.9962176221108904,True,0.9277954872204104,1.0,0.7111819488816415,1.0,True,0.6908377546675546,0.6875481614787413,0.3923165745296479,0.9959381211830878,True,0.8892632242054247,1.0,0.5594503373821169,0.997602559439582,True,0.9992773087258134,1.0,1.0,0.9971092349032536,True,0.8412026282378147,1.0,0.3676073560274489,0.9972031569238097,True
84,0.9993861837615536,tie_line_n3_fault,0.2107290593001264,0.2837818974963865,0.23744558344796,0.2717922827466484,1.03412022309081,0.8529549181318582,0.1258810466892597,0.5018744114955607,0.55036998467314,0.4431176839457897,0.3182112063892433,0.9970333644117372,True,0.4633694618270519,0.3281801564917471,0.2005010410049159,0.9966164933197976,True,0.4607806503758388,0.3239166708504208,0.19948945525244,0.9957998045500736,True,0.4523959197892373,0.3058821856181901,0.2014933432000916,0.9963259647204774,True,0.572645997507708,0.4724086807365869,0.349587989144215,0.9961786394134432,True,0.4511574729087321,0.3058821856181901,0.1968258658459625,0.9960396545525858,True,0.7746578902175172,0.7025784787541713,0.6960916317123207,0.9973829716494051,True,0.9993861837615536,1.0,1.0,0.9975447350462144,True,0.8676423239509691,1.0,0.4731761055132786,0.9973931902905978,True
85,0.9722683617751317,tie_line_n3_fault,0.0001108687898277,0.0569046226780235,0.2543918707880854,0.1715349858680107,1.074399323132132,0.9347021708629808,0.0578127610553846,0.2414711740619737,0.728345737623999,0.6836333381536813,0.5490466776716616,0.9970695965169716,True,0.5169854913288011,0.4470272264213629,0.1773203080323924,0.996567204440086,True,0.5089659597920011,0.4365508553917154,0.1670327796488777,0.995729348735696,True,0.4764385949498521,0.4032895202888966,0.1028590474507709,0.9963162917708442,True,0.7744616429934192,0.7284712440693644,0.6449480524408422,0.995956031394106,True,0.4815066183440673,0.4014593950892662,0.1270670410964385,0.9960406421012984,True,0.9044296332005156,1.0,0.6202339206621872,0.9974846121398756,True,0.9722683617751317,1.0,0.8917126577387506,0.997360789361776,True,0.8631119837315562,1.0,0.45512084302393774,0.9973270919022872,True
86,0.9993698659720461,tie_line_n3_fault,0.3800151948019739,0.3215755895083949,0.2302583853672685,0.090531240702986,0.8752706843168104,0.7166190012125896,0.1306586129326183,0.5111902051903117,0.594595035744325,0.4991759227460365,0.3829786555767285,0.9970496419084988,True,0.4865680944237043,0.3698900293604268,0.2099071404756785,0.9965851784982852,True,0.4826670657145163,0.3641335579653165,0.2066527027742601,0.995748444153172,True,0.4684960132056898,0.3408085178389995,0.1960684378496182,0.996298579295142,True,0.6180916349795093,0.524879773204715,0.4265043191910891,0.996102674317518,True,0.4676014562729355,0.3408085178389995,0.1927741626115207,0.9960146268022224,True,0.9236927111189254,1.0,0.697330407168117,0.9974404373075846,True,0.9993698659720461,1.0,1.0,0.9974794638881844,True,0.8706330297759446,1.0,0.48515946592523207,0.9973726531785465,True
87,0.9993204192760168,tie_line_n3_fault,0.1447223172779513,0.0078279599237572,0.2348476732898424,0.2693677171869698,1.0669106089126446,1.1066172213247674,-0.149319156494608,0.3283828338392603,0.8793004087102496,0.8523960376018501,0.8153807636404018,0.9970287959968964,True,0.5419768797325496,0.5033451930526969,0.164682670330901,0.9965344624939038,True,0.5314588265188309,0.4895903532331808,0.1509663322097552,0.9956882673992068,True,0.5043394482187202,0.4597274814488828,0.1015996614444425,0.9963031685326724,True,0.9188042312967766,1.0,0.6794288710945757,0.9957880540925308,True,0.5111441503110309,0.4623119530350163,0.1239229093773133,0.9960297857967774,True,0.8922048643850786,1.0,0.5713476705155465,0.997471787024768,True,0.9993204192760168,1.0,1.0,0.997281677104067,True,0.8563167318167951,1.0,0.42799929446794494,0.9972676327992356,True
88,0.9938163556849045,tie_line_n3_fault,0.0323650931621547,0.0687185340931267,0.0963400486988707,0.297400304643284,0.7682908240408615,1.0240749083580631,0.048657286357245,0.2474119902987181,0.5915099468072913,0.5040795014765114,0.3608298776070064,0.9970509066691362,True,0.4687213116054326,0.3526012074626722,0.1730674364187088,0.9966153950776772,True,0.4642507744451167,0.3458456827248557,0.1695048117534874,0.9958069205772684,True,0.4386923066701913,0.3222904594945887,0.1138322431699414,0.9963560645216464,True,0.6126482697757182,0.5263062515915523,0.4019120798684668,0.9960684960513012,True,0.4464052343684141,0.3222904594945887,0.1449591531572807,0.9960808653271988,True,0.9439859421329694,0.8892679137888071,1.0,0.9974079409542632,True,0.9938163556849045,1.0,0.9777899398970611,0.9974754828425568,True,0.8665383035590392,1.0,0.4687806517962336,0.9973725624399231,True
89,0.9992263706919764,tie_line_n3_fault,0.3102101834222666,0.0647891244423586,0.2485599498917664,0.0848741929816877,0.8618624144814114,1.0394987651152798,0.1093444822616569,0.3542167253690397,0.8475538115411168,1.0,0.3930453540549266,0.9971698921095404,True,0.6326970007341979,0.6626107916372338,0.2091916820490951,0.996374737613229,True,0.9581585730393236,1.0,0.8326342921572945,1.0,True,0.8611464493603758,1.0,0.4484713882836324,0.9961144091578708,True,0.8988509620151302,1.0,0.5954038480605206,1.0,True,0.837969540125537,1.0,0.3560524042304358,0.9958257562717124,True,0.8737731187354576,1.0,0.4974295499613781,0.9976629249804524,True,0.9992263706919764,1.0,1.0,0.9969054827679058,True,0.8249057824020174,1.0,0.3025082621136512,0.9971148674944181,True
90,0.999400130428013,tie_line_n3_fault,0.2337827870477198,0.3559736447395431,0.1756734531573282,0.2478021901527407,0.8413327728661839,0.7272090543979057,-0.0542466803772261,0.506616037548666,0.5111729364713985,0.341047003913559,0.365627507568135,0.996970230490341,True,0.473113665516729,0.2660251985042608,0.3637650165279247,0.9966392485304698,True,0.4710507841790352,0.2625711376591741,0.3632218089704047,0.995839052427388,True,0.4688201139660224,0.2562890193556036,0.3663523000953823,0.9963501170575,True,0.5211810230934509,0.3620646641073335,0.3644476001757759,0.9961471639833608,True,0.4683869645015868,0.2562890193556036,0.3649045653364808,0.9960652539586587,True,0.6111592519944289,0.496182500324435,0.4550314732159748,0.9972405341128708,True,0.999400130428013,1.0,1.0,0.9976005217120519,True,0.8757078057606503,1.0,0.5054508949632854,0.9973803280793158,True
91,0.9993858420297522,tie_line_n3_fault,0.349776201121536,0.2158275162620556,0.2747248474743983,0.1748613455037665,0.9350747188501012,0.772487895178976,0.0950896730898147,0.5075949551808783,0.5409579809337339,0.4280007861408419,0.3107955839418714,0.9970347675113806,True,0.4530408816856678,0.3128494924761057,0.1898388210015369,0.9966257207889228,True,0.4502520286576679,0.3086410893518029,0.1879103256857064,0.9958156102413596,True,0.4358174347357307,0.2902079138903688,0.1665146885342281,0.9963392226279572,True,0.5619215056351883,0.4552641163284072,0.3409935466674731,0.9961642432164654,True,0.4349593493918672,0.2902079138903688,0.1633679223892628,0.9960536473974684,True,0.7559040271349738,0.6769164592343878,0.6724089711985606,0.9973742188725594,True,0.9993858420297522,1.0,1.0,0.997543368119009,True,0.867507777690138,1.0,0.4726375365823223,0.9973935741782296,True
92,0.999270512347214,tie_line_n3_fault,0.3637764006404296,0.0479899906229333,0.1666638700314706,0.2082024891643192,0.7077412392006485,1.0972925063948258,-0.069774335901183,0.3933163752295764,0.8638287899422885,1.0,0.4582092839105698,0.9971058758585843,True,0.7620284095448149,0.7602050294832986,0.5312553168005962,0.996448262412066,True,0.6600618127670297,0.6693234663058744,0.3060773721324352,0.9955229463239348,True,0.7054723914913967,0.6989999229491596,0.4276866510680861,0.9962030689991814,True,0.9245573035662497,1.0,0.6982292142649982,1.0,True,0.8636855475854782,0.8433659817536688,0.7720880065109199,0.9959222203236552,True,0.8843279467289233,1.0,0.5396919404964677,0.997619846419226,True,0.999270512347214,1.0,1.0,0.997082049388856,True,0.8413391459776722,1.0,0.3681615065821795,0.9971950773285094,True
93,0.9993898446450125,tie_line_n3_fault,0.005179061110254,0.0994799165464579,0.2880013904849881,0.1338074091767691,1.0582690546261335,0.7653657995011798,0.0903803314740301,0.2632338886592346,0.5200407598171576,0.3989820002290896,0.2851663399387583,0.9970326988716928,True,0.4334160842271251,0.2847753142589429,0.1674645819690177,0.9966491264215968,True,0.4311744792978219,0.2806933455242028,0.1674518071970183,0.9958594189458636,True,0.4085048286998903,0.2577459224566824,0.1221476931248304,0.996379776761366,True,0.5411484243708485,0.4270209105866062,0.3143695380589442,0.9961823382512376,True,0.4168059708565869,0.2577459224566824,0.1556290803276532,0.9961029581853296,True,0.7100886443940588,0.6211458688795904,0.6007119351751342,0.99735090464192,True,0.9993898446450125,1.0,1.0,0.9975593785800496,True,0.8659339405164244,1.0,0.4663357016223486,0.9974000604433486,True
94,0.9993258310644594,tie_line_n3_fault,0.1484487289903612,0.2958508735968257,0.2181674707150759,0.1268236436199919,0.9903647569079804,0.8326717226071609,0.1234992338509196,0.3946453584611274,0.8539797445332764,0.8101989216032099,0.7984728301219199,0.9970483048047656,True,0.5569745991953541,0.512849099809584,0.2056920198305505,0.9965081773316978,True,0.5480277685672066,0.5019348566352193,0.192607772765367,0.9956335882330208,True,0.5229390678770962,0.4700304709088179,0.1554587191460577,0.9962366105446916,True,0.9410729571076506,1.0,0.7683937165424517,0.9958981118881508,True,0.5218307069409249,0.4700304709088179,0.1513058612438946,0.9959560247021692,True,0.8963265179636313,1.0,0.5877931438706483,0.9975129279838768,True,0.9993258310644594,1.0,1.0,0.9973033242578375,True,0.8584099321911073,1.0,0.4363520643481067,0.9972876644163226,True
95,0.9994118993192168,tie_line_n3_fault,0.2679099753597501,0.0905962571981331,0.1409994812558343,0.1955636833403057,0.7588380641780617,0.7104477424745801,0.0223477423935341,0.3475346985770117,0.5010724585999596,0.3082977786656822,0.3907228474469093,0.9969714296215648,True,0.4617958617599876,0.229604618934077,0.3912726887157518,0.9967015204560444,True,0.4603391832356894,0.2273583873688115,0.3906971117569782,0.9959428464481566,True,0.4549769143983112,0.2145880324364406,0.3943117031891034,0.99641988953126,True,0.5156207119292251,0.3384288742537503,0.3893632587002251,0.9962618405091744,True,0.4543894175351775,0.2145880324364406,0.3922405024270965,0.996141102840732,True,0.575614306670185,0.4429679943369962,0.419310714730539,0.9972105232762084,True,0.9994118993192168,1.0,1.0,0.9976475972768671,True,0.72534917964293,0.6361288905562974,0.6317391334783196,0.9973998039808057,True
96,0.999304095857241,tie_line_n3_fault,0.0265429918967673,0.226140691309415,0.1152622024438936,0.135742548040676,1.1368715066283497,0.8897437320934137,0.0602497340120517,0.251844216845376,0.8861919270832057,1.0,0.5477220225376769,0.9970456857951462,True,0.5834679997976906,0.5571059581614881,0.2231826410548691,0.9964774418129172,True,0.5718213746813534,0.5428625413905779,0.2059737158950909,0.9955867000491668,True,0.5432495131596231,0.5190141288527645,0.1387551535591171,0.9962146413738464,True,0.8785698079966706,1.0,0.518489152683447,0.9957900793032354,True,0.5411056473287065,0.5190141288527645,0.1304610659011977,0.9959332657080991,True,0.8896184566819438,1.0,0.5609429196113354,0.99753090711644,True,0.999304095857241,1.0,1.0,0.9972163834289642,True,0.8526472306817066,1.0,0.4133469496913591,0.997241973035467,True
97,0.9993509757306787,tie_line_n3_fault,0.3233804271495236,0.3835094608797043,0.2297808107835213,0.2817916206585649,0.9223727637841428,0.933821634477949,0.066914017649889,0.609231159735657,0.6789403751058215,0.6246800708001204,0.4693646103994524,0.9970367484235926,True,0.5328883844740601,0.4588718172098961,0.2172629596760096,0.9965469438004384,True,0.5273844486399919,0.4509636272949977,0.2119193360654314,0.9956912039045404,True,0.5108273066361273,0.4238122593140908,0.1994158839962523,0.996268823920075,True,0.7099543793283252,0.6574367178180245,0.5289636916540381,0.9959803900232134,True,0.5097870629677871,0.4238122593140908,0.1955337944228503,0.9959899388201162,True,0.8999451623603264,1.0,0.6023222142797451,0.9974584351615604,True,0.9993509757306787,1.0,1.0,0.9974039029227145,True,0.8631058507923124,1.0,0.4550928577656137,0.9973305454036359,True
98,0.9994087843902517,tie_line_n3_fault,0.0361463147175685,0.0767067254129502,0.1375239082433213,0.1920644580561573,0.761410769961725,0.7311772325880569,0.0024142286748452,0.2212207032149987,0.4707305766691738,0.3072800243342394,0.2713900903948101,0.9969721676134066,True,0.4292704534050102,0.2255984241270276,0.2691868381010742,0.9966981272649116,True,0.4277210392924347,0.2231809570538874,0.2685824632153881,0.995939779846576,True,0.4232027947426682,0.2122155324661658,0.2719568659866738,0.9964232480516672,True,0.4844256799994715,0.3356309170783462,0.2702124446044394,0.996228441236754,True,0.4225655945495826,0.2122155324661658,0.2696796336636708,0.996151679602328,True,0.5751160489046119,0.4461196548169233,0.4110119166990102,0.9972129692855908,True,0.9994087843902517,1.0,1.0,0.9976351375610067,True,0.7686309065487398,0.7123570478375748,0.652413654031843,0.9973958764879665,True
99,0.9984886662608972,tie_line_n3_fault,0.2490726846538906,0.109760630654388,0.1607859077106632,0.0839008430294011,0.9696895222605386,0.7893658989485919,0.0428238617008269,0.3017600330241716,0.6348592582971216,0.5660954506082482,0.4101866426970453,0.9970594892749448,True,0.4917847278351667,0.3943303232922498,0.1818810013117975,0.9965972634443696,True,0.4862394121183176,0.386285698573871,0.1766123406697772,0.9957739106557514,True,0.4569812594814682,0.3581800950936886,0.1152321376039147,0.9963327101345808,True,0.6599718852868441,0.5925251811857577,0.458804863938905,0.996032314836956,True,0.4631530565214266,0.3581800950936886,0.1401971129242269,0.996054922974102,True,0.9059785976949766,1.0,0.6264737989753577,0.9974405918045488,True,0.9984886662608972,1.0,0.9965136529152971,0.9974410121282916,True,0.8678386042954054,1.0,0.47399384467708927,0.997360572504532,True
100,0.9993023480912133,tie_line_n3_fault,0.0358204106334355,0.2468529574850414,0.2076796027964026,0.2396392413134817,1.115417094385748,1.0069639455647468,0.0867351928226783,0.3649961061141807,0.8873395630232593,1.0,0.5523166724649897,0.9970415796280476,True,0.5858819745558125,0.5596336808832997,0.227792742052145,0.9964677944045054,True,0.5741343017210219,0.5455356916822219,0.2098923548289128,0.9955734686907308,True,0.5468301721890976,0.5241989076021906,0.1427185724071549,0.9962043011448544,True,0.8785014888903923,1.0,0.5182189314258707,0.9957870241356982,True,0.5447880419270218,0.5241989076021906,0.1348311994937177,0.9959231530099883,True,0.889192877613554,1.0,0.5592400893527554,0.9975314211014608,True,0.9993023480912133,1.0,1.0,0.9972093923648532,True,0.8520486660042237,1.0,0.41095807127455686,0.9972365927423378,True
101,0.9993995712498898,tie_line_n3_fault,0.0511739076582529,0.2491707080477204,0.1431476176820697,0.244245728485062,0.7467702867126429,0.777210909209671,0.1210033227884808,0.3438689809365526,0.5478940017460231,0.4067791643355351,0.3810066762641462,0.9970110020488756,True,0.4986671951387059,0.3097484960253298,0.3785274884867071,0.9966443000174569,True,0.4967356284309069,0.3065661923109782,0.3779645726780742,0.995845556423597,True,0.4895672356953109,0.290459495336492,0.3810005915422181,0.9963493605660414,True,0.5633863131232058,0.4387743272687294,0.3797513801812791,0.9962452177740851,True,0.4889690746723496,0.290459495336492,0.3788978603879904,0.996059447628424,True,0.6896097178232259,0.6072404459006249,0.5466346349271376,0.9973233445645164,True,0.9993995712498898,1.0,1.0,0.9975982849995588,True,0.8721308504882602,1.0,0.4911199810921687,0.9974034208608722,True
102,0.9994092286818137,tie_line_n3_fault,0.2320284878081327,0.1033351472708315,0.0455063279237293,0.2870291152714542,0.8674289014581742,0.7999037124631675,-0.0585847527028049,0.3339495391370739,0.4651704704990244,0.2847100667939085,0.2943055577816906,0.9969561906265898,True,0.427588415051549,0.2101682979706057,0.2933175276214577,0.996699536643527,True,0.4261612748013519,0.2079924573195019,0.2927188441082791,0.9959413404581248,True,0.4246330111067665,0.2029997635170856,0.296111952871307,0.9964205645215878,True,0.4774565342794952,0.3102285347153964,0.2931718189158019,0.9961972487713862,True,0.4240281220452525,0.2029997635170856,0.2939650670348683,0.9961478941119704,True,0.5509857806165525,0.4103180090930793,0.3861258398696634,0.9971812644103876,True,0.9994092286818137,1.0,1.0,0.9976369147272547,True,0.6872280663964647,0.6051109793462349,0.5413036938004545,0.9973866130929347,True
103,0.9991383687181561,tie_line_n3_fault,0.0118292631859362,0.0275718858314508,0.1338067916775548,0.1568967165208929,0.7872007830905035,0.9751160032508088,-0.0873586727915279,0.1650523286079174,0.9000472808370827,1.0,0.6031385203559587,0.9970506029923724,True,0.5600661121555977,0.5325304353325282,0.1786907921047067,0.9965127858526274,True,0.5475125587380898,0.516667951408407,0.1610665816490843,0.9956477504864606,True,0.5180211737092726,0.4863378225543437,0.1031311680786331,0.9962778816497696,True,0.8873864336180288,1.0,0.5537749320786709,0.9957708023934444,True,0.5244630027647829,0.4908830844451234,0.1200831598585665,0.996002682310318,True,0.8928024163002254,1.0,0.5736920120532503,0.9975176531476512,True,0.9991383687181561,1.0,0.999322973350175,0.9972305015224494,True,0.8562306284258417,1.0,0.427671105711088,0.997251407992279,True
104,0.9994106180695523,tie_line_n3_fault,0.3407884408301777,0.1580913079950835,0.1093668508178552,0.290073230608511,0.7376008305705145,0.7609127620307039,-0.0743292624595977,0.4491599151258137,0.495120217316616,0.2804001284053284,0.4227340535364483,0.9969465589193588,True,0.4607520958672674,0.2119977439384102,0.4223183433759736,0.9966945522162758,True,0.459510108764078,0.2101846505562194,0.4217398591287633,0.9959312748151098,True,0.4599100933067864,0.2090129742532943,0.4252092768353677,0.9964051478851892,True,0.5070183840669129,0.3053995427282162,0.421076154383492,0.9961982964277272,True,0.459304598396094,0.2090129742532943,0.4230658733933268,0.9961265716844608,True,0.5537514905560027,0.3991095315062088,0.4196227148609424,0.9971641843506508,True,0.9994106180695523,1.0,1.0,0.9976424722782093,True,0.6803091915397917,0.5537043369908959,0.616445356651969,0.997382735525406,True
105,0.9992343550654061,tie_line_n3_fault,0.3381618762832536,0.0812071469756675,0.193833937367586,0.0752768861978546,0.8224163549327168,1.0026781915411598,0.0554373275894251,0.3442399234121809,0.8459023002163159,1.0,0.3864569427159559,0.9971522581493074,True,0.915154800721264,1.0,0.6642345645645733,0.9963846383204829,True,0.9484321360865338,1.0,0.7937285443465498,0.9999999999995852,True,0.8819886140228721,1.0,0.5318289588994851,0.9961254971920034,True,0.9022944657203168,1.0,0.6091778628812676,1.0,True,0.845408080056673,1.0,0.3857939880656786,0.9958383321610136,True,0.873395000084308,1.0,0.4959227594751212,0.9976572408621108,True,0.9992343550654061,1.0,1.0,0.9969374202616246,True,0.8259819712608754,1.0,0.3067996166597311,0.9971282683837704,True
106,0.9993168901289122,tie_line_n3_fault,0.1003259472767021,0.3529901035168728,0.1471732101180762,0.1450724951403749,1.059103908206389,0.8384965785115126,-0.092052575990323,0.372780878026013,0.944354694189505,0.906816711812506,0.9667992615374352,0.996986091595573,True,0.5785927426422975,0.5581446398880417,0.2015990767382405,0.9964826140548664,True,0.5696751007178985,0.5464478639957373,0.190199387561428,0.9956052873186916,True,0.5524995127722099,0.5255916846942484,0.1625904475309241,0.9962242341694186,True,0.8953045476685092,1.0,0.5854617928188546,0.9957563978551824,True,0.5514868222784952,0.5255916846942484,0.1588157390822644,0.9959481806432194,True,0.8815726911574895,1.0,0.5288360777617243,0.9974546868682336,True,0.9993168901289122,1.0,1.0,0.997267560515649,True,0.8478764210788167,1.0,0.3942663487390021,0.9972393355762647,True
107,0.999230404816424,tie_line_n3_fault,0.1360238076049095,0.0111903847593412,0.2755750206143338,0.0316300156321528,0.7698735710610188,0.992322401375232,0.0452052494415824,0.2272096143053687,0.848342694485966,1.0,0.3961907884464501,0.9971799894974136,True,0.926381668718956,1.0,0.709133710094477,0.9963929647813474,True,0.9657587561235286,1.0,0.863035024494117,0.9999999999999972,True,0.9008551038021488,1.0,0.6072833043195374,0.9961371108890582,True,0.9085606706320742,1.0,0.6342426825290026,0.9999999999992945,True,0.8460758224667458,1.0,0.3884544376485941,0.9958488522183891,True,0.8730624936241775,1.0,0.4945733428453245,0.9976766316513854,True,0.999230404816424,1.0,1.0,0.9969216192656958,True,0.8293126771305848,1.0,0.32012271943464654,0.9971279890876923,True
108,0.9993864233143646,tie_line_n3_fault,0.0842163775224172,0.2396208038205688,0.02969620338159,0.2131256657436652,0.936964044466708,0.8012193138343491,0.1275363242853185,0.2833295252341207,0.5485573312162735,0.4411913951931472,0.314810606478332,0.9970359280004676,True,0.46030063251685,0.3249431796873538,0.1946940781336472,0.9966220925590452,True,0.4575187388096531,0.3207123505652424,0.1928410517707668,0.9958092023373606,True,0.4447650166111221,0.3020242579740362,0.1786795064412807,0.9963320440551352,True,0.5710439208368081,0.4706865314879456,0.3466205490249194,0.9961820713464216,True,0.4438863193173811,0.3020242579740362,0.1754517870823662,0.9960449742390856,True,0.7709130284111367,0.6981716518559511,0.6899261942490931,0.9973826156835518,True,0.9993864233143646,1.0,1.0,0.997545693257458,True,0.8700490731944621,1.0,0.48280111476325516,0.9973951780145932,True
109,0.9992756774109859,tie_line_n3_fault,0.2857464976405621,0.1197821443998007,0.0153316692592048,0.1236232659921251,0.8070719278327455,0.9549398574851908,-0.1284617271971845,0.2722417886458464,0.8574091310867088,1.0,0.4325578947845017,0.9970786295623334,True,0.7270494743930487,0.7237084253612571,0.4643332654030772,0.9964477814466036,True,0.6690557822023,0.6718528671592295,0.3369912784405677,0.9955261160501734,True,0.6737956402384904,0.6709807042658069,0.3570260040173387,0.9961951484050088,True,0.924694865146879,1.0,0.6987794605881632,0.9999999999993532,True,0.7306730152028845,0.7316754089384554,0.4634281870359835,0.9959130558986437,True,0.8825235225905225,1.0,0.532493384608351,0.9976007057537388,True,0.9992756774109859,1.0,1.0,0.9971027096439438,True,0.8389071424482619,1.0,0.3584331934185556,0.997195376374492,True
110,0.9993737593651953,tie_line_n3_fault,0.2246369988080235,0.09571423146286,0.0528603763458208,0.0828115256969877,0.891483788382905,0.7463547847760424,-0.1449473197957296,0.228011566156846,0.573341481288058,0.4901558862127051,0.3160516063216292,0.9970025464051924,True,0.4691293025394809,0.3551847616094984,0.1695214124045669,0.9966262745343596,True,0.4655727382271384,0.3493777496972277,0.1677077776417164,0.9958276758723816,True,0.4426402922508732,0.3292490948032805,0.1156984016518265,0.9963645777451052,True,0.5865313583311356,0.5042504784679882,0.3416374572748069,0.9959870191137592,True,0.4492956326626703,0.3292490948032805,0.1425962480844766,0.9960880929596436,True,0.8005768643409876,0.7481813967707778,0.7086208378008791,0.997323826021516,True,0.9993737593651953,1.0,1.0,0.9974950374607813,True,0.8651878839131623,1.0,0.4633964762734806,0.9973550593791684,True
111,0.9992934816059715,tie_line_n3_fault,0.2220946318381901,0.1460918981898161,0.0569641011139926,0.1804653992487107,0.7390096855048197,0.982061938711042,-0.1040403992288421,0.3028080151953548,0.8696719580401797,1.0,0.4816323236363651,0.9970555085243537,True,0.6180466359344519,0.6035867802260976,0.2685359082053509,0.9964770750802616,True,0.5982769668976164,0.5822967553802132,0.2329337884534936,0.995580568376546,True,0.5547639697090421,0.5443470713374557,0.1341392983348583,0.9962224378263982,True,0.8698415517959656,1.0,0.4836508361904208,0.9957153709934417,True,0.553516423433699,0.5443470713374557,0.1294265709467836,0.995944980113101,True,0.8853275338376119,1.0,0.543754476697579,0.9975556586528684,True,0.9992934816059715,1.0,1.0,0.9971739264238861,True,0.8469643477670072,1.0,0.3906336022696557,0.997223788798373,True
112,0.9960473305564819,tie_line_n3_fault,0.1403922706618273,0.0969309801777374,0.2170970108465938,0.2469548852542907,0.8860961888469834,0.9627437863843182,-0.0411175043822526,0.3506875734702246,0.6414049377444307,0.5818079854548885,0.4049632795648819,0.997040500503064,True,0.4969985904148591,0.4065869832896877,0.1782242292258757,0.9965961658541852,True,0.4913588409919699,0.398326667501095,0.1730061868582346,0.9957758421074552,True,0.4625169284810855,0.3702439829588171,0.1132436064401076,0.9963361415666,True,0.6645471856701646,0.6056276666245692,0.4509517543932269,0.9959816550382928,True,0.4684880459812828,0.3702439829588171,0.1374050131856528,0.996059204821844,True,0.9032290923676513,1.0,0.615502917913858,0.9974134515567464,True,0.9960473305564819,1.0,0.9867560041586252,0.9974333180673025,True,0.8626861244832891,1.0,0.4533973516588645,0.9973471462742918,True
113,0.9993337648256367,tie_line_n3_fault,0.1399202342169102,0.222887056447564,0.1768442423290254,0.0264651018470241,1.076626382713182,0.7546488278296759,0.1316027666985271,0.2830583174202619,0.7854588625671313,0.7451625339925847,0.6544425242011052,0.9970678580822508,True,0.5414346002733664,0.4836147320887725,0.2019746712329144,0.9965342656830062,True,0.533133398562324,0.4734201066049578,0.1900231883865224,0.995670192652858,True,0.5058619990199954,0.4419261982871763,0.1433360967670367,0.9962595027385922,True,0.8695320224324636,0.8179229280208173,0.8463334437374215,0.9959487899507984,True,0.5046086732868514,0.4419261982871763,0.1386065275867594,0.995975768986294,True,0.9039929155547942,1.0,0.6184541842964428,0.997517477922734,True,0.9993337648256367,1.0,1.0,0.997335059302547,True,0.8619380360758182,1.0,0.45043908613230244,0.9973130581709705,True
114,0.9993617670257035,tie_line_n3_fault,0.2291640863242787,0.3669389485797774,0.0184543243059189,0.2784565044049201,0.8591516176355192,0.91304229427203,0.1332951616769568,0.4465069318074476,0.6304711455872196,0.5513476177377427,0.4221393825884263,0.9970499642849668,True,0.5076532502043242,0.4091406556480763,0.2157649664563692,0.9965667230647748,True,0.5031601587776247,0.4024466639156279,0.2120278812078524,0.9957194260713902,True,0.4877569036678946,0.3760544739594267,0.2026351665847379,0.9962835001679872,True,0.6585030707938415,0.5819963820737759,0.4739560679465846,0.9960634510812298,True,0.4868062402837586,0.3760544739594267,0.1991132276086133,0.9960027856075678,True,0.9141868861163798,1.0,0.6592869160858825,0.9974606283796368,True,0.9993617670257035,1.0,1.0,0.9974470681028137,True,0.8679167876393036,1.0,0.47430941435982277,0.9973577361973917,True
115,0.9969431461051673,tie_line_n3_fault,0.1264618642232829,0.0505822286950632,0.2718048757589076,0.1404314302852962,1.0481313268055563,0.9481941716744584,-0.017625989556699,0.294640199481275,0.904529778436672,1.0,0.6210548455850464,0.9970642681616418,True,0.5585221915209172,0.5295724332074788,0.1784282261980614,0.9965156734706496,True,0.5468567707957497,0.5141455564422195,0.1634878514602711,0.9956481188382889,True,0.5156254174867967,0.4802913062923573,0.1056449095665108,0.9962741477959614,True,0.8930970872468285,1.0,0.5765844423840782,0.9958039066032358,True,0.519990850871012,0.4828242295074157,0.118317060895464,0.9959978835737529,True,0.8950414753986555,1.0,0.582637586950284,0.997528314644338,True,0.9969431461051673,1.0,0.9905361163930877,0.9972364680275816,True,0.8558049239077761,1.0,0.42595890918558865,0.9972607864455159,True
116,0.9992245133041784,tie_line_n3_fault,0.0957308436645206,0.2055992218391015,0.0553822110914944,0.0011358631708072,0.8125767353394913,0.9049781488363652,0.1169094209414645,0.1789240698829619,0.8342208906513802,1.0,0.3398465651136675,0.9970369974918531,True,0.8576367079915468,1.0,0.4342649506049127,0.9962818813612742,True,0.9464217509727691,1.0,0.785687003891077,1.0,True,0.8512273923789936,1.0,0.4088561413996991,0.9960534281162752,True,0.9042929990746176,1.0,0.6171719962984703,1.0,True,0.855906204895635,1.0,0.4278370806046077,0.995787738977932,True,0.8607041785056032,1.0,0.4452678778455308,0.9975488361768822,True,0.9992245133041784,1.0,1.0,0.9968980532167138,True,0.8276564463321057,1.0,0.31356363110507246,0.9970621542233501,True
117,0.9945387515272219,tie_line_n3_fault,0.1196987613894443,0.0740828779124322,0.2190543063481755,0.1726216901776266,0.871343840179502,0.8866892849617438,-0.0941828087704309,0.2927288179138393,0.6517883010876501,0.5994199044817912,0.411286226443643,0.9970271689433748,True,0.5003587794160101,0.415516881197705,0.1738078993355714,0.9965934559330591,True,0.494532841213811,0.4070300400318087,0.1682958211379528,0.995775463653674,True,0.4661499190021668,0.3788235595606155,0.1106129565949629,0.9963396002924736,True,0.6753699491396701,0.6234903761998951,0.4585567192307707,0.9959423249281192,True,0.4721428235507356,0.3788235595606155,0.1348600944543498,0.9960640806273616,True,0.8981298212099238,1.0,0.5951207661094351,0.9973985187302604,True,0.9945387515272219,1.0,0.9807330638183274,0.9974219422905601,True,0.8635707412774498,1.0,0.45694793232748765,0.9973350327823116,True
118,0.9812341371259324,tie_line_n3_fault,0.0520069134762271,0.0193516258497725,0.2815220534192601,0.2955782339372854,0.7373997613679477,1.0921105650532756,-0.0842279677722231,0.3242294133412726,0.6937516110910971,0.6522330570198936,0.4735092750621774,0.9970310552624234,True,0.507644095967182,0.433194754415269,0.1676076329746649,0.9965792420635252,True,0.5005904029770233,0.4232957840818052,0.1600127404948885,0.995757303249594,True,0.4718939347461308,0.3946684994644667,0.1019011061656272,0.9963376338899628,True,0.7259448827568291,0.6841693758200926,0.5395343518626525,0.9959064275244788,True,0.4785657277856956,0.3946684994644667,0.1288609003483571,0.996065011865492,True,0.8949290621733781,1.0,0.5822967358914894,0.9974195128020232,True,0.9812341371259324,1.0,0.927555024334044,0.9973815241696856,True,0.8618764564385575,1.0,0.4501876660937896,0.9973181596604401,True
119,0.9993869876757118,tie_line_n3_fault,0.1762370486052082,0.1791357550271105,0.227218242952426,0.2355718301364911,0.74554309488363,0.8442156564943051,0.0853689345571281,0.4090814383606179,0.5330021126820612,0.4165064235363002,0.3019608206558928,0.9970347829997518,True,0.4457093253844858,0.3021191055821254,0.1819657558433043,0.996633334530388,True,0.4434004317273304,0.2980769801784892,0.1816175804157325,0.9958301861366108,True,0.4252737381786545,0.2783125122164456,0.148117879973725,0.996352048308002,True,0.5535524155525519,0.4433990275817656,0.3312451632666189,0.9961664437800574,True,0.4280069450574219,0.2783125122164456,0.159329109500014,0.9960736462967824,True,0.7379462417386821,0.654828708970271,0.6447612112298522,0.997366337784334,True,0.9993869876757118,1.0,1.0,0.9975479507028473,True,0.8670581189081861,1.0,0.4708367300235423,0.9973957456092017,True
120,0.9992596241610937,tie_line_n3_fault,0.1515364351535521,0.2871166272075118,0.1633281458113859,0.2540394130374933,0.9064436315176874,1.0818623773487288,0.0471878770388129,0.4280103106049716,0.8471584815846802,1.0,0.3916396268450057,0.9969942994937152,True,0.7377878861213834,0.727899478286582,0.4990051154509487,0.9963474724614206,True,0.6978625558426215,0.6905624533063052,0.414921184240594,0.9954041325172814,True,0.9569709314258792,1.0,0.8317713907608351,0.9961123349426816,True,0.85076967582777,1.0,0.4075011418523111,0.9955775614587687,True,0.8958896038455049,1.0,0.587718671165355,0.9958397442166642,True,0.8711654902201206,1.0,0.4871476306212337,0.9975143302592488,True,0.9992596241610937,1.0,1.0,0.9970384966443749,True,0.8286414670514701,1.0,0.31744074046599025,0.9971251277398904,True
121,0.9992635837527014,tie_line_n3_fault,0.2170697773569938,0.2302782273952553,0.0164706086459737,0.1911171744339659,0.8248591809659052,1.004937763669236,0.011824819432144,0.3274678939160944,0.8512549039506856,1.0,0.4079889600798161,0.9970306557229262,True,0.7298957676051485,0.7213180354138397,0.4805668252593484,0.9963801743335664,True,0.6500574633968981,0.6432881968849955,0.3182127061109554,0.995440753706646,True,0.9309099874502664,1.0,0.7275075764925489,0.9961323733085172,True,0.8548333256941825,1.0,0.423723518077324,0.9956097846994056,True,0.9115058728178664,1.0,0.650169779843246,0.9958537114282202,True,0.8731154882147261,1.0,0.4949126248368003,0.997549328022104,True,0.9992635837527014,1.0,1.0,0.9970543350108056,True,0.8341105670198679,1.0,0.33929321843152493,0.9971490496479465,True
122,0.999384850932183,tie_line_n3_fault,0.3368564231579654,0.0353621267652177,0.1028525740465144,0.2917265702978733,0.7940375001940707,0.9518090857025064,-0.1485502396919082,0.3833988471337854,0.5178061276183623,0.4032587986786592,0.2677223341345431,0.9969845789815872,True,0.4332245687031781,0.2906596546310275,0.154922786645578,0.9966561789050796,True,0.4308942134979018,0.2859599966848637,0.1557768761209779,0.9958799845009018,True,0.4149192458003276,0.2742891873531837,0.1146977294790936,0.9964008790158492,True,0.5281008778637734,0.4140878205791495,0.2882029722736092,0.9960248980231852,True,0.4228001184171898,0.2742891873531837,0.1464944587981449,0.9961276401642468,True,0.6770587037060478,0.5868366811971691,0.5372963769189738,0.9972650755108792,True,0.999384850932183,1.0,1.0,0.9975394037287322,True,0.8642114030956132,1.0,0.459480822350379,0.9973647900320736,True
123,0.9992494065471025,tie_line_n3_fault,0.1903520036498392,0.0203157926802401,0.2860699966526452,0.0085020681472111,1.1070355023649887,0.92219924158509,-0.1329988296373336,0.2526199305649679,0.844551848909855,1.0,0.3810709526660751,0.9971364429733448,True,0.8687020839347486,1.0,0.4783954523561355,0.9964128833828588,True,0.9620304030321388,1.0,0.8481216121285549,1.0,True,0.8923991079489714,1.0,0.5734299660047455,0.99616646579114,True,0.9104678783896992,1.0,0.6418715135587973,1.0,True,0.8714344097728741,1.0,0.4898563461450287,0.9958812929464678,True,0.8835773526751101,1.0,0.53664217160917,0.99766723909127,True,0.9992494065471025,1.0,1.0,0.9969976261884101,True,0.8311869223432975,1.0,0.3275894068528693,0.9971582825203205,True
124,0.9992753782523323,tie_line_n3_fault,0.0391819780203602,0.1974802940446135,0.0770913917534443,0.1642085485121923,0.7923086029133903,0.971378268999364,-0.0350158055554401,0.2389811061653052,0.8617368136633947,1.0,0.4498993962236284,0.9970478584299504,True,0.6627484795617538,0.6555526947280788,0.3434647622238422,0.996423766567015,True,0.6251777496224626,0.6147851621791848,0.2756399729052923,0.9955007012261886,True,0.6519898750588826,0.642073752922715,0.3276419219777509,0.99617007241235,True,0.859068913066635,1.0,0.4406189686520569,0.995656683614483,True,0.6797377466576751,0.6711603807961926,0.3807377720784863,0.9958924529598288,True,0.8785089748338824,1.0,0.5164736951895499,0.9975622041459792,True,0.9992753782523323,1.0,1.0,0.9971015130093293,True,0.8386303093272448,1.0,0.35733936011312295,0.9971818771958563,True
125,0.9991682358231405,tie_line_n2_fault,0.2531069333683031,0.1410730859602418,0.2239420546554618,0.0350507064769907,0.7023956805872386,1.012248818661997,-0.0526813294726896,0.3265863902304987,0.96921969063553,0.9401824757083904,1.0,0.9965138111253388,True,0.9690016773690064,0.9401824757083904,1.0,0.9956417580592444,True,0.9687085850245812,0.9401824757083904,1.0,0.994469388681544,True,0.99889017696296,1.0,1.0,0.9955607078518398,True,0.9687990354621804,0.9401824757083904,1.0,0.9948311904319406,True,0.9988497279742912,1.0,1.0,0.9953989118971645,True,0.9692639983968798,0.9401824757083904,1.0,0.996691042170738,True,0.9991405417527919,1.0,1.0,0.9965621670111673,True,0.9991682358231405,1.0,1.0,0.9966729432925621,True
126,0.9993764586475966,tie_line_n3_fault,0.1144107717847852,0.1210993836712278,0.2621880117984894,0.2127352882893804,0.982130072224447,0.8677899168929657,0.0003222913855455,0.3552167277719415,0.5636424456024531,0.4652393442209611,0.3270535714766325,0.9970375224912577,True,0.4606055505417653,0.3348211838787718,0.176154670076567,0.9966251643329506,True,0.4574150107157699,0.3293920475292974,0.1750563231935515,0.9958196246109332,True,0.4342134237276682,0.3106436128015611,0.1192106825003307,0.9963557868072196,True,0.5793619375373799,0.4821701528911088,0.3570289547891718,0.9960784895781298,True,0.4412233000502868,0.3106436128015611,0.1475284284124391,0.996077546185586,True,0.8131596843508893,0.7445571069465324,0.7661484845335025,0.9973760389769896,True,0.9993764586475966,1.0,1.0,0.9975058345903867,True,0.8697331427246113,1.0,0.48155382532032576,0.9973787455781198,True
127,0.9994097601246444,tie_line_n3_fault,0.3869140348319587,0.0010196581487791,0.0097237926365434,0.1960354811138608,0.7056031035919808,0.7683550644251499,0.0715674844067576,0.296846483365571,0.4693949729452129,0.317194607784815,0.2462091292037413,0.9969815470074804,True,0.4223031832228163,0.228102556344111,0.2363002452537337,0.9967073749493096,True,0.4206611088450286,0.2255596530028348,0.235567227285621,0.9959579020888238,True,0.4130112184014672,0.2081981054818999,0.2392078098025081,0.9964408528395612,True,0.4909784693323782,0.3490752702241666,0.2694960743514798,0.9962672625296995,True,0.4122502040587609,0.2081981054818999,0.2364316756934705,0.9961729295777731,True,0.5885329401665128,0.463389085866261,0.4301229226714618,0.9972306662620676,True,0.9994097601246444,1.0,1.0,0.9976390404985778,True,0.7846710709553457,0.7276991212306296,0.6858824908386758,0.9974035505214476,True
128,0.9991622153207205,tie_line_n2_fault,0.3089959536667604,0.1242989452180838,0.2762281506567708,0.1136216819857762,1.0962473113133788,1.106180387598401,0.0879956942243323,0.4115723657636956,0.9521187562402088,0.905990692986535,1.0,0.9964936389877648,True,0.9519017816882324,0.905990692986535,1.0,0.9956257407798604,True,0.9516072854778086,0.905990692986535,1.0,0.9944477559381646,True,0.9988869357721092,1.0,1.0,0.995547743088436,True,0.9517035427470528,0.905990692986535,1.0,0.9948327850151412,True,0.9988480414496088,1.0,1.0,0.9953921657984356,True,0.9521619007622464,0.905990692986535,1.0,0.996666217075916,True,0.9991337157148878,1.0,1.0,0.9965348628595512,True,0.9991622153207205,1.0,1.0,0.9966488612828821,True
129,0.9993119942678617,tie_line_n3_fault,0.0725717768505923,0.0373412296367301,0.0699613556901731,0.0177920019262915,1.1342216280362694,0.8262850888953326,-0.123089042005075,0.0988331820518935,0.9086951411291898,1.0,0.637740636502798,0.9970399280139612,True,0.55578512706834,0.5285313725162767,0.169559002632905,0.9965187606079016,True,0.5445114573294765,0.5134165898301237,0.1555538130017666,0.9956588366558916,True,0.5161144021657504,0.4821979514639659,0.1037788482078241,0.9962828575272458,True,0.8905936712809355,1.0,0.5666039353090326,0.9957707498147093,True,0.5218150755890403,0.4855106997451961,0.1202313372116741,0.996007565654095,True,0.8931576677382604,1.0,0.5751287213186806,0.9975019496343608,True,0.9993119942678617,1.0,1.0,0.9972479770714466,True,0.8544206534724117,1.0,0.42042710758418167,0.9972555063054651,True
130,0.9992522738497766,tie_line_n3_fault,0.1095175807762453,0.0231436634419093,0.0243095980454844,0.019017012828464,0.8088822348395485,0.9258949683951262,0.1150766530322741,0.0879939275460516,0.8667764949983424,1.0,0.4699437119512595,0.99716226804211,True,0.9083854213626824,1.0,0.6371141506477898,0.99642753480294,True,0.9577764299274384,1.0,0.831105719709754,1.0,True,0.940198030814672,1.0,0.764616802528721,0.9961753207299672,True,0.926080421313408,1.0,0.7043216852536318,1.0,True,0.9218285548313602,1.0,0.6914223479038455,0.9958918714215952,True,0.8819308924034825,1.0,0.5300620767570088,0.9976614928569216,True,0.9992522738497766,1.0,1.0,0.9970090953991063,True,0.8414716516477505,1.0,0.368711645119852,0.9971749614711498,True
131,0.9992624486873788,tie_line_n3_fault,0.1249936955331767,0.270486615871925,0.2600562016318962,0.2075979522018429,1.001162965788181,1.0092299934242377,-0.1013991953026577,0.4315672326194205,0.8453042150099165,1.0,0.3842359172183123,0.9969809428213536,True,0.746090978814093,0.7452473044864203,0.497512024535002,0.9963572817485296,True,0.701117767511024,0.7019376818715388,0.4051767518367484,0.99541895446427,True,0.9042043016127368,1.0,0.6206965168698595,0.996120689581088,True,0.8442753041705161,1.0,0.3815531526209597,0.9955480640611049,True,0.9071703343176678,1.0,0.6328363536560602,0.9958449836146112,True,0.8716597772252781,1.0,0.4891305300784729,0.9975085788226395,True,0.9992624486873788,1.0,1.0,0.9970497947495153,True,0.8301257139022655,1.0,0.3233774788828363,0.9971253767262259,True
132,0.9993606926461756,tie_line_n3_fault,0.2772865109185204,0.2011174112396671,0.1323607496596438,0.2602170947258283,0.9126835984172668,0.9371239066161008,0.0381490028799478,0.4354908832718299,0.6363849629908305,0.5693508324114351,0.4097883496731356,0.997049837467316,True,0.5006457901444759,0.4058155285902962,0.1943661956103071,0.9965859077870038,True,0.495451114712755,0.3980175677591173,0.1900159134982999,0.9957534098344858,True,0.4739949585186208,0.3749145422871458,0.1498431804474727,0.9963075690527188,True,0.6600717216626274,0.5944722958022638,0.4553170961549035,0.9960251988910784,True,0.4730673718233482,0.3749145422871458,0.1464170863461191,0.996023316372982,True,0.9057372931805938,1.0,0.6255115314095931,0.9974376413127822,True,0.9993606926461756,1.0,1.0,0.9974427705847021,True,0.8639437487450783,1.0,0.45841896155231865,0.9973560334279946,True
133,0.9803989440704055,tie_line_n3_fault,0.1238289423219851,0.0216255488606412,0.2050614885410389,0.1762716250342536,0.9678381658772792,0.8831849827918724,-0.1115274576300725,0.2633938023789595,0.5992273216117573,0.526819076745133,0.3462597116600072,0.997011421296756,True,0.4746391381223896,0.3691310980434097,0.1636765722490061,0.9966177841537333,True,0.4701622825072833,0.3620858857693252,0.1606577618152513,0.9958195966752312,True,0.4457670048450188,0.3383743735300401,0.1099481675963183,0.9963711047236768,True,0.6167373376564731,0.5450290894290748,0.380920693139938,0.9959704786278046,True,0.4531601794180555,0.3383743735300401,0.1397937437469742,0.9960982268651676,True,0.8893978747675042,0.8413455845439407,0.8775524044680267,0.9973479255141088,True,0.9803989440704055,1.0,0.9241316381701488,0.9974641381114733,True,0.8672454048448242,1.0,0.4716349676132978,0.9973466517659987,True
134,0.9993975872794453,tie_line_n3_fault,0.1883403054295777,0.0535726587415218,0.0922506471383009,0.2517121451239518,0.7793232341486412,0.8796424922059569,0.1454971250630196,0.2929378782166762,0.5091881026572391,0.388698717106743,0.2623351733258907,0.9970198030895796,True,0.4290903472269536,0.2782270131706098,0.1632400591179781,0.9966673034486168,True,0.427780651970188,0.2744366588662246,0.1663562073904643,0.9958930827578384,True,0.4060511001851039,0.250605891181999,0.1265880985914975,0.99640451978492,True,0.533957568883145,0.4229036638504478,0.2937791005740031,0.9962438472576814,True,0.4151686051305464,0.250605891181999,0.1633325775830769,0.9961300605751108,True,0.6788217500895583,0.5911679364955454,0.5356261904813877,0.9973249368857544,True,0.9993975872794453,1.0,1.0,0.9975903491177812,True,0.8702122280948147,1.0,0.4834423550896254,0.9974065572896335,True
135,0.9993436698033469,tie_line_n3_fault,0.0433262974369425,0.3938898075342473,0.0666048981624521,0.2432131086185499,0.7751302693744792,0.8976299124197807,0.0502634767822981,0.3735170558760959,0.7125462877035984,0.6700159013347555,0.5131235878568035,0.9970297602880788,True,0.5457621302595482,0.4846217478068756,0.2172726120618264,0.9965324133626152,True,0.5395349543101425,0.4759455896825633,0.2105780347164696,0.9956706031589738,True,0.5228308738981525,0.4495839347445431,0.1958977118118774,0.9962579142916465,True,0.7510563144272633,0.7089785124258513,0.590330541618151,0.9959376912391998,True,0.521706743397273,0.4495839347445431,0.1916785507239886,0.995980553376017,True,0.8973751206975094,1.0,0.592037278210455,0.9974632045795824,True,0.9993436698033469,1.0,1.0,0.9973746792133877,True,0.8613565815940623,1.0,0.4481132569281314,0.9973130694481178,True
136,0.999395442793312,tie_line_n3_fault,0.2897627041966066,0.0913025460009609,0.1848114697661258,0.1342047677414173,0.9205590605715568,0.7214172455016495,-0.1389178599966257,0.3500407438525553,0.4675821087006943,0.3188345355955014,0.2356864161446097,0.9969729474671644,True,0.4035762623624838,0.2320864573352644,0.1534598099750717,0.9966723248043344,True,0.4022747138261159,0.2289982610261599,0.1552013281963518,0.995901005055792,True,0.3930459402865162,0.2289982610261599,0.1177828592557332,0.9964043798380116,True,0.4754482203354673,0.3265914276699752,0.2525316838338369,0.996078342168082,True,0.4010902246731693,0.2289982610261599,0.1502367504090855,0.9961276262312716,True,0.588203944945349,0.4567922300643363,0.4420045707647304,0.9972267488879928,True,0.999395442793312,1.0,1.0,0.9975817711732484,True,0.8716029662952108,1.0,0.48903664788758405,0.9973752172932594,True
137,0.9993497646474583,tie_line_n3_fault,0.182832614607297,0.2729545982526313,0.1112122071493611,0.1656172168372197,0.8845300321901647,0.8276747052453644,0.0076986796423373,0.3663083184232546,0.6859846622565827,0.6400693876988792,0.466764304656774,0.9970355689717986,True,0.5285436069276835,0.4556210123743075,0.2063753671926917,0.9965570357694272,True,0.522757014914284,0.4477620937516058,0.199795470554811,0.9957084015991132,True,0.5018571042078612,0.4202189011572366,0.1707137153425613,0.9962768991744106,True,0.7153588702768481,0.670291579023922,0.5248969650289332,0.9959553580306152,True,0.5008053126784469,0.4202189011572366,0.1667914028517323,0.9959920455475818,True,0.8967227259595605,1.0,0.5894436461813584,0.9974472576568836,True,0.9993497646474583,1.0,1.0,0.9973990585898329,True,0.8625627281395041,1.0,0.45292305043542314,0.9973278621225934,True
138,0.9993498796379665,tie_line_n3_fault,0.1870507762525486,0.1952486356840406,0.2535043949217988,0.255944790043292,0.7864775861748078,0.946202349652134,-0.119030892837036,0.44587429845084,0.6845304722568444,0.6465958347726587,0.4479127655694519,0.997017453912608,True,0.525317212601179,0.4560913264669654,0.1925169106841338,0.9965692867866516,True,0.5192813066849762,0.4472511324129047,0.186890443568739,0.9957325183453564,True,0.4957998412691419,0.420766275805589,0.1453682574800012,0.9962985559853884,True,0.710234591924755,0.6725536727317095,0.4999281143510856,0.9959029078845156,True,0.4946995395584748,0.420766275805589,0.141246981716435,0.996018624906286,True,0.8919848052241589,1.0,0.570527208252912,0.9974120126437236,True,0.9993498796379665,1.0,1.0,0.9973995185518663,True,0.8598245536352398,1.0,0.4419793647868069,0.9973188497541523,True
139,0.9992366197836249,tie_line_n3_fault,0.2621380850195136,0.0840731356164389,0.2289491192654549,0.1942502942489553,0.7221135810757269,1.1427000867517694,0.0012539320210406,0.3847053170751814,0.8453041533320169,1.0,0.3840730486992605,0.9971435646288072,True,0.9041913551955656,1.0,0.6203789381017302,0.9963864826805316,True,0.9466913504631592,1.0,0.7867654018526373,1.0,True,0.8814421751888766,1.0,0.5296402013711905,0.996128499384316,True,0.9071265276605917,1.0,0.6285061106423662,1.0,True,0.8400752287471305,1.0,0.3644594860721923,0.9958414289163292,True,0.8747801943228188,1.0,0.5014648981106262,0.9976558791806488,True,0.9992366197836249,1.0,1.0,0.9969464791344996,True,0.8262212432630661,1.0,0.3077543889137786,0.9971305841384859,True
140,0.9992908105551619,tie_line_n3_fault,0.2988190597721888,0.0143787669460916,0.2424687072451814,0.1362207300564251,0.7971314503855075,0.9861538805420992,-0.1450271821334975,0.3459436320099435,0.8740918346111111,1.0,0.4993032393625967,0.9970640990818476,True,0.6047317835649632,0.5902062209349151,0.2420332406480341,0.996481451741988,True,0.5770100143992187,0.5609757170932353,0.1904953603812202,0.9955932630291842,True,0.5437781609698078,0.5305956122237723,0.1176718850751044,0.9962495343565824,True,0.8692270381573244,1.0,0.4812050238718406,0.9957031287574568,True,0.564460302143544,0.5548549843892963,0.1521583059570268,0.9959729338385568,True,0.8918817975269393,1.0,0.5699639563189436,0.9975632337888136,True,0.9992908105551619,1.0,1.0,0.9971632422206477,True,0.8506850329547854,1.0,0.40551812796767805,0.9972220038514635,True
141,0.9994045862441263,tie_line_n3_fault,0.288055312941366,0.1857199774932605,0.0653644396459898,0.276256005277305,0.7997025806219568,0.8147857992683644,0.1405504677588765,0.4076978676789606,0.5487839726359564,0.3913898647384599,0.4153433961228181,0.9970127649440872,True,0.5006951156327542,0.2961907039198617,0.4137352801655751,0.996663774525718,True,0.4988695076245023,0.2931935303385237,0.413213909108336,0.9958770607126256,True,0.4895485000892041,0.2726138932961902,0.41659325060008,0.996372963164356,True,0.5655145232935939,0.4258539001100195,0.4140627692013794,0.9962875237529568,True,0.4889626837392596,0.2726138932961902,0.4145388485010137,0.9960840998636444,True,0.669203731029925,0.5779500021423474,0.5236029158152213,0.997312004019784,True,0.9994045862441263,1.0,1.0,0.9976183449765055,True,0.8790899069292916,1.0,0.5189469839575871,0.9974126437595792,True
142,0.9994124715484876,tie_line_n3_fault,0.2427035383360885,0.0294628097498262,0.1940781024935008,0.2686678369522965,0.8542462979389256,0.7791823417548005,-0.0660900013910451,0.3674561437658561,0.4521927620457586,0.254436122703442,0.3029589140642343,0.996939888711916,True,0.4165241381398098,0.1830091565712355,0.3033558865029953,0.9967223529137728,True,0.415244239696057,0.1811506178553361,0.3026952833449101,0.995980439728646,True,0.4141816898189622,0.177104334101949,0.3060699535841316,0.9964481374878192,True,0.4649498779911761,0.2808916163334573,0.3018090877905202,0.9962071915072698,True,0.4137002904594362,0.177104334101949,0.3044186031582505,0.9961738904755963,True,0.5232798071947427,0.3647150456022038,0.3665441616247804,0.9971449759497826,True,0.9994124715484876,1.0,1.0,0.9976498861939502,True,0.6089174417791643,0.4716242409526436,0.49503973113498034,0.9973815540763894,True
143,0.9992370319809732,tie_line_n3_fault,0.2318398524931981,0.2079049272877535,0.2560101769307951,0.0959259423166309,0.9338011868785728,0.965759118106614,-0.1175802402167429,0.3958404495141889,0.8304014427286941,1.0,0.3245907442698268,0.9970150266449496,True,0.829341941105084,1.0,0.3210548864272802,0.9963128779930556,True,0.943017964741636,1.0,0.7720718589665445,1.0,True,0.8302214673841837,1.0,0.3248050773506534,0.9960807921860814,True,0.9243764580497996,1.0,0.697505832199198,1.0,True,0.8344316391698915,1.0,0.3419187705565996,0.9958077861229664,True,0.8644738280014296,1.0,0.4603436603465951,0.9975516516591232,True,0.9992370319809732,1.0,1.0,0.9969481279238929,True,0.8182242171334244,1.0,0.2758142657279947,0.9970826028057028,True
144,0.9994117813529597,tie_line_n3_fault,0.3536341103939076,0.0858254506563031,0.231117824929671,0.2853615324722352,0.7502168123606452,0.7514308754593579,-0.1374473927517921,0.4779694592260585,0.4588660538668074,0.2320997562517432,0.3743452044449284,0.9969194985188148,True,0.4281362013008298,0.1707464662234186,0.3743332922435343,0.9967185805129478,True,0.4278070541004133,0.1707464662234186,0.3737630601997246,0.9959722237550916,True,0.4286599882423466,0.1707464662234186,0.3767098131226163,0.9964372073999328,True,0.4701280592377862,0.2557471837568968,0.3728520567565105,0.9961658126808404,True,0.4282293699281257,0.1707464662234186,0.3752654199162251,0.9961591273494408,True,0.5067996669564954,0.3296719857205197,0.3707463578024281,0.997108338582514,True,0.9994117813529597,1.0,1.0,0.9976471254118389,True,0.5946117396605494,0.42143643263122255,0.5382067842023304,0.9973673091774221,True
145,0.9992528782486705,tie_line_n3_fault,0.210205248236127,0.2580431300633997,0.2148302858949014,0.1872034282701973,0.717608944327996,1.0117697026804944,-0.0972463522417832,0.4351410462323127,0.8396651731673951,1.0,0.3616830053994846,0.9969776872700956,True,0.8780691632391556,1.0,0.515944415306663,0.9963322376499596,True,0.9594597808304844,1.0,0.8424561135456514,0.995383009776286,True,0.8643951838685175,1.0,0.4614797020175096,0.9961010334565606,True,0.9264948620704372,1.0,0.7059794482817487,1.0,True,0.8463145515505501,1.0,0.3894318347855865,0.9958263714166142,True,0.8666824717685253,1.0,0.4692207234975463,0.9975091635765548,True,0.9992528782486705,1.0,1.0,0.997011512994682,True,0.8229351766187823,1.0,0.29463765386505614,0.9971030526100731,True
146,0.9993966764242669,tie_line_n3_fault,0.0175439064643036,0.3275597316058697,0.0313139501304941,0.2221435903693442,0.9953833829996124,0.7468524633922329,0.1016923345336209,0.2992805892850059,0.54664860053352,0.4080987616190529,0.3733892735149098,0.9970076053810644,True,0.498426893374826,0.3131661714930625,0.3707459421620385,0.9966292883511404,True,0.4958135099841991,0.3086386159405485,0.3701552600976114,0.995821547958088,True,0.4889976493689338,0.2932744138385363,0.3731023564524776,0.9963394133461853,True,0.5612739123917543,0.4383574747837589,0.3721635610246707,0.9962171389748284,True,0.4884374804574212,0.2932744138385363,0.3711472529357031,0.9960538412169088,True,0.696104453601472,0.6147593062319856,0.5575724721255888,0.997326729816328,True,0.9993966764242669,1.0,1.0,0.9975867056970674,True,0.8688946179359965,1.0,0.4781818424758235,0.9973966292681627,True
147,0.9994105188503076,tie_line_n3_fault,0.0290445035144212,0.092414798063396,0.1830902033772667,0.2677049807912876,0.9916467492919234,0.7940652488292257,0.0404457144142735,0.2861272428731858,0.4999533781895668,0.3207020512914509,0.3614298339529576,0.9969795762224082,True,0.4586037885403317,0.238438484816735,0.3608414845135215,0.9966967000143352,True,0.4570873165681827,0.2360767577324226,0.3602606155510806,0.9959351352568048,True,0.4508663150311933,0.2215467570502274,0.3639555148669373,0.996416231157381,True,0.514625541095598,0.3510598658826778,0.3601192863257623,0.9962631462912742,True,0.4502132010903992,0.2215467570502274,0.3616191881937318,0.99614010206741,True,0.588934348006757,0.4637728310199671,0.430963698444323,0.9972280315427708,True,0.9994105188503076,1.0,1.0,0.9976420754012305,True,0.7878735398523851,0.7305276950486844,0.6930360528583606,0.9974027164538108,True
148,0.9993985320772099,tie_line_n3_fault,0.2071708506257942,0.2111862194816131,0.2113764536303572,0.2988649202077824,0.8144596892956198,0.8234878744654296,-0.1216825881222168,0.4642992219727735,0.4633911965724137,0.3075251052959827,0.2415484605372526,0.9969661151604368,True,0.4074436902848147,0.2300970071777691,0.1729209769429687,0.9966597698407518,True,0.4066284191697594,0.2278030356537814,0.1750312541038319,0.9958763512676428,True,0.4055332557495902,0.2273445581657885,0.1710714420176629,0.9963724646491208,True,0.4761468435515745,0.3256352346298706,0.2572147879259319,0.9961021170206248,True,0.4046890972188282,0.2273445581657885,0.1679806104344159,0.9960866621093198,True,0.5838939262361564,0.4535941482547387,0.4311671251927649,0.9972202832423832,True,0.9993985320772099,1.0,1.0,0.9975941283088392,True,0.8764718245456514,1.0,0.5085117257457412,0.9973755724368646,True
149,0.9992367117133051,tie_line_n3_fault,0.0412345725963483,0.1594042148767811,0.2515909648679542,0.1199132885163568,1.1316664481081546,1.0143385560523028,-0.113742906309858,0.2860715204287203,0.833238013960428,1.0,0.3358709318935595,0.9970811239481524,True,0.9463041517261424,1.0,0.7888657120392963,0.9963508948652736,True,0.9413464315003708,1.0,0.7653857260014831,1.0,True,0.8321637450426164,1.0,0.3325543153441082,0.9961006648263572,True,0.8977494007748655,1.0,0.5909976030994635,0.9999999999999988,True,0.8320224963997255,1.0,0.3322747519899707,0.9958152336089312,True,0.8709102029489382,1.0,0.4860253598743149,0.9976154519214376,True,0.9992367117133051,1.0,1.0,0.9969468468532202,True,0.8195356804610542,1.0,0.28103508332972993,0.9971076385144869,True
