wind_area1_pct,wind_area2_pct,solar_area1_pct,solar_area2_pct,load_area1,load_area2,gen_dispatch_bias,severity,label
0.0022604395144403,0.1956112156024795,0.0535605156006646,0.0022697397820547,0.7664405048362639,0.7452742485440864,-0.0957085477649276,0.8388059432484989,unsafe
0.0022604395144403,0.1956112156024795,0.0535605156006646,0.0022697397820547,0.7664405048362639,0.7452742485440864,-0.0957085477649276,0.5584126177099311,boundary
0.0022604395144403,0.1956112156024795,0.0535605156006646,0.0022697397820547,0.7664405048362639,0.7452742485440864,-0.0957085477649276,0.5489275394315257,safe
0.0022604395144403,0.1956112156024795,0.0535605156006646,0.0022697397820547,0.7664405048362639,0.7452742485440864,-0.0957085477649276,0.5232421982094978,safe
0.0022604395144403,0.1956112156024795,0.0535605156006646,0.0022697397820547,0.7664405048362639,0.7452742485440864,-0.0957085477649276,0.954836198372316,unsafe
0.0022604395144403,0.1956112156024795,0.0535605156006646,0.0022697397820547,0.7664405048362639,0.7452742485440864,-0.0957085477649276,0.5224947983930242,safe
0.0022604395144403,0.1956112156024795,0.0535605156006646,0.0022697397820547,0.7664405048362639,0.7452742485440864,-0.0957085477649276,0.8884427499142582,unsafe
0.0955658580117267,0.0677276127821522,0.0933406140973812,0.1420213705792186,0.9719391493150834,0.8728937755098767,0.1068143419493597,0.6530718685501651,boundary
0.0955658580117267,0.0677276127821522,0.0933406140973812,0.1420213705792186,0.9719391493150834,0.8728937755098767,0.1068143419493597,0.4916741233244159,safe
0.0955658580117267,0.0677276127821522,0.0933406140973812,0.1420213705792186,0.9719391493150834,0.8728937755098767,0.1068143419493597,0.4855971980984495,safe
0.0955658580117267,0.0677276127821522,0.0933406140973812,0.1420213705792186,0.9719391493150834,0.8728937755098767,0.1068143419493597,0.4556439917033129,safe
0.0955658580117267,0.0677276127821522,0.0933406140973812,0.1420213705792186,0.9719391493150834,0.8728937755098767,0.1068143419493597,0.6850077467182744,boundary
0.0955658580117267,0.0677276127821522,0.0933406140973812,0.1420213705792186,0.9719391493150834,0.8728937755098767,0.1068143419493597,0.46208564527884,safe
0.0955658580117267,0.0677276127821522,0.0933406140973812,0.1420213705792186,0.9719391493150834,0.8728937755098767,0.1068143419493597,0.914878817223358,unsafe
0.1164547403187013,0.0802930197560509,0.1133015915900835,0.1441621237719468,1.0240603145366654,0.7847493887080708,0.0371714717565958,0.5116250203723114,safe
0.1164547403187013,0.0802930197560509,0.1133015915900835,0.1441621237719468,1.0240603145366654,0.7847493887080708,0.0371714717565958,0.42486043825171,safe
0.1164547403187013,0.0802930197560509,0.1133015915900835,0.1441621237719468,1.0240603145366654,0.7847493887080708,0.0371714717565958,0.4225315020654224,safe
0.1164547403187013,0.0802930197560509,0.1133015915900835,0.1441621237719468,1.0240603145366654,0.7847493887080708,0.0371714717565958,0.4053588177054451,safe
0.1164547403187013,0.0802930197560509,0.1133015915900835,0.1441621237719468,1.0240603145366654,0.7847493887080708,0.0371714717565958,0.530216314555689,safe
0.1164547403187013,0.0802930197560509,0.1133015915900835,0.1441621237719468,1.0240603145366654,0.7847493887080708,0.0371714717565958,0.413538998733354,safe
0.1164547403187013,0.0802930197560509,0.1133015915900835,0.1441621237719468,1.0240603145366654,0.7847493887080708,0.0371714717565958,0.6974107061668777,boundary
0.0684571050793245,0.3831695104675754,0.2869142838306914,0.0752436770067434,1.0675844647209458,0.8308323283071077,0.0564783314154314,0.8595205752313904,unsafe
0.0684571050793245,0.3831695104675754,0.2869142838306914,0.0752436770067434,1.0675844647209458,0.8308323283071077,0.0564783314154314,0.6295727560647333,boundary
0.0684571050793245,0.3831695104675754,0.2869142838306914,0.0752436770067434,1.0675844647209458,0.8308323283071077,0.0564783314154314,0.61653209784549,boundary
0.0684571050793245,0.3831695104675754,0.2869142838306914,0.0752436770067434,1.0675844647209458,0.8308323283071077,0.0564783314154314,0.6724104891740625,boundary
0.0684571050793245,0.3831695104675754,0.2869142838306914,0.0752436770067434,1.0675844647209458,0.8308323283071077,0.0564783314154314,0.8578393666178006,unsafe
0.0684571050793245,0.3831695104675754,0.2869142838306914,0.0752436770067434,1.0675844647209458,0.8308323283071077,0.0564783314154314,0.6842852379906509,boundary
0.0684571050793245,0.3831695104675754,0.2869142838306914,0.0752436770067434,1.0675844647209458,0.8308323283071077,0.0564783314154314,0.8741504509472002,unsafe
0.1881052864091571,0.2587007849466453,0.0714322130533055,0.2982981798821184,0.9512145925598215,0.953832040912686,0.0837549135295662,0.6148237961637438,boundary
0.1881052864091571,0.2587007849466453,0.0714322130533055,0.2982981798821184,0.9512145925598215,0.953832040912686,0.0837549135295662,0.4937485522399136,safe
0.1881052864091571,0.2587007849466453,0.0714322130533055,0.2982981798821184,0.9512145925598215,0.953832040912686,0.0837549135295662,0.4893531152083751,safe
0.1881052864091571,0.2587007849466453,0.0714322130533055,0.2982981798821184,0.9512145925598215,0.953832040912686,0.0837549135295662,0.4740993088749602,safe
0.1881052864091571,0.2587007849466453,0.0714322130533055,0.2982981798821184,0.9512145925598215,0.953832040912686,0.0837549135295662,0.6380801928692468,boundary
0.1881052864091571,0.2587007849466453,0.0714322130533055,0.2982981798821184,0.9512145925598215,0.953832040912686,0.0837549135295662,0.4732125971236909,safe
0.1881052864091571,0.2587007849466453,0.0714322130533055,0.2982981798821184,0.9512145925598215,0.953832040912686,0.0837549135295662,0.9111697664357944,unsafe
0.2729973489799775,0.0968763335861795,0.278758051489536,0.218964267318774,0.9093908682359104,1.0680063088307843,0.0098812837201876,0.8723269772535807,unsafe
0.2729973489799775,0.0968763335861795,0.278758051489536,0.218964267318774,0.9093908682359104,1.0680063088307843,0.0098812837201876,0.6247502615770724,boundary
0.2729973489799775,0.0968763335861795,0.278758051489536,0.218964267318774,0.9093908682359104,1.0680063088307843,0.0098812837201876,0.5980449188154326,boundary
0.2729973489799775,0.0968763335861795,0.278758051489536,0.218964267318774,0.9093908682359104,1.0680063088307843,0.0098812837201876,0.554150532005328,boundary
0.2729973489799775,0.0968763335861795,0.278758051489536,0.218964267318774,0.9093908682359104,1.0680063088307843,0.0098812837201876,0.8761534201238358,unsafe
0.2729973489799775,0.0968763335861795,0.278758051489536,0.218964267318774,0.9093908682359104,1.0680063088307843,0.0098812837201876,0.5672081425431946,boundary
0.2729973489799775,0.0968763335861795,0.278758051489536,0.218964267318774,0.9093908682359104,1.0680063088307843,0.0098812837201876,0.8877222205017544,unsafe
0.2886024751639069,0.2280009179752489,0.2249447829768674,0.1890980671687339,0.8725204278633396,1.1308168894904536,0.0391445322673352,0.9563974646453512,unsafe
0.2886024751639069,0.2280009179752489,0.2249447829768674,0.1890980671687339,0.8725204278633396,1.1308168894904536,0.0391445322673352,0.9988698457370816,unsafe
0.2886024751639069,0.2280009179752489,0.2249447829768674,0.1890980671687339,0.8725204278633396,1.1308168894904536,0.0391445322673352,0.9986258001145828,unsafe
0.2886024751639069,0.2280009179752489,0.2249447829768674,0.1890980671687339,0.8725204278633396,1.1308168894904536,0.0391445322673352,0.9989240356329272,unsafe
0.2886024751639069,0.2280009179752489,0.2249447829768674,0.1890980671687339,0.8725204278633396,1.1308168894904536,0.0391445322673352,0.9560202038371632,unsafe
0.2886024751639069,0.2280009179752489,0.2249447829768674,0.1890980671687339,0.8725204278633396,1.1308168894904536,0.0391445322673352,0.93107475785032,unsafe
0.2886024751639069,0.2280009179752489,0.2249447829768674,0.1890980671687339,0.8725204278633396,1.1308168894904536,0.0391445322673352,0.956417205277283,unsafe
0.3054108422446166,0.1643125880404711,0.1114515225140425,0.1566410244484802,0.8274804666798572,0.9309501676808896,0.0257607292013911,0.889486654754772,unsafe
0.3054108422446166,0.1643125880404711,0.1114515225140425,0.1566410244484802,0.8274804666798572,0.9309501676808896,0.0257607292013911,0.5784014843461172,boundary
0.3054108422446166,0.1643125880404711,0.1114515225140425,0.1566410244484802,0.8274804666798572,0.9309501676808896,0.0257607292013911,0.5663992869371195,boundary
0.3054108422446166,0.1643125880404711,0.1114515225140425,0.1566410244484802,0.8274804666798572,0.9309501676808896,0.0257607292013911,0.5339385675187733,safe
0.3054108422446166,0.1643125880404711,0.1114515225140425,0.1566410244484802,0.8274804666798572,0.9309501676808896,0.0257607292013911,0.8831319992865603,unsafe
0.3054108422446166,0.1643125880404711,0.1114515225140425,0.1566410244484802,0.8274804666798572,0.9309501676808896,0.0257607292013911,0.5311834009785706,safe
0.3054108422446166,0.1643125880404711,0.1114515225140425,0.1566410244484802,0.8274804666798572,0.9309501676808896,0.0257607292013911,0.8912442992955985,unsafe
0.2023500114258397,0.2836528167999941,0.100848154495065,0.0858059462944094,1.0565805613967956,0.9021532993611104,-0.1082753804192427,0.8345987591013047,unsafe
0.2023500114258397,0.2836528167999941,0.100848154495065,0.0858059462944094,1.0565805613967956,0.9021532993611104,-0.1082753804192427,0.9039034801792244,unsafe
0.2023500114258397,0.2836528167999941,0.100848154495065,0.0858059462944094,1.0565805613967956,0.9021532993611104,-0.1082753804192427,0.8490040828147574,unsafe
0.2023500114258397,0.2836528167999941,0.100848154495065,0.0858059462944094,1.0565805613967956,0.9021532993611104,-0.1082753804192427,0.8391619658701877,unsafe
0.2023500114258397,0.2836528167999941,0.100848154495065,0.0858059462944094,1.0565805613967956,0.9021532993611104,-0.1082753804192427,0.9290833077074296,unsafe
0.2023500114258397,0.2836528167999941,0.100848154495065,0.0858059462944094,1.0565805613967956,0.9021532993611104,-0.1082753804192427,0.8246827703668538,unsafe
0.2023500114258397,0.2836528167999941,0.100848154495065,0.0858059462944094,1.0565805613967956,0.9021532993611104,-0.1082753804192427,0.8641231918122055,unsafe
0.1478541532718047,0.1359147135627536,0.2710994769504887,0.2757454538560099,1.036844094155998,1.0118344312147525,0.0652980468167498,0.6819553706952706,boundary
0.1478541532718047,0.1359147135627536,0.2710994769504887,0.2757454538560099,1.036844094155998,1.0118344312147525,0.0652980468167498,0.5103937515404968,safe
0.1478541532718047,0.1359147135627536,0.2710994769504887,0.2757454538560099,1.036844094155998,1.0118344312147525,0.0652980468167498,0.5036945215514854,safe
0.1478541532718047,0.1359147135627536,0.2710994769504887,0.2757454538560099,1.036844094155998,1.0118344312147525,0.0652980468167498,0.4734708523815486,safe
0.1478541532718047,0.1359147135627536,0.2710994769504887,0.2757454538560099,1.036844094155998,1.0118344312147525,0.0652980468167498,0.7150052780735838,boundary
0.1478541532718047,0.1359147135627536,0.2710994769504887,0.2757454538560099,1.036844094155998,1.0118344312147525,0.0652980468167498,0.4767901802078813,safe
0.1478541532718047,0.1359147135627536,0.2710994769504887,0.2757454538560099,1.036844094155998,1.0118344312147525,0.0652980468167498,0.901887332143687,unsafe
0.3133808348527311,0.2944296784765872,0.1366207634317019,0.1975176484475446,0.9204281478087992,1.0508422706725071,-0.0162522968993077,0.8326491161549567,unsafe
0.3133808348527311,0.2944296784765872,0.1366207634317019,0.1975176484475446,0.9204281478087992,1.0508422706725071,-0.0162522968993077,0.8314256216871763,unsafe
0.3133808348527311,0.2944296784765872,0.1366207634317019,0.1975176484475446,0.9204281478087992,1.0508422706725071,-0.0162522968993077,0.9278974044170416,unsafe
0.3133808348527311,0.2944296784765872,0.1366207634317019,0.1975176484475446,0.9204281478087992,1.0508422706725071,-0.0162522968993077,0.8289400467131822,unsafe
0.3133808348527311,0.2944296784765872,0.1366207634317019,0.1975176484475446,0.9204281478087992,1.0508422706725071,-0.0162522968993077,0.6229341308407997,boundary
0.3133808348527311,0.2944296784765872,0.1366207634317019,0.1975176484475446,0.9204281478087992,1.0508422706725071,-0.0162522968993077,0.8307377367861848,unsafe
0.3133808348527311,0.2944296784765872,0.1366207634317019,0.1975176484475446,0.9204281478087992,1.0508422706725071,-0.0162522968993077,0.8618174559624743,unsafe
0.04283109810841,0.1255063849785621,0.2679581882861613,0.2167770677838487,0.7123457230388818,1.1111225167393717,-0.1440177252359642,0.8404148217722509,unsafe
0.04283109810841,0.1255063849785621,0.2679581882861613,0.2167770677838487,0.7123457230388818,1.1111225167393717,-0.1440177252359642,0.8625678605099932,unsafe
0.04283109810841,0.1255063849785621,0.2679581882861613,0.2167770677838487,0.7123457230388818,1.1111225167393717,-0.1440177252359642,0.9428099980935888,unsafe
0.04283109810841,0.1255063849785621,0.2679581882861613,0.2167770677838487,0.7123457230388818,1.1111225167393717,-0.1440177252359642,0.928800039795162,unsafe
0.04283109810841,0.1255063849785621,0.2679581882861613,0.2167770677838487,0.7123457230388818,1.1111225167393717,-0.1440177252359642,0.9153912625991848,unsafe
0.04283109810841,0.1255063849785621,0.2679581882861613,0.2167770677838487,0.7123457230388818,1.1111225167393717,-0.1440177252359642,0.8656183800785877,unsafe
0.04283109810841,0.1255063849785621,0.2679581882861613,0.2167770677838487,0.7123457230388818,1.1111225167393717,-0.1440177252359642,0.8778635628121191,unsafe
0.2469404337584934,0.154207804310581,0.1861742041279557,0.0385753928693071,0.9839666552893538,0.736906041745552,0.0717593022016867,0.6308002225412184,boundary
0.2469404337584934,0.154207804310581,0.1861742041279557,0.0385753928693071,0.9839666552893538,0.736906041745552,0.0717593022016867,0.4922652739434649,safe
0.2469404337584934,0.154207804310581,0.1861742041279557,0.0385753928693071,0.9839666552893538,0.736906041745552,0.0717593022016867,0.4868646678324962,safe
0.2469404337584934,0.154207804310581,0.1861742041279557,0.0385753928693071,0.9839666552893538,0.736906041745552,0.0717593022016867,0.4613766186092895,safe
0.2469404337584934,0.154207804310581,0.1861742041279557,0.0385753928693071,0.9839666552893538,0.736906041745552,0.0717593022016867,0.656347578753996,boundary
0.2469404337584934,0.154207804310581,0.1861742041279557,0.0385753928693071,0.9839666552893538,0.736906041745552,0.0717593022016867,0.4643006721493578,safe
0.2469404337584934,0.154207804310581,0.1861742041279557,0.0385753928693071,0.9839666552893538,0.736906041745552,0.0717593022016867,0.9081853323663732,unsafe
0.1237269115929755,0.0141590203108726,0.0176261504883388,0.2918666675914508,0.8865721667255806,1.0932818405440536,-0.1387049311443338,0.714694759990136,boundary
0.1237269115929755,0.0141590203108726,0.0176261504883388,0.2918666675914508,0.8865721667255806,1.0932818405440536,-0.1387049311443338,0.5141712506314289,safe
0.1237269115929755,0.0141590203108726,0.0176261504883388,0.2918666675914508,0.8865721667255806,1.0932818405440536,-0.1387049311443338,0.506728245840986,safe
0.1237269115929755,0.0141590203108726,0.0176261504883388,0.2918666675914508,0.8865721667255806,1.0932818405440536,-0.1387049311443338,0.4783502565951749,safe
0.1237269115929755,0.0141590203108726,0.0176261504883388,0.2918666675914508,0.8865721667255806,1.0932818405440536,-0.1387049311443338,0.7513684944061902,unsafe
0.1237269115929755,0.0141590203108726,0.0176261504883388,0.2918666675914508,0.8865721667255806,1.0932818405440536,-0.1387049311443338,0.4850136968940288,safe
0.1237269115929755,0.0141590203108726,0.0176261504883388,0.2918666675914508,0.8865721667255806,1.0932818405440536,-0.1387049311443338,0.8893648784826628,unsafe
0.1767013878766721,0.0285547581113395,0.1792244777420808,0.0255926657086671,0.77683082910396,1.038342398668261,0.048142041452247,0.958974283518235,unsafe
0.1767013878766721,0.0285547581113395,0.1792244777420808,0.0255926657086671,0.77683082910396,1.038342398668261,0.048142041452247,0.9587285400633028,unsafe
0.1767013878766721,0.0285547581113395,0.1792244777420808,0.0255926657086671,0.77683082910396,1.038342398668261,0.048142041452247,0.8816020666229809,unsafe
0.1767013878766721,0.0285547581113395,0.1792244777420808,0.0255926657086671,0.77683082910396,1.038342398668261,0.048142041452247,0.9586556256733436,unsafe
0.1767013878766721,0.0285547581113395,0.1792244777420808,0.0255926657086671,0.77683082910396,1.038342398668261,0.048142041452247,0.8609107580334046,unsafe
0.1767013878766721,0.0285547581113395,0.1792244777420808,0.0255926657086671,0.77683082910396,1.038342398668261,0.048142041452247,0.998821579743509,unsafe
0.1767013878766721,0.0285547581113395,0.1792244777420808,0.0255926657086671,0.77683082910396,1.038342398668261,0.048142041452247,0.9590223452016864,unsafe
0.1365313019546516,0.2340908450851858,0.2473289709672773,0.1203108059006891,0.9983240863343924,0.9049442286934342,-0.0231204749994182,0.859664071328113,unsafe
0.1365313019546516,0.2340908450851858,0.2473289709672773,0.1203108059006891,0.9983240863343924,0.9049442286934342,-0.0231204749994182,0.6461838097202903,boundary
0.1365313019546516,0.2340908450851858,0.2473289709672773,0.1203108059006891,0.9983240863343924,0.9049442286934342,-0.0231204749994182,0.6089552464973763,boundary
0.1365313019546516,0.2340908450851858,0.2473289709672773,0.1203108059006891,0.9983240863343924,0.9049442286934342,-0.0231204749994182,0.6279768019389895,boundary
0.1365313019546516,0.2340908450851858,0.2473289709672773,0.1203108059006891,0.9983240863343924,0.9049442286934342,-0.0231204749994182,0.8629945762290228,unsafe
0.1365313019546516,0.2340908450851858,0.2473289709672773,0.1203108059006891,0.9983240863343924,0.9049442286934342,-0.0231204749994182,0.6450358172709522,boundary
0.1365313019546516,0.2340908450851858,0.2473289709672773,0.1203108059006891,0.9983240863343924,0.9049442286934342,-0.0231204749994182,0.8786514971886855,unsafe
0.2351334166916184,0.0050929300564547,0.2329663015876876,0.2582120396071794,1.0096732442381091,0.8657465237902161,-0.0024867674800691,0.4600164785793827,safe
0.2351334166916184,0.0050929300564547,0.2329663015876876,0.2582120396071794,1.0096732442381091,0.8657465237902161,-0.0024867674800691,0.3961619413494939,safe
0.2351334166916184,0.0050929300564547,0.2329663015876876,0.2582120396071794,1.0096732442381091,0.8657465237902161,-0.0024867674800691,0.3956303199995283,safe
0.2351334166916184,0.0050929300564547,0.2329663015876876,0.2582120396071794,1.0096732442381091,0.8657465237902161,-0.0024867674800691,0.3811346104400409,safe
0.2351334166916184,0.0050929300564547,0.2329663015876876,0.2582120396071794,1.0096732442381091,0.8657465237902161,-0.0024867674800691,0.4781989183137456,safe
0.2351334166916184,0.0050929300564547,0.2329663015876876,0.2582120396071794,1.0096732442381091,0.8657465237902161,-0.0024867674800691,0.3902010351439278,safe
0.2351334166916184,0.0050929300564547,0.2329663015876876,0.2582120396071794,1.0096732442381091,0.8657465237902161,-0.0024867674800691,0.5853982647215568,boundary
0.3447932759752846,0.0356108853969495,0.0523379094008975,0.1588028105685423,0.7236681913168026,1.0809221977487655,-0.1166552710765428,0.8489049220240366,unsafe
0.3447932759752846,0.0356108853969495,0.0523379094008975,0.1588028105685423,0.7236681913168026,1.0809221977487655,-0.1166552710765428,0.8688382706853264,unsafe
0.3447932759752846,0.0356108853969495,0.0523379094008975,0.1588028105685423,0.7236681913168026,1.0809221977487655,-0.1166552710765428,0.9580149355615966,unsafe
0.3447932759752846,0.0356108853969495,0.0523379094008975,0.1588028105685423,0.7236681913168026,1.0809221977487655,-0.1166552710765428,0.8944321370504984,unsafe
0.3447932759752846,0.0356108853969495,0.0523379094008975,0.1588028105685423,0.7236681913168026,1.0809221977487655,-0.1166552710765428,0.9193006111805132,unsafe
0.3447932759752846,0.0356108853969495,0.0523379094008975,0.1588028105685423,0.7236681913168026,1.0809221977487655,-0.1166552710765428,0.8713672848687855,unsafe
0.3447932759752846,0.0356108853969495,0.0523379094008975,0.1588028105685423,0.7236681913168026,1.0809221977487655,-0.1166552710765428,0.882174568506611,unsafe
0.1689142425886456,0.1732775990696019,0.0278907466212074,0.2800543302398107,0.8605713105892725,0.7926027157159263,0.0966919429053307,0.5462071743043142,safe
0.1689142425886456,0.1732775990696019,0.0278907466212074,0.2800543302398107,0.8605713105892725,0.7926027157159263,0.0966919429053307,0.5032862861968495,safe
0.1689142425886456,0.1732775990696019,0.0278907466212074,0.2800543302398107,0.8605713105892725,0.7926027157159263,0.0966919429053307,0.5016994613509755,safe
0.1689142425886456,0.1732775990696019,0.0278907466212074,0.2800543302398107,0.8605713105892725,0.7926027157159263,0.0966919429053307,0.4941451959720079,safe
0.1689142425886456,0.1732775990696019,0.0278907466212074,0.2800543302398107,0.8605713105892725,0.7926027157159263,0.0966919429053307,0.561983507195104,boundary
0.1689142425886456,0.1732775990696019,0.0278907466212074,0.2800543302398107,0.8605713105892725,0.7926027157159263,0.0966919429053307,0.4935305913108661,safe
0.1689142425886456,0.1732775990696019,0.0278907466212074,0.2800543302398107,0.8605713105892725,0.7926027157159263,0.0966919429053307,0.63078013058906,boundary
0.1508398815486239,0.0776978600910512,0.1272194058286786,0.2433386064795638,0.9320771243065477,0.7019148653897603,0.1289381139595177,0.5909110315660451,boundary
0.1508398815486239,0.0776978600910512,0.1272194058286786,0.2433386064795638,0.9320771243065477,0.7019148653897603,0.1289381139595177,0.5858032259776385,boundary
0.1508398815486239,0.0776978600910512,0.1272194058286786,0.2433386064795638,0.9320771243065477,0.7019148653897603,0.1289381139595177,0.5854611750472756,boundary
0.1508398815486239,0.0776978600910512,0.1272194058286786,0.2433386064795638,0.9320771243065477,0.7019148653897603,0.1289381139595177,0.5862827404917041,boundary
0.1508398815486239,0.0776978600910512,0.1272194058286786,0.2433386064795638,0.9320771243065477,0.7019148653897603,0.1289381139595177,0.6125231729560693,boundary
0.1508398815486239,0.0776978600910512,0.1272194058286786,0.2433386064795638,0.9320771243065477,0.7019148653897603,0.1289381139595177,0.5857064883441084,boundary
0.1508398815486239,0.0776978600910512,0.1272194058286786,0.2433386064795638,0.9320771243065477,0.7019148653897603,0.1289381139595177,0.6540729051206456,boundary
0.0368286110717728,0.3304710060493026,0.0053181162139491,0.2511370715307621,1.1133703927311145,0.8807195098369491,-0.1212345586318651,0.6553644332103595,boundary
0.0368286110717728,0.3304710060493026,0.0053181162139491,0.2511370715307621,1.1133703927311145,0.8807195098369491,-0.1212345586318651,0.5279787624854939,safe
0.0368286110717728,0.3304710060493026,0.0053181162139491,0.2511370715307621,1.1133703927311145,0.8807195098369491,-0.1212345586318651,0.5232099500366056,safe
0.0368286110717728,0.3304710060493026,0.0053181162139491,0.2511370715307621,1.1133703927311145,0.8807195098369491,-0.1212345586318651,0.5052887001644462,safe
0.0368286110717728,0.3304710060493026,0.0053181162139491,0.2511370715307621,1.1133703927311145,0.8807195098369491,-0.1212345586318651,0.6748783977815149,boundary
0.0368286110717728,0.3304710060493026,0.0053181162139491,0.2511370715307621,1.1133703927311145,0.8807195098369491,-0.1212345586318651,0.504230584758015,safe
0.0368286110717728,0.3304710060493026,0.0053181162139491,0.2511370715307621,1.1133703927311145,0.8807195098369491,-0.1212345586318651,0.8911624998631859,unsafe
0.0795508938060767,0.2056490293999696,0.0375571832695812,0.2633124205030881,0.8940781597811093,0.8137285844776165,0.098299150202266,0.5209435913482644,safe
0.0795508938060767,0.2056490293999696,0.0375571832695812,0.2633124205030881,0.8940781597811093,0.8137285844776165,0.098299150202266,0.4714565425335574,safe
0.0795508938060767,0.2056490293999696,0.0375571832695812,0.2633124205030881,0.8940781597811093,0.8137285844776165,0.098299150202266,0.4695197967250551,safe
0.0795508938060767,0.2056490293999696,0.0375571832695812,0.2633124205030881,0.8940781597811093,0.8137285844776165,0.098299150202266,0.4623547329343422,safe
0.0795508938060767,0.2056490293999696,0.0375571832695812,0.2633124205030881,0.8940781597811093,0.8137285844776165,0.098299150202266,0.5359013074525079,safe
0.0795508938060767,0.2056490293999696,0.0375571832695812,0.2633124205030881,0.8940781597811093,0.8137285844776165,0.098299150202266,0.4617145114669424,safe
0.0795508938060767,0.2056490293999696,0.0375571832695812,0.2633124205030881,0.8940781597811093,0.8137285844776165,0.098299150202266,0.6715837071613681,boundary
0.3385610249744875,0.319860637122918,0.2082775797750085,0.111511333366601,0.7823763399218553,0.811129384322929,-0.1012974744871547,0.9071400283350078,unsafe
0.3385610249744875,0.319860637122918,0.2082775797750085,0.111511333366601,0.7823763399218553,0.811129384322929,-0.1012974744871547,0.5750280047241358,boundary
0.3385610249744875,0.319860637122918,0.2082775797750085,0.111511333366601,0.7823763399218553,0.811129384322929,-0.1012974744871547,0.5656946638014456,boundary
0.3385610249744875,0.319860637122918,0.2082775797750085,0.111511333366601,0.7823763399218553,0.811129384322929,-0.1012974744871547,0.5461424280504212,safe
0.3385610249744875,0.319860637122918,0.2082775797750085,0.111511333366601,0.7823763399218553,0.811129384322929,-0.1012974744871547,0.8985380578456141,unsafe
0.3385610249744875,0.319860637122918,0.2082775797750085,0.111511333366601,0.7823763399218553,0.811129384322929,-0.1012974744871547,0.5451715743108708,safe
0.3385610249744875,0.319860637122918,0.2082775797750085,0.111511333366601,0.7823763399218553,0.811129384322929,-0.1012974744871547,0.8852569839885703,unsafe
0.0230573756435711,0.364188833907791,0.2310016826125495,0.091469066053633,0.9619516697918222,0.7141864299559502,-0.1284829331366798,0.6476979795388716,boundary
0.0230573756435711,0.364188833907791,0.2310016826125495,0.091469066053633,0.9619516697918222,0.7141864299559502,-0.1284829331366798,0.52782668370088,safe
0.0230573756435711,0.364188833907791,0.2310016826125495,0.091469066053633,0.9619516697918222,0.7141864299559502,-0.1284829331366798,0.5233382307908029,safe
0.0230573756435711,0.364188833907791,0.2310016826125495,0.091469066053633,0.9619516697918222,0.7141864299559502,-0.1284829331366798,0.5086553264081035,safe
0.0230573756435711,0.364188833907791,0.2310016826125495,0.091469066053633,0.9619516697918222,0.7141864299559502,-0.1284829331366798,0.6646433204410189,boundary
0.0230573756435711,0.364188833907791,0.2310016826125495,0.091469066053633,0.9619516697918222,0.7141864299559502,-0.1284829331366798,0.5076684890625516,safe
0.0230573756435711,0.364188833907791,0.2310016826125495,0.091469066053633,0.9619516697918222,0.7141864299559502,-0.1284829331366798,0.8945390888162188,unsafe
0.3687624619634966,0.0507243744899349,0.1920181635463129,0.0727428848116429,0.9420034294897952,0.8387927776064097,-0.0146671744278522,0.7465467431857469,boundary
0.3687624619634966,0.0507243744899349,0.1920181635463129,0.0727428848116429,0.9420034294897952,0.8387927776064097,-0.0146671744278522,0.5238969469639687,safe
0.3687624619634966,0.0507243744899349,0.1920181635463129,0.0727428848116429,0.9420034294897952,0.8387927776064097,-0.0146671744278522,0.5155236182481121,safe
0.3687624619634966,0.0507243744899349,0.1920181635463129,0.0727428848116429,0.9420034294897952,0.8387927776064097,-0.0146671744278522,0.4829679419768258,safe
0.3687624619634966,0.0507243744899349,0.1920181635463129,0.0727428848116429,0.9420034294897952,0.8387927776064097,-0.0146671744278522,0.7946010317618472,unsafe
0.3687624619634966,0.0507243744899349,0.1920181635463129,0.0727428848116429,0.9420034294897952,0.8387927776064097,-0.0146671744278522,0.4881532701399785,safe
0.3687624619634966,0.0507243744899349,0.1920181635463129,0.0727428848116429,0.9420034294897952,0.8387927776064097,-0.0146671744278522,0.8950055007049289,unsafe
0.3271355377311795,0.1407519157068797,0.172313553814603,0.0633360146825488,0.7378677799935878,0.7663086542078039,-0.0535525469779793,0.6629254742536161,boundary
0.3271355377311795,0.1407519157068797,0.172313553814603,0.0633360146825488,0.7378677799935878,0.7663086542078039,-0.0535525469779793,0.5097375048846171,safe
0.3271355377311795,0.1407519157068797,0.172313553814603,0.0633360146825488,0.7378677799935878,0.7663086542078039,-0.0535525469779793,0.5036376381713077,safe
0.3271355377311795,0.1407519157068797,0.172313553814603,0.0633360146825488,0.7378677799935878,0.7663086542078039,-0.0535525469779793,0.4761930418801963,safe
0.3271355377311795,0.1407519157068797,0.172313553814603,0.0633360146825488,0.7378677799935878,0.7663086542078039,-0.0535525469779793,0.6878728855560643,boundary
0.3271355377311795,0.1407519157068797,0.172313553814603,0.0633360146825488,0.7378677799935878,0.7663086542078039,-0.0535525469779793,0.4787977196025466,safe
0.3271355377311795,0.1407519157068797,0.172313553814603,0.0633360146825488,0.7378677799935878,0.7663086542078039,-0.0535525469779793,0.8958012388712184,unsafe
0.1058088568068369,0.3203376808785682,0.2130296808507422,0.1280023258379984,1.140950939699354,0.9422419569825028,0.1441142741306086,0.8444035953429634,unsafe
0.1058088568068369,0.3203376808785682,0.2130296808507422,0.1280023258379984,1.140950939699354,0.9422419569825028,0.1441142741306086,0.9165748351343792,unsafe
0.1058088568068369,0.3203376808785682,0.2130296808507422,0.1280023258379984,1.140950939699354,0.9422419569825028,0.1441142741306086,0.9314418282542144,unsafe
0.1058088568068369,0.3203376808785682,0.2130296808507422,0.1280023258379984,1.140950939699354,0.9422419569825028,0.1441142741306086,0.8592801571055364,unsafe
0.1058088568068369,0.3203376808785682,0.2130296808507422,0.1280023258379984,1.140950939699354,0.9422419569825028,0.1441142741306086,0.8482444950289806,unsafe
0.1058088568068369,0.3203376808785682,0.2130296808507422,0.1280023258379984,1.140950939699354,0.9422419569825028,0.1441142741306086,0.8507236501077742,unsafe
0.1058088568068369,0.3203376808785682,0.2130296808507422,0.1280023258379984,1.140950939699354,0.9422419569825028,0.1441142741306086,0.8668579728680227,unsafe
0.2198216321602301,0.1189085600323426,0.1962792853883795,0.1665238718375612,0.7086327916528776,0.9865288421057604,-0.04954511865525,0.8700359725443264,unsafe
0.2198216321602301,0.1189085600323426,0.1962792853883795,0.1665238718375612,0.7086327916528776,0.9865288421057604,-0.04954511865525,0.6268905733022424,boundary
0.2198216321602301,0.1189085600323426,0.1962792853883795,0.1665238718375612,0.7086327916528776,0.9865288421057604,-0.04954511865525,0.6020196906827516,boundary
0.2198216321602301,0.1189085600323426,0.1962792853883795,0.1665238718375612,0.7086327916528776,0.9865288421057604,-0.04954511865525,0.5575974224258671,boundary
0.2198216321602301,0.1189085600323426,0.1962792853883795,0.1665238718375612,0.7086327916528776,0.9865288421057604,-0.04954511865525,0.8688946023600863,unsafe
0.2198216321602301,0.1189085600323426,0.1962792853883795,0.1665238718375612,0.7086327916528776,0.9865288421057604,-0.04954511865525,0.5667406032420297,boundary
0.2198216321602301,0.1189085600323426,0.1962792853883795,0.1665238718375612,0.7086327916528776,0.9865288421057604,-0.04954511865525,0.8874928686660031,unsafe
0.0813226104622398,0.1839689284266127,0.1619057132304474,0.0496936196744461,0.8527088265282979,0.9964157759622252,-0.0740061797381424,0.9710870814136356,unsafe
0.0813226104622398,0.1839689284266127,0.1619057132304474,0.0496936196744461,0.8527088265282979,0.9964157759622252,-0.0740061797381424,0.9709182612987242,unsafe
0.0813226104622398,0.1839689284266127,0.1619057132304474,0.0496936196744461,0.8527088265282979,0.9964157759622252,-0.0740061797381424,0.9986087644869444,unsafe
0.0813226104622398,0.1839689284266127,0.1619057132304474,0.0496936196744461,0.8527088265282979,0.9964157759622252,-0.0740061797381424,0.9988982103551188,unsafe
0.0813226104622398,0.1839689284266127,0.1619057132304474,0.0496936196744461,0.8527088265282979,0.9964157759622252,-0.0740061797381424,0.9706904301954136,unsafe
0.0813226104622398,0.1839689284266127,0.1619057132304474,0.0496936196744461,0.8527088265282979,0.9964157759622252,-0.0740061797381424,0.9988889904399628,unsafe
0.0813226104622398,0.1839689284266127,0.1619057132304474,0.0496936196744461,0.8527088265282979,0.9964157759622252,-0.0740061797381424,0.97111432067462,unsafe
0.0540556633624354,0.218538267558073,0.0088150185715774,0.2376724899455694,0.7546314407540746,0.9596390821845162,0.0212585120794854,0.7804249332200948,unsafe
0.0540556633624354,0.218538267558073,0.0088150185715774,0.2376724899455694,0.7546314407540746,0.9596390821845162,0.0212585120794854,0.5469731759715896,safe
0.0540556633624354,0.218538267558073,0.0088150185715774,0.2376724899455694,0.7546314407540746,0.9596390821845162,0.0212585120794854,0.5387626825111854,safe
0.0540556633624354,0.218538267558073,0.0088150185715774,0.2376724899455694,0.7546314407540746,0.9596390821845162,0.0212585120794854,0.5124740128674872,safe
0.0540556633624354,0.218538267558073,0.0088150185715774,0.2376724899455694,0.7546314407540746,0.9596390821845162,0.0212585120794854,0.843964764913806,unsafe
0.0540556633624354,0.218538267558073,0.0088150185715774,0.2376724899455694,0.7546314407540746,0.9596390821845162,0.0212585120794854,0.5111930188846429,safe
0.0540556633624354,0.218538267558073,0.0088150185715774,0.2376724899455694,0.7546314407540746,0.9596390821845162,0.0212585120794854,0.8936821135243307,unsafe
0.0140885618388902,0.2431928547320049,0.1545477715737598,0.2076150667728596,0.8180740798334999,1.0164061943998606,0.1211165127988334,0.8596681628863231,unsafe
0.0140885618388902,0.2431928547320049,0.1545477715737598,0.2076150667728596,0.8180740798334999,1.0164061943998606,0.1211165127988334,0.6574450904873295,boundary
0.0140885618388902,0.2431928547320049,0.1545477715737598,0.2076150667728596,0.8180740798334999,1.0164061943998606,0.1211165127988334,0.6132050439486476,boundary
0.0140885618388902,0.2431928547320049,0.1545477715737598,0.2076150667728596,0.8180740798334999,1.0164061943998606,0.1211165127988334,0.7186884984380674,boundary
0.0140885618388902,0.2431928547320049,0.1545477715737598,0.2076150667728596,0.8180740798334999,1.0164061943998606,0.1211165127988334,0.8618016951707823,unsafe
0.0140885618388902,0.2431928547320049,0.1545477715737598,0.2076150667728596,0.8180740798334999,1.0164061943998606,0.1211165127988334,0.7608717330266953,unsafe
0.0140885618388902,0.2431928547320049,0.1545477715737598,0.2076150667728596,0.8180740798334999,1.0164061943998606,0.1211165127988334,0.8815450318368389,unsafe
0.0022604395144403,0.1956112156024795,0.0535605156006646,0.0022697397820547,0.7664405048362639,0.7452742485440864,-0.0957085477649276,0.892587962042166,unsafe
0.0022604395144403,0.1956112156024795,0.0535605156006646,0.0022697397820547,0.7664405048362639,0.7452742485440864,-0.0957085477649276,0.7043558301591103,boundary
0.0022604395144403,0.1956112156024795,0.0535605156006646,0.0022697397820547,0.7664405048362639,0.7452742485440864,-0.0957085477649276,0.6427876474412353,boundary
0.0022604395144403,0.1956112156024795,0.0535605156006646,0.0022697397820547,0.7664405048362639,0.7452742485440864,-0.0957085477649276,0.6569565260748131,boundary
0.0022604395144403,0.1956112156024795,0.0535605156006646,0.0022697397820547,0.7664405048362639,0.7452742485440864,-0.0957085477649276,0.9362524647479082,unsafe
0.0022604395144403,0.1956112156024795,0.0535605156006646,0.0022697397820547,0.7664405048362639,0.7452742485440864,-0.0957085477649276,0.6588046405989509,boundary
0.0022604395144403,0.1956112156024795,0.0535605156006646,0.0022697397820547,0.7664405048362639,0.7452742485440864,-0.0957085477649276,0.9106981961091768,unsafe
0.0955658580117267,0.0677276127821522,0.0933406140973812,0.1420213705792186,0.9719391493150834,0.8728937755098767,0.1068143419493597,0.7054041670008175,boundary
0.0955658580117267,0.0677276127821522,0.0933406140973812,0.1420213705792186,0.9719391493150834,0.8728937755098767,0.1068143419493597,0.5449286191977384,safe
0.0955658580117267,0.0677276127821522,0.0933406140973812,0.1420213705792186,0.9719391493150834,0.8728937755098767,0.1068143419493597,0.5386903049608122,safe
0.0955658580117267,0.0677276127821522,0.0933406140973812,0.1420213705792186,0.9719391493150834,0.8728937755098767,0.1068143419493597,0.5025716256877673,safe
0.0955658580117267,0.0677276127821522,0.0933406140973812,0.1420213705792186,0.9719391493150834,0.8728937755098767,0.1068143419493597,0.733468805917125,boundary
0.0955658580117267,0.0677276127821522,0.0933406140973812,0.1420213705792186,0.9719391493150834,0.8728937755098767,0.1068143419493597,0.5079306561672288,safe
0.0955658580117267,0.0677276127821522,0.0933406140973812,0.1420213705792186,0.9719391493150834,0.8728937755098767,0.1068143419493597,0.9069572120990146,unsafe
0.1164547403187013,0.0802930197560509,0.1133015915900835,0.1441621237719468,1.0240603145366654,0.7847493887080708,0.0371714717565958,0.535524526153206,safe
0.1164547403187013,0.0802930197560509,0.1133015915900835,0.1441621237719468,1.0240603145366654,0.7847493887080708,0.0371714717565958,0.4502226854321406,safe
0.1164547403187013,0.0802930197560509,0.1133015915900835,0.1441621237719468,1.0240603145366654,0.7847493887080708,0.0371714717565958,0.447506824757783,safe
0.1164547403187013,0.0802930197560509,0.1133015915900835,0.1441621237719468,1.0240603145366654,0.7847493887080708,0.0371714717565958,0.4299796217193484,safe
0.1164547403187013,0.0802930197560509,0.1133015915900835,0.1441621237719468,1.0240603145366654,0.7847493887080708,0.0371714717565958,0.5467844461607183,safe
0.1164547403187013,0.0802930197560509,0.1133015915900835,0.1441621237719468,1.0240603145366654,0.7847493887080708,0.0371714717565958,0.4378090381863345,safe
0.1164547403187013,0.0802930197560509,0.1133015915900835,0.1441621237719468,1.0240603145366654,0.7847493887080708,0.0371714717565958,0.7097925528344573,boundary
0.0684571050793245,0.3831695104675754,0.2869142838306914,0.0752436770067434,1.0675844647209458,0.8308323283071077,0.0564783314154314,0.7195576501951326,boundary
0.0684571050793245,0.3831695104675754,0.2869142838306914,0.0752436770067434,1.0675844647209458,0.8308323283071077,0.0564783314154314,0.7195576501951326,boundary
0.0684571050793245,0.3831695104675754,0.2869142838306914,0.0752436770067434,1.0675844647209458,0.8308323283071077,0.0564783314154314,0.7195576501951326,boundary
0.0684571050793245,0.3831695104675754,0.2869142838306914,0.0752436770067434,1.0675844647209458,0.8308323283071077,0.0564783314154314,0.7195576501951326,boundary
0.0684571050793245,0.3831695104675754,0.2869142838306914,0.0752436770067434,1.0675844647209458,0.8308323283071077,0.0564783314154314,0.7195576501951326,boundary
0.0684571050793245,0.3831695104675754,0.2869142838306914,0.0752436770067434,1.0675844647209458,0.8308323283071077,0.0564783314154314,0.7195576501951326,boundary
0.0684571050793245,0.3831695104675754,0.2869142838306914,0.0752436770067434,1.0675844647209458,0.8308323283071077,0.0564783314154314,0.7195576501951326,boundary
0.1881052864091571,0.2587007849466453,0.0714322130533055,0.2982981798821184,0.9512145925598215,0.953832040912686,0.0837549135295662,0.6483083268697534,boundary
0.1881052864091571,0.2587007849466453,0.0714322130533055,0.2982981798821184,0.9512145925598215,0.953832040912686,0.0837549135295662,0.5297858051432798,safe
0.1881052864091571,0.2587007849466453,0.0714322130533055,0.2982981798821184,0.9512145925598215,0.953832040912686,0.0837549135295662,0.5245469513724934,safe
0.1881052864091571,0.2587007849466453,0.0714322130533055,0.2982981798821184,0.9512145925598215,0.953832040912686,0.0837549135295662,0.500404085660721,safe
0.1881052864091571,0.2587007849466453,0.0714322130533055,0.2982981798821184,0.9512145925598215,0.953832040912686,0.0837549135295662,0.6660710065493232,boundary
0.1881052864091571,0.2587007849466453,0.0714322130533055,0.2982981798821184,0.9512145925598215,0.953832040912686,0.0837549135295662,0.5047288676238464,safe
0.1881052864091571,0.2587007849466453,0.0714322130533055,0.2982981798821184,0.9512145925598215,0.953832040912686,0.0837549135295662,0.9017448006052754,unsafe
0.2729973489799775,0.0968763335861795,0.278758051489536,0.218964267318774,0.9093908682359104,1.0680063088307843,0.0098812837201876,0.7311943855791891,boundary
0.2729973489799775,0.0968763335861795,0.278758051489536,0.218964267318774,0.9093908682359104,1.0680063088307843,0.0098812837201876,0.7311943855791891,boundary
0.2729973489799775,0.0968763335861795,0.278758051489536,0.218964267318774,0.9093908682359104,1.0680063088307843,0.0098812837201876,0.7311943855791891,boundary
0.2729973489799775,0.0968763335861795,0.278758051489536,0.218964267318774,0.9093908682359104,1.0680063088307843,0.0098812837201876,0.7311943855791891,boundary
0.2729973489799775,0.0968763335861795,0.278758051489536,0.218964267318774,0.9093908682359104,1.0680063088307843,0.0098812837201876,0.7311943855791891,boundary
0.2729973489799775,0.0968763335861795,0.278758051489536,0.218964267318774,0.9093908682359104,1.0680063088307843,0.0098812837201876,0.7311943855791891,boundary
0.2729973489799775,0.0968763335861795,0.278758051489536,0.218964267318774,0.9093908682359104,1.0680063088307843,0.0098812837201876,0.7311943855791891,boundary
0.3054108422446166,0.1643125880404711,0.1114515225140425,0.1566410244484802,0.8274804666798572,0.9309501676808896,0.0257607292013911,0.8953013891524347,unsafe
0.3054108422446166,0.1643125880404711,0.1114515225140425,0.1566410244484802,0.8274804666798572,0.9309501676808896,0.0257607292013911,0.9282946921373824,unsafe
0.3054108422446166,0.1643125880404711,0.1114515225140425,0.1566410244484802,0.8274804666798572,0.9309501676808896,0.0257607292013911,0.9355420276873184,unsafe
0.3054108422446166,0.1643125880404711,0.1114515225140425,0.1566410244484802,0.8274804666798572,0.9309501676808896,0.0257607292013911,0.8286670212423968,unsafe
0.3054108422446166,0.1643125880404711,0.1114515225140425,0.1566410244484802,0.8274804666798572,0.9309501676808896,0.0257607292013911,0.9273858465167054,unsafe
0.3054108422446166,0.1643125880404711,0.1114515225140425,0.1566410244484802,0.8274804666798572,0.9309501676808896,0.0257607292013911,0.8150140606380425,unsafe
0.3054108422446166,0.1643125880404711,0.1114515225140425,0.1566410244484802,0.8274804666798572,0.9309501676808896,0.0257607292013911,0.9180204317309648,unsafe
0.2023500114258397,0.2836528167999941,0.100848154495065,0.0858059462944094,1.0565805613967956,0.9021532993611104,-0.1082753804192427,0.6964617256457212,boundary
0.2023500114258397,0.2836528167999941,0.100848154495065,0.0858059462944094,1.0565805613967956,0.9021532993611104,-0.1082753804192427,0.6964617256457212,boundary
0.2023500114258397,0.2836528167999941,0.100848154495065,0.0858059462944094,1.0565805613967956,0.9021532993611104,-0.1082753804192427,0.6964617256457212,boundary
0.2023500114258397,0.2836528167999941,0.100848154495065,0.0858059462944094,1.0565805613967956,0.9021532993611104,-0.1082753804192427,0.6964617256457212,boundary
0.2023500114258397,0.2836528167999941,0.100848154495065,0.0858059462944094,1.0565805613967956,0.9021532993611104,-0.1082753804192427,0.6964617256457212,boundary
0.2023500114258397,0.2836528167999941,0.100848154495065,0.0858059462944094,1.0565805613967956,0.9021532993611104,-0.1082753804192427,0.6964617256457212,boundary
0.2023500114258397,0.2836528167999941,0.100848154495065,0.0858059462944094,1.0565805613967956,0.9021532993611104,-0.1082753804192427,0.6964617256457212,boundary
0.1478541532718047,0.1359147135627536,0.2710994769504887,0.2757454538560099,1.036844094155998,1.0118344312147525,0.0652980468167498,0.7489732399248796,boundary
0.1478541532718047,0.1359147135627536,0.2710994769504887,0.2757454538560099,1.036844094155998,1.0118344312147525,0.0652980468167498,0.5647688815753755,boundary
0.1478541532718047,0.1359147135627536,0.2710994769504887,0.2757454538560099,1.036844094155998,1.0118344312147525,0.0652980468167498,0.5586728220807318,boundary
0.1478541532718047,0.1359147135627536,0.2710994769504887,0.2757454538560099,1.036844094155998,1.0118344312147525,0.0652980468167498,0.5239262486153977,safe
0.1478541532718047,0.1359147135627536,0.2710994769504887,0.2757454538560099,1.036844094155998,1.0118344312147525,0.0652980468167498,0.7808185879872134,unsafe
0.1478541532718047,0.1359147135627536,0.2710994769504887,0.2757454538560099,1.036844094155998,1.0118344312147525,0.0652980468167498,0.5282339886007299,safe
0.1478541532718047,0.1359147135627536,0.2710994769504887,0.2757454538560099,1.036844094155998,1.0118344312147525,0.0652980468167498,0.9045167977969758,unsafe
0.3133808348527311,0.2944296784765872,0.1366207634317019,0.1975176484475446,0.9204281478087992,1.0508422706725071,-0.0162522968993077,0.6831480842547563,boundary
0.3133808348527311,0.2944296784765872,0.1366207634317019,0.1975176484475446,0.9204281478087992,1.0508422706725071,-0.0162522968993077,0.6831480842547563,boundary
0.3133808348527311,0.2944296784765872,0.1366207634317019,0.1975176484475446,0.9204281478087992,1.0508422706725071,-0.0162522968993077,0.6831480842547563,boundary
0.3133808348527311,0.2944296784765872,0.1366207634317019,0.1975176484475446,0.9204281478087992,1.0508422706725071,-0.0162522968993077,0.6831480842547563,boundary
0.3133808348527311,0.2944296784765872,0.1366207634317019,0.1975176484475446,0.9204281478087992,1.0508422706725071,-0.0162522968993077,0.6831480842547563,boundary
0.3133808348527311,0.2944296784765872,0.1366207634317019,0.1975176484475446,0.9204281478087992,1.0508422706725071,-0.0162522968993077,0.6831480842547563,boundary
0.3133808348527311,0.2944296784765872,0.1366207634317019,0.1975176484475446,0.9204281478087992,1.0508422706725071,-0.0162522968993077,0.6831480842547563,boundary
0.04283109810841,0.1255063849785621,0.2679581882861613,0.2167770677838487,0.7123457230388818,1.1111225167393717,-0.1440177252359642,0.7018330366576992,boundary
0.04283109810841,0.1255063849785621,0.2679581882861613,0.2167770677838487,0.7123457230388818,1.1111225167393717,-0.1440177252359642,0.7018330366576992,boundary
0.04283109810841,0.1255063849785621,0.2679581882861613,0.2167770677838487,0.7123457230388818,1.1111225167393717,-0.1440177252359642,0.7018330366576992,boundary
0.04283109810841,0.1255063849785621,0.2679581882861613,0.2167770677838487,0.7123457230388818,1.1111225167393717,-0.1440177252359642,0.7018330366576992,boundary
0.04283109810841,0.1255063849785621,0.2679581882861613,0.2167770677838487,0.7123457230388818,1.1111225167393717,-0.1440177252359642,0.7018330366576992,boundary
0.04283109810841,0.1255063849785621,0.2679581882861613,0.2167770677838487,0.7123457230388818,1.1111225167393717,-0.1440177252359642,0.7018330366576992,boundary
0.04283109810841,0.1255063849785621,0.2679581882861613,0.2167770677838487,0.7123457230388818,1.1111225167393717,-0.1440177252359642,0.7018330366576992,boundary
0.2469404337584934,0.154207804310581,0.1861742041279557,0.0385753928693071,0.9839666552893538,0.736906041745552,0.0717593022016867,0.6780277461942819,boundary
0.2469404337584934,0.154207804310581,0.1861742041279557,0.0385753928693071,0.9839666552893538,0.736906041745552,0.0717593022016867,0.5319202213899664,safe
0.2469404337584934,0.154207804310581,0.1861742041279557,0.0385753928693071,0.9839666552893538,0.736906041745552,0.0717593022016867,0.5262834589229073,safe
0.2469404337584934,0.154207804310581,0.1861742041279557,0.0385753928693071,0.9839666552893538,0.736906041745552,0.0717593022016867,0.4980355182481286,safe
0.2469404337584934,0.154207804310581,0.1861742041279557,0.0385753928693071,0.9839666552893538,0.736906041745552,0.0717593022016867,0.6990390864396204,boundary
0.2469404337584934,0.154207804310581,0.1861742041279557,0.0385753928693071,0.9839666552893538,0.736906041745552,0.0717593022016867,0.5030927905389966,safe
0.2469404337584934,0.154207804310581,0.1861742041279557,0.0385753928693071,0.9839666552893538,0.736906041745552,0.0717593022016867,0.9027776503143908,unsafe
0.1237269115929755,0.0141590203108726,0.0176261504883388,0.2918666675914508,0.8865721667255806,1.0932818405440536,-0.1387049311443338,0.8407864898723706,unsafe
0.1237269115929755,0.0141590203108726,0.0176261504883388,0.2918666675914508,0.8865721667255806,1.0932818405440536,-0.1387049311443338,0.6169389749589509,boundary
0.1237269115929755,0.0141590203108726,0.0176261504883388,0.2918666675914508,0.8865721667255806,1.0932818405440536,-0.1387049311443338,0.6127571116282038,boundary
0.1237269115929755,0.0141590203108726,0.0176261504883388,0.2918666675914508,0.8865721667255806,1.0932818405440536,-0.1387049311443338,0.5870527866584797,boundary
0.1237269115929755,0.0141590203108726,0.0176261504883388,0.2918666675914508,0.8865721667255806,1.0932818405440536,-0.1387049311443338,0.9489344056742252,unsafe
0.1237269115929755,0.0141590203108726,0.0176261504883388,0.2918666675914508,0.8865721667255806,1.0932818405440536,-0.1387049311443338,0.5904910746418696,boundary
0.1237269115929755,0.0141590203108726,0.0176261504883388,0.2918666675914508,0.8865721667255806,1.0932818405440536,-0.1387049311443338,0.90738760042845,unsafe
0.1767013878766721,0.0285547581113395,0.1792244777420808,0.0255926657086671,0.77683082910396,1.038342398668261,0.048142041452247,0.5849347923561942,boundary
0.1767013878766721,0.0285547581113395,0.1792244777420808,0.0255926657086671,0.77683082910396,1.038342398668261,0.048142041452247,0.5849347923561942,boundary
0.1767013878766721,0.0285547581113395,0.1792244777420808,0.0255926657086671,0.77683082910396,1.038342398668261,0.048142041452247,0.5849347923561942,boundary
0.1767013878766721,0.0285547581113395,0.1792244777420808,0.0255926657086671,0.77683082910396,1.038342398668261,0.048142041452247,0.5849347923561942,boundary
0.1767013878766721,0.0285547581113395,0.1792244777420808,0.0255926657086671,0.77683082910396,1.038342398668261,0.048142041452247,0.5849347923561942,boundary
0.1767013878766721,0.0285547581113395,0.1792244777420808,0.0255926657086671,0.77683082910396,1.038342398668261,0.048142041452247,0.5849347923561942,boundary
0.1767013878766721,0.0285547581113395,0.1792244777420808,0.0255926657086671,0.77683082910396,1.038342398668261,0.048142041452247,0.5849347923561942,boundary
0.1365313019546516,0.2340908450851858,0.2473289709672773,0.1203108059006891,0.9983240863343924,0.9049442286934342,-0.0231204749994182,0.7141116487707841,boundary
0.1365313019546516,0.2340908450851858,0.2473289709672773,0.1203108059006891,0.9983240863343924,0.9049442286934342,-0.0231204749994182,0.7141116487707841,boundary
0.1365313019546516,0.2340908450851858,0.2473289709672773,0.1203108059006891,0.9983240863343924,0.9049442286934342,-0.0231204749994182,0.7141116487707841,boundary
0.1365313019546516,0.2340908450851858,0.2473289709672773,0.1203108059006891,0.9983240863343924,0.9049442286934342,-0.0231204749994182,0.7141116487707841,boundary
0.1365313019546516,0.2340908450851858,0.2473289709672773,0.1203108059006891,0.9983240863343924,0.9049442286934342,-0.0231204749994182,0.7141116487707841,boundary
0.1365313019546516,0.2340908450851858,0.2473289709672773,0.1203108059006891,0.9983240863343924,0.9049442286934342,-0.0231204749994182,0.7141116487707841,boundary
0.1365313019546516,0.2340908450851858,0.2473289709672773,0.1203108059006891,0.9983240863343924,0.9049442286934342,-0.0231204749994182,0.7141116487707841,boundary
0.2351334166916184,0.0050929300564547,0.2329663015876876,0.2582120396071794,1.0096732442381091,0.8657465237902161,-0.0024867674800691,0.4446642402892011,safe
0.2351334166916184,0.0050929300564547,0.2329663015876876,0.2582120396071794,1.0096732442381091,0.8657465237902161,-0.0024867674800691,0.3846367108168649,safe
0.2351334166916184,0.0050929300564547,0.2329663015876876,0.2582120396071794,1.0096732442381091,0.8657465237902161,-0.0024867674800691,0.3854968591406559,safe
0.2351334166916184,0.0050929300564547,0.2329663015876876,0.2582120396071794,1.0096732442381091,0.8657465237902161,-0.0024867674800691,0.3777180026849714,safe
0.2351334166916184,0.0050929300564547,0.2329663015876876,0.2582120396071794,1.0096732442381091,0.8657465237902161,-0.0024867674800691,0.4587474498497382,safe
0.2351334166916184,0.0050929300564547,0.2329663015876876,0.2582120396071794,1.0096732442381091,0.8657465237902161,-0.0024867674800691,0.3864903598366119,safe
0.2351334166916184,0.0050929300564547,0.2329663015876876,0.2582120396071794,1.0096732442381091,0.8657465237902161,-0.0024867674800691,0.5591873231787392,boundary
0.3447932759752846,0.0356108853969495,0.0523379094008975,0.1588028105685423,0.7236681913168026,1.0809221977487655,-0.1166552710765428,0.7100577911082315,boundary
0.3447932759752846,0.0356108853969495,0.0523379094008975,0.1588028105685423,0.7236681913168026,1.0809221977487655,-0.1166552710765428,0.7100577911082315,boundary
0.3447932759752846,0.0356108853969495,0.0523379094008975,0.1588028105685423,0.7236681913168026,1.0809221977487655,-0.1166552710765428,0.7100577911082315,boundary
0.3447932759752846,0.0356108853969495,0.0523379094008975,0.1588028105685423,0.7236681913168026,1.0809221977487655,-0.1166552710765428,0.7100577911082315,boundary
0.3447932759752846,0.0356108853969495,0.0523379094008975,0.1588028105685423,0.7236681913168026,1.0809221977487655,-0.1166552710765428,0.7100577911082315,boundary
0.3447932759752846,0.0356108853969495,0.0523379094008975,0.1588028105685423,0.7236681913168026,1.0809221977487655,-0.1166552710765428,0.7100577911082315,boundary
0.3447932759752846,0.0356108853969495,0.0523379094008975,0.1588028105685423,0.7236681913168026,1.0809221977487655,-0.1166552710765428,0.7100577911082315,boundary
0.1689142425886456,0.1732775990696019,0.0278907466212074,0.2800543302398107,0.8605713105892725,0.7926027157159263,0.0966919429053307,0.5039943348297131,safe
0.1689142425886456,0.1732775990696019,0.0278907466212074,0.2800543302398107,0.8605713105892725,0.7926027157159263,0.0966919429053307,0.4649331128526447,safe
0.1689142425886456,0.1732775990696019,0.0278907466212074,0.2800543302398107,0.8605713105892725,0.7926027157159263,0.0966919429053307,0.4635052526608529,safe
0.1689142425886456,0.1732775990696019,0.0278907466212074,0.2800543302398107,0.8605713105892725,0.7926027157159263,0.0966919429053307,0.4603184282711505,safe
0.1689142425886456,0.1732775990696019,0.0278907466212074,0.2800543302398107,0.8605713105892725,0.7926027157159263,0.0966919429053307,0.5166694535996558,safe
0.1689142425886456,0.1732775990696019,0.0278907466212074,0.2800543302398107,0.8605713105892725,0.7926027157159263,0.0966919429053307,0.4597733499951829,safe
0.1689142425886456,0.1732775990696019,0.0278907466212074,0.2800543302398107,0.8605713105892725,0.7926027157159263,0.0966919429053307,0.5899127514010761,boundary
0.1508398815486239,0.0776978600910512,0.1272194058286786,0.2433386064795638,0.9320771243065477,0.7019148653897603,0.1289381139595177,0.5444932747231067,safe
0.1508398815486239,0.0776978600910512,0.1272194058286786,0.2433386064795638,0.9320771243065477,0.7019148653897603,0.1289381139595177,0.5273778869419857,safe
0.1508398815486239,0.0776978600910512,0.1272194058286786,0.2433386064795638,0.9320771243065477,0.7019148653897603,0.1289381139595177,0.5270078025588663,safe
0.1508398815486239,0.0776978600910512,0.1272194058286786,0.2433386064795638,0.9320771243065477,0.7019148653897603,0.1289381139595177,0.5279372663539394,safe
0.1508398815486239,0.0776978600910512,0.1272194058286786,0.2433386064795638,0.9320771243065477,0.7019148653897603,0.1289381139595177,0.5596785268989968,boundary
0.1508398815486239,0.0776978600910512,0.1272194058286786,0.2433386064795638,0.9320771243065477,0.7019148653897603,0.1289381139595177,0.5272336156676258,safe
0.1508398815486239,0.0776978600910512,0.1272194058286786,0.2433386064795638,0.9320771243065477,0.7019148653897603,0.1289381139595177,0.5980288122606732,boundary
0.0368286110717728,0.3304710060493026,0.0053181162139491,0.2511370715307621,1.1133703927311145,0.8807195098369491,-0.1212345586318651,0.7057820726900534,boundary
0.0368286110717728,0.3304710060493026,0.0053181162139491,0.2511370715307621,1.1133703927311145,0.8807195098369491,-0.1212345586318651,0.5670044292116418,boundary
0.0368286110717728,0.3304710060493026,0.0053181162139491,0.2511370715307621,1.1133703927311145,0.8807195098369491,-0.1212345586318651,0.560702572611848,boundary
0.0368286110717728,0.3304710060493026,0.0053181162139491,0.2511370715307621,1.1133703927311145,0.8807195098369491,-0.1212345586318651,0.5313950031617016,safe
0.0368286110717728,0.3304710060493026,0.0053181162139491,0.2511370715307621,1.1133703927311145,0.8807195098369491,-0.1212345586318651,0.7262238828563645,boundary
0.0368286110717728,0.3304710060493026,0.0053181162139491,0.2511370715307621,1.1133703927311145,0.8807195098369491,-0.1212345586318651,0.5360316737079063,safe
0.0368286110717728,0.3304710060493026,0.0053181162139491,0.2511370715307621,1.1133703927311145,0.8807195098369491,-0.1212345586318651,0.8872006456014772,unsafe
0.0795508938060767,0.2056490293999696,0.0375571832695812,0.2633124205030881,0.8940781597811093,0.8137285844776165,0.098299150202266,0.494464247494779,safe
0.0795508938060767,0.2056490293999696,0.0375571832695812,0.2633124205030881,0.8940781597811093,0.8137285844776165,0.098299150202266,0.4353536923204986,safe
0.0795508938060767,0.2056490293999696,0.0375571832695812,0.2633124205030881,0.8940781597811093,0.8137285844776165,0.098299150202266,0.4334657814413372,safe
0.0795508938060767,0.2056490293999696,0.0375571832695812,0.2633124205030881,0.8940781597811093,0.8137285844776165,0.098299150202266,0.4293855588399282,safe
0.0795508938060767,0.2056490293999696,0.0375571832695812,0.2633124205030881,0.8940781597811093,0.8137285844776165,0.098299150202266,0.5109008826455417,safe
0.0795508938060767,0.2056490293999696,0.0375571832695812,0.2633124205030881,0.8940781597811093,0.8137285844776165,0.098299150202266,0.4286940731335577,safe
0.0795508938060767,0.2056490293999696,0.0375571832695812,0.2633124205030881,0.8940781597811093,0.8137285844776165,0.098299150202266,0.6362008690358332,boundary
0.2548114163961355,0.2668407094816921,0.1442099067591676,0.1750375405262418,1.0895463505501706,0.8564372499843079,-0.0881009220851176,0.8637059351506207,unsafe
0.2548114163961355,0.2668407094816921,0.1442099067591676,0.1750375405262418,1.0895463505501706,0.8564372499843079,-0.0881009220851176,0.6335779380983843,boundary
0.2548114163961355,0.2668407094816921,0.1442099067591676,0.1750375405262418,1.0895463505501706,0.8564372499843079,-0.0881009220851176,0.5802804459368163,boundary
0.2548114163961355,0.2668407094816921,0.1442099067591676,0.1750375405262418,1.0895463505501706,0.8564372499843079,-0.0881009220851176,0.5869813736079316,boundary
0.2548114163961355,0.2668407094816921,0.1442099067591676,0.1750375405262418,1.0895463505501706,0.8564372499843079,-0.0881009220851176,0.6094738061191276,boundary
0.2548114163961355,0.2668407094816921,0.1442099067591676,0.1750375405262418,1.0895463505501706,0.8564372499843079,-0.0881009220851176,0.5903675820915179,boundary
0.2548114163961355,0.2668407094816921,0.1442099067591676,0.1750375405262418,1.0895463505501706,0.8564372499843079,-0.0881009220851176,0.9018815890384764,unsafe
0.3385610249744875,0.319860637122918,0.2082775797750085,0.111511333366601,0.7823763399218553,0.811129384322929,-0.1012974744871547,0.8863946484318296,unsafe
0.3385610249744875,0.319860637122918,0.2082775797750085,0.111511333366601,0.7823763399218553,0.811129384322929,-0.1012974744871547,0.7336308299419784,boundary
0.3385610249744875,0.319860637122918,0.2082775797750085,0.111511333366601,0.7823763399218553,0.811129384322929,-0.1012974744871547,0.9503890285475958,unsafe
0.3385610249744875,0.319860637122918,0.2082775797750085,0.111511333366601,0.7823763399218553,0.811129384322929,-0.1012974744871547,0.677986213389979,boundary
0.3385610249744875,0.319860637122918,0.2082775797750085,0.111511333366601,0.7823763399218553,0.811129384322929,-0.1012974744871547,0.9313936585351774,unsafe
0.3385610249744875,0.319860637122918,0.2082775797750085,0.111511333366601,0.7823763399218553,0.811129384322929,-0.1012974744871547,0.68138090511392,boundary
0.3385610249744875,0.319860637122918,0.2082775797750085,0.111511333366601,0.7823763399218553,0.811129384322929,-0.1012974744871547,0.911686089933388,unsafe
0.0230573756435711,0.364188833907791,0.2310016826125495,0.091469066053633,0.9619516697918222,0.7141864299559502,-0.1284829331366798,0.6945926760636816,boundary
0.0230573756435711,0.364188833907791,0.2310016826125495,0.091469066053633,0.9619516697918222,0.7141864299559502,-0.1284829331366798,0.5639491001718815,boundary
0.0230573756435711,0.364188833907791,0.2310016826125495,0.091469066053633,0.9619516697918222,0.7141864299559502,-0.1284829331366798,0.5582030912171606,boundary
0.0230573756435711,0.364188833907791,0.2310016826125495,0.091469066053633,0.9619516697918222,0.7141864299559502,-0.1284829331366798,0.5332093923702746,safe
0.0230573756435711,0.364188833907791,0.2310016826125495,0.091469066053633,0.9619516697918222,0.7141864299559502,-0.1284829331366798,0.7121601593696758,boundary
0.0230573756435711,0.364188833907791,0.2310016826125495,0.091469066053633,0.9619516697918222,0.7141864299559502,-0.1284829331366798,0.534992347912616,safe
0.0230573756435711,0.364188833907791,0.2310016826125495,0.091469066053633,0.9619516697918222,0.7141864299559502,-0.1284829331366798,0.8901065958606242,unsafe
0.3687624619634966,0.0507243744899349,0.1920181635463129,0.0727428848116429,0.9420034294897952,0.8387927776064097,-0.0146671744278522,0.8994990041588848,unsafe
0.3687624619634966,0.0507243744899349,0.1920181635463129,0.0727428848116429,0.9420034294897952,0.8387927776064097,-0.0146671744278522,0.6295770862815534,boundary
0.3687624619634966,0.0507243744899349,0.1920181635463129,0.0727428848116429,0.9420034294897952,0.8387927776064097,-0.0146671744278522,0.972896048769317,unsafe
0.3687624619634966,0.0507243744899349,0.1920181635463129,0.0727428848116429,0.9420034294897952,0.8387927776064097,-0.0146671744278522,0.5920414537659958,boundary
0.3687624619634966,0.0507243744899349,0.1920181635463129,0.0727428848116429,0.9420034294897952,0.8387927776064097,-0.0146671744278522,0.966477669178549,unsafe
0.3687624619634966,0.0507243744899349,0.1920181635463129,0.0727428848116429,0.9420034294897952,0.8387927776064097,-0.0146671744278522,0.5954839199587728,boundary
0.3687624619634966,0.0507243744899349,0.1920181635463129,0.0727428848116429,0.9420034294897952,0.8387927776064097,-0.0146671744278522,0.9121713790946202,unsafe
0.3271355377311795,0.1407519157068797,0.172313553814603,0.0633360146825488,0.7378677799935878,0.7663086542078039,-0.0535525469779793,0.7196694299951099,boundary
0.3271355377311795,0.1407519157068797,0.172313553814603,0.0633360146825488,0.7378677799935878,0.7663086542078039,-0.0535525469779793,0.5646189897070604,boundary
0.3271355377311795,0.1407519157068797,0.172313553814603,0.0633360146825488,0.7378677799935878,0.7663086542078039,-0.0535525469779793,0.5581080480080822,boundary
0.3271355377311795,0.1407519157068797,0.172313553814603,0.0633360146825488,0.7378677799935878,0.7663086542078039,-0.0535525469779793,0.5227494362424843,safe
0.3271355377311795,0.1407519157068797,0.172313553814603,0.0633360146825488,0.7378677799935878,0.7663086542078039,-0.0535525469779793,0.7426539364357447,boundary
0.3271355377311795,0.1407519157068797,0.172313553814603,0.0633360146825488,0.7378677799935878,0.7663086542078039,-0.0535525469779793,0.5271362244770197,safe
0.3271355377311795,0.1407519157068797,0.172313553814603,0.0633360146825488,0.7378677799935878,0.7663086542078039,-0.0535525469779793,0.8952668802997018,unsafe
0.1058088568068369,0.3203376808785682,0.2130296808507422,0.1280023258379984,1.140950939699354,0.9422419569825028,0.1441142741306086,0.6976654853509903,boundary
0.1058088568068369,0.3203376808785682,0.2130296808507422,0.1280023258379984,1.140950939699354,0.9422419569825028,0.1441142741306086,0.6976654853509903,boundary
0.1058088568068369,0.3203376808785682,0.2130296808507422,0.1280023258379984,1.140950939699354,0.9422419569825028,0.1441142741306086,0.6976654853509903,boundary
0.1058088568068369,0.3203376808785682,0.2130296808507422,0.1280023258379984,1.140950939699354,0.9422419569825028,0.1441142741306086,0.6976654853509903,boundary
0.1058088568068369,0.3203376808785682,0.2130296808507422,0.1280023258379984,1.140950939699354,0.9422419569825028,0.1441142741306086,0.6976654853509903,boundary
0.1058088568068369,0.3203376808785682,0.2130296808507422,0.1280023258379984,1.140950939699354,0.9422419569825028,0.1441142741306086,0.6976654853509903,boundary
0.1058088568068369,0.3203376808785682,0.2130296808507422,0.1280023258379984,1.140950939699354,0.9422419569825028,0.1441142741306086,0.6976654853509903,boundary
0.2198216321602301,0.1189085600323426,0.1962792853883795,0.1665238718375612,0.7086327916528776,0.9865288421057604,-0.04954511865525,0.7251826093108286,boundary
0.2198216321602301,0.1189085600323426,0.1962792853883795,0.1665238718375612,0.7086327916528776,0.9865288421057604,-0.04954511865525,0.7251826093108286,boundary
0.2198216321602301,0.1189085600323426,0.1962792853883795,0.1665238718375612,0.7086327916528776,0.9865288421057604,-0.04954511865525,0.7251826093108286,boundary
0.2198216321602301,0.1189085600323426,0.1962792853883795,0.1665238718375612,0.7086327916528776,0.9865288421057604,-0.04954511865525,0.7251826093108286,boundary
0.2198216321602301,0.1189085600323426,0.1962792853883795,0.1665238718375612,0.7086327916528776,0.9865288421057604,-0.04954511865525,0.7251826093108286,boundary
0.2198216321602301,0.1189085600323426,0.1962792853883795,0.1665238718375612,0.7086327916528776,0.9865288421057604,-0.04954511865525,0.7251826093108286,boundary
0.2198216321602301,0.1189085600323426,0.1962792853883795,0.1665238718375612,0.7086327916528776,0.9865288421057604,-0.04954511865525,0.7251826093108286,boundary
0.0813226104622398,0.1839689284266127,0.1619057132304474,0.0496936196744461,0.8527088265282979,0.9964157759622252,-0.0740061797381424,0.583017218101217,boundary
0.0813226104622398,0.1839689284266127,0.1619057132304474,0.0496936196744461,0.8527088265282979,0.9964157759622252,-0.0740061797381424,0.583017218101217,boundary
0.0813226104622398,0.1839689284266127,0.1619057132304474,0.0496936196744461,0.8527088265282979,0.9964157759622252,-0.0740061797381424,0.583017218101217,boundary
0.0813226104622398,0.1839689284266127,0.1619057132304474,0.0496936196744461,0.8527088265282979,0.9964157759622252,-0.0740061797381424,0.583017218101217,boundary
0.0813226104622398,0.1839689284266127,0.1619057132304474,0.0496936196744461,0.8527088265282979,0.9964157759622252,-0.0740061797381424,0.583017218101217,boundary
0.0813226104622398,0.1839689284266127,0.1619057132304474,0.0496936196744461,0.8527088265282979,0.9964157759622252,-0.0740061797381424,0.583017218101217,boundary
0.0813226104622398,0.1839689284266127,0.1619057132304474,0.0496936196744461,0.8527088265282979,0.9964157759622252,-0.0740061797381424,0.583017218101217,boundary
0.225461031179237,0.3475216043704864,0.2982250322775181,0.1144048928981741,1.118313601411481,0.980065621601641,-0.0379991914271638,0.66840033834327,boundary
0.225461031179237,0.3475216043704864,0.2982250322775181,0.1144048928981741,1.118313601411481,0.980065621601641,-0.0379991914271638,0.66840033834327,boundary
0.225461031179237,0.3475216043704864,0.2982250322775181,0.1144048928981741,1.118313601411481,0.980065621601641,-0.0379991914271638,0.66840033834327,boundary
0.225461031179237,0.3475216043704864,0.2982250322775181,0.1144048928981741,1.118313601411481,0.980065621601641,-0.0379991914271638,0.66840033834327,boundary
0.225461031179237,0.3475216043704864,0.2982250322775181,0.1144048928981741,1.118313601411481,0.980065621601641,-0.0379991914271638,0.66840033834327,boundary
0.225461031179237,0.3475216043704864,0.2982250322775181,0.1144048928981741,1.118313601411481,0.980065621601641,-0.0379991914271638,0.66840033834327,boundary
0.225461031179237,0.3475216043704864,0.2982250322775181,0.1144048928981741,1.118313601411481,0.980065621601641,-0.0379991914271638,0.66840033834327,boundary
0.0540556633624354,0.218538267558073,0.0088150185715774,0.2376724899455694,0.7546314407540746,0.9596390821845162,0.0212585120794854,0.9371966280486764,unsafe
0.0540556633624354,0.218538267558073,0.0088150185715774,0.2376724899455694,0.7546314407540746,0.9596390821845162,0.0212585120794854,0.6405734182076943,boundary
0.0540556633624354,0.218538267558073,0.0088150185715774,0.2376724899455694,0.7546314407540746,0.9596390821845162,0.0212585120794854,0.9634710334727624,unsafe
0.0540556633624354,0.218538267558073,0.0088150185715774,0.2376724899455694,0.7546314407540746,0.9596390821845162,0.0212585120794854,0.5918987938446079,boundary
0.0540556633624354,0.218538267558073,0.0088150185715774,0.2376724899455694,0.7546314407540746,0.9596390821845162,0.0212585120794854,0.6119442778411721,boundary
0.0540556633624354,0.218538267558073,0.0088150185715774,0.2376724899455694,0.7546314407540746,0.9596390821845162,0.0212585120794854,0.5951443719013457,boundary
0.0540556633624354,0.218538267558073,0.0088150185715774,0.2376724899455694,0.7546314407540746,0.9596390821845162,0.0212585120794854,0.9073642383599928,unsafe
0.0140885618388902,0.2431928547320049,0.1545477715737598,0.2076150667728596,0.8180740798334999,1.0164061943998606,0.1211165127988334,0.7223953513539829,boundary
0.0140885618388902,0.2431928547320049,0.1545477715737598,0.2076150667728596,0.8180740798334999,1.0164061943998606,0.1211165127988334,0.7223953513539829,boundary
0.0140885618388902,0.2431928547320049,0.1545477715737598,0.2076150667728596,0.8180740798334999,1.0164061943998606,0.1211165127988334,0.7223953513539829,boundary
0.0140885618388902,0.2431928547320049,0.1545477715737598,0.2076150667728596,0.8180740798334999,1.0164061943998606,0.1211165127988334,0.7223953513539829,boundary
0.0140885618388902,0.2431928547320049,0.1545477715737598,0.2076150667728596,0.8180740798334999,1.0164061943998606,0.1211165127988334,0.7223953513539829,boundary
0.0140885618388902,0.2431928547320049,0.1545477715737598,0.2076150667728596,0.8180740798334999,1.0164061943998606,0.1211165127988334,0.7223953513539829,boundary
0.0140885618388902,0.2431928547320049,0.1545477715737598,0.2076150667728596,0.8180740798334999,1.0164061943998606,0.1211165127988334,0.7223953513539829,boundary
0.0022604395144403,0.1956112156024795,0.0535605156006646,0.0022697397820547,0.7664405048362639,0.7452742485440864,-0.0957085477649276,0.9252782893994538,unsafe
0.0022604395144403,0.1956112156024795,0.0535605156006646,0.0022697397820547,0.7664405048362639,0.7452742485440864,-0.0957085477649276,0.82334398284152,unsafe
0.0022604395144403,0.1956112156024795,0.0535605156006646,0.0022697397820547,0.7664405048362639,0.7452742485440864,-0.0957085477649276,0.9480720602028648,unsafe
0.0022604395144403,0.1956112156024795,0.0535605156006646,0.0022697397820547,0.7664405048362639,0.7452742485440864,-0.0957085477649276,0.9848431921669024,unsafe
0.0022604395144403,0.1956112156024795,0.0535605156006646,0.0022697397820547,0.7664405048362639,0.7452742485440864,-0.0957085477649276,0.9484112171526043,unsafe
0.0022604395144403,0.1956112156024795,0.0535605156006646,0.0022697397820547,0.7664405048362639,0.7452742485440864,-0.0957085477649276,0.968241666908393,unsafe
0.0022604395144403,0.1956112156024795,0.0535605156006646,0.0022697397820547,0.7664405048362639,0.7452742485440864,-0.0957085477649276,0.9417973800061454,unsafe
0.2921393569472305,0.0487188636732445,0.0341221054657832,0.0347190148182556,1.0945738938754532,0.7265065173990924,0.1138292879004687,0.6627083027016751,boundary
0.2921393569472305,0.0487188636732445,0.0341221054657832,0.0347190148182556,1.0945738938754532,0.7265065173990924,0.1138292879004687,0.5521842844398381,boundary
0.2921393569472305,0.0487188636732445,0.0341221054657832,0.0347190148182556,1.0945738938754532,0.7265065173990924,0.1138292879004687,0.550444431747878,boundary
0.2921393569472305,0.0487188636732445,0.0341221054657832,0.0347190148182556,1.0945738938754532,0.7265065173990924,0.1138292879004687,0.5212291511202128,safe
0.2921393569472305,0.0487188636732445,0.0341221054657832,0.0347190148182556,1.0945738938754532,0.7265065173990924,0.1138292879004687,0.669956844369443,boundary
0.2921393569472305,0.0487188636732445,0.0341221054657832,0.0347190148182556,1.0945738938754532,0.7265065173990924,0.1138292879004687,0.5254406497881086,safe
0.2921393569472305,0.0487188636732445,0.0341221054657832,0.0347190148182556,1.0945738938754532,0.7265065173990924,0.1138292879004687,0.94945245930447,unsafe
0.0955658580117267,0.0677276127821522,0.0933406140973812,0.1420213705792186,0.9719391493150834,0.8728937755098767,0.1068143419493597,0.9451302085862322,unsafe
0.0955658580117267,0.0677276127821522,0.0933406140973812,0.1420213705792186,0.9719391493150834,0.8728937755098767,0.1068143419493597,0.7188896618570593,boundary
0.0955658580117267,0.0677276127821522,0.0933406140973812,0.1420213705792186,0.9719391493150834,0.8728937755098767,0.1068143419493597,0.9893198513912482,unsafe
0.0955658580117267,0.0677276127821522,0.0933406140973812,0.1420213705792186,0.9719391493150834,0.8728937755098767,0.1068143419493597,0.6776112693192559,boundary
0.0955658580117267,0.0677276127821522,0.0933406140973812,0.1420213705792186,0.9719391493150834,0.8728937755098767,0.1068143419493597,0.6635878082004596,boundary
0.0955658580117267,0.0677276127821522,0.0933406140973812,0.1420213705792186,0.9719391493150834,0.8728937755098767,0.1068143419493597,0.6794378447784352,boundary
0.0955658580117267,0.0677276127821522,0.0933406140973812,0.1420213705792186,0.9719391493150834,0.8728937755098767,0.1068143419493597,0.9430614983862394,unsafe
0.1164547403187013,0.0802930197560509,0.1133015915900835,0.1441621237719468,1.0240603145366654,0.7847493887080708,0.0371714717565958,0.6218403696988385,boundary
0.1164547403187013,0.0802930197560509,0.1133015915900835,0.1441621237719468,1.0240603145366654,0.7847493887080708,0.0371714717565958,0.5256650615554055,safe
0.1164547403187013,0.0802930197560509,0.1133015915900835,0.1441621237719468,1.0240603145366654,0.7847493887080708,0.0371714717565958,0.522751765083142,safe
0.1164547403187013,0.0802930197560509,0.1133015915900835,0.1441621237719468,1.0240603145366654,0.7847493887080708,0.0371714717565958,0.4965418487940682,safe
0.1164547403187013,0.0802930197560509,0.1133015915900835,0.1441621237719468,1.0240603145366654,0.7847493887080708,0.0371714717565958,0.62759223772219,boundary
0.1164547403187013,0.0802930197560509,0.1133015915900835,0.1441621237719468,1.0240603145366654,0.7847493887080708,0.0371714717565958,0.5017291047966057,safe
0.1164547403187013,0.0802930197560509,0.1133015915900835,0.1441621237719468,1.0240603145366654,0.7847493887080708,0.0371714717565958,0.8644823931727544,unsafe
0.0684571050793245,0.3831695104675754,0.2869142838306914,0.0752436770067434,1.0675844647209458,0.8308323283071077,0.0564783314154314,0.7646881434786383,unsafe
0.0684571050793245,0.3831695104675754,0.2869142838306914,0.0752436770067434,1.0675844647209458,0.8308323283071077,0.0564783314154314,0.7646881434786383,unsafe
0.0684571050793245,0.3831695104675754,0.2869142838306914,0.0752436770067434,1.0675844647209458,0.8308323283071077,0.0564783314154314,0.7646881434786383,unsafe
0.0684571050793245,0.3831695104675754,0.2869142838306914,0.0752436770067434,1.0675844647209458,0.8308323283071077,0.0564783314154314,0.7646881434786383,unsafe
0.0684571050793245,0.3831695104675754,0.2869142838306914,0.0752436770067434,1.0675844647209458,0.8308323283071077,0.0564783314154314,0.7646881434786383,unsafe
0.0684571050793245,0.3831695104675754,0.2869142838306914,0.0752436770067434,1.0675844647209458,0.8308323283071077,0.0564783314154314,0.7646881434786383,unsafe
0.0684571050793245,0.3831695104675754,0.2869142838306914,0.0752436770067434,1.0675844647209458,0.8308323283071077,0.0564783314154314,0.7646881434786383,unsafe
0.1881052864091571,0.2587007849466453,0.0714322130533055,0.2982981798821184,0.9512145925598215,0.953832040912686,0.0837549135295662,0.6974913971044647,boundary
0.1881052864091571,0.2587007849466453,0.0714322130533055,0.2982981798821184,0.9512145925598215,0.953832040912686,0.0837549135295662,0.580417428461192,boundary
0.1881052864091571,0.2587007849466453,0.0714322130533055,0.2982981798821184,0.9512145925598215,0.953832040912686,0.0837549135295662,0.9986601880030594,unsafe
0.1881052864091571,0.2587007849466453,0.0714322130533055,0.2982981798821184,0.9512145925598215,0.953832040912686,0.0837549135295662,0.5427823645708072,safe
0.1881052864091571,0.2587007849466453,0.0714322130533055,0.2982981798821184,0.9512145925598215,0.953832040912686,0.0837549135295662,0.7057187833196652,boundary
0.1881052864091571,0.2587007849466453,0.0714322130533055,0.2982981798821184,0.9512145925598215,0.953832040912686,0.0837549135295662,0.5437652940898475,safe
0.1881052864091571,0.2587007849466453,0.0714322130533055,0.2982981798821184,0.9512145925598215,0.953832040912686,0.0837549135295662,0.925404941766899,unsafe
0.2729973489799775,0.0968763335861795,0.278758051489536,0.218964267318774,0.9093908682359104,1.0680063088307843,0.0098812837201876,0.7746589582658461,unsafe
0.2729973489799775,0.0968763335861795,0.278758051489536,0.218964267318774,0.9093908682359104,1.0680063088307843,0.0098812837201876,0.7746589582658461,unsafe
0.2729973489799775,0.0968763335861795,0.278758051489536,0.218964267318774,0.9093908682359104,1.0680063088307843,0.0098812837201876,0.7746589582658461,unsafe
0.2729973489799775,0.0968763335861795,0.278758051489536,0.218964267318774,0.9093908682359104,1.0680063088307843,0.0098812837201876,0.7746589582658461,unsafe
0.2729973489799775,0.0968763335861795,0.278758051489536,0.218964267318774,0.9093908682359104,1.0680063088307843,0.0098812837201876,0.7746589582658461,unsafe
0.2729973489799775,0.0968763335861795,0.278758051489536,0.218964267318774,0.9093908682359104,1.0680063088307843,0.0098812837201876,0.7746589582658461,unsafe
0.2729973489799775,0.0968763335861795,0.278758051489536,0.218964267318774,0.9093908682359104,1.0680063088307843,0.0098812837201876,0.7746589582658461,unsafe
0.2886024751639069,0.2280009179752489,0.2249447829768674,0.1890980671687339,0.8725204278633396,1.1308168894904536,0.0391445322673352,0.7588961929677489,unsafe
0.2886024751639069,0.2280009179752489,0.2249447829768674,0.1890980671687339,0.8725204278633396,1.1308168894904536,0.0391445322673352,0.7588961929677489,unsafe
0.2886024751639069,0.2280009179752489,0.2249447829768674,0.1890980671687339,0.8725204278633396,1.1308168894904536,0.0391445322673352,0.7588961929677489,unsafe
0.2886024751639069,0.2280009179752489,0.2249447829768674,0.1890980671687339,0.8725204278633396,1.1308168894904536,0.0391445322673352,0.7588961929677489,unsafe
0.2886024751639069,0.2280009179752489,0.2249447829768674,0.1890980671687339,0.8725204278633396,1.1308168894904536,0.0391445322673352,0.7588961929677489,unsafe
0.2886024751639069,0.2280009179752489,0.2249447829768674,0.1890980671687339,0.8725204278633396,1.1308168894904536,0.0391445322673352,0.7588961929677489,unsafe
0.2886024751639069,0.2280009179752489,0.2249447829768674,0.1890980671687339,0.8725204278633396,1.1308168894904536,0.0391445322673352,0.7588961929677489,unsafe
0.3054108422446166,0.1643125880404711,0.1114515225140425,0.1566410244484802,0.8274804666798572,0.9309501676808896,0.0257607292013911,0.7646238059868,unsafe
0.3054108422446166,0.1643125880404711,0.1114515225140425,0.1566410244484802,0.8274804666798572,0.9309501676808896,0.0257607292013911,0.7646238059868,unsafe
0.3054108422446166,0.1643125880404711,0.1114515225140425,0.1566410244484802,0.8274804666798572,0.9309501676808896,0.0257607292013911,0.7646238059868,unsafe
0.3054108422446166,0.1643125880404711,0.1114515225140425,0.1566410244484802,0.8274804666798572,0.9309501676808896,0.0257607292013911,0.7646238059868,unsafe
0.3054108422446166,0.1643125880404711,0.1114515225140425,0.1566410244484802,0.8274804666798572,0.9309501676808896,0.0257607292013911,0.7646238059868,unsafe
0.3054108422446166,0.1643125880404711,0.1114515225140425,0.1566410244484802,0.8274804666798572,0.9309501676808896,0.0257607292013911,0.7646238059868,unsafe
0.3054108422446166,0.1643125880404711,0.1114515225140425,0.1566410244484802,0.8274804666798572,0.9309501676808896,0.0257607292013911,0.7646238059868,unsafe
0.2023500114258397,0.2836528167999941,0.100848154495065,0.0858059462944094,1.0565805613967956,0.9021532993611104,-0.1082753804192427,0.7747661757853297,unsafe
0.2023500114258397,0.2836528167999941,0.100848154495065,0.0858059462944094,1.0565805613967956,0.9021532993611104,-0.1082753804192427,0.7747661757853297,unsafe
0.2023500114258397,0.2836528167999941,0.100848154495065,0.0858059462944094,1.0565805613967956,0.9021532993611104,-0.1082753804192427,0.7747661757853297,unsafe
0.2023500114258397,0.2836528167999941,0.100848154495065,0.0858059462944094,1.0565805613967956,0.9021532993611104,-0.1082753804192427,0.7747661757853297,unsafe
0.2023500114258397,0.2836528167999941,0.100848154495065,0.0858059462944094,1.0565805613967956,0.9021532993611104,-0.1082753804192427,0.7747661757853297,unsafe
0.2023500114258397,0.2836528167999941,0.100848154495065,0.0858059462944094,1.0565805613967956,0.9021532993611104,-0.1082753804192427,0.7747661757853297,unsafe
0.2023500114258397,0.2836528167999941,0.100848154495065,0.0858059462944094,1.0565805613967956,0.9021532993611104,-0.1082753804192427,0.7747661757853297,unsafe
0.1478541532718047,0.1359147135627536,0.2710994769504887,0.2757454538560099,1.036844094155998,1.0118344312147525,0.0652980468167498,0.965577507190267,unsafe
0.1478541532718047,0.1359147135627536,0.2710994769504887,0.2757454538560099,1.036844094155998,1.0118344312147525,0.0652980468167498,0.7319993434972947,boundary
0.1478541532718047,0.1359147135627536,0.2710994769504887,0.2757454538560099,1.036844094155998,1.0118344312147525,0.0652980468167498,0.988001043473738,unsafe
0.1478541532718047,0.1359147135627536,0.2710994769504887,0.2757454538560099,1.036844094155998,1.0118344312147525,0.0652980468167498,0.6879285636228349,boundary
0.1478541532718047,0.1359147135627536,0.2710994769504887,0.2757454538560099,1.036844094155998,1.0118344312147525,0.0652980468167498,0.6734578266467021,boundary
0.1478541532718047,0.1359147135627536,0.2710994769504887,0.2757454538560099,1.036844094155998,1.0118344312147525,0.0652980468167498,0.6885957892571213,boundary
0.1478541532718047,0.1359147135627536,0.2710994769504887,0.2757454538560099,1.036844094155998,1.0118344312147525,0.0652980468167498,0.9415265365523688,unsafe
0.3133808348527311,0.2944296784765872,0.1366207634317019,0.1975176484475446,0.9204281478087992,1.0508422706725071,-0.0162522968993077,0.768887154828492,unsafe
0.3133808348527311,0.2944296784765872,0.1366207634317019,0.1975176484475446,0.9204281478087992,1.0508422706725071,-0.0162522968993077,0.768887154828492,unsafe
0.3133808348527311,0.2944296784765872,0.1366207634317019,0.1975176484475446,0.9204281478087992,1.0508422706725071,-0.0162522968993077,0.768887154828492,unsafe
0.3133808348527311,0.2944296784765872,0.1366207634317019,0.1975176484475446,0.9204281478087992,1.0508422706725071,-0.0162522968993077,0.768887154828492,unsafe
0.3133808348527311,0.2944296784765872,0.1366207634317019,0.1975176484475446,0.9204281478087992,1.0508422706725071,-0.0162522968993077,0.768887154828492,unsafe
0.3133808348527311,0.2944296784765872,0.1366207634317019,0.1975176484475446,0.9204281478087992,1.0508422706725071,-0.0162522968993077,0.768887154828492,unsafe
0.3133808348527311,0.2944296784765872,0.1366207634317019,0.1975176484475446,0.9204281478087992,1.0508422706725071,-0.0162522968993077,0.768887154828492,unsafe
0.1997728792686614,0.3090995213922436,0.0770823048705266,0.2290359207731145,1.1369356924858718,0.9193632462800873,-0.0761423407703487,0.9209626981456146,unsafe
0.1997728792686614,0.3090995213922436,0.0770823048705266,0.2290359207731145,1.1369356924858718,0.9193632462800873,-0.0761423407703487,0.9876884981828766,unsafe
0.1997728792686614,0.3090995213922436,0.0770823048705266,0.2290359207731145,1.1369356924858718,0.9193632462800873,-0.0761423407703487,0.9705317467792628,unsafe
0.1997728792686614,0.3090995213922436,0.0770823048705266,0.2290359207731145,1.1369356924858718,0.9193632462800873,-0.0761423407703487,0.7541190108562842,unsafe
0.1997728792686614,0.3090995213922436,0.0770823048705266,0.2290359207731145,1.1369356924858718,0.9193632462800873,-0.0761423407703487,0.9675782530894949,unsafe
0.1997728792686614,0.3090995213922436,0.0770823048705266,0.2290359207731145,1.1369356924858718,0.9193632462800873,-0.0761423407703487,0.7534480713968151,unsafe
0.1997728792686614,0.3090995213922436,0.0770823048705266,0.2290359207731145,1.1369356924858718,0.9193632462800873,-0.0761423407703487,0.9430044733939936,unsafe
0.3730367962492227,0.3955384372442597,0.2596423408042764,0.1852386593313909,0.8054093208274125,1.1234296081312742,0.0068426256051292,0.7305643101816075,boundary
0.3730367962492227,0.3955384372442597,0.2596423408042764,0.1852386593313909,0.8054093208274125,1.1234296081312742,0.0068426256051292,0.7305643101816075,boundary
0.3730367962492227,0.3955384372442597,0.2596423408042764,0.1852386593313909,0.8054093208274125,1.1234296081312742,0.0068426256051292,0.7305643101816075,boundary
0.3730367962492227,0.3955384372442597,0.2596423408042764,0.1852386593313909,0.8054093208274125,1.1234296081312742,0.0068426256051292,0.7305643101816075,boundary
0.3730367962492227,0.3955384372442597,0.2596423408042764,0.1852386593313909,0.8054093208274125,1.1234296081312742,0.0068426256051292,0.7305643101816075,boundary
0.3730367962492227,0.3955384372442597,0.2596423408042764,0.1852386593313909,0.8054093208274125,1.1234296081312742,0.0068426256051292,0.7305643101816075,boundary
0.3730367962492227,0.3955384372442597,0.2596423408042764,0.1852386593313909,0.8054093208274125,1.1234296081312742,0.0068426256051292,0.7305643101816075,boundary
0.3888199409787949,0.2703810233545048,0.0831856448196929,0.0547521964964193,1.0457589629335804,1.094096765754838,-0.0358406317797434,0.5487091934049811,safe
0.3888199409787949,0.2703810233545048,0.0831856448196929,0.0547521964964193,1.0457589629335804,1.094096765754838,-0.0358406317797434,0.5487091934049811,safe
0.3888199409787949,0.2703810233545048,0.0831856448196929,0.0547521964964193,1.0457589629335804,1.094096765754838,-0.0358406317797434,0.5487091934049811,safe
0.3888199409787949,0.2703810233545048,0.0831856448196929,0.0547521964964193,1.0457589629335804,1.094096765754838,-0.0358406317797434,0.5487091934049811,safe
0.3888199409787949,0.2703810233545048,0.0831856448196929,0.0547521964964193,1.0457589629335804,1.094096765754838,-0.0358406317797434,0.5487091934049811,safe
0.3888199409787949,0.2703810233545048,0.0831856448196929,0.0547521964964193,1.0457589629335804,1.094096765754838,-0.0358406317797434,0.5487091934049811,safe
0.3888199409787949,0.2703810233545048,0.0831856448196929,0.0547521964964193,1.0457589629335804,1.094096765754838,-0.0358406317797434,0.5487091934049811,safe
0.04283109810841,0.1255063849785621,0.2679581882861613,0.2167770677838487,0.7123457230388818,1.1111225167393717,-0.1440177252359642,0.778488788199486,unsafe
0.04283109810841,0.1255063849785621,0.2679581882861613,0.2167770677838487,0.7123457230388818,1.1111225167393717,-0.1440177252359642,0.778488788199486,unsafe
0.04283109810841,0.1255063849785621,0.2679581882861613,0.2167770677838487,0.7123457230388818,1.1111225167393717,-0.1440177252359642,0.778488788199486,unsafe
0.04283109810841,0.1255063849785621,0.2679581882861613,0.2167770677838487,0.7123457230388818,1.1111225167393717,-0.1440177252359642,0.778488788199486,unsafe
0.04283109810841,0.1255063849785621,0.2679581882861613,0.2167770677838487,0.7123457230388818,1.1111225167393717,-0.1440177252359642,0.778488788199486,unsafe
0.04283109810841,0.1255063849785621,0.2679581882861613,0.2167770677838487,0.7123457230388818,1.1111225167393717,-0.1440177252359642,0.778488788199486,unsafe
0.04283109810841,0.1255063849785621,0.2679581882861613,0.2167770677838487,0.7123457230388818,1.1111225167393717,-0.1440177252359642,0.778488788199486,unsafe
0.2469404337584934,0.154207804310581,0.1861742041279557,0.0385753928693071,0.9839666552893538,0.736906041745552,0.0717593022016867,0.7988128781557989,unsafe
0.2469404337584934,0.154207804310581,0.1861742041279557,0.0385753928693071,0.9839666552893538,0.736906041745552,0.0717593022016867,0.6435544556458266,boundary
0.2469404337584934,0.154207804310581,0.1861742041279557,0.0385753928693071,0.9839666552893538,0.736906041745552,0.0717593022016867,0.5868956387136026,boundary
0.2469404337584934,0.154207804310581,0.1861742041279557,0.0385753928693071,0.9839666552893538,0.736906041745552,0.0717593022016867,0.605748315405768,boundary
0.2469404337584934,0.154207804310581,0.1861742041279557,0.0385753928693071,0.9839666552893538,0.736906041745552,0.0717593022016867,0.8114950724298851,unsafe
0.2469404337584934,0.154207804310581,0.1861742041279557,0.0385753928693071,0.9839666552893538,0.736906041745552,0.0717593022016867,0.6110792478391582,boundary
0.2469404337584934,0.154207804310581,0.1861742041279557,0.0385753928693071,0.9839666552893538,0.736906041745552,0.0717593022016867,0.9319644704088332,unsafe
0.1237269115929755,0.0141590203108726,0.0176261504883388,0.2918666675914508,0.8865721667255806,1.0932818405440536,-0.1387049311443338,0.9244442114011328,unsafe
0.1237269115929755,0.0141590203108726,0.0176261504883388,0.2918666675914508,0.8865721667255806,1.0932818405440536,-0.1387049311443338,0.9640904492524452,unsafe
0.1237269115929755,0.0141590203108726,0.0176261504883388,0.2918666675914508,0.8865721667255806,1.0932818405440536,-0.1387049311443338,0.9615665542825844,unsafe
0.1237269115929755,0.0141590203108726,0.0176261504883388,0.2918666675914508,0.8865721667255806,1.0932818405440536,-0.1387049311443338,0.9219358886131764,unsafe
0.1237269115929755,0.0141590203108726,0.0176261504883388,0.2918666675914508,0.8865721667255806,1.0932818405440536,-0.1387049311443338,0.9513885724073168,unsafe
0.1237269115929755,0.0141590203108726,0.0176261504883388,0.2918666675914508,0.8865721667255806,1.0932818405440536,-0.1387049311443338,0.910704709383012,unsafe
0.1237269115929755,0.0141590203108726,0.0176261504883388,0.2918666675914508,0.8865721667255806,1.0932818405440536,-0.1387049311443338,0.9484996255559766,unsafe
0.1767013878766721,0.0285547581113395,0.1792244777420808,0.0255926657086671,0.77683082910396,1.038342398668261,0.048142041452247,0.7469561038621471,boundary
0.1767013878766721,0.0285547581113395,0.1792244777420808,0.0255926657086671,0.77683082910396,1.038342398668261,0.048142041452247,0.7469561038621471,boundary
0.1767013878766721,0.0285547581113395,0.1792244777420808,0.0255926657086671,0.77683082910396,1.038342398668261,0.048142041452247,0.7469561038621471,boundary
0.1767013878766721,0.0285547581113395,0.1792244777420808,0.0255926657086671,0.77683082910396,1.038342398668261,0.048142041452247,0.7469561038621471,boundary
0.1767013878766721,0.0285547581113395,0.1792244777420808,0.0255926657086671,0.77683082910396,1.038342398668261,0.048142041452247,0.7469561038621471,boundary
0.1767013878766721,0.0285547581113395,0.1792244777420808,0.0255926657086671,0.77683082910396,1.038342398668261,0.048142041452247,0.7469561038621471,boundary
0.1767013878766721,0.0285547581113395,0.1792244777420808,0.0255926657086671,0.77683082910396,1.038342398668261,0.048142041452247,0.7469561038621471,boundary
0.1365313019546516,0.2340908450851858,0.2473289709672773,0.1203108059006891,0.9983240863343924,0.9049442286934342,-0.0231204749994182,0.7657230464660172,unsafe
0.1365313019546516,0.2340908450851858,0.2473289709672773,0.1203108059006891,0.9983240863343924,0.9049442286934342,-0.0231204749994182,0.7657230464660172,unsafe
0.1365313019546516,0.2340908450851858,0.2473289709672773,0.1203108059006891,0.9983240863343924,0.9049442286934342,-0.0231204749994182,0.7657230464660172,unsafe
0.1365313019546516,0.2340908450851858,0.2473289709672773,0.1203108059006891,0.9983240863343924,0.9049442286934342,-0.0231204749994182,0.7657230464660172,unsafe
0.1365313019546516,0.2340908450851858,0.2473289709672773,0.1203108059006891,0.9983240863343924,0.9049442286934342,-0.0231204749994182,0.7657230464660172,unsafe
0.1365313019546516,0.2340908450851858,0.2473289709672773,0.1203108059006891,0.9983240863343924,0.9049442286934342,-0.0231204749994182,0.7657230464660172,unsafe
0.1365313019546516,0.2340908450851858,0.2473289709672773,0.1203108059006891,0.9983240863343924,0.9049442286934342,-0.0231204749994182,0.7657230464660172,unsafe
0.2351334166916184,0.0050929300564547,0.2329663015876876,0.2582120396071794,1.0096732442381091,0.8657465237902161,-0.0024867674800691,0.5178742580716977,safe
0.2351334166916184,0.0050929300564547,0.2329663015876876,0.2582120396071794,1.0096732442381091,0.8657465237902161,-0.0024867674800691,0.4541235360403062,safe
0.2351334166916184,0.0050929300564547,0.2329663015876876,0.2582120396071794,1.0096732442381091,0.8657465237902161,-0.0024867674800691,0.4527348504983778,safe
0.2351334166916184,0.0050929300564547,0.2329663015876876,0.2582120396071794,1.0096732442381091,0.8657465237902161,-0.0024867674800691,0.436795823630668,safe
0.2351334166916184,0.0050929300564547,0.2329663015876876,0.2582120396071794,1.0096732442381091,0.8657465237902161,-0.0024867674800691,0.5221034021652964,safe
0.2351334166916184,0.0050929300564547,0.2329663015876876,0.2582120396071794,1.0096732442381091,0.8657465237902161,-0.0024867674800691,0.4437287393402712,safe
0.2351334166916184,0.0050929300564547,0.2329663015876876,0.2582120396071794,1.0096732442381091,0.8657465237902161,-0.0024867674800691,0.6547276759003341,boundary
0.3447932759752846,0.0356108853969495,0.0523379094008975,0.1588028105685423,0.7236681913168026,1.0809221977487655,-0.1166552710765428,0.7718303167494213,unsafe
0.3447932759752846,0.0356108853969495,0.0523379094008975,0.1588028105685423,0.7236681913168026,1.0809221977487655,-0.1166552710765428,0.7718303167494213,unsafe
0.3447932759752846,0.0356108853969495,0.0523379094008975,0.1588028105685423,0.7236681913168026,1.0809221977487655,-0.1166552710765428,0.7718303167494213,unsafe
0.3447932759752846,0.0356108853969495,0.0523379094008975,0.1588028105685423,0.7236681913168026,1.0809221977487655,-0.1166552710765428,0.7718303167494213,unsafe
0.3447932759752846,0.0356108853969495,0.0523379094008975,0.1588028105685423,0.7236681913168026,1.0809221977487655,-0.1166552710765428,0.7718303167494213,unsafe
0.3447932759752846,0.0356108853969495,0.0523379094008975,0.1588028105685423,0.7236681913168026,1.0809221977487655,-0.1166552710765428,0.7718303167494213,unsafe
0.3447932759752846,0.0356108853969495,0.0523379094008975,0.1588028105685423,0.7236681913168026,1.0809221977487655,-0.1166552710765428,0.7718303167494213,unsafe
0.1689142425886456,0.1732775990696019,0.0278907466212074,0.2800543302398107,0.8605713105892725,0.7926027157159263,0.0966919429053307,0.5112125326701362,safe
0.1689142425886456,0.1732775990696019,0.0278907466212074,0.2800543302398107,0.8605713105892725,0.7926027157159263,0.0966919429053307,0.4739165152895932,safe
0.1689142425886456,0.1732775990696019,0.0278907466212074,0.2800543302398107,0.8605713105892725,0.7926027157159263,0.0966919429053307,0.4726314375260138,safe
0.1689142425886456,0.1732775990696019,0.0278907466212074,0.2800543302398107,0.8605713105892725,0.7926027157159263,0.0966919429053307,0.4709901714113217,safe
0.1689142425886456,0.1732775990696019,0.0278907466212074,0.2800543302398107,0.8605713105892725,0.7926027157159263,0.0966919429053307,0.5207053169102818,safe
0.1689142425886456,0.1732775990696019,0.0278907466212074,0.2800543302398107,0.8605713105892725,0.7926027157159263,0.0966919429053307,0.4706212463970651,safe
0.1689142425886456,0.1732775990696019,0.0278907466212074,0.2800543302398107,0.8605713105892725,0.7926027157159263,0.0966919429053307,0.6076872341149452,boundary
0.1508398815486239,0.0776978600910512,0.1272194058286786,0.2433386064795638,0.9320771243065477,0.7019148653897603,0.1289381139595177,0.5560317419476397,boundary
0.1508398815486239,0.0776978600910512,0.1272194058286786,0.2433386064795638,0.9320771243065477,0.7019148653897603,0.1289381139595177,0.523590018426187,safe
0.1508398815486239,0.0776978600910512,0.1272194058286786,0.2433386064795638,0.9320771243065477,0.7019148653897603,0.1289381139595177,0.5225856289330972,safe
0.1508398815486239,0.0776978600910512,0.1272194058286786,0.2433386064795638,0.9320771243065477,0.7019148653897603,0.1289381139595177,0.5220059591517747,safe
0.1508398815486239,0.0776978600910512,0.1272194058286786,0.2433386064795638,0.9320771243065477,0.7019148653897603,0.1289381139595177,0.568334560505438,boundary
0.1508398815486239,0.0776978600910512,0.1272194058286786,0.2433386064795638,0.9320771243065477,0.7019148653897603,0.1289381139595177,0.5214054769543583,safe
0.1508398815486239,0.0776978600910512,0.1272194058286786,0.2433386064795638,0.9320771243065477,0.7019148653897603,0.1289381139595177,0.6129041078486157,boundary
0.0368286110717728,0.3304710060493026,0.0053181162139491,0.2511370715307621,1.1133703927311145,0.8807195098369491,-0.1212345586318651,0.7621073469962942,unsafe
0.0368286110717728,0.3304710060493026,0.0053181162139491,0.2511370715307621,1.1133703927311145,0.8807195098369491,-0.1212345586318651,0.6266878514421854,boundary
0.0368286110717728,0.3304710060493026,0.0053181162139491,0.2511370715307621,1.1133703927311145,0.8807195098369491,-0.1212345586318651,0.5653961845994195,boundary
0.0368286110717728,0.3304710060493026,0.0053181162139491,0.2511370715307621,1.1133703927311145,0.8807195098369491,-0.1212345586318651,0.5842204885849022,boundary
0.0368286110717728,0.3304710060493026,0.0053181162139491,0.2511370715307621,1.1133703927311145,0.8807195098369491,-0.1212345586318651,0.7705115317420049,unsafe
0.0368286110717728,0.3304710060493026,0.0053181162139491,0.2511370715307621,1.1133703927311145,0.8807195098369491,-0.1212345586318651,0.5891389944505123,boundary
0.0368286110717728,0.3304710060493026,0.0053181162139491,0.2511370715307621,1.1133703927311145,0.8807195098369491,-0.1212345586318651,0.9117407719664208,unsafe
0.0795508938060767,0.2056490293999696,0.0375571832695812,0.2633124205030881,0.8940781597811093,0.8137285844776165,0.098299150202266,0.5208025569573248,safe
0.0795508938060767,0.2056490293999696,0.0375571832695812,0.2633124205030881,0.8940781597811093,0.8137285844776165,0.098299150202266,0.4616196708083702,safe
0.0795508938060767,0.2056490293999696,0.0375571832695812,0.2633124205030881,0.8940781597811093,0.8137285844776165,0.098299150202266,0.460522462149078,safe
0.0795508938060767,0.2056490293999696,0.0375571832695812,0.2633124205030881,0.8940781597811093,0.8137285844776165,0.098299150202266,0.4496916717787566,safe
0.0795508938060767,0.2056490293999696,0.0375571832695812,0.2633124205030881,0.8940781597811093,0.8137285844776165,0.098299150202266,0.5298387554517968,safe
0.0795508938060767,0.2056490293999696,0.0375571832695812,0.2633124205030881,0.8940781597811093,0.8137285844776165,0.098299150202266,0.4494595704861085,safe
0.0795508938060767,0.2056490293999696,0.0375571832695812,0.2633124205030881,0.8940781597811093,0.8137285844776165,0.098299150202266,0.6650926468852338,boundary
0.2548114163961355,0.2668407094816921,0.1442099067591676,0.1750375405262418,1.0895463505501706,0.8564372499843079,-0.0881009220851176,0.9420296844377112,unsafe
0.2548114163961355,0.2668407094816921,0.1442099067591676,0.1750375405262418,1.0895463505501706,0.8564372499843079,-0.0881009220851176,0.7551437800811635,unsafe
0.2548114163961355,0.2668407094816921,0.1442099067591676,0.1750375405262418,1.0895463505501706,0.8564372499843079,-0.0881009220851176,0.9778590735709608,unsafe
0.2548114163961355,0.2668407094816921,0.1442099067591676,0.1750375405262418,1.0895463505501706,0.8564372499843079,-0.0881009220851176,0.7068659306271373,boundary
0.2548114163961355,0.2668407094816921,0.1442099067591676,0.1750375405262418,1.0895463505501706,0.8564372499843079,-0.0881009220851176,0.9730537247780672,unsafe
0.2548114163961355,0.2668407094816921,0.1442099067591676,0.1750375405262418,1.0895463505501706,0.8564372499843079,-0.0881009220851176,0.7065688829244436,boundary
0.2548114163961355,0.2668407094816921,0.1442099067591676,0.1750375405262418,1.0895463505501706,0.8564372499843079,-0.0881009220851176,0.9383074949799964,unsafe
0.3573753948407713,0.3506318684946622,0.1331927206874573,0.0140793155069138,1.0731499824385946,0.7770255514379744,-0.061344512311183,0.7616832114113637,unsafe
0.3573753948407713,0.3506318684946622,0.1331927206874573,0.0140793155069138,1.0731499824385946,0.7770255514379744,-0.061344512311183,0.7616832114113637,unsafe
0.3573753948407713,0.3506318684946622,0.1331927206874573,0.0140793155069138,1.0731499824385946,0.7770255514379744,-0.061344512311183,0.7616832114113637,unsafe
0.3573753948407713,0.3506318684946622,0.1331927206874573,0.0140793155069138,1.0731499824385946,0.7770255514379744,-0.061344512311183,0.7616832114113637,unsafe
0.3573753948407713,0.3506318684946622,0.1331927206874573,0.0140793155069138,1.0731499824385946,0.7770255514379744,-0.061344512311183,0.7616832114113637,unsafe
0.3573753948407713,0.3506318684946622,0.1331927206874573,0.0140793155069138,1.0731499824385946,0.7770255514379744,-0.061344512311183,0.7616832114113637,unsafe
0.3573753948407713,0.3506318684946622,0.1331927206874573,0.0140793155069138,1.0731499824385946,0.7770255514379744,-0.061344512311183,0.7616832114113637,unsafe
0.3385610249744875,0.319860637122918,0.2082775797750085,0.111511333366601,0.7823763399218553,0.811129384322929,-0.1012974744871547,0.9244447009194474,unsafe
0.3385610249744875,0.319860637122918,0.2082775797750085,0.111511333366601,0.7823763399218553,0.811129384322929,-0.1012974744871547,0.9615429199697748,unsafe
0.3385610249744875,0.319860637122918,0.2082775797750085,0.111511333366601,0.7823763399218553,0.811129384322929,-0.1012974744871547,0.9570390575003164,unsafe
0.3385610249744875,0.319860637122918,0.2082775797750085,0.111511333366601,0.7823763399218553,0.811129384322929,-0.1012974744871547,0.9414702043746984,unsafe
0.3385610249744875,0.319860637122918,0.2082775797750085,0.111511333366601,0.7823763399218553,0.811129384322929,-0.1012974744871547,0.9493021153858434,unsafe
0.3385610249744875,0.319860637122918,0.2082775797750085,0.111511333366601,0.7823763399218553,0.811129384322929,-0.1012974744871547,0.9244590154774752,unsafe
0.3385610249744875,0.319860637122918,0.2082775797750085,0.111511333366601,0.7823763399218553,0.811129384322929,-0.1012974744871547,0.943411713129628,unsafe
0.0230573756435711,0.364188833907791,0.2310016826125495,0.091469066053633,0.9619516697918222,0.7141864299559502,-0.1284829331366798,0.7340257509056487,boundary
0.0230573756435711,0.364188833907791,0.2310016826125495,0.091469066053633,0.9619516697918222,0.7141864299559502,-0.1284829331366798,0.614008802162585,boundary
0.0230573756435711,0.364188833907791,0.2310016826125495,0.091469066053633,0.9619516697918222,0.7141864299559502,-0.1284829331366798,0.5548163392214279,boundary
0.0230573756435711,0.364188833907791,0.2310016826125495,0.091469066053633,0.9619516697918222,0.7141864299559502,-0.1284829331366798,0.573360184272443,boundary
0.0230573756435711,0.364188833907791,0.2310016826125495,0.091469066053633,0.9619516697918222,0.7141864299559502,-0.1284829331366798,0.7406969491858468,boundary
0.0230573756435711,0.364188833907791,0.2310016826125495,0.091469066053633,0.9619516697918222,0.7141864299559502,-0.1284829331366798,0.5773672353552576,boundary
0.0230573756435711,0.364188833907791,0.2310016826125495,0.091469066053633,0.9619516697918222,0.7141864299559502,-0.1284829331366798,0.9066911558762286,unsafe
0.3687624619634966,0.0507243744899349,0.1920181635463129,0.0727428848116429,0.9420034294897952,0.8387927776064097,-0.0146671744278522,0.9313619766893224,unsafe
0.3687624619634966,0.0507243744899349,0.1920181635463129,0.0727428848116429,0.9420034294897952,0.8387927776064097,-0.0146671744278522,0.8169037213447661,unsafe
0.3687624619634966,0.0507243744899349,0.1920181635463129,0.0727428848116429,0.9420034294897952,0.8387927776064097,-0.0146671744278522,0.9572018479522244,unsafe
0.3687624619634966,0.0507243744899349,0.1920181635463129,0.0727428848116429,0.9420034294897952,0.8387927776064097,-0.0146671744278522,0.9641006502224542,unsafe
0.3687624619634966,0.0507243744899349,0.1920181635463129,0.0727428848116429,0.9420034294897952,0.8387927776064097,-0.0146671744278522,0.9573806714884804,unsafe
0.3687624619634966,0.0507243744899349,0.1920181635463129,0.0727428848116429,0.9420034294897952,0.8387927776064097,-0.0146671744278522,0.9530922477710326,unsafe
0.3687624619634966,0.0507243744899349,0.1920181635463129,0.0727428848116429,0.9420034294897952,0.8387927776064097,-0.0146671744278522,0.9525010613936298,unsafe
0.3271355377311795,0.1407519157068797,0.172313553814603,0.0633360146825488,0.7378677799935878,0.7663086542078039,-0.0535525469779793,0.933012902353047,unsafe
0.3271355377311795,0.1407519157068797,0.172313553814603,0.0633360146825488,0.7378677799935878,0.7663086542078039,-0.0535525469779793,0.7152127778994529,boundary
0.3271355377311795,0.1407519157068797,0.172313553814603,0.0633360146825488,0.7378677799935878,0.7663086542078039,-0.0535525469779793,0.9784118077286807,unsafe
0.3271355377311795,0.1407519157068797,0.172313553814603,0.0633360146825488,0.7378677799935878,0.7663086542078039,-0.0535525469779793,0.6710699957249572,boundary
0.3271355377311795,0.1407519157068797,0.172313553814603,0.0633360146825488,0.7378677799935878,0.7663086542078039,-0.0535525469779793,0.6639911187280663,boundary
0.3271355377311795,0.1407519157068797,0.172313553814603,0.0633360146825488,0.7378677799935878,0.7663086542078039,-0.0535525469779793,0.6720904755618136,boundary
0.3271355377311795,0.1407519157068797,0.172313553814603,0.0633360146825488,0.7378677799935878,0.7663086542078039,-0.0535525469779793,0.9366928310665104,unsafe
0.1058088568068369,0.3203376808785682,0.2130296808507422,0.1280023258379984,1.140950939699354,0.9422419569825028,0.1441142741306086,0.7677836924813395,unsafe
0.1058088568068369,0.3203376808785682,0.2130296808507422,0.1280023258379984,1.140950939699354,0.9422419569825028,0.1441142741306086,0.7677836924813395,unsafe
0.1058088568068369,0.3203376808785682,0.2130296808507422,0.1280023258379984,1.140950939699354,0.9422419569825028,0.1441142741306086,0.7677836924813395,unsafe
0.1058088568068369,0.3203376808785682,0.2130296808507422,0.1280023258379984,1.140950939699354,0.9422419569825028,0.1441142741306086,0.7677836924813395,unsafe
0.1058088568068369,0.3203376808785682,0.2130296808507422,0.1280023258379984,1.140950939699354,0.9422419569825028,0.1441142741306086,0.7677836924813395,unsafe
0.1058088568068369,0.3203376808785682,0.2130296808507422,0.1280023258379984,1.140950939699354,0.9422419569825028,0.1441142741306086,0.7677836924813395,unsafe
0.1058088568068369,0.3203376808785682,0.2130296808507422,0.1280023258379984,1.140950939699354,0.9422419569825028,0.1441142741306086,0.7677836924813395,unsafe
0.2198216321602301,0.1189085600323426,0.1962792853883795,0.1665238718375612,0.7086327916528776,0.9865288421057604,-0.04954511865525,0.7729812537333735,unsafe
0.2198216321602301,0.1189085600323426,0.1962792853883795,0.1665238718375612,0.7086327916528776,0.9865288421057604,-0.04954511865525,0.7729812537333735,unsafe
0.2198216321602301,0.1189085600323426,0.1962792853883795,0.1665238718375612,0.7086327916528776,0.9865288421057604,-0.04954511865525,0.7729812537333735,unsafe
0.2198216321602301,0.1189085600323426,0.1962792853883795,0.1665238718375612,0.7086327916528776,0.9865288421057604,-0.04954511865525,0.7729812537333735,unsafe
0.2198216321602301,0.1189085600323426,0.1962792853883795,0.1665238718375612,0.7086327916528776,0.9865288421057604,-0.04954511865525,0.7729812537333735,unsafe
0.2198216321602301,0.1189085600323426,0.1962792853883795,0.1665238718375612,0.7086327916528776,0.9865288421057604,-0.04954511865525,0.7729812537333735,unsafe
0.2198216321602301,0.1189085600323426,0.1962792853883795,0.1665238718375612,0.7086327916528776,0.9865288421057604,-0.04954511865525,0.7729812537333735,unsafe
0.0813226104622398,0.1839689284266127,0.1619057132304474,0.0496936196744461,0.8527088265282979,0.9964157759622252,-0.0740061797381424,0.7488819369209783,boundary
0.0813226104622398,0.1839689284266127,0.1619057132304474,0.0496936196744461,0.8527088265282979,0.9964157759622252,-0.0740061797381424,0.7488819369209783,boundary
0.0813226104622398,0.1839689284266127,0.1619057132304474,0.0496936196744461,0.8527088265282979,0.9964157759622252,-0.0740061797381424,0.7488819369209783,boundary
0.0813226104622398,0.1839689284266127,0.1619057132304474,0.0496936196744461,0.8527088265282979,0.9964157759622252,-0.0740061797381424,0.7488819369209783,boundary
0.0813226104622398,0.1839689284266127,0.1619057132304474,0.0496936196744461,0.8527088265282979,0.9964157759622252,-0.0740061797381424,0.7488819369209783,boundary
0.0813226104622398,0.1839689284266127,0.1619057132304474,0.0496936196744461,0.8527088265282979,0.9964157759622252,-0.0740061797381424,0.7488819369209783,boundary
0.0813226104622398,0.1839689284266127,0.1619057132304474,0.0496936196744461,0.8527088265282979,0.9964157759622252,-0.0740061797381424,0.7488819369209783,boundary
0.225461031179237,0.3475216043704864,0.2982250322775181,0.1144048928981741,1.118313601411481,0.980065621601641,-0.0379991914271638,0.7603487614994149,unsafe
0.225461031179237,0.3475216043704864,0.2982250322775181,0.1144048928981741,1.118313601411481,0.980065621601641,-0.0379991914271638,0.7603487614994149,unsafe
0.225461031179237,0.3475216043704864,0.2982250322775181,0.1144048928981741,1.118313601411481,0.980065621601641,-0.0379991914271638,0.7603487614994149,unsafe
0.225461031179237,0.3475216043704864,0.2982250322775181,0.1144048928981741,1.118313601411481,0.980065621601641,-0.0379991914271638,0.7603487614994149,unsafe
0.225461031179237,0.3475216043704864,0.2982250322775181,0.1144048928981741,1.118313601411481,0.980065621601641,-0.0379991914271638,0.7603487614994149,unsafe
0.225461031179237,0.3475216043704864,0.2982250322775181,0.1144048928981741,1.118313601411481,0.980065621601641,-0.0379991914271638,0.7603487614994149,unsafe
0.225461031179237,0.3475216043704864,0.2982250322775181,0.1144048928981741,1.118313601411481,0.980065621601641,-0.0379991914271638,0.7603487614994149,unsafe
0.0540556633624354,0.218538267558073,0.0088150185715774,0.2376724899455694,0.7546314407540746,0.9596390821845162,0.0212585120794854,0.9282647610419664,unsafe
0.0540556633624354,0.218538267558073,0.0088150185715774,0.2376724899455694,0.7546314407540746,0.9596390821845162,0.0212585120794854,0.7227675789461294,boundary
0.0540556633624354,0.218538267558073,0.0088150185715774,0.2376724899455694,0.7546314407540746,0.9596390821845162,0.0212585120794854,0.9729356813296856,unsafe
0.0540556633624354,0.218538267558073,0.0088150185715774,0.2376724899455694,0.7546314407540746,0.9596390821845162,0.0212585120794854,0.7853740786893971,unsafe
0.0540556633624354,0.218538267558073,0.0088150185715774,0.2376724899455694,0.7546314407540746,0.9596390821845162,0.0212585120794854,0.961427734193328,unsafe
0.0540556633624354,0.218538267558073,0.0088150185715774,0.2376724899455694,0.7546314407540746,0.9596390821845162,0.0212585120794854,0.7834194637593545,unsafe
0.0540556633624354,0.218538267558073,0.0088150185715774,0.2376724899455694,0.7546314407540746,0.9596390821845162,0.0212585120794854,0.9506273142875594,unsafe
0.3971527991766206,0.3784638660480794,0.0666338245225098,0.1048413898774767,0.800626801646902,1.0355352834519715,0.1420996355052961,0.7443202013019321,boundary
0.3971527991766206,0.3784638660480794,0.0666338245225098,0.1048413898774767,0.800626801646902,1.0355352834519715,0.1420996355052961,0.7443202013019321,boundary
0.3971527991766206,0.3784638660480794,0.0666338245225098,0.1048413898774767,0.800626801646902,1.0355352834519715,0.1420996355052961,0.7443202013019321,boundary
0.3971527991766206,0.3784638660480794,0.0666338245225098,0.1048413898774767,0.800626801646902,1.0355352834519715,0.1420996355052961,0.7443202013019321,boundary
0.3971527991766206,0.3784638660480794,0.0666338245225098,0.1048413898774767,0.800626801646902,1.0355352834519715,0.1420996355052961,0.7443202013019321,boundary
0.3971527991766206,0.3784638660480794,0.0666338245225098,0.1048413898774767,0.800626801646902,1.0355352834519715,0.1420996355052961,0.7443202013019321,boundary
0.3971527991766206,0.3784638660480794,0.0666338245225098,0.1048413898774767,0.800626801646902,1.0355352834519715,0.1420996355052961,0.7443202013019321,boundary
0.0140885618388902,0.2431928547320049,0.1545477715737598,0.2076150667728596,0.8180740798334999,1.0164061943998606,0.1211165127988334,0.7741127740601126,unsafe
0.0140885618388902,0.2431928547320049,0.1545477715737598,0.2076150667728596,0.8180740798334999,1.0164061943998606,0.1211165127988334,0.7741127740601126,unsafe
0.0140885618388902,0.2431928547320049,0.1545477715737598,0.2076150667728596,0.8180740798334999,1.0164061943998606,0.1211165127988334,0.7741127740601126,unsafe
0.0140885618388902,0.2431928547320049,0.1545477715737598,0.2076150667728596,0.8180740798334999,1.0164061943998606,0.1211165127988334,0.7741127740601126,unsafe
0.0140885618388902,0.2431928547320049,0.1545477715737598,0.2076150667728596,0.8180740798334999,1.0164061943998606,0.1211165127988334,0.7741127740601126,unsafe
0.0140885618388902,0.2431928547320049,0.1545477715737598,0.2076150667728596,0.8180740798334999,1.0164061943998606,0.1211165127988334,0.7741127740601126,unsafe
0.0140885618388902,0.2431928547320049,0.1545477715737598,0.2076150667728596,0.8180740798334999,1.0164061943998606,0.1211165127988334,0.7741127740601126,unsafe
0.0022604395144403,0.1956112156024795,0.0535605156006646,0.0022697397820547,0.7664405048362639,0.7452742485440864,-0.0957085477649276,0.9216268799262034,unsafe
0.0022604395144403,0.1956112156024795,0.0535605156006646,0.0022697397820547,0.7664405048362639,0.7452742485440864,-0.0957085477649276,0.8967520404877246,unsafe
0.0022604395144403,0.1956112156024795,0.0535605156006646,0.0022697397820547,0.7664405048362639,0.7452742485440864,-0.0957085477649276,0.9234413339485856,unsafe
0.0022604395144403,0.1956112156024795,0.0535605156006646,0.0022697397820547,0.7664405048362639,0.7452742485440864,-0.0957085477649276,0.9055269045122856,unsafe
0.0022604395144403,0.1956112156024795,0.0535605156006646,0.0022697397820547,0.7664405048362639,0.7452742485440864,-0.0957085477649276,0.9294329648545172,unsafe
0.0022604395144403,0.1956112156024795,0.0535605156006646,0.0022697397820547,0.7664405048362639,0.7452742485440864,-0.0957085477649276,0.9099933175202076,unsafe
0.0022604395144403,0.1956112156024795,0.0535605156006646,0.0022697397820547,0.7664405048362639,0.7452742485440864,-0.0957085477649276,0.9229672722763224,unsafe
0.2921393569472305,0.0487188636732445,0.0341221054657832,0.0347190148182556,1.0945738938754532,0.7265065173990924,0.1138292879004687,0.7261656755347135,boundary
0.2921393569472305,0.0487188636732445,0.0341221054657832,0.0347190148182556,1.0945738938754532,0.7265065173990924,0.1138292879004687,0.5986723259051987,boundary
0.2921393569472305,0.0487188636732445,0.0341221054657832,0.0347190148182556,1.0945738938754532,0.7265065173990924,0.1138292879004687,0.5488165077214899,safe
0.2921393569472305,0.0487188636732445,0.0341221054657832,0.0347190148182556,1.0945738938754532,0.7265065173990924,0.1138292879004687,0.566694486480033,boundary
0.2921393569472305,0.0487188636732445,0.0341221054657832,0.0347190148182556,1.0945738938754532,0.7265065173990924,0.1138292879004687,0.7339338724238869,boundary
0.2921393569472305,0.0487188636732445,0.0341221054657832,0.0347190148182556,1.0945738938754532,0.7265065173990924,0.1138292879004687,0.57195235528758,boundary
0.2921393569472305,0.0487188636732445,0.0341221054657832,0.0347190148182556,1.0945738938754532,0.7265065173990924,0.1138292879004687,0.9149429819637654,unsafe
0.0955658580117267,0.0677276127821522,0.0933406140973812,0.1420213705792186,0.9719391493150834,0.8728937755098767,0.1068143419493597,0.923644314616161,unsafe
0.0955658580117267,0.0677276127821522,0.0933406140973812,0.1420213705792186,0.9719391493150834,0.8728937755098767,0.1068143419493597,0.720277229514076,boundary
0.0955658580117267,0.0677276127821522,0.0933406140973812,0.1420213705792186,0.9719391493150834,0.8728937755098767,0.1068143419493597,0.9711252867458384,unsafe
0.0955658580117267,0.0677276127821522,0.0933406140973812,0.1420213705792186,0.9719391493150834,0.8728937755098767,0.1068143419493597,0.7778058699136674,unsafe
0.0955658580117267,0.0677276127821522,0.0933406140973812,0.1420213705792186,0.9719391493150834,0.8728937755098767,0.1068143419493597,0.9664144885460866,unsafe
0.0955658580117267,0.0677276127821522,0.0933406140973812,0.1420213705792186,0.9719391493150834,0.8728937755098767,0.1068143419493597,0.7760375902695886,unsafe
0.0955658580117267,0.0677276127821522,0.0933406140973812,0.1420213705792186,0.9719391493150834,0.8728937755098767,0.1068143419493597,0.950507708792989,unsafe
0.1164547403187013,0.0802930197560509,0.1133015915900835,0.1441621237719468,1.0240603145366654,0.7847493887080708,0.0371714717565958,0.658755339164255,boundary
0.1164547403187013,0.0802930197560509,0.1133015915900835,0.1441621237719468,1.0240603145366654,0.7847493887080708,0.0371714717565958,0.5600076656251627,boundary
0.1164547403187013,0.0802930197560509,0.1133015915900835,0.1441621237719468,1.0240603145366654,0.7847493887080708,0.0371714717565958,0.5572921634246921,boundary
0.1164547403187013,0.0802930197560509,0.1133015915900835,0.1441621237719468,1.0240603145366654,0.7847493887080708,0.0371714717565958,0.5221417920897775,safe
0.1164547403187013,0.0802930197560509,0.1133015915900835,0.1441621237719468,1.0240603145366654,0.7847493887080708,0.0371714717565958,0.6642441501033143,boundary
0.1164547403187013,0.0802930197560509,0.1133015915900835,0.1441621237719468,1.0240603145366654,0.7847493887080708,0.0371714717565958,0.5268543361133095,safe
0.1164547403187013,0.0802930197560509,0.1133015915900835,0.1441621237719468,1.0240603145366654,0.7847493887080708,0.0371714717565958,0.9448441794888908,unsafe
0.0684571050793245,0.3831695104675754,0.2869142838306914,0.0752436770067434,1.0675844647209458,0.8308323283071077,0.0564783314154314,0.7609204258227142,unsafe
0.0684571050793245,0.3831695104675754,0.2869142838306914,0.0752436770067434,1.0675844647209458,0.8308323283071077,0.0564783314154314,0.7609204258227142,unsafe
0.0684571050793245,0.3831695104675754,0.2869142838306914,0.0752436770067434,1.0675844647209458,0.8308323283071077,0.0564783314154314,0.7609204258227142,unsafe
0.0684571050793245,0.3831695104675754,0.2869142838306914,0.0752436770067434,1.0675844647209458,0.8308323283071077,0.0564783314154314,0.7609204258227142,unsafe
0.0684571050793245,0.3831695104675754,0.2869142838306914,0.0752436770067434,1.0675844647209458,0.8308323283071077,0.0564783314154314,0.7609204258227142,unsafe
0.0684571050793245,0.3831695104675754,0.2869142838306914,0.0752436770067434,1.0675844647209458,0.8308323283071077,0.0564783314154314,0.7609204258227142,unsafe
0.0684571050793245,0.3831695104675754,0.2869142838306914,0.0752436770067434,1.0675844647209458,0.8308323283071077,0.0564783314154314,0.7609204258227142,unsafe
0.1881052864091571,0.2587007849466453,0.0714322130533055,0.2982981798821184,0.9512145925598215,0.953832040912686,0.0837549135295662,0.7250349154512908,boundary
0.1881052864091571,0.2587007849466453,0.0714322130533055,0.2982981798821184,0.9512145925598215,0.953832040912686,0.0837549135295662,0.6059441066200121,boundary
0.1881052864091571,0.2587007849466453,0.0714322130533055,0.2982981798821184,0.9512145925598215,0.953832040912686,0.0837549135295662,0.9862086203064936,unsafe
0.1881052864091571,0.2587007849466453,0.0714322130533055,0.2982981798821184,0.9512145925598215,0.953832040912686,0.0837549135295662,0.5679765558084636,boundary
0.1881052864091571,0.2587007849466453,0.0714322130533055,0.2982981798821184,0.9512145925598215,0.953832040912686,0.0837549135295662,0.7317464700735817,boundary
0.1881052864091571,0.2587007849466453,0.0714322130533055,0.2982981798821184,0.9512145925598215,0.953832040912686,0.0837549135295662,0.572568273918444,boundary
0.1881052864091571,0.2587007849466453,0.0714322130533055,0.2982981798821184,0.9512145925598215,0.953832040912686,0.0837549135295662,0.911377258053544,unsafe
0.2729973489799775,0.0968763335861795,0.278758051489536,0.218964267318774,0.9093908682359104,1.0680063088307843,0.0098812837201876,0.7706063592113802,unsafe
0.2729973489799775,0.0968763335861795,0.278758051489536,0.218964267318774,0.9093908682359104,1.0680063088307843,0.0098812837201876,0.7706063592113802,unsafe
0.2729973489799775,0.0968763335861795,0.278758051489536,0.218964267318774,0.9093908682359104,1.0680063088307843,0.0098812837201876,0.7706063592113802,unsafe
0.2729973489799775,0.0968763335861795,0.278758051489536,0.218964267318774,0.9093908682359104,1.0680063088307843,0.0098812837201876,0.7706063592113802,unsafe
0.2729973489799775,0.0968763335861795,0.278758051489536,0.218964267318774,0.9093908682359104,1.0680063088307843,0.0098812837201876,0.7706063592113802,unsafe
0.2729973489799775,0.0968763335861795,0.278758051489536,0.218964267318774,0.9093908682359104,1.0680063088307843,0.0098812837201876,0.7706063592113802,unsafe
0.2729973489799775,0.0968763335861795,0.278758051489536,0.218964267318774,0.9093908682359104,1.0680063088307843,0.0098812837201876,0.7706063592113802,unsafe
0.2886024751639069,0.2280009179752489,0.2249447829768674,0.1890980671687339,0.8725204278633396,1.1308168894904536,0.0391445322673352,0.7616468344443263,unsafe
0.2886024751639069,0.2280009179752489,0.2249447829768674,0.1890980671687339,0.8725204278633396,1.1308168894904536,0.0391445322673352,0.7616468344443263,unsafe
0.2886024751639069,0.2280009179752489,0.2249447829768674,0.1890980671687339,0.8725204278633396,1.1308168894904536,0.0391445322673352,0.7616468344443263,unsafe
0.2886024751639069,0.2280009179752489,0.2249447829768674,0.1890980671687339,0.8725204278633396,1.1308168894904536,0.0391445322673352,0.7616468344443263,unsafe
0.2886024751639069,0.2280009179752489,0.2249447829768674,0.1890980671687339,0.8725204278633396,1.1308168894904536,0.0391445322673352,0.7616468344443263,unsafe
0.2886024751639069,0.2280009179752489,0.2249447829768674,0.1890980671687339,0.8725204278633396,1.1308168894904536,0.0391445322673352,0.7616468344443263,unsafe
0.2886024751639069,0.2280009179752489,0.2249447829768674,0.1890980671687339,0.8725204278633396,1.1308168894904536,0.0391445322673352,0.7616468344443263,unsafe
0.3054108422446166,0.1643125880404711,0.1114515225140425,0.1566410244484802,0.8274804666798572,0.9309501676808896,0.0257607292013911,0.7660214773253295,unsafe
0.3054108422446166,0.1643125880404711,0.1114515225140425,0.1566410244484802,0.8274804666798572,0.9309501676808896,0.0257607292013911,0.7660214773253295,unsafe
0.3054108422446166,0.1643125880404711,0.1114515225140425,0.1566410244484802,0.8274804666798572,0.9309501676808896,0.0257607292013911,0.7660214773253295,unsafe
0.3054108422446166,0.1643125880404711,0.1114515225140425,0.1566410244484802,0.8274804666798572,0.9309501676808896,0.0257607292013911,0.7660214773253295,unsafe
0.3054108422446166,0.1643125880404711,0.1114515225140425,0.1566410244484802,0.8274804666798572,0.9309501676808896,0.0257607292013911,0.7660214773253295,unsafe
0.3054108422446166,0.1643125880404711,0.1114515225140425,0.1566410244484802,0.8274804666798572,0.9309501676808896,0.0257607292013911,0.7660214773253295,unsafe
0.3054108422446166,0.1643125880404711,0.1114515225140425,0.1566410244484802,0.8274804666798572,0.9309501676808896,0.0257607292013911,0.7660214773253295,unsafe
0.2023500114258397,0.2836528167999941,0.100848154495065,0.0858059462944094,1.0565805613967956,0.9021532993611104,-0.1082753804192427,0.7715907966127604,unsafe
0.2023500114258397,0.2836528167999941,0.100848154495065,0.0858059462944094,1.0565805613967956,0.9021532993611104,-0.1082753804192427,0.7715907966127604,unsafe
0.2023500114258397,0.2836528167999941,0.100848154495065,0.0858059462944094,1.0565805613967956,0.9021532993611104,-0.1082753804192427,0.7715907966127604,unsafe
0.2023500114258397,0.2836528167999941,0.100848154495065,0.0858059462944094,1.0565805613967956,0.9021532993611104,-0.1082753804192427,0.7715907966127604,unsafe
0.2023500114258397,0.2836528167999941,0.100848154495065,0.0858059462944094,1.0565805613967956,0.9021532993611104,-0.1082753804192427,0.7715907966127604,unsafe
0.2023500114258397,0.2836528167999941,0.100848154495065,0.0858059462944094,1.0565805613967956,0.9021532993611104,-0.1082753804192427,0.7715907966127604,unsafe
0.2023500114258397,0.2836528167999941,0.100848154495065,0.0858059462944094,1.0565805613967956,0.9021532993611104,-0.1082753804192427,0.7715907966127604,unsafe
0.1478541532718047,0.1359147135627536,0.2710994769504887,0.2757454538560099,1.036844094155998,1.0118344312147525,0.0652980468167498,0.9257416969765416,unsafe
0.1478541532718047,0.1359147135627536,0.2710994769504887,0.2757454538560099,1.036844094155998,1.0118344312147525,0.0652980468167498,0.7893328944888248,unsafe
0.1478541532718047,0.1359147135627536,0.2710994769504887,0.2757454538560099,1.036844094155998,1.0118344312147525,0.0652980468167498,0.9752052874987234,unsafe
0.1478541532718047,0.1359147135627536,0.2710994769504887,0.2757454538560099,1.036844094155998,1.0118344312147525,0.0652980468167498,0.7396252156497889,boundary
0.1478541532718047,0.1359147135627536,0.2710994769504887,0.2757454538560099,1.036844094155998,1.0118344312147525,0.0652980468167498,0.9668888140511812,unsafe
0.1478541532718047,0.1359147135627536,0.2710994769504887,0.2757454538560099,1.036844094155998,1.0118344312147525,0.0652980468167498,0.738227721440728,boundary
0.1478541532718047,0.1359147135627536,0.2710994769504887,0.2757454538560099,1.036844094155998,1.0118344312147525,0.0652980468167498,0.9443823494678082,unsafe
0.3133808348527311,0.2944296784765872,0.1366207634317019,0.1975176484475446,0.9204281478087992,1.0508422706725071,-0.0162522968993077,0.762532492769766,unsafe
0.3133808348527311,0.2944296784765872,0.1366207634317019,0.1975176484475446,0.9204281478087992,1.0508422706725071,-0.0162522968993077,0.762532492769766,unsafe
0.3133808348527311,0.2944296784765872,0.1366207634317019,0.1975176484475446,0.9204281478087992,1.0508422706725071,-0.0162522968993077,0.762532492769766,unsafe
0.3133808348527311,0.2944296784765872,0.1366207634317019,0.1975176484475446,0.9204281478087992,1.0508422706725071,-0.0162522968993077,0.762532492769766,unsafe
0.3133808348527311,0.2944296784765872,0.1366207634317019,0.1975176484475446,0.9204281478087992,1.0508422706725071,-0.0162522968993077,0.762532492769766,unsafe
0.3133808348527311,0.2944296784765872,0.1366207634317019,0.1975176484475446,0.9204281478087992,1.0508422706725071,-0.0162522968993077,0.762532492769766,unsafe
0.3133808348527311,0.2944296784765872,0.1366207634317019,0.1975176484475446,0.9204281478087992,1.0508422706725071,-0.0162522968993077,0.762532492769766,unsafe
0.1997728792686614,0.3090995213922436,0.0770823048705266,0.2290359207731145,1.1369356924858718,0.9193632462800873,-0.0761423407703487,0.9143395092236984,unsafe
0.1997728792686614,0.3090995213922436,0.0770823048705266,0.2290359207731145,1.1369356924858718,0.9193632462800873,-0.0761423407703487,0.7474155046957688,boundary
0.1997728792686614,0.3090995213922436,0.0770823048705266,0.2290359207731145,1.1369356924858718,0.9193632462800873,-0.0761423407703487,0.9672116924512631,unsafe
0.1997728792686614,0.3090995213922436,0.0770823048705266,0.2290359207731145,1.1369356924858718,0.9193632462800873,-0.0761423407703487,0.8084713432092728,unsafe
0.1997728792686614,0.3090995213922436,0.0770823048705266,0.2290359207731145,1.1369356924858718,0.9193632462800873,-0.0761423407703487,0.9576549775769968,unsafe
0.1997728792686614,0.3090995213922436,0.0770823048705266,0.2290359207731145,1.1369356924858718,0.9193632462800873,-0.0761423407703487,0.8078468602556838,unsafe
0.1997728792686614,0.3090995213922436,0.0770823048705266,0.2290359207731145,1.1369356924858718,0.9193632462800873,-0.0761423407703487,0.9419623689949782,unsafe
0.3730367962492227,0.3955384372442597,0.2596423408042764,0.1852386593313909,0.8054093208274125,1.1234296081312742,0.0068426256051292,0.747480225626062,boundary
0.3730367962492227,0.3955384372442597,0.2596423408042764,0.1852386593313909,0.8054093208274125,1.1234296081312742,0.0068426256051292,0.747480225626062,boundary
0.3730367962492227,0.3955384372442597,0.2596423408042764,0.1852386593313909,0.8054093208274125,1.1234296081312742,0.0068426256051292,0.747480225626062,boundary
0.3730367962492227,0.3955384372442597,0.2596423408042764,0.1852386593313909,0.8054093208274125,1.1234296081312742,0.0068426256051292,0.747480225626062,boundary
0.3730367962492227,0.3955384372442597,0.2596423408042764,0.1852386593313909,0.8054093208274125,1.1234296081312742,0.0068426256051292,0.747480225626062,boundary
0.3730367962492227,0.3955384372442597,0.2596423408042764,0.1852386593313909,0.8054093208274125,1.1234296081312742,0.0068426256051292,0.747480225626062,boundary
0.3730367962492227,0.3955384372442597,0.2596423408042764,0.1852386593313909,0.8054093208274125,1.1234296081312742,0.0068426256051292,0.747480225626062,boundary
0.3888199409787949,0.2703810233545048,0.0831856448196929,0.0547521964964193,1.0457589629335804,1.094096765754838,-0.0358406317797434,0.5366329076276088,safe
0.3888199409787949,0.2703810233545048,0.0831856448196929,0.0547521964964193,1.0457589629335804,1.094096765754838,-0.0358406317797434,0.5366329076276088,safe
0.3888199409787949,0.2703810233545048,0.0831856448196929,0.0547521964964193,1.0457589629335804,1.094096765754838,-0.0358406317797434,0.5366329076276088,safe
0.3888199409787949,0.2703810233545048,0.0831856448196929,0.0547521964964193,1.0457589629335804,1.094096765754838,-0.0358406317797434,0.5366329076276088,safe
0.3888199409787949,0.2703810233545048,0.0831856448196929,0.0547521964964193,1.0457589629335804,1.094096765754838,-0.0358406317797434,0.5366329076276088,safe
0.3888199409787949,0.2703810233545048,0.0831856448196929,0.0547521964964193,1.0457589629335804,1.094096765754838,-0.0358406317797434,0.5366329076276088,safe
0.3888199409787949,0.2703810233545048,0.0831856448196929,0.0547521964964193,1.0457589629335804,1.094096765754838,-0.0358406317797434,0.5366329076276088,safe
0.04283109810841,0.1255063849785621,0.2679581882861613,0.2167770677838487,0.7123457230388818,1.1111225167393717,-0.1440177252359642,0.7750471192698721,unsafe
0.04283109810841,0.1255063849785621,0.2679581882861613,0.2167770677838487,0.7123457230388818,1.1111225167393717,-0.1440177252359642,0.7750471192698721,unsafe
0.04283109810841,0.1255063849785621,0.2679581882861613,0.2167770677838487,0.7123457230388818,1.1111225167393717,-0.1440177252359642,0.7750471192698721,unsafe
0.04283109810841,0.1255063849785621,0.2679581882861613,0.2167770677838487,0.7123457230388818,1.1111225167393717,-0.1440177252359642,0.7750471192698721,unsafe
0.04283109810841,0.1255063849785621,0.2679581882861613,0.2167770677838487,0.7123457230388818,1.1111225167393717,-0.1440177252359642,0.7750471192698721,unsafe
0.04283109810841,0.1255063849785621,0.2679581882861613,0.2167770677838487,0.7123457230388818,1.1111225167393717,-0.1440177252359642,0.7750471192698721,unsafe
0.04283109810841,0.1255063849785621,0.2679581882861613,0.2167770677838487,0.7123457230388818,1.1111225167393717,-0.1440177252359642,0.7750471192698721,unsafe
0.2469404337584934,0.154207804310581,0.1861742041279557,0.0385753928693071,0.9839666552893538,0.736906041745552,0.0717593022016867,0.8549230777265875,unsafe
0.2469404337584934,0.154207804310581,0.1861742041279557,0.0385753928693071,0.9839666552893538,0.736906041745552,0.0717593022016867,0.6791140683100282,boundary
0.2469404337584934,0.154207804310581,0.1861742041279557,0.0385753928693071,0.9839666552893538,0.736906041745552,0.0717593022016867,0.9813705145938352,unsafe
0.2469404337584934,0.154207804310581,0.1861742041279557,0.0385753928693071,0.9839666552893538,0.736906041745552,0.0717593022016867,0.6373453375483886,boundary
0.2469404337584934,0.154207804310581,0.1861742041279557,0.0385753928693071,0.9839666552893538,0.736906041745552,0.0717593022016867,0.8740397899725701,unsafe
0.2469404337584934,0.154207804310581,0.1861742041279557,0.0385753928693071,0.9839666552893538,0.736906041745552,0.0717593022016867,0.6411382434260994,boundary
0.2469404337584934,0.154207804310581,0.1861742041279557,0.0385753928693071,0.9839666552893538,0.736906041745552,0.0717593022016867,0.9303510077737216,unsafe
0.1237269115929755,0.0141590203108726,0.0176261504883388,0.2918666675914508,0.8865721667255806,1.0932818405440536,-0.1387049311443338,0.7651664003250886,unsafe
0.1237269115929755,0.0141590203108726,0.0176261504883388,0.2918666675914508,0.8865721667255806,1.0932818405440536,-0.1387049311443338,0.7651664003250886,unsafe
0.1237269115929755,0.0141590203108726,0.0176261504883388,0.2918666675914508,0.8865721667255806,1.0932818405440536,-0.1387049311443338,0.7651664003250886,unsafe
0.1237269115929755,0.0141590203108726,0.0176261504883388,0.2918666675914508,0.8865721667255806,1.0932818405440536,-0.1387049311443338,0.7651664003250886,unsafe
0.1237269115929755,0.0141590203108726,0.0176261504883388,0.2918666675914508,0.8865721667255806,1.0932818405440536,-0.1387049311443338,0.7651664003250886,unsafe
0.1237269115929755,0.0141590203108726,0.0176261504883388,0.2918666675914508,0.8865721667255806,1.0932818405440536,-0.1387049311443338,0.7651664003250886,unsafe
0.1237269115929755,0.0141590203108726,0.0176261504883388,0.2918666675914508,0.8865721667255806,1.0932818405440536,-0.1387049311443338,0.7651664003250886,unsafe
0.1767013878766721,0.0285547581113395,0.1792244777420808,0.0255926657086671,0.77683082910396,1.038342398668261,0.048142041452247,0.7385464586963135,boundary
0.1767013878766721,0.0285547581113395,0.1792244777420808,0.0255926657086671,0.77683082910396,1.038342398668261,0.048142041452247,0.7385464586963135,boundary
0.1767013878766721,0.0285547581113395,0.1792244777420808,0.0255926657086671,0.77683082910396,1.038342398668261,0.048142041452247,0.7385464586963135,boundary
0.1767013878766721,0.0285547581113395,0.1792244777420808,0.0255926657086671,0.77683082910396,1.038342398668261,0.048142041452247,0.7385464586963135,boundary
0.1767013878766721,0.0285547581113395,0.1792244777420808,0.0255926657086671,0.77683082910396,1.038342398668261,0.048142041452247,0.7385464586963135,boundary
0.1767013878766721,0.0285547581113395,0.1792244777420808,0.0255926657086671,0.77683082910396,1.038342398668261,0.048142041452247,0.7385464586963135,boundary
0.1767013878766721,0.0285547581113395,0.1792244777420808,0.0255926657086671,0.77683082910396,1.038342398668261,0.048142041452247,0.7385464586963135,boundary
0.1365313019546516,0.2340908450851858,0.2473289709672773,0.1203108059006891,0.9983240863343924,0.9049442286934342,-0.0231204749994182,0.770047485893764,unsafe
0.1365313019546516,0.2340908450851858,0.2473289709672773,0.1203108059006891,0.9983240863343924,0.9049442286934342,-0.0231204749994182,0.770047485893764,unsafe
0.1365313019546516,0.2340908450851858,0.2473289709672773,0.1203108059006891,0.9983240863343924,0.9049442286934342,-0.0231204749994182,0.770047485893764,unsafe
0.1365313019546516,0.2340908450851858,0.2473289709672773,0.1203108059006891,0.9983240863343924,0.9049442286934342,-0.0231204749994182,0.770047485893764,unsafe
0.1365313019546516,0.2340908450851858,0.2473289709672773,0.1203108059006891,0.9983240863343924,0.9049442286934342,-0.0231204749994182,0.770047485893764,unsafe
0.1365313019546516,0.2340908450851858,0.2473289709672773,0.1203108059006891,0.9983240863343924,0.9049442286934342,-0.0231204749994182,0.770047485893764,unsafe
0.1365313019546516,0.2340908450851858,0.2473289709672773,0.1203108059006891,0.9983240863343924,0.9049442286934342,-0.0231204749994182,0.770047485893764,unsafe
0.2351334166916184,0.0050929300564547,0.2329663015876876,0.2582120396071794,1.0096732442381091,0.8657465237902161,-0.0024867674800691,0.5753935385636668,boundary
0.2351334166916184,0.0050929300564547,0.2329663015876876,0.2582120396071794,1.0096732442381091,0.8657465237902161,-0.0024867674800691,0.5012876907164976,safe
0.2351334166916184,0.0050929300564547,0.2329663015876876,0.2582120396071794,1.0096732442381091,0.8657465237902161,-0.0024867674800691,0.501138002734814,safe
0.2351334166916184,0.0050929300564547,0.2329663015876876,0.2582120396071794,1.0096732442381091,0.8657465237902161,-0.0024867674800691,0.4797076340775742,safe
0.2351334166916184,0.0050929300564547,0.2329663015876876,0.2582120396071794,1.0096732442381091,0.8657465237902161,-0.0024867674800691,0.5793460818657027,boundary
0.2351334166916184,0.0050929300564547,0.2329663015876876,0.2582120396071794,1.0096732442381091,0.8657465237902161,-0.0024867674800691,0.484334681513405,safe
0.2351334166916184,0.0050929300564547,0.2329663015876876,0.2582120396071794,1.0096732442381091,0.8657465237902161,-0.0024867674800691,0.7439053175276229,boundary
0.3447932759752846,0.0356108853969495,0.0523379094008975,0.1588028105685423,0.7236681913168026,1.0809221977487655,-0.1166552710765428,0.7840636652865824,unsafe
0.3447932759752846,0.0356108853969495,0.0523379094008975,0.1588028105685423,0.7236681913168026,1.0809221977487655,-0.1166552710765428,0.7840636652865824,unsafe
0.3447932759752846,0.0356108853969495,0.0523379094008975,0.1588028105685423,0.7236681913168026,1.0809221977487655,-0.1166552710765428,0.7840636652865824,unsafe
0.3447932759752846,0.0356108853969495,0.0523379094008975,0.1588028105685423,0.7236681913168026,1.0809221977487655,-0.1166552710765428,0.7840636652865824,unsafe
0.3447932759752846,0.0356108853969495,0.0523379094008975,0.1588028105685423,0.7236681913168026,1.0809221977487655,-0.1166552710765428,0.7840636652865824,unsafe
0.3447932759752846,0.0356108853969495,0.0523379094008975,0.1588028105685423,0.7236681913168026,1.0809221977487655,-0.1166552710765428,0.7840636652865824,unsafe
0.3447932759752846,0.0356108853969495,0.0523379094008975,0.1588028105685423,0.7236681913168026,1.0809221977487655,-0.1166552710765428,0.7840636652865824,unsafe
0.1689142425886456,0.1732775990696019,0.0278907466212074,0.2800543302398107,0.8605713105892725,0.7926027157159263,0.0966919429053307,0.4785584417551491,safe
0.1689142425886456,0.1732775990696019,0.0278907466212074,0.2800543302398107,0.8605713105892725,0.7926027157159263,0.0966919429053307,0.4420776963155,safe
0.1689142425886456,0.1732775990696019,0.0278907466212074,0.2800543302398107,0.8605713105892725,0.7926027157159263,0.0966919429053307,0.4416434643303593,safe
0.1689142425886456,0.1732775990696019,0.0278907466212074,0.2800543302398107,0.8605713105892725,0.7926027157159263,0.0966919429053307,0.4391153547631631,safe
0.1689142425886456,0.1732775990696019,0.0278907466212074,0.2800543302398107,0.8605713105892725,0.7926027157159263,0.0966919429053307,0.4793570209309707,safe
0.1689142425886456,0.1732775990696019,0.0278907466212074,0.2800543302398107,0.8605713105892725,0.7926027157159263,0.0966919429053307,0.4384475978404694,safe
0.1689142425886456,0.1732775990696019,0.0278907466212074,0.2800543302398107,0.8605713105892725,0.7926027157159263,0.0966919429053307,0.5778144325555443,boundary
0.1508398815486239,0.0776978600910512,0.1272194058286786,0.2433386064795638,0.9320771243065477,0.7019148653897603,0.1289381139595177,0.4954060682815584,safe
0.1508398815486239,0.0776978600910512,0.1272194058286786,0.2433386064795638,0.9320771243065477,0.7019148653897603,0.1289381139595177,0.4734577044693914,safe
0.1508398815486239,0.0776978600910512,0.1272194058286786,0.2433386064795638,0.9320771243065477,0.7019148653897603,0.1289381139595177,0.4729331896680738,safe
0.1508398815486239,0.0776978600910512,0.1272194058286786,0.2433386064795638,0.9320771243065477,0.7019148653897603,0.1289381139595177,0.473874063147335,safe
0.1508398815486239,0.0776978600910512,0.1272194058286786,0.2433386064795638,0.9320771243065477,0.7019148653897603,0.1289381139595177,0.5033735212396105,safe
0.1508398815486239,0.0776978600910512,0.1272194058286786,0.2433386064795638,0.9320771243065477,0.7019148653897603,0.1289381139595177,0.4732922395576975,safe
0.1508398815486239,0.0776978600910512,0.1272194058286786,0.2433386064795638,0.9320771243065477,0.7019148653897603,0.1289381139595177,0.5436610361622639,safe
0.0368286110717728,0.3304710060493026,0.0053181162139491,0.2511370715307621,1.1133703927311145,0.8807195098369491,-0.1212345586318651,0.7798881110825815,unsafe
0.0368286110717728,0.3304710060493026,0.0053181162139491,0.2511370715307621,1.1133703927311145,0.8807195098369491,-0.1212345586318651,0.6462716227053265,boundary
0.0368286110717728,0.3304710060493026,0.0053181162139491,0.2511370715307621,1.1133703927311145,0.8807195098369491,-0.1212345586318651,0.5851314867226058,boundary
0.0368286110717728,0.3304710060493026,0.0053181162139491,0.2511370715307621,1.1133703927311145,0.8807195098369491,-0.1212345586318651,0.6278419046704192,boundary
0.0368286110717728,0.3304710060493026,0.0053181162139491,0.2511370715307621,1.1133703927311145,0.8807195098369491,-0.1212345586318651,0.792877280546165,unsafe
0.0368286110717728,0.3304710060493026,0.0053181162139491,0.2511370715307621,1.1133703927311145,0.8807195098369491,-0.1212345586318651,0.6273804363210918,boundary
0.0368286110717728,0.3304710060493026,0.0053181162139491,0.2511370715307621,1.1133703927311145,0.8807195098369491,-0.1212345586318651,0.9100905151693948,unsafe
0.0795508938060767,0.2056490293999696,0.0375571832695812,0.2633124205030881,0.8940781597811093,0.8137285844776165,0.098299150202266,0.5386093364522467,safe
0.0795508938060767,0.2056490293999696,0.0375571832695812,0.2633124205030881,0.8940781597811093,0.8137285844776165,0.098299150202266,0.4823789321743011,safe
0.0795508938060767,0.2056490293999696,0.0375571832695812,0.2633124205030881,0.8940781597811093,0.8137285844776165,0.098299150202266,0.4813678294037936,safe
0.0795508938060767,0.2056490293999696,0.0375571832695812,0.2633124205030881,0.8940781597811093,0.8137285844776165,0.098299150202266,0.4738856129897656,safe
0.0795508938060767,0.2056490293999696,0.0375571832695812,0.2633124205030881,0.8940781597811093,0.8137285844776165,0.098299150202266,0.540086320407897,safe
0.0795508938060767,0.2056490293999696,0.0375571832695812,0.2633124205030881,0.8940781597811093,0.8137285844776165,0.098299150202266,0.4730202676568745,safe
0.0795508938060767,0.2056490293999696,0.0375571832695812,0.2633124205030881,0.8940781597811093,0.8137285844776165,0.098299150202266,0.6739849075709092,boundary
0.2548114163961355,0.2668407094816921,0.1442099067591676,0.1750375405262418,1.0895463505501706,0.8564372499843079,-0.0881009220851176,0.9121552403555934,unsafe
0.2548114163961355,0.2668407094816921,0.1442099067591676,0.1750375405262418,1.0895463505501706,0.8564372499843079,-0.0881009220851176,0.8073024149568078,unsafe
0.2548114163961355,0.2668407094816921,0.1442099067591676,0.1750375405262418,1.0895463505501706,0.8564372499843079,-0.0881009220851176,0.9708468891847212,unsafe
0.2548114163961355,0.2668407094816921,0.1442099067591676,0.1750375405262418,1.0895463505501706,0.8564372499843079,-0.0881009220851176,0.7501159132402445,unsafe
0.2548114163961355,0.2668407094816921,0.1442099067591676,0.1750375405262418,1.0895463505501706,0.8564372499843079,-0.0881009220851176,0.9624091089277343,unsafe
0.2548114163961355,0.2668407094816921,0.1442099067591676,0.1750375405262418,1.0895463505501706,0.8564372499843079,-0.0881009220851176,0.7522167264281435,unsafe
0.2548114163961355,0.2668407094816921,0.1442099067591676,0.1750375405262418,1.0895463505501706,0.8564372499843079,-0.0881009220851176,0.9387206870733942,unsafe
0.3573753948407713,0.3506318684946622,0.1331927206874573,0.0140793155069138,1.0731499824385946,0.7770255514379744,-0.061344512311183,0.7621685444598112,unsafe
0.3573753948407713,0.3506318684946622,0.1331927206874573,0.0140793155069138,1.0731499824385946,0.7770255514379744,-0.061344512311183,0.7621685444598112,unsafe
0.3573753948407713,0.3506318684946622,0.1331927206874573,0.0140793155069138,1.0731499824385946,0.7770255514379744,-0.061344512311183,0.7621685444598112,unsafe
0.3573753948407713,0.3506318684946622,0.1331927206874573,0.0140793155069138,1.0731499824385946,0.7770255514379744,-0.061344512311183,0.7621685444598112,unsafe
0.3573753948407713,0.3506318684946622,0.1331927206874573,0.0140793155069138,1.0731499824385946,0.7770255514379744,-0.061344512311183,0.7621685444598112,unsafe
0.3573753948407713,0.3506318684946622,0.1331927206874573,0.0140793155069138,1.0731499824385946,0.7770255514379744,-0.061344512311183,0.7621685444598112,unsafe
0.3573753948407713,0.3506318684946622,0.1331927206874573,0.0140793155069138,1.0731499824385946,0.7770255514379744,-0.061344512311183,0.7621685444598112,unsafe
0.3385610249744875,0.319860637122918,0.2082775797750085,0.111511333366601,0.7823763399218553,0.811129384322929,-0.1012974744871547,0.9172666263569402,unsafe
0.3385610249744875,0.319860637122918,0.2082775797750085,0.111511333366601,0.7823763399218553,0.811129384322929,-0.1012974744871547,0.9341669471786216,unsafe
0.3385610249744875,0.319860637122918,0.2082775797750085,0.111511333366601,0.7823763399218553,0.811129384322929,-0.1012974744871547,0.94392830617746,unsafe
0.3385610249744875,0.319860637122918,0.2082775797750085,0.111511333366601,0.7823763399218553,0.811129384322929,-0.1012974744871547,0.9243209300254184,unsafe
0.3385610249744875,0.319860637122918,0.2082775797750085,0.111511333366601,0.7823763399218553,0.811129384322929,-0.1012974744871547,0.9369612553701404,unsafe
0.3385610249744875,0.319860637122918,0.2082775797750085,0.111511333366601,0.7823763399218553,0.811129384322929,-0.1012974744871547,0.93290932786672,unsafe
0.3385610249744875,0.319860637122918,0.2082775797750085,0.111511333366601,0.7823763399218553,0.811129384322929,-0.1012974744871547,0.9299104375217117,unsafe
0.0230573756435711,0.364188833907791,0.2310016826125495,0.091469066053633,0.9619516697918222,0.7141864299559502,-0.1284829331366798,0.7415722885588507,boundary
0.0230573756435711,0.364188833907791,0.2310016826125495,0.091469066053633,0.9619516697918222,0.7141864299559502,-0.1284829331366798,0.6326085734776142,boundary
0.0230573756435711,0.364188833907791,0.2310016826125495,0.091469066053633,0.9619516697918222,0.7141864299559502,-0.1284829331366798,0.983152401378556,unsafe
0.0230573756435711,0.364188833907791,0.2310016826125495,0.091469066053633,0.9619516697918222,0.7141864299559502,-0.1284829331366798,0.6114265210007436,boundary
0.0230573756435711,0.364188833907791,0.2310016826125495,0.091469066053633,0.9619516697918222,0.7141864299559502,-0.1284829331366798,0.7519118574178125,unsafe
0.0230573756435711,0.364188833907791,0.2310016826125495,0.091469066053633,0.9619516697918222,0.7141864299559502,-0.1284829331366798,0.6107200135183652,boundary
0.0230573756435711,0.364188833907791,0.2310016826125495,0.091469066053633,0.9619516697918222,0.7141864299559502,-0.1284829331366798,0.9011757546297092,unsafe
0.3687624619634966,0.0507243744899349,0.1920181635463129,0.0727428848116429,0.9420034294897952,0.8387927776064097,-0.0146671744278522,0.7616305649167758,unsafe
0.3687624619634966,0.0507243744899349,0.1920181635463129,0.0727428848116429,0.9420034294897952,0.8387927776064097,-0.0146671744278522,0.7616305649167758,unsafe
0.3687624619634966,0.0507243744899349,0.1920181635463129,0.0727428848116429,0.9420034294897952,0.8387927776064097,-0.0146671744278522,0.7616305649167758,unsafe
0.3687624619634966,0.0507243744899349,0.1920181635463129,0.0727428848116429,0.9420034294897952,0.8387927776064097,-0.0146671744278522,0.7616305649167758,unsafe
0.3687624619634966,0.0507243744899349,0.1920181635463129,0.0727428848116429,0.9420034294897952,0.8387927776064097,-0.0146671744278522,0.7616305649167758,unsafe
0.3687624619634966,0.0507243744899349,0.1920181635463129,0.0727428848116429,0.9420034294897952,0.8387927776064097,-0.0146671744278522,0.7616305649167758,unsafe
0.3687624619634966,0.0507243744899349,0.1920181635463129,0.0727428848116429,0.9420034294897952,0.8387927776064097,-0.0146671744278522,0.7616305649167758,unsafe
0.3271355377311795,0.1407519157068797,0.172313553814603,0.0633360146825488,0.7378677799935878,0.7663086542078039,-0.0535525469779793,0.978404847697229,unsafe
0.3271355377311795,0.1407519157068797,0.172313553814603,0.0633360146825488,0.7378677799935878,0.7663086542078039,-0.0535525469779793,0.7422797560342519,boundary
0.3271355377311795,0.1407519157068797,0.172313553814603,0.0633360146825488,0.7378677799935878,0.7663086542078039,-0.0535525469779793,0.9773830141324932,unsafe
0.3271355377311795,0.1407519157068797,0.172313553814603,0.0633360146825488,0.7378677799935878,0.7663086542078039,-0.0535525469779793,0.7002473177864079,boundary
0.3271355377311795,0.1407519157068797,0.172313553814603,0.0633360146825488,0.7378677799935878,0.7663086542078039,-0.0535525469779793,0.6972739048789381,boundary
0.3271355377311795,0.1407519157068797,0.172313553814603,0.0633360146825488,0.7378677799935878,0.7663086542078039,-0.0535525469779793,0.6993509937414804,boundary
0.3271355377311795,0.1407519157068797,0.172313553814603,0.0633360146825488,0.7378677799935878,0.7663086542078039,-0.0535525469779793,0.9369441666629024,unsafe
0.1058088568068369,0.3203376808785682,0.2130296808507422,0.1280023258379984,1.140950939699354,0.9422419569825028,0.1441142741306086,0.7582191435317998,unsafe
0.1058088568068369,0.3203376808785682,0.2130296808507422,0.1280023258379984,1.140950939699354,0.9422419569825028,0.1441142741306086,0.7582191435317998,unsafe
0.1058088568068369,0.3203376808785682,0.2130296808507422,0.1280023258379984,1.140950939699354,0.9422419569825028,0.1441142741306086,0.7582191435317998,unsafe
0.1058088568068369,0.3203376808785682,0.2130296808507422,0.1280023258379984,1.140950939699354,0.9422419569825028,0.1441142741306086,0.7582191435317998,unsafe
0.1058088568068369,0.3203376808785682,0.2130296808507422,0.1280023258379984,1.140950939699354,0.9422419569825028,0.1441142741306086,0.7582191435317998,unsafe
0.1058088568068369,0.3203376808785682,0.2130296808507422,0.1280023258379984,1.140950939699354,0.9422419569825028,0.1441142741306086,0.7582191435317998,unsafe
0.1058088568068369,0.3203376808785682,0.2130296808507422,0.1280023258379984,1.140950939699354,0.9422419569825028,0.1441142741306086,0.7582191435317998,unsafe
0.2198216321602301,0.1189085600323426,0.1962792853883795,0.1665238718375612,0.7086327916528776,0.9865288421057604,-0.04954511865525,0.7803738999155696,unsafe
0.2198216321602301,0.1189085600323426,0.1962792853883795,0.1665238718375612,0.7086327916528776,0.9865288421057604,-0.04954511865525,0.7803738999155696,unsafe
0.2198216321602301,0.1189085600323426,0.1962792853883795,0.1665238718375612,0.7086327916528776,0.9865288421057604,-0.04954511865525,0.7803738999155696,unsafe
0.2198216321602301,0.1189085600323426,0.1962792853883795,0.1665238718375612,0.7086327916528776,0.9865288421057604,-0.04954511865525,0.7803738999155696,unsafe
0.2198216321602301,0.1189085600323426,0.1962792853883795,0.1665238718375612,0.7086327916528776,0.9865288421057604,-0.04954511865525,0.7803738999155696,unsafe
0.2198216321602301,0.1189085600323426,0.1962792853883795,0.1665238718375612,0.7086327916528776,0.9865288421057604,-0.04954511865525,0.7803738999155696,unsafe
0.2198216321602301,0.1189085600323426,0.1962792853883795,0.1665238718375612,0.7086327916528776,0.9865288421057604,-0.04954511865525,0.7803738999155696,unsafe
0.0813226104622398,0.1839689284266127,0.1619057132304474,0.0496936196744461,0.8527088265282979,0.9964157759622252,-0.0740061797381424,0.7466507809377647,boundary
0.0813226104622398,0.1839689284266127,0.1619057132304474,0.0496936196744461,0.8527088265282979,0.9964157759622252,-0.0740061797381424,0.7466507809377647,boundary
0.0813226104622398,0.1839689284266127,0.1619057132304474,0.0496936196744461,0.8527088265282979,0.9964157759622252,-0.0740061797381424,0.7466507809377647,boundary
0.0813226104622398,0.1839689284266127,0.1619057132304474,0.0496936196744461,0.8527088265282979,0.9964157759622252,-0.0740061797381424,0.7466507809377647,boundary
0.0813226104622398,0.1839689284266127,0.1619057132304474,0.0496936196744461,0.8527088265282979,0.9964157759622252,-0.0740061797381424,0.7466507809377647,boundary
0.0813226104622398,0.1839689284266127,0.1619057132304474,0.0496936196744461,0.8527088265282979,0.9964157759622252,-0.0740061797381424,0.7466507809377647,boundary
0.0813226104622398,0.1839689284266127,0.1619057132304474,0.0496936196744461,0.8527088265282979,0.9964157759622252,-0.0740061797381424,0.7466507809377647,boundary
0.225461031179237,0.3475216043704864,0.2982250322775181,0.1144048928981741,1.118313601411481,0.980065621601641,-0.0379991914271638,0.7576540410519763,unsafe
0.225461031179237,0.3475216043704864,0.2982250322775181,0.1144048928981741,1.118313601411481,0.980065621601641,-0.0379991914271638,0.7576540410519763,unsafe
0.225461031179237,0.3475216043704864,0.2982250322775181,0.1144048928981741,1.118313601411481,0.980065621601641,-0.0379991914271638,0.7576540410519763,unsafe
0.225461031179237,0.3475216043704864,0.2982250322775181,0.1144048928981741,1.118313601411481,0.980065621601641,-0.0379991914271638,0.7576540410519763,unsafe
0.225461031179237,0.3475216043704864,0.2982250322775181,0.1144048928981741,1.118313601411481,0.980065621601641,-0.0379991914271638,0.7576540410519763,unsafe
0.225461031179237,0.3475216043704864,0.2982250322775181,0.1144048928981741,1.118313601411481,0.980065621601641,-0.0379991914271638,0.7576540410519763,unsafe
0.225461031179237,0.3475216043704864,0.2982250322775181,0.1144048928981741,1.118313601411481,0.980065621601641,-0.0379991914271638,0.7576540410519763,unsafe
0.0540556633624354,0.218538267558073,0.0088150185715774,0.2376724899455694,0.7546314407540746,0.9596390821845162,0.0212585120794854,0.920575475590279,unsafe
0.0540556633624354,0.218538267558073,0.0088150185715774,0.2376724899455694,0.7546314407540746,0.9596390821845162,0.0212585120794854,0.9633986841023736,unsafe
0.0540556633624354,0.218538267558073,0.0088150185715774,0.2376724899455694,0.7546314407540746,0.9596390821845162,0.0212585120794854,0.9620361029881106,unsafe
0.0540556633624354,0.218538267558073,0.0088150185715774,0.2376724899455694,0.7546314407540746,0.9596390821845162,0.0212585120794854,0.8558215242759665,unsafe
0.0540556633624354,0.218538267558073,0.0088150185715774,0.2376724899455694,0.7546314407540746,0.9596390821845162,0.0212585120794854,0.9587095203449608,unsafe
0.0540556633624354,0.218538267558073,0.0088150185715774,0.2376724899455694,0.7546314407540746,0.9596390821845162,0.0212585120794854,0.8503178005936998,unsafe
0.0540556633624354,0.218538267558073,0.0088150185715774,0.2376724899455694,0.7546314407540746,0.9596390821845162,0.0212585120794854,0.9497454521622628,unsafe
0.3971527991766206,0.3784638660480794,0.0666338245225098,0.1048413898774767,0.800626801646902,1.0355352834519715,0.1420996355052961,0.7310184074563534,boundary
0.3971527991766206,0.3784638660480794,0.0666338245225098,0.1048413898774767,0.800626801646902,1.0355352834519715,0.1420996355052961,0.7310184074563534,boundary
0.3971527991766206,0.3784638660480794,0.0666338245225098,0.1048413898774767,0.800626801646902,1.0355352834519715,0.1420996355052961,0.7310184074563534,boundary
0.3971527991766206,0.3784638660480794,0.0666338245225098,0.1048413898774767,0.800626801646902,1.0355352834519715,0.1420996355052961,0.7310184074563534,boundary
0.3971527991766206,0.3784638660480794,0.0666338245225098,0.1048413898774767,0.800626801646902,1.0355352834519715,0.1420996355052961,0.7310184074563534,boundary
0.3971527991766206,0.3784638660480794,0.0666338245225098,0.1048413898774767,0.800626801646902,1.0355352834519715,0.1420996355052961,0.7310184074563534,boundary
0.3971527991766206,0.3784638660480794,0.0666338245225098,0.1048413898774767,0.800626801646902,1.0355352834519715,0.1420996355052961,0.7310184074563534,boundary
0.0140885618388902,0.2431928547320049,0.1545477715737598,0.2076150667728596,0.8180740798334999,1.0164061943998606,0.1211165127988334,0.7653596041985518,unsafe
0.0140885618388902,0.2431928547320049,0.1545477715737598,0.2076150667728596,0.8180740798334999,1.0164061943998606,0.1211165127988334,0.7653596041985518,unsafe
0.0140885618388902,0.2431928547320049,0.1545477715737598,0.2076150667728596,0.8180740798334999,1.0164061943998606,0.1211165127988334,0.7653596041985518,unsafe
0.0140885618388902,0.2431928547320049,0.1545477715737598,0.2076150667728596,0.8180740798334999,1.0164061943998606,0.1211165127988334,0.7653596041985518,unsafe
0.0140885618388902,0.2431928547320049,0.1545477715737598,0.2076150667728596,0.8180740798334999,1.0164061943998606,0.1211165127988334,0.7653596041985518,unsafe
0.0140885618388902,0.2431928547320049,0.1545477715737598,0.2076150667728596,0.8180740798334999,1.0164061943998606,0.1211165127988334,0.7653596041985518,unsafe
0.0140885618388902,0.2431928547320049,0.1545477715737598,0.2076150667728596,0.8180740798334999,1.0164061943998606,0.1211165127988334,0.7653596041985518,unsafe
0.0022604395144403,0.1956112156024795,0.0535605156006646,0.0022697397820547,0.7664405048362639,0.7452742485440864,-0.0957085477649276,0.7474819016407408,boundary
0.0022604395144403,0.1956112156024795,0.0535605156006646,0.0022697397820547,0.7664405048362639,0.7452742485440864,-0.0957085477649276,0.7474819016407408,boundary
0.0022604395144403,0.1956112156024795,0.0535605156006646,0.0022697397820547,0.7664405048362639,0.7452742485440864,-0.0957085477649276,0.7474819016407408,boundary
0.0022604395144403,0.1956112156024795,0.0535605156006646,0.0022697397820547,0.7664405048362639,0.7452742485440864,-0.0957085477649276,0.7474819016407408,boundary
0.0022604395144403,0.1956112156024795,0.0535605156006646,0.0022697397820547,0.7664405048362639,0.7452742485440864,-0.0957085477649276,0.7474819016407408,boundary
0.0022604395144403,0.1956112156024795,0.0535605156006646,0.0022697397820547,0.7664405048362639,0.7452742485440864,-0.0957085477649276,0.7474819016407408,boundary
0.0022604395144403,0.1956112156024795,0.0535605156006646,0.0022697397820547,0.7664405048362639,0.7452742485440864,-0.0957085477649276,0.7474819016407408,boundary
0.2921393569472305,0.0487188636732445,0.0341221054657832,0.0347190148182556,1.0945738938754532,0.7265065173990924,0.1138292879004687,0.8921058538786519,unsafe
0.2921393569472305,0.0487188636732445,0.0341221054657832,0.0347190148182556,1.0945738938754532,0.7265065173990924,0.1138292879004687,0.7038508381631724,boundary
0.2921393569472305,0.0487188636732445,0.0341221054657832,0.0347190148182556,1.0945738938754532,0.7265065173990924,0.1138292879004687,0.9770692834500868,unsafe
0.2921393569472305,0.0487188636732445,0.0341221054657832,0.0347190148182556,1.0945738938754532,0.7265065173990924,0.1138292879004687,0.66999790124819,boundary
0.2921393569472305,0.0487188636732445,0.0341221054657832,0.0347190148182556,1.0945738938754532,0.7265065173990924,0.1138292879004687,0.6747838899731141,boundary
0.2921393569472305,0.0487188636732445,0.0341221054657832,0.0347190148182556,1.0945738938754532,0.7265065173990924,0.1138292879004687,0.6748404629301994,boundary
0.2921393569472305,0.0487188636732445,0.0341221054657832,0.0347190148182556,1.0945738938754532,0.7265065173990924,0.1138292879004687,0.9248923970984876,unsafe
0.0955658580117267,0.0677276127821522,0.0933406140973812,0.1420213705792186,0.9719391493150834,0.8728937755098767,0.1068143419493597,0.8882512787526479,unsafe
0.0955658580117267,0.0677276127821522,0.0933406140973812,0.1420213705792186,0.9719391493150834,0.8728937755098767,0.1068143419493597,0.8843279371501159,unsafe
0.0955658580117267,0.0677276127821522,0.0933406140973812,0.1420213705792186,0.9719391493150834,0.8728937755098767,0.1068143419493597,0.883864978865839,unsafe
0.0955658580117267,0.0677276127821522,0.0933406140973812,0.1420213705792186,0.9719391493150834,0.8728937755098767,0.1068143419493597,0.88362041057533,unsafe
0.0955658580117267,0.0677276127821522,0.0933406140973812,0.1420213705792186,0.9719391493150834,0.8728937755098767,0.1068143419493597,0.8895398761122258,unsafe
0.0955658580117267,0.0677276127821522,0.0933406140973812,0.1420213705792186,0.9719391493150834,0.8728937755098767,0.1068143419493597,0.8834157531938246,unsafe
0.0955658580117267,0.0677276127821522,0.0933406140973812,0.1420213705792186,0.9719391493150834,0.8728937755098767,0.1068143419493597,0.8882512787526479,unsafe
0.1164547403187013,0.0802930197560509,0.1133015915900835,0.1441621237719468,1.0240603145366654,0.7847493887080708,0.0371714717565958,0.7721163146453787,unsafe
0.1164547403187013,0.0802930197560509,0.1133015915900835,0.1441621237719468,1.0240603145366654,0.7847493887080708,0.0371714717565958,0.6468661072209462,boundary
0.1164547403187013,0.0802930197560509,0.1133015915900835,0.1441621237719468,1.0240603145366654,0.7847493887080708,0.0371714717565958,0.9882343181002238,unsafe
0.1164547403187013,0.0802930197560509,0.1133015915900835,0.1441621237719468,1.0240603145366654,0.7847493887080708,0.0371714717565958,0.6284129096505511,boundary
0.1164547403187013,0.0802930197560509,0.1133015915900835,0.1441621237719468,1.0240603145366654,0.7847493887080708,0.0371714717565958,0.7817841066153968,unsafe
0.1164547403187013,0.0802930197560509,0.1133015915900835,0.1441621237719468,1.0240603145366654,0.7847493887080708,0.0371714717565958,0.6277412553238415,boundary
0.1164547403187013,0.0802930197560509,0.1133015915900835,0.1441621237719468,1.0240603145366654,0.7847493887080708,0.0371714717565958,0.903805585678716,unsafe
0.0684571050793245,0.3831695104675754,0.2869142838306914,0.0752436770067434,1.0675844647209458,0.8308323283071077,0.0564783314154314,0.7514436681225699,unsafe
0.0684571050793245,0.3831695104675754,0.2869142838306914,0.0752436770067434,1.0675844647209458,0.8308323283071077,0.0564783314154314,0.7514436681225699,unsafe
0.0684571050793245,0.3831695104675754,0.2869142838306914,0.0752436770067434,1.0675844647209458,0.8308323283071077,0.0564783314154314,0.7514436681225699,unsafe
0.0684571050793245,0.3831695104675754,0.2869142838306914,0.0752436770067434,1.0675844647209458,0.8308323283071077,0.0564783314154314,0.7514436681225699,unsafe
0.0684571050793245,0.3831695104675754,0.2869142838306914,0.0752436770067434,1.0675844647209458,0.8308323283071077,0.0564783314154314,0.7514436681225699,unsafe
0.0684571050793245,0.3831695104675754,0.2869142838306914,0.0752436770067434,1.0675844647209458,0.8308323283071077,0.0564783314154314,0.7514436681225699,unsafe
0.0684571050793245,0.3831695104675754,0.2869142838306914,0.0752436770067434,1.0675844647209458,0.8308323283071077,0.0564783314154314,0.7514436681225699,unsafe
0.1881052864091571,0.2587007849466453,0.0714322130533055,0.2982981798821184,0.9512145925598215,0.953832040912686,0.0837549135295662,0.7822333374125489,unsafe
0.1881052864091571,0.2587007849466453,0.0714322130533055,0.2982981798821184,0.9512145925598215,0.953832040912686,0.0837549135295662,0.6574131255237857,boundary
0.1881052864091571,0.2587007849466453,0.0714322130533055,0.2982981798821184,0.9512145925598215,0.953832040912686,0.0837549135295662,0.5965803459306265,boundary
0.1881052864091571,0.2587007849466453,0.0714322130533055,0.2982981798821184,0.9512145925598215,0.953832040912686,0.0837549135295662,0.6396471700776883,boundary
0.1881052864091571,0.2587007849466453,0.0714322130533055,0.2982981798821184,0.9512145925598215,0.953832040912686,0.0837549135295662,0.7918449802627892,unsafe
0.1881052864091571,0.2587007849466453,0.0714322130533055,0.2982981798821184,0.9512145925598215,0.953832040912686,0.0837549135295662,0.6391895583310776,boundary
0.1881052864091571,0.2587007849466453,0.0714322130533055,0.2982981798821184,0.9512145925598215,0.953832040912686,0.0837549135295662,0.906893280503497,unsafe
0.2729973489799775,0.0968763335861795,0.278758051489536,0.218964267318774,0.9093908682359104,1.0680063088307843,0.0098812837201876,0.7575733020497835,unsafe
0.2729973489799775,0.0968763335861795,0.278758051489536,0.218964267318774,0.9093908682359104,1.0680063088307843,0.0098812837201876,0.7575733020497835,unsafe
0.2729973489799775,0.0968763335861795,0.278758051489536,0.218964267318774,0.9093908682359104,1.0680063088307843,0.0098812837201876,0.7575733020497835,unsafe
0.2729973489799775,0.0968763335861795,0.278758051489536,0.218964267318774,0.9093908682359104,1.0680063088307843,0.0098812837201876,0.7575733020497835,unsafe
0.2729973489799775,0.0968763335861795,0.278758051489536,0.218964267318774,0.9093908682359104,1.0680063088307843,0.0098812837201876,0.7575733020497835,unsafe
0.2729973489799775,0.0968763335861795,0.278758051489536,0.218964267318774,0.9093908682359104,1.0680063088307843,0.0098812837201876,0.7575733020497835,unsafe
0.2729973489799775,0.0968763335861795,0.278758051489536,0.218964267318774,0.9093908682359104,1.0680063088307843,0.0098812837201876,0.7575733020497835,unsafe
0.2886024751639069,0.2280009179752489,0.2249447829768674,0.1890980671687339,0.8725204278633396,1.1308168894904536,0.0391445322673352,0.7409264920915231,boundary
0.2886024751639069,0.2280009179752489,0.2249447829768674,0.1890980671687339,0.8725204278633396,1.1308168894904536,0.0391445322673352,0.7409264920915231,boundary
0.2886024751639069,0.2280009179752489,0.2249447829768674,0.1890980671687339,0.8725204278633396,1.1308168894904536,0.0391445322673352,0.7409264920915231,boundary
0.2886024751639069,0.2280009179752489,0.2249447829768674,0.1890980671687339,0.8725204278633396,1.1308168894904536,0.0391445322673352,0.7409264920915231,boundary
0.2886024751639069,0.2280009179752489,0.2249447829768674,0.1890980671687339,0.8725204278633396,1.1308168894904536,0.0391445322673352,0.7409264920915231,boundary
0.2886024751639069,0.2280009179752489,0.2249447829768674,0.1890980671687339,0.8725204278633396,1.1308168894904536,0.0391445322673352,0.7409264920915231,boundary
0.2886024751639069,0.2280009179752489,0.2249447829768674,0.1890980671687339,0.8725204278633396,1.1308168894904536,0.0391445322673352,0.7409264920915231,boundary
0.3054108422446166,0.1643125880404711,0.1114515225140425,0.1566410244484802,0.8274804666798572,0.9309501676808896,0.0257607292013911,0.7550610955022482,unsafe
0.3054108422446166,0.1643125880404711,0.1114515225140425,0.1566410244484802,0.8274804666798572,0.9309501676808896,0.0257607292013911,0.7550610955022482,unsafe
0.3054108422446166,0.1643125880404711,0.1114515225140425,0.1566410244484802,0.8274804666798572,0.9309501676808896,0.0257607292013911,0.7550610955022482,unsafe
0.3054108422446166,0.1643125880404711,0.1114515225140425,0.1566410244484802,0.8274804666798572,0.9309501676808896,0.0257607292013911,0.7550610955022482,unsafe
0.3054108422446166,0.1643125880404711,0.1114515225140425,0.1566410244484802,0.8274804666798572,0.9309501676808896,0.0257607292013911,0.7550610955022482,unsafe
0.3054108422446166,0.1643125880404711,0.1114515225140425,0.1566410244484802,0.8274804666798572,0.9309501676808896,0.0257607292013911,0.7550610955022482,unsafe
0.3054108422446166,0.1643125880404711,0.1114515225140425,0.1566410244484802,0.8274804666798572,0.9309501676808896,0.0257607292013911,0.7550610955022482,unsafe
0.2023500114258397,0.2836528167999941,0.100848154495065,0.0858059462944094,1.0565805613967956,0.9021532993611104,-0.1082753804192427,0.7563578110769038,unsafe
0.2023500114258397,0.2836528167999941,0.100848154495065,0.0858059462944094,1.0565805613967956,0.9021532993611104,-0.1082753804192427,0.7563578110769038,unsafe
0.2023500114258397,0.2836528167999941,0.100848154495065,0.0858059462944094,1.0565805613967956,0.9021532993611104,-0.1082753804192427,0.7563578110769038,unsafe
0.2023500114258397,0.2836528167999941,0.100848154495065,0.0858059462944094,1.0565805613967956,0.9021532993611104,-0.1082753804192427,0.7563578110769038,unsafe
0.2023500114258397,0.2836528167999941,0.100848154495065,0.0858059462944094,1.0565805613967956,0.9021532993611104,-0.1082753804192427,0.7563578110769038,unsafe
0.2023500114258397,0.2836528167999941,0.100848154495065,0.0858059462944094,1.0565805613967956,0.9021532993611104,-0.1082753804192427,0.7563578110769038,unsafe
0.2023500114258397,0.2836528167999941,0.100848154495065,0.0858059462944094,1.0565805613967956,0.9021532993611104,-0.1082753804192427,0.7563578110769038,unsafe
0.1478541532718047,0.1359147135627536,0.2710994769504887,0.2757454538560099,1.036844094155998,1.0118344312147525,0.0652980468167498,0.9068714498256564,unsafe
0.1478541532718047,0.1359147135627536,0.2710994769504887,0.2757454538560099,1.036844094155998,1.0118344312147525,0.0652980468167498,0.9062031044923364,unsafe
0.1478541532718047,0.1359147135627536,0.2710994769504887,0.2757454538560099,1.036844094155998,1.0118344312147525,0.0652980468167498,0.9171217479120388,unsafe
0.1478541532718047,0.1359147135627536,0.2710994769504887,0.2757454538560099,1.036844094155998,1.0118344312147525,0.0652980468167498,0.9062864489458736,unsafe
0.1478541532718047,0.1359147135627536,0.2710994769504887,0.2757454538560099,1.036844094155998,1.0118344312147525,0.0652980468167498,0.915848612384005,unsafe
0.1478541532718047,0.1359147135627536,0.2710994769504887,0.2757454538560099,1.036844094155998,1.0118344312147525,0.0652980468167498,0.9113650077368928,unsafe
0.1478541532718047,0.1359147135627536,0.2710994769504887,0.2757454538560099,1.036844094155998,1.0118344312147525,0.0652980468167498,0.9068714498256564,unsafe
0.3133808348527311,0.2944296784765872,0.1366207634317019,0.1975176484475446,0.9204281478087992,1.0508422706725071,-0.0162522968993077,0.7549620008326903,unsafe
0.3133808348527311,0.2944296784765872,0.1366207634317019,0.1975176484475446,0.9204281478087992,1.0508422706725071,-0.0162522968993077,0.7549620008326903,unsafe
0.3133808348527311,0.2944296784765872,0.1366207634317019,0.1975176484475446,0.9204281478087992,1.0508422706725071,-0.0162522968993077,0.7549620008326903,unsafe
0.3133808348527311,0.2944296784765872,0.1366207634317019,0.1975176484475446,0.9204281478087992,1.0508422706725071,-0.0162522968993077,0.7549620008326903,unsafe
0.3133808348527311,0.2944296784765872,0.1366207634317019,0.1975176484475446,0.9204281478087992,1.0508422706725071,-0.0162522968993077,0.7549620008326903,unsafe
0.3133808348527311,0.2944296784765872,0.1366207634317019,0.1975176484475446,0.9204281478087992,1.0508422706725071,-0.0162522968993077,0.7549620008326903,unsafe
0.3133808348527311,0.2944296784765872,0.1366207634317019,0.1975176484475446,0.9204281478087992,1.0508422706725071,-0.0162522968993077,0.7549620008326903,unsafe
0.1997728792686614,0.3090995213922436,0.0770823048705266,0.2290359207731145,1.1369356924858718,0.9193632462800873,-0.0761423407703487,0.9131649319894772,unsafe
0.1997728792686614,0.3090995213922436,0.0770823048705266,0.2290359207731145,1.1369356924858718,0.9193632462800873,-0.0761423407703487,0.9544219220910276,unsafe
0.1997728792686614,0.3090995213922436,0.0770823048705266,0.2290359207731145,1.1369356924858718,0.9193632462800873,-0.0761423407703487,0.9584795349529588,unsafe
0.1997728792686614,0.3090995213922436,0.0770823048705266,0.2290359207731145,1.1369356924858718,0.9193632462800873,-0.0761423407703487,0.9487492170289064,unsafe
0.1997728792686614,0.3090995213922436,0.0770823048705266,0.2290359207731145,1.1369356924858718,0.9193632462800873,-0.0761423407703487,0.9441477167943536,unsafe
0.1997728792686614,0.3090995213922436,0.0770823048705266,0.2290359207731145,1.1369356924858718,0.9193632462800873,-0.0761423407703487,0.9342603364731236,unsafe
0.1997728792686614,0.3090995213922436,0.0770823048705266,0.2290359207731145,1.1369356924858718,0.9193632462800873,-0.0761423407703487,0.9383430589742288,unsafe
0.3730367962492227,0.3955384372442597,0.2596423408042764,0.1852386593313909,0.8054093208274125,1.1234296081312742,0.0068426256051292,0.7417077578146984,boundary
0.3730367962492227,0.3955384372442597,0.2596423408042764,0.1852386593313909,0.8054093208274125,1.1234296081312742,0.0068426256051292,0.7417077578146984,boundary
0.3730367962492227,0.3955384372442597,0.2596423408042764,0.1852386593313909,0.8054093208274125,1.1234296081312742,0.0068426256051292,0.7417077578146984,boundary
0.3730367962492227,0.3955384372442597,0.2596423408042764,0.1852386593313909,0.8054093208274125,1.1234296081312742,0.0068426256051292,0.7417077578146984,boundary
0.3730367962492227,0.3955384372442597,0.2596423408042764,0.1852386593313909,0.8054093208274125,1.1234296081312742,0.0068426256051292,0.7417077578146984,boundary
0.3730367962492227,0.3955384372442597,0.2596423408042764,0.1852386593313909,0.8054093208274125,1.1234296081312742,0.0068426256051292,0.7417077578146984,boundary
0.3730367962492227,0.3955384372442597,0.2596423408042764,0.1852386593313909,0.8054093208274125,1.1234296081312742,0.0068426256051292,0.7417077578146984,boundary
0.3888199409787949,0.2703810233545048,0.0831856448196929,0.0547521964964193,1.0457589629335804,1.094096765754838,-0.0358406317797434,0.5410237229362967,safe
0.3888199409787949,0.2703810233545048,0.0831856448196929,0.0547521964964193,1.0457589629335804,1.094096765754838,-0.0358406317797434,0.5410237229362967,safe
0.3888199409787949,0.2703810233545048,0.0831856448196929,0.0547521964964193,1.0457589629335804,1.094096765754838,-0.0358406317797434,0.5410237229362967,safe
0.3888199409787949,0.2703810233545048,0.0831856448196929,0.0547521964964193,1.0457589629335804,1.094096765754838,-0.0358406317797434,0.5410237229362967,safe
0.3888199409787949,0.2703810233545048,0.0831856448196929,0.0547521964964193,1.0457589629335804,1.094096765754838,-0.0358406317797434,0.5410237229362967,safe
0.3888199409787949,0.2703810233545048,0.0831856448196929,0.0547521964964193,1.0457589629335804,1.094096765754838,-0.0358406317797434,0.5410237229362967,safe
0.3888199409787949,0.2703810233545048,0.0831856448196929,0.0547521964964193,1.0457589629335804,1.094096765754838,-0.0358406317797434,0.5410237229362967,safe
0.04283109810841,0.1255063849785621,0.2679581882861613,0.2167770677838487,0.7123457230388818,1.1111225167393717,-0.1440177252359642,0.7586482857119008,unsafe
0.04283109810841,0.1255063849785621,0.2679581882861613,0.2167770677838487,0.7123457230388818,1.1111225167393717,-0.1440177252359642,0.7586482857119008,unsafe
0.04283109810841,0.1255063849785621,0.2679581882861613,0.2167770677838487,0.7123457230388818,1.1111225167393717,-0.1440177252359642,0.7586482857119008,unsafe
0.04283109810841,0.1255063849785621,0.2679581882861613,0.2167770677838487,0.7123457230388818,1.1111225167393717,-0.1440177252359642,0.7586482857119008,unsafe
0.04283109810841,0.1255063849785621,0.2679581882861613,0.2167770677838487,0.7123457230388818,1.1111225167393717,-0.1440177252359642,0.7586482857119008,unsafe
0.04283109810841,0.1255063849785621,0.2679581882861613,0.2167770677838487,0.7123457230388818,1.1111225167393717,-0.1440177252359642,0.7586482857119008,unsafe
0.04283109810841,0.1255063849785621,0.2679581882861613,0.2167770677838487,0.7123457230388818,1.1111225167393717,-0.1440177252359642,0.7586482857119008,unsafe
0.2469404337584934,0.154207804310581,0.1861742041279557,0.0385753928693071,0.9839666552893538,0.736906041745552,0.0717593022016867,0.9128311519934008,unsafe
0.2469404337584934,0.154207804310581,0.1861742041279557,0.0385753928693071,0.9839666552893538,0.736906041745552,0.0717593022016867,0.7561104076749803,unsafe
0.2469404337584934,0.154207804310581,0.1861742041279557,0.0385753928693071,0.9839666552893538,0.736906041745552,0.0717593022016867,0.9693592074749944,unsafe
0.2469404337584934,0.154207804310581,0.1861742041279557,0.0385753928693071,0.9839666552893538,0.736906041745552,0.0717593022016867,0.8150670574433873,unsafe
0.2469404337584934,0.154207804310581,0.1861742041279557,0.0385753928693071,0.9839666552893538,0.736906041745552,0.0717593022016867,0.9531090816153682,unsafe
0.2469404337584934,0.154207804310581,0.1861742041279557,0.0385753928693071,0.9839666552893538,0.736906041745552,0.0717593022016867,0.81580588562031,unsafe
0.2469404337584934,0.154207804310581,0.1861742041279557,0.0385753928693071,0.9839666552893538,0.736906041745552,0.0717593022016867,0.9422649732721016,unsafe
0.1237269115929755,0.0141590203108726,0.0176261504883388,0.2918666675914508,0.8865721667255806,1.0932818405440536,-0.1387049311443338,0.7570588258247409,unsafe
0.1237269115929755,0.0141590203108726,0.0176261504883388,0.2918666675914508,0.8865721667255806,1.0932818405440536,-0.1387049311443338,0.7570588258247409,unsafe
0.1237269115929755,0.0141590203108726,0.0176261504883388,0.2918666675914508,0.8865721667255806,1.0932818405440536,-0.1387049311443338,0.7570588258247409,unsafe
0.1237269115929755,0.0141590203108726,0.0176261504883388,0.2918666675914508,0.8865721667255806,1.0932818405440536,-0.1387049311443338,0.7570588258247409,unsafe
0.1237269115929755,0.0141590203108726,0.0176261504883388,0.2918666675914508,0.8865721667255806,1.0932818405440536,-0.1387049311443338,0.7570588258247409,unsafe
0.1237269115929755,0.0141590203108726,0.0176261504883388,0.2918666675914508,0.8865721667255806,1.0932818405440536,-0.1387049311443338,0.7570588258247409,unsafe
0.1237269115929755,0.0141590203108726,0.0176261504883388,0.2918666675914508,0.8865721667255806,1.0932818405440536,-0.1387049311443338,0.7570588258247409,unsafe
0.1767013878766721,0.0285547581113395,0.1792244777420808,0.0255926657086671,0.77683082910396,1.038342398668261,0.048142041452247,0.6134378106236205,boundary
0.1767013878766721,0.0285547581113395,0.1792244777420808,0.0255926657086671,0.77683082910396,1.038342398668261,0.048142041452247,0.6134378106236205,boundary
0.1767013878766721,0.0285547581113395,0.1792244777420808,0.0255926657086671,0.77683082910396,1.038342398668261,0.048142041452247,0.6134378106236205,boundary
0.1767013878766721,0.0285547581113395,0.1792244777420808,0.0255926657086671,0.77683082910396,1.038342398668261,0.048142041452247,0.6134378106236205,boundary
0.1767013878766721,0.0285547581113395,0.1792244777420808,0.0255926657086671,0.77683082910396,1.038342398668261,0.048142041452247,0.6134378106236205,boundary
0.1767013878766721,0.0285547581113395,0.1792244777420808,0.0255926657086671,0.77683082910396,1.038342398668261,0.048142041452247,0.6134378106236205,boundary
0.1767013878766721,0.0285547581113395,0.1792244777420808,0.0255926657086671,0.77683082910396,1.038342398668261,0.048142041452247,0.6134378106236205,boundary
0.1365313019546516,0.2340908450851858,0.2473289709672773,0.1203108059006891,0.9983240863343924,0.9049442286934342,-0.0231204749994182,0.7613739596007938,unsafe
0.1365313019546516,0.2340908450851858,0.2473289709672773,0.1203108059006891,0.9983240863343924,0.9049442286934342,-0.0231204749994182,0.7613739596007938,unsafe
0.1365313019546516,0.2340908450851858,0.2473289709672773,0.1203108059006891,0.9983240863343924,0.9049442286934342,-0.0231204749994182,0.7613739596007938,unsafe
0.1365313019546516,0.2340908450851858,0.2473289709672773,0.1203108059006891,0.9983240863343924,0.9049442286934342,-0.0231204749994182,0.7613739596007938,unsafe
0.1365313019546516,0.2340908450851858,0.2473289709672773,0.1203108059006891,0.9983240863343924,0.9049442286934342,-0.0231204749994182,0.7613739596007938,unsafe
0.1365313019546516,0.2340908450851858,0.2473289709672773,0.1203108059006891,0.9983240863343924,0.9049442286934342,-0.0231204749994182,0.7613739596007938,unsafe
0.1365313019546516,0.2340908450851858,0.2473289709672773,0.1203108059006891,0.9983240863343924,0.9049442286934342,-0.0231204749994182,0.7613739596007938,unsafe
0.2351334166916184,0.0050929300564547,0.2329663015876876,0.2582120396071794,1.0096732442381091,0.8657465237902161,-0.0024867674800691,0.6581493938187506,boundary
0.2351334166916184,0.0050929300564547,0.2329663015876876,0.2582120396071794,1.0096732442381091,0.8657465237902161,-0.0024867674800691,0.5941204355299877,boundary
0.2351334166916184,0.0050929300564547,0.2329663015876876,0.2582120396071794,1.0096732442381091,0.8657465237902161,-0.0024867674800691,0.5918946407207091,boundary
0.2351334166916184,0.0050929300564547,0.2329663015876876,0.2582120396071794,1.0096732442381091,0.8657465237902161,-0.0024867674800691,0.5744207332743188,boundary
0.2351334166916184,0.0050929300564547,0.2329663015876876,0.2582120396071794,1.0096732442381091,0.8657465237902161,-0.0024867674800691,0.6581541587428134,boundary
0.2351334166916184,0.0050929300564547,0.2329663015876876,0.2582120396071794,1.0096732442381091,0.8657465237902161,-0.0024867674800691,0.5740166737223489,boundary
0.2351334166916184,0.0050929300564547,0.2329663015876876,0.2582120396071794,1.0096732442381091,0.8657465237902161,-0.0024867674800691,0.88962341095462,unsafe
0.3447932759752846,0.0356108853969495,0.0523379094008975,0.1588028105685423,0.7236681913168026,1.0809221977487655,-0.1166552710765428,0.7654510877966385,unsafe
0.3447932759752846,0.0356108853969495,0.0523379094008975,0.1588028105685423,0.7236681913168026,1.0809221977487655,-0.1166552710765428,0.7654510877966385,unsafe
0.3447932759752846,0.0356108853969495,0.0523379094008975,0.1588028105685423,0.7236681913168026,1.0809221977487655,-0.1166552710765428,0.7654510877966385,unsafe
0.3447932759752846,0.0356108853969495,0.0523379094008975,0.1588028105685423,0.7236681913168026,1.0809221977487655,-0.1166552710765428,0.7654510877966385,unsafe
0.3447932759752846,0.0356108853969495,0.0523379094008975,0.1588028105685423,0.7236681913168026,1.0809221977487655,-0.1166552710765428,0.7654510877966385,unsafe
0.3447932759752846,0.0356108853969495,0.0523379094008975,0.1588028105685423,0.7236681913168026,1.0809221977487655,-0.1166552710765428,0.7654510877966385,unsafe
0.3447932759752846,0.0356108853969495,0.0523379094008975,0.1588028105685423,0.7236681913168026,1.0809221977487655,-0.1166552710765428,0.7654510877966385,unsafe
0.1689142425886456,0.1732775990696019,0.0278907466212074,0.2800543302398107,0.8605713105892725,0.7926027157159263,0.0966919429053307,0.5769492301495096,boundary
0.1689142425886456,0.1732775990696019,0.0278907466212074,0.2800543302398107,0.8605713105892725,0.7926027157159263,0.0966919429053307,0.537816506501792,safe
0.1689142425886456,0.1732775990696019,0.0278907466212074,0.2800543302398107,0.8605713105892725,0.7926027157159263,0.0966919429053307,0.5343223599675462,safe
0.1689142425886456,0.1732775990696019,0.0278907466212074,0.2800543302398107,0.8605713105892725,0.7926027157159263,0.0966919429053307,0.5323226011399219,safe
0.1689142425886456,0.1732775990696019,0.0278907466212074,0.2800543302398107,0.8605713105892725,0.7926027157159263,0.0966919429053307,0.5748987436463472,boundary
0.1689142425886456,0.1732775990696019,0.0278907466212074,0.2800543302398107,0.8605713105892725,0.7926027157159263,0.0966919429053307,0.5319086381322068,safe
0.1689142425886456,0.1732775990696019,0.0278907466212074,0.2800543302398107,0.8605713105892725,0.7926027157159263,0.0966919429053307,0.6659250971970034,boundary
0.1508398815486239,0.0776978600910512,0.1272194058286786,0.2433386064795638,0.9320771243065477,0.7019148653897603,0.1289381139595177,0.5067417949337409,safe
0.1508398815486239,0.0776978600910512,0.1272194058286786,0.2433386064795638,0.9320771243065477,0.7019148653897603,0.1289381139595177,0.4823351961761692,safe
0.1508398815486239,0.0776978600910512,0.1272194058286786,0.2433386064795638,0.9320771243065477,0.7019148653897603,0.1289381139595177,0.4816545370468048,safe
0.1508398815486239,0.0776978600910512,0.1272194058286786,0.2433386064795638,0.9320771243065477,0.7019148653897603,0.1289381139595177,0.4828018866948381,safe
0.1508398815486239,0.0776978600910512,0.1272194058286786,0.2433386064795638,0.9320771243065477,0.7019148653897603,0.1289381139595177,0.5036376927296226,safe
0.1508398815486239,0.0776978600910512,0.1272194058286786,0.2433386064795638,0.9320771243065477,0.7019148653897603,0.1289381139595177,0.4813515339495154,safe
0.1508398815486239,0.0776978600910512,0.1272194058286786,0.2433386064795638,0.9320771243065477,0.7019148653897603,0.1289381139595177,0.5532810260464441,boundary
0.0368286110717728,0.3304710060493026,0.0053181162139491,0.2511370715307621,1.1133703927311145,0.8807195098369491,-0.1212345586318651,0.8226686422664349,unsafe
0.0368286110717728,0.3304710060493026,0.0053181162139491,0.2511370715307621,1.1133703927311145,0.8807195098369491,-0.1212345586318651,0.7012540827361105,boundary
0.0368286110717728,0.3304710060493026,0.0053181162139491,0.2511370715307621,1.1133703927311145,0.8807195098369491,-0.1212345586318651,0.6082915171781493,boundary
0.0368286110717728,0.3304710060493026,0.0053181162139491,0.2511370715307621,1.1133703927311145,0.8807195098369491,-0.1212345586318651,0.6813317421209552,boundary
0.0368286110717728,0.3304710060493026,0.0053181162139491,0.2511370715307621,1.1133703927311145,0.8807195098369491,-0.1212345586318651,0.8430151042931826,unsafe
0.0368286110717728,0.3304710060493026,0.0053181162139491,0.2511370715307621,1.1133703927311145,0.8807195098369491,-0.1212345586318651,0.6803705863259528,boundary
0.0368286110717728,0.3304710060493026,0.0053181162139491,0.2511370715307621,1.1133703927311145,0.8807195098369491,-0.1212345586318651,0.912231443313612,unsafe
0.0795508938060767,0.2056490293999696,0.0375571832695812,0.2633124205030881,0.8940781597811093,0.8137285844776165,0.098299150202266,0.616269028149491,boundary
0.0795508938060767,0.2056490293999696,0.0375571832695812,0.2633124205030881,0.8940781597811093,0.8137285844776165,0.098299150202266,0.5691235479988084,boundary
0.0795508938060767,0.2056490293999696,0.0375571832695812,0.2633124205030881,0.8940781597811093,0.8137285844776165,0.098299150202266,0.5638811794314053,boundary
0.0795508938060767,0.2056490293999696,0.0375571832695812,0.2633124205030881,0.8940781597811093,0.8137285844776165,0.098299150202266,0.5583128140245253,boundary
0.0795508938060767,0.2056490293999696,0.0375571832695812,0.2633124205030881,0.8940781597811093,0.8137285844776165,0.098299150202266,0.6135569459083895,boundary
0.0795508938060767,0.2056490293999696,0.0375571832695812,0.2633124205030881,0.8940781597811093,0.8137285844776165,0.098299150202266,0.5579173385763382,boundary
0.0795508938060767,0.2056490293999696,0.0375571832695812,0.2633124205030881,0.8940781597811093,0.8137285844776165,0.098299150202266,0.7568475028424162,unsafe
0.2548114163961355,0.2668407094816921,0.1442099067591676,0.1750375405262418,1.0895463505501706,0.8564372499843079,-0.0881009220851176,0.9131104542092168,unsafe
0.2548114163961355,0.2668407094816921,0.1442099067591676,0.1750375405262418,1.0895463505501706,0.8564372499843079,-0.0881009220851176,0.9561492850729288,unsafe
0.2548114163961355,0.2668407094816921,0.1442099067591676,0.1750375405262418,1.0895463505501706,0.8564372499843079,-0.0881009220851176,0.9603450822834976,unsafe
0.2548114163961355,0.2668407094816921,0.1442099067591676,0.1750375405262418,1.0895463505501706,0.8564372499843079,-0.0881009220851176,0.9204134562631132,unsafe
0.2548114163961355,0.2668407094816921,0.1442099067591676,0.1750375405262418,1.0895463505501706,0.8564372499843079,-0.0881009220851176,0.9415747924525936,unsafe
0.2548114163961355,0.2668407094816921,0.1442099067591676,0.1750375405262418,1.0895463505501706,0.8564372499843079,-0.0881009220851176,0.9102334469980184,unsafe
0.2548114163961355,0.2668407094816921,0.1442099067591676,0.1750375405262418,1.0895463505501706,0.8564372499843079,-0.0881009220851176,0.9361417344473906,unsafe
0.3573753948407713,0.3506318684946622,0.1331927206874573,0.0140793155069138,1.0731499824385946,0.7770255514379744,-0.061344512311183,0.7565230542783794,unsafe
0.3573753948407713,0.3506318684946622,0.1331927206874573,0.0140793155069138,1.0731499824385946,0.7770255514379744,-0.061344512311183,0.7565230542783794,unsafe
0.3573753948407713,0.3506318684946622,0.1331927206874573,0.0140793155069138,1.0731499824385946,0.7770255514379744,-0.061344512311183,0.7565230542783794,unsafe
0.3573753948407713,0.3506318684946622,0.1331927206874573,0.0140793155069138,1.0731499824385946,0.7770255514379744,-0.061344512311183,0.7565230542783794,unsafe
0.3573753948407713,0.3506318684946622,0.1331927206874573,0.0140793155069138,1.0731499824385946,0.7770255514379744,-0.061344512311183,0.7565230542783794,unsafe
0.3573753948407713,0.3506318684946622,0.1331927206874573,0.0140793155069138,1.0731499824385946,0.7770255514379744,-0.061344512311183,0.7565230542783794,unsafe
0.3573753948407713,0.3506318684946622,0.1331927206874573,0.0140793155069138,1.0731499824385946,0.7770255514379744,-0.061344512311183,0.7565230542783794,unsafe
0.3385610249744875,0.319860637122918,0.2082775797750085,0.111511333366601,0.7823763399218553,0.811129384322929,-0.1012974744871547,0.8912468036569623,unsafe
0.3385610249744875,0.319860637122918,0.2082775797750085,0.111511333366601,0.7823763399218553,0.811129384322929,-0.1012974744871547,0.8892822411251006,unsafe
0.3385610249744875,0.319860637122918,0.2082775797750085,0.111511333366601,0.7823763399218553,0.811129384322929,-0.1012974744871547,0.8889143618201736,unsafe
0.3385610249744875,0.319860637122918,0.2082775797750085,0.111511333366601,0.7823763399218553,0.811129384322929,-0.1012974744871547,0.8838090043423334,unsafe
0.3385610249744875,0.319860637122918,0.2082775797750085,0.111511333366601,0.7823763399218553,0.811129384322929,-0.1012974744871547,0.8956499384118762,unsafe
0.3385610249744875,0.319860637122918,0.2082775797750085,0.111511333366601,0.7823763399218553,0.811129384322929,-0.1012974744871547,0.8825552021076861,unsafe
0.3385610249744875,0.319860637122918,0.2082775797750085,0.111511333366601,0.7823763399218553,0.811129384322929,-0.1012974744871547,0.8912468036569623,unsafe
0.0230573756435711,0.364188833907791,0.2310016826125495,0.091469066053633,0.9619516697918222,0.7141864299559502,-0.1284829331366798,0.7638932264123238,unsafe
0.0230573756435711,0.364188833907791,0.2310016826125495,0.091469066053633,0.9619516697918222,0.7141864299559502,-0.1284829331366798,0.6818899726723711,boundary
0.0230573756435711,0.364188833907791,0.2310016826125495,0.091469066053633,0.9619516697918222,0.7141864299559502,-0.1284829331366798,0.9824211458813306,unsafe
0.0230573756435711,0.364188833907791,0.2310016826125495,0.091469066053633,0.9619516697918222,0.7141864299559502,-0.1284829331366798,0.6614875856302037,boundary
0.0230573756435711,0.364188833907791,0.2310016826125495,0.091469066053633,0.9619516697918222,0.7141864299559502,-0.1284829331366798,0.7756519354514261,unsafe
0.0230573756435711,0.364188833907791,0.2310016826125495,0.091469066053633,0.9619516697918222,0.7141864299559502,-0.1284829331366798,0.6605578996419547,boundary
0.0230573756435711,0.364188833907791,0.2310016826125495,0.091469066053633,0.9619516697918222,0.7141864299559502,-0.1284829331366798,0.9016674788165752,unsafe
0.3687624619634966,0.0507243744899349,0.1920181635463129,0.0727428848116429,0.9420034294897952,0.8387927776064097,-0.0146671744278522,0.7543955364232116,unsafe
0.3687624619634966,0.0507243744899349,0.1920181635463129,0.0727428848116429,0.9420034294897952,0.8387927776064097,-0.0146671744278522,0.7543955364232116,unsafe
0.3687624619634966,0.0507243744899349,0.1920181635463129,0.0727428848116429,0.9420034294897952,0.8387927776064097,-0.0146671744278522,0.7543955364232116,unsafe
0.3687624619634966,0.0507243744899349,0.1920181635463129,0.0727428848116429,0.9420034294897952,0.8387927776064097,-0.0146671744278522,0.7543955364232116,unsafe
0.3687624619634966,0.0507243744899349,0.1920181635463129,0.0727428848116429,0.9420034294897952,0.8387927776064097,-0.0146671744278522,0.7543955364232116,unsafe
0.3687624619634966,0.0507243744899349,0.1920181635463129,0.0727428848116429,0.9420034294897952,0.8387927776064097,-0.0146671744278522,0.7543955364232116,unsafe
0.3687624619634966,0.0507243744899349,0.1920181635463129,0.0727428848116429,0.9420034294897952,0.8387927776064097,-0.0146671744278522,0.7543955364232116,unsafe
0.3271355377311795,0.1407519157068797,0.172313553814603,0.0633360146825488,0.7378677799935878,0.7663086542078039,-0.0535525469779793,0.9138825705050267,unsafe
0.3271355377311795,0.1407519157068797,0.172313553814603,0.0633360146825488,0.7378677799935878,0.7663086542078039,-0.0535525469779793,0.9306118762352842,unsafe
0.3271355377311795,0.1407519157068797,0.172313553814603,0.0633360146825488,0.7378677799935878,0.7663086542078039,-0.0535525469779793,0.9439088258921782,unsafe
0.3271355377311795,0.1407519157068797,0.172313553814603,0.0633360146825488,0.7378677799935878,0.7663086542078039,-0.0535525469779793,0.9248304225444558,unsafe
0.3271355377311795,0.1407519157068797,0.172313553814603,0.0633360146825488,0.7378677799935878,0.7663086542078039,-0.0535525469779793,0.9417828837732536,unsafe
0.3271355377311795,0.1407519157068797,0.172313553814603,0.0633360146825488,0.7378677799935878,0.7663086542078039,-0.0535525469779793,0.9358967059079766,unsafe
0.3271355377311795,0.1407519157068797,0.172313553814603,0.0633360146825488,0.7378677799935878,0.7663086542078039,-0.0535525469779793,0.9232778048040782,unsafe
0.1058088568068369,0.3203376808785682,0.2130296808507422,0.1280023258379984,1.140950939699354,0.9422419569825028,0.1441142741306086,0.757688589705219,unsafe
0.1058088568068369,0.3203376808785682,0.2130296808507422,0.1280023258379984,1.140950939699354,0.9422419569825028,0.1441142741306086,0.757688589705219,unsafe
0.1058088568068369,0.3203376808785682,0.2130296808507422,0.1280023258379984,1.140950939699354,0.9422419569825028,0.1441142741306086,0.757688589705219,unsafe
0.1058088568068369,0.3203376808785682,0.2130296808507422,0.1280023258379984,1.140950939699354,0.9422419569825028,0.1441142741306086,0.757688589705219,unsafe
0.1058088568068369,0.3203376808785682,0.2130296808507422,0.1280023258379984,1.140950939699354,0.9422419569825028,0.1441142741306086,0.757688589705219,unsafe
0.1058088568068369,0.3203376808785682,0.2130296808507422,0.1280023258379984,1.140950939699354,0.9422419569825028,0.1441142741306086,0.757688589705219,unsafe
0.1058088568068369,0.3203376808785682,0.2130296808507422,0.1280023258379984,1.140950939699354,0.9422419569825028,0.1441142741306086,0.757688589705219,unsafe
0.2198216321602301,0.1189085600323426,0.1962792853883795,0.1665238718375612,0.7086327916528776,0.9865288421057604,-0.04954511865525,0.7639590812437298,unsafe
0.2198216321602301,0.1189085600323426,0.1962792853883795,0.1665238718375612,0.7086327916528776,0.9865288421057604,-0.04954511865525,0.7639590812437298,unsafe
0.2198216321602301,0.1189085600323426,0.1962792853883795,0.1665238718375612,0.7086327916528776,0.9865288421057604,-0.04954511865525,0.7639590812437298,unsafe
0.2198216321602301,0.1189085600323426,0.1962792853883795,0.1665238718375612,0.7086327916528776,0.9865288421057604,-0.04954511865525,0.7639590812437298,unsafe
0.2198216321602301,0.1189085600323426,0.1962792853883795,0.1665238718375612,0.7086327916528776,0.9865288421057604,-0.04954511865525,0.7639590812437298,unsafe
0.2198216321602301,0.1189085600323426,0.1962792853883795,0.1665238718375612,0.7086327916528776,0.9865288421057604,-0.04954511865525,0.7639590812437298,unsafe
0.2198216321602301,0.1189085600323426,0.1962792853883795,0.1665238718375612,0.7086327916528776,0.9865288421057604,-0.04954511865525,0.7639590812437298,unsafe
0.0813226104622398,0.1839689284266127,0.1619057132304474,0.0496936196744461,0.8527088265282979,0.9964157759622252,-0.0740061797381424,0.702651508019994,boundary
0.0813226104622398,0.1839689284266127,0.1619057132304474,0.0496936196744461,0.8527088265282979,0.9964157759622252,-0.0740061797381424,0.702651508019994,boundary
0.0813226104622398,0.1839689284266127,0.1619057132304474,0.0496936196744461,0.8527088265282979,0.9964157759622252,-0.0740061797381424,0.702651508019994,boundary
0.0813226104622398,0.1839689284266127,0.1619057132304474,0.0496936196744461,0.8527088265282979,0.9964157759622252,-0.0740061797381424,0.702651508019994,boundary
0.0813226104622398,0.1839689284266127,0.1619057132304474,0.0496936196744461,0.8527088265282979,0.9964157759622252,-0.0740061797381424,0.702651508019994,boundary
0.0813226104622398,0.1839689284266127,0.1619057132304474,0.0496936196744461,0.8527088265282979,0.9964157759622252,-0.0740061797381424,0.702651508019994,boundary
0.0813226104622398,0.1839689284266127,0.1619057132304474,0.0496936196744461,0.8527088265282979,0.9964157759622252,-0.0740061797381424,0.702651508019994,boundary
0.225461031179237,0.3475216043704864,0.2982250322775181,0.1144048928981741,1.118313601411481,0.980065621601641,-0.0379991914271638,0.756097014760127,unsafe
0.225461031179237,0.3475216043704864,0.2982250322775181,0.1144048928981741,1.118313601411481,0.980065621601641,-0.0379991914271638,0.756097014760127,unsafe
0.225461031179237,0.3475216043704864,0.2982250322775181,0.1144048928981741,1.118313601411481,0.980065621601641,-0.0379991914271638,0.756097014760127,unsafe
0.225461031179237,0.3475216043704864,0.2982250322775181,0.1144048928981741,1.118313601411481,0.980065621601641,-0.0379991914271638,0.756097014760127,unsafe
0.225461031179237,0.3475216043704864,0.2982250322775181,0.1144048928981741,1.118313601411481,0.980065621601641,-0.0379991914271638,0.756097014760127,unsafe
0.225461031179237,0.3475216043704864,0.2982250322775181,0.1144048928981741,1.118313601411481,0.980065621601641,-0.0379991914271638,0.756097014760127,unsafe
0.225461031179237,0.3475216043704864,0.2982250322775181,0.1144048928981741,1.118313601411481,0.980065621601641,-0.0379991914271638,0.756097014760127,unsafe
0.0540556633624354,0.218538267558073,0.0088150185715774,0.2376724899455694,0.7546314407540746,0.9596390821845162,0.0212585120794854,0.7453329258053794,boundary
0.0540556633624354,0.218538267558073,0.0088150185715774,0.2376724899455694,0.7546314407540746,0.9596390821845162,0.0212585120794854,0.7453329258053794,boundary
0.0540556633624354,0.218538267558073,0.0088150185715774,0.2376724899455694,0.7546314407540746,0.9596390821845162,0.0212585120794854,0.7453329258053794,boundary
0.0540556633624354,0.218538267558073,0.0088150185715774,0.2376724899455694,0.7546314407540746,0.9596390821845162,0.0212585120794854,0.7453329258053794,boundary
0.0540556633624354,0.218538267558073,0.0088150185715774,0.2376724899455694,0.7546314407540746,0.9596390821845162,0.0212585120794854,0.7453329258053794,boundary
0.0540556633624354,0.218538267558073,0.0088150185715774,0.2376724899455694,0.7546314407540746,0.9596390821845162,0.0212585120794854,0.7453329258053794,boundary
0.0540556633624354,0.218538267558073,0.0088150185715774,0.2376724899455694,0.7546314407540746,0.9596390821845162,0.0212585120794854,0.7453329258053794,boundary
0.3971527991766206,0.3784638660480794,0.0666338245225098,0.1048413898774767,0.800626801646902,1.0355352834519715,0.1420996355052961,0.7264403869581304,boundary
0.3971527991766206,0.3784638660480794,0.0666338245225098,0.1048413898774767,0.800626801646902,1.0355352834519715,0.1420996355052961,0.7264403869581304,boundary
0.3971527991766206,0.3784638660480794,0.0666338245225098,0.1048413898774767,0.800626801646902,1.0355352834519715,0.1420996355052961,0.7264403869581304,boundary
0.3971527991766206,0.3784638660480794,0.0666338245225098,0.1048413898774767,0.800626801646902,1.0355352834519715,0.1420996355052961,0.7264403869581304,boundary
0.3971527991766206,0.3784638660480794,0.0666338245225098,0.1048413898774767,0.800626801646902,1.0355352834519715,0.1420996355052961,0.7264403869581304,boundary
0.3971527991766206,0.3784638660480794,0.0666338245225098,0.1048413898774767,0.800626801646902,1.0355352834519715,0.1420996355052961,0.7264403869581304,boundary
0.3971527991766206,0.3784638660480794,0.0666338245225098,0.1048413898774767,0.800626801646902,1.0355352834519715,0.1420996355052961,0.7264403869581304,boundary
0.0140885618388902,0.2431928547320049,0.1545477715737598,0.2076150667728596,0.8180740798334999,1.0164061943998606,0.1211165127988334,0.7521464222630716,unsafe
0.0140885618388902,0.2431928547320049,0.1545477715737598,0.2076150667728596,0.8180740798334999,1.0164061943998606,0.1211165127988334,0.7521464222630716,unsafe
0.0140885618388902,0.2431928547320049,0.1545477715737598,0.2076150667728596,0.8180740798334999,1.0164061943998606,0.1211165127988334,0.7521464222630716,unsafe
0.0140885618388902,0.2431928547320049,0.1545477715737598,0.2076150667728596,0.8180740798334999,1.0164061943998606,0.1211165127988334,0.7521464222630716,unsafe
0.0140885618388902,0.2431928547320049,0.1545477715737598,0.2076150667728596,0.8180740798334999,1.0164061943998606,0.1211165127988334,0.7521464222630716,unsafe
0.0140885618388902,0.2431928547320049,0.1545477715737598,0.2076150667728596,0.8180740798334999,1.0164061943998606,0.1211165127988334,0.7521464222630716,unsafe
0.0140885618388902,0.2431928547320049,0.1545477715737598,0.2076150667728596,0.8180740798334999,1.0164061943998606,0.1211165127988334,0.7521464222630716,unsafe
