mode_id,wind_area1_pct,wind_area2_pct,solar_area1_pct,solar_area2_pct,load_area1,load_area2,gen_dispatch_bias,total_re_pct,net_flow_proxy,inertia_proxy,stress_index
0,0.06853562637086642,0.11733667293614877,0.16085656083203545,0.07852105278837626,1.2213434935912675,1.121214626589018,-0.08670445588079614,0.21262495646371346,0.037824934404094575,0.9070638503464924,0.3433844732730136
1,0.5473283614168338,0.15292313182039466,0.3174198456248418,0.07105168079030698,0.8026439410066908,1.0890136809279516,0.0512708953546917,0.5443615098261887,-0.4323014593647887,0.6498742533813857,0.6000398850330093
2,0.4509339514807036,0.44866365676692904,0.32937816608519366,0.3823744730975584,1.1477034212968045,0.9270210013605267,-0.11230323509603417,0.8056751237151923,0.10724403748335636,0.5502011958761837,0.5552975776404235
3,0.13478728441912208,0.5004175811853631,0.2824427515514711,0.3832886466011705,1.0250832167752888,1.0699199673977637,-0.0016175215063148896,0.6504681318785633,0.13636087625433066,0.6823975671977575,0.5157545745472869
4,0.18350742630475944,0.05779017062805453,0.3697020951376369,0.04761299610702632,0.7496045047851171,0.7591777241763791,0.0642121776754897,0.3293063440887386,-0.008219669554124745,0.879351201533593,0.16384989660834431
5,0.2374863171845494,0.17452204709679872,0.03980971802950963,0.2647092362603797,1.2131981116031905,0.8875377088486767,-0.06193307127842315,0.35826365928561876,0.23224519643221528,0.7939958178593259,0.45783653668654345
6,0.5641798409387986,0.3904125800151708,0.15726709607944192,0.1776780942570013,1.299167512972582,0.8684270031376418,-0.14667299820159,0.6447688056452063,0.19718388117153632,0.5227037895230153,0.5681164799885603
7,0.5285161485098344,0.32508005507851495,0.31479705509209965,0.12288523024899914,0.7638010894860447,0.7097769007728242,0.1708877083875912,0.6456392444647241,0.12319385038515204,0.5732018982058253,0.3505665055816981
8,0.5817246505346769,0.02845875528242826,0.20634408120074899,0.18795418797058563,0.7775989582229257,1.0885173422763141,0.06497390555740756,0.5022408374942199,-0.5225774261221052,0.6949082970914474,0.630971865795761
9,0.4681410006855504,0.029619169007999647,0.33057856823973686,0.27057631713570185,1.2908176299411624,0.7569815092992592,-0.05217468695569294,0.5494575275344944,0.2624005178474349,0.751119915153225,0.5391731065323642
10,0.09107124919630827,0.4017548828137652,0.13845863877069273,0.1743064242056539,1.0773650183549865,1.1150311696647868,-0.06691743750310669,0.4027955974932101,0.05075822799582155,0.7535869339949632,0.3896722227997204
11,0.5960028500911639,0.01706578070859523,0.31648644071635745,0.24533427458386906,1.0009561678831358,0.8177115877692004,0.10393321083203694,0.5874446730499928,-0.0022907437453120183,0.6934656846001204,0.3410192543802684
12,0.43138637275611963,0.2357459712835346,0.26811105625976145,0.26021524910789945,0.9471032369325798,0.846099373134938,-0.056860924841085264,0.5977293247036576,-0.05367726177973596,0.6664338279801729,0.3695987394661841
13,0.23658220777495334,0.45153230623465557,0.1754475915095614,0.040679395164340854,1.1256218304441288,0.987182912433668,-0.12403505996772646,0.4521207503417556,0.12187890727258548,0.6559427429951956,0.43217683021970277
14,0.1289291964587277,0.1626228614012703,0.355636567723717,0.0425201171464757,1.0022404780231242,1.0540184941735913,0.06728849963841366,0.34485437136509534,0.0323573159592179,0.854223971070001,0.32142088117074785
15,0.32596986588650456,0.4635303830987137,0.14949110337526195,0.3119614436151386,0.7810584385620737,1.0969265342260999,0.0511190546540819,0.6254763979878094,-0.19596878240383972,0.6052498755073908,0.4872680718344711
16,0.3322164260255096,0.4892524682586349,0.14312929088682433,0.18085735428636307,0.7763448882820988,0.8735683222264294,-0.17897283721591006,0.5727277697286659,-0.19767825004367806,0.5892655528579278,0.4101763605448052
17,0.22822361469557853,0.19344954121865235,0.06694006135937806,0.34196622227154405,0.9421505155586976,1.176375031495683,-0.18659759632769782,0.41528971977257645,-0.4382091490031462,0.7891634220428846,0.6086727640745134
18,0.43720208327260035,0.09951328548668036,0.03395863881291098,0.18056494217112892,1.1690976442188779,1.087644927928974,-0.12103242445588015,0.3756194748716603,-0.20842410705893621,0.7316423156203596,0.48948789722098884
19,0.5211918781172791,0.3374454507051111,0.32599087845158814,0.12121657631470342,1.1107106179378343,1.2785303588636499,-0.18483309199996897,0.6529223917943409,-0.4445260466318685,0.570681335588805,0.7751948288972285
20,0.2631080050014971,0.012305575803387286,0.20122486941801002,0.17057130877904958,1.0069159063593658,1.119239814602145,-0.04293262759893704,0.323604879500972,-0.2806577504407711,0.8622932095975577,0.4793755323052292
21,0.3440875965585171,0.14793665312381699,0.07519135516804787,0.34006948323032227,1.1452623035368963,1.2699158505466008,-0.13582161445741564,0.4536425440403521,-0.3585506331844702,0.7539878751588329,0.6503819360476972
22,0.18293485455531874,0.3067966559441761,0.2158875064864644,0.20573623094612326,1.100963803231428,1.0685388115048493,0.08235690362161763,0.4556776239660413,0.17671279604262496,0.7551342447502526,0.48067438089606085
23,0.5700503928929174,0.5740618716054631,0.29038503497752954,0.2649780590122434,1.1215774466296826,0.9197021261541205,0.14087669941117426,0.8497376792440767,0.3447577592430092,0.42794386775080984,0.7070696204393869
24,0.5494097166643063,0.16802826036295815,0.23548363286474397,0.3073939771483073,1.0352464209456596,0.8224383738579706,-0.1452658431270328,0.6301577935201579,-0.1231485241900179,0.6412810114863678,0.44037343062298145
25,0.1061730536283646,0.29313894176399813,0.2928030497743777,0.05164332909349804,1.259350835188326,1.1530655245054728,-0.03955737865587913,0.37187918713011925,0.16021087609479082,0.8003440023038186,0.49798229043237185
26,0.21988868498376812,0.3256104425689015,0.1088911950271556,0.1569353354947329,1.0477758053626758,1.1175433199991631,0.19450128415546036,0.40566282903727907,0.1775946483115397,0.7272504362236651,0.4601517019422952
27,0.1840425236904463,0.03543791210967973,0.2539036117699977,0.1479508968270354,0.913701332396725,1.1181080294100254,0.00952829267673691,0.3106674721985796,-0.2691807101269468,0.890259782099937,0.4437277554072875
28,0.5084403703250875,0.3012752627754975,0.25832142613371417,0.20627587053083998,1.1789335570970554,0.8500169041443634,-0.13220029647448095,0.6371564648825696,0.09313380270341606,0.5951421834497075,0.46798048288543226
29,0.20091366149846926,0.457191638227375,0.3331081375880005,0.2851472711128854,0.9101934047958322,0.8799269004972229,0.14539746802735176,0.638180354213365,0.30380296069041396,0.6709473501370778,0.5350839944228583
30,0.4705834425386142,0.36685133003446746,0.06992008973933599,0.1904783501895271,0.9599707557222306,1.2551566095976507,-0.14965242310062293,0.5489166062509724,-0.49670433322811647,0.5812826137134591,0.7213710837672291
31,0.05692574771780979,0.5718434624693961,0.25744096872247,0.19027962052328762,0.9805068495727891,1.1820022814723419,0.13121775069718117,0.5382448997164817,0.18718117617342156,0.685615394906397,0.5182339483519285
32,0.4198281322638708,0.23344511494241277,0.30999005620344555,0.12457792078306927,1.1598196149329913,0.7587364615577495,0.02674386416117444,0.5439206120963992,0.33463550887568727,0.6733633763968583,0.5479885692866573
33,0.3549485314084102,0.5766202608527141,0.047361582978706254,0.20442679071135994,0.8537173834506322,0.9091195710390668,0.19888609462029916,0.5916785829755953,0.2543197717540165,0.5342156038694379,0.47997253486507274
34,0.12838929792961382,0.4973345136019406,0.23326822855404689,0.11248127316466994,0.7292604155548201,0.8424815382456405,-0.13744240632828,0.4857366566251356,-0.06619092118293701,0.6871380942342228,0.27694470380993164
35,0.2064793566277344,0.18683813570559674,0.031034971372290526,0.16665032638263713,0.8479444707481758,1.011008841384652,0.14645300374729908,0.2955013950441294,-0.026431977350246022,0.8033412538333344,0.24879807246100638
36,0.04532766187075422,0.07065129626222919,0.07790533505480098,0.1397015942879026,1.1885100587419457,0.8001368331520875,-0.11482662354278207,0.16679294373784348,0.28620841924281365,0.9420105209335083,0.3856039520143339
37,0.5948433398017461,0.40311229605348436,0.35647013432381747,0.01387586613043037,1.1613136768402175,0.9178474177165075,-0.14166621268909413,0.6841508181547391,0.005934524560485016,0.5010221820723848,0.44701131563736796
38,0.4918291679505973,0.13910783196288476,0.05595380397453386,0.008391540793465425,1.2561667627545015,1.2248952151174386,-0.12562135277305087,0.34764117234074066,-0.27071047312984425,0.684531500043259,0.571748247282188
39,0.44604531371033346,0.0739915712839203,0.3806425478172672,0.3078728035612192,0.7962972842577867,0.9430749970346592,0.08965954734927112,0.6042761181863701,-0.24314503664080803,0.7399815575028732,0.4724405395821444
40,0.12717391496279232,0.10549110095424209,0.3563053020515583,0.023500244969667117,0.8070572604089543,1.2469502425445782,-0.036019701647971025,0.3062352814691299,-0.48675409078787,0.8836674920414828,0.5780484427987571
41,0.18937583151692425,0.5222857482307693,0.05555933123883852,0.016466616578484576,1.2873688228801208,0.9334450948785892,0.10356035474336805,0.39184376378250835,0.6239390411018222,0.6441692101261531,0.7363044096137742
42,0.5874938550290414,0.2490584081136434,0.03560817172776536,0.3244791896478906,1.1711323134755371,0.8328145100344027,-0.07351159854183126,0.5983198122591704,0.09558848144160426,0.5817238684286576,0.4476677196461157
43,0.556119268674952,0.09027835917843141,0.30499431085192386,0.231256971142351,1.298522320380644,1.2637689463023398,-0.10265582530849485,0.5913244549238291,-0.30082290597845096,0.6768011860733083,0.7075963422273482
44,0.49064012200949947,0.5981161389534276,0.2694088490903905,0.11463324425256205,1.1702604580356826,0.8671794929139309,0.13505344302006955,0.7363991771529398,0.4918724166137853,0.45562186951853645,0.7490431085668504
45,0.5116035026613525,0.4767723215521638,0.06572570266181764,0.2910812494101715,0.7108306852439708,0.982650191188277,-0.19059236417132003,0.6725913881427528,-0.47982746067022064,0.5058120878932418,0.6303032507672954
46,0.028602983276997184,0.376478739126102,0.028860575804490547,0.11213896506377596,0.9665173649032317,1.2042803666343604,-0.19665316705170705,0.2730406316356829,-0.26047829085828333,0.7974591387984504,0.4582026600536412
47,0.2638271066314905,0.21435906410261382,0.10031903816274973,0.3553220807484726,1.0816835685590045,1.2873207382976193,-0.17784575189621676,0.46691364482266334,-0.4082169428992699,0.7609069146329479,0.6739467003827833
48,0.152342942551062,0.3607645706230371,0.2055662027124706,0.3296256240709197,1.2429175552419773,1.0864246718524546,-0.17632035367043405,0.5241496699787447,0.0843833437550762,0.7434462434129505,0.49262543101815154
49,0.2966437907973202,0.5593304255372222,0.2592819540644068,0.3864215891748731,0.9998479699876965,0.857445954462785,-0.010038019679025761,0.7508388797869112,0.26370731321583674,0.5720128918327287,0.5728834209568869
50,0.40343030057998547,0.3934972252175443,0.286174019755411,0.033371027794386464,0.9931204089082113,0.9714864209346922,0.10809443064399743,0.5582362866736637,0.12476188093629598,0.6015362371012352,0.43930335069196896
51,0.3535204531700928,0.5847047080706548,0.038160162623390954,0.09402750550572396,1.1163281598468993,1.09232973786046,0.12276491639523573,0.5352064146849312,0.262355465831956,0.5308874193796262,0.5736603197999859
52,0.0824052820289757,0.11134883501952576,0.30849027143354335,0.36213150743467654,0.9325998173450031,0.8536609800715831,0.02049498714117176,0.4321879479583607,0.11390560090986679,0.9031229414757492,0.33778373908341086
53,0.39163767903545393,0.5649814847893367,0.2030742240079183,0.32353695534055005,1.0785113299764748,1.1152383235219747,-0.02057516161487949,0.7416151715866295,0.029369747716562006,0.5216904180876046,0.5127053306392014
54,0.30517000810633355,0.18016218857479357,0.2601788027738989,0.2412255440052646,0.9887318191036544,1.0075123782615254,-0.10415054378939233,0.4933682717301453,-0.18543501271303334,0.7573339016594365,0.45766936566117306
55,0.1440080210730454,0.48616934385839783,0.08321952213599848,0.3063526085691132,0.7396896797924855,1.1562177556696054,-0.11884876867133404,0.5098747478182775,-0.3642961831557777,0.6849113175342784,0.5465044678863004
56,0.42564704520001845,0.1975883421809367,0.2579950789256446,0.2730182728152633,0.7793047602932822,0.8204227845847936,-0.01738341923271941,0.5771243695609316,-0.1725307950337716,0.6883823063095225,0.3843001110641545
57,0.18993461152375926,0.3286188435651345,0.3100326232417938,0.044087482385827395,1.2609336469534025,0.7696017792052974,-0.08995168000972309,0.43633678035825746,0.47072230375906965,0.7407232724555531,0.6146019509384197
58,0.20262965493728155,0.2976978620522034,0.3043574321872515,0.2800003581078103,0.978600589158336,0.8712099249906647,0.16116382370920634,0.5423426536422733,0.31608859143433854,0.7498362415052575,0.5190428448547627
59,0.06606177996066202,0.04858260029807731,0.33870366877678354,0.37634279124993336,1.0961339392355847,0.9302810774636723,-0.049964255290852355,0.4148454201427281,0.10714901664976767,0.9426778098706303,0.3868313322217662
60,0.09860623857640351,0.24597830237370316,0.00959782806634852,0.08197933683319425,0.8652364448934113,1.1657191109134843,-0.05929542112825095,0.2180808529248247,-0.28609205524967407,0.8277077295249466,0.41662646327145825
61,0.26709035469424613,0.512365660835908,0.38527961445854336,0.3524288818279311,0.8279367349605373,0.9977811275296129,-0.16873519208746215,0.7585822559083143,-0.2159419315857068,0.6102719922349229,0.5394275269372875
62,0.08157590922027176,0.09227893073356856,0.05995003052827774,0.012998187603922804,0.7835528871230026,1.2354219928932542,-0.17194045243990477,0.12340152904302043,-0.6184580474535079,0.9130725800230799,0.5751791600933771
63,0.3791068722045354,0.2869592273448389,0.2815227834036524,0.08949169649947289,1.0577740571816312,0.9496118771290608,0.11695538255760918,0.5185402897262498,0.17904374018033134,0.6669669502253128,0.46668884357637175
64,0.08396729981100523,0.5630302146180435,0.21518305977936794,0.29884634171545327,0.8453742530289396,0.7364961232921464,0.15196331159767035,0.5805134579619349,0.5003728987379827,0.6765012427854756,0.5778967165078351
65,0.0928898800626718,0.04681198369226748,0.35061657574301663,0.16088636762066344,1.1298181549947355,0.8094565521100248,-0.18205805210186604,0.3256024035593097,0.11526460259764251,0.9301490681225304,0.3342183997584995
66,0.25203238532786515,0.24761919442049116,0.20856879311367696,0.24492008962216438,0.9858104601068528,0.7780356433541826,0.035140624404031984,0.47657023124209885,0.24070884570301515,0.7501742101258219,0.4260149257839075
67,0.4658949883569318,0.12815757936555552,0.25461033250820697,0.07955231298952091,0.7935195432340763,0.9896331546725312,-0.03412188184150433,0.46410760661010764,-0.39910419777564743,0.7029737161387564,0.5208937357860834
68,0.5823432580717911,0.333233407471778,0.23494614835303268,0.14863527564136578,0.7783547301343428,1.2308694228839818,0.10456467750063642,0.6495790447689838,-0.4725049405490092,0.5422116672282155,0.6956406204915803
69,0.18640977545320966,0.008978364099433582,0.019032639982337257,0.371410346929964,0.8774646442790774,1.0320565252401268,-0.07702630876017276,0.29291556323247225,-0.32033389539811014,0.9023059302236783,0.4367468549116561
70,0.09677879869133377,0.3194112309106793,0.3965390267773916,0.1238735143392704,1.2587275406668086,1.2480705133698402,0.10302743272192805,0.46830128535933757,0.2250006761285692,0.7919049851989934,0.5990204333300388
71,0.3614243925114353,0.32738360559932983,0.29739490430215726,0.13370531772460711,0.7348681582679657,0.8650473656816229,0.12659854682992677,0.5599541100687648,-0.020601054039783157,0.6555960009446175,0.28632115743877296
72,0.5936878349311556,0.2737200777535417,0.06867421972330232,0.14206504705506198,0.9973035150120895,1.278330485965399,-0.1384288236588292,0.5390735897315309,-0.5794396732009457,0.5662960436576514,0.7822017400575519
73,0.19629480407337632,0.23756665924985587,0.02748775542554654,0.3150663479837994,0.773696203332885,0.8564116639781187,0.14490292297331003,0.3882077833662891,0.08282338991631609,0.783069268338384,0.2625041141240562
74,0.10799119029386395,0.26890369594528757,0.12765738079057018,0.12065109537072338,0.9879078322605637,1.162839495755233,-0.024047869022345958,0.3126016812002225,-0.11852327969130352,0.8115525568804243,0.3838414722988203
75,0.12638104838335304,0.1746249424914594,0.01840181421096655,0.0064911580434581645,0.7862134230940475,1.0703874009705003,0.18971783745380638,0.16294948156461858,-0.07033419336859326,0.8494970045625938,0.22153051466314042
76,0.5259672949829018,0.41661546681924827,0.38279570894200976,0.35791637693655914,1.2642849470182198,0.9459017492174451,0.07473363725284943,0.8416474238403595,0.33844092097179734,0.528708619098925,0.7422701961781385
77,0.05409821742566986,0.3894065201983898,0.18177761222878863,0.08446437210764733,0.9700058070014043,1.1283150424668587,-0.16457929824530176,0.3548733609802478,-0.15523438232439618,0.7782476311879702,0.40967018615380263
78,0.21516445637049483,0.09355197042981228,0.1620978679308821,0.344226488389071,0.9529184038394858,0.9657095962157121,0.13312762933910766,0.4075203915601301,0.0595301939925401,0.8456417865998465,0.3283832730333756
79,0.47765573782670623,0.39477321054661535,0.012706859086022518,0.21588317626787423,0.727905881474559,0.9036481328961912,-0.03579731599034025,0.5505094918636092,-0.25298083105201785,0.5637855258133392,0.42988079896934195
80,0.3455495307992659,0.23685379952756655,0.265662564646095,0.35054496451980866,0.8244105105699194,0.7655978780467891,-0.12150516120761581,0.599305429746368,-0.11704039432033521,0.7087983348365838,0.35744850564492553
81,0.057565134910967125,0.27698003496904045,0.3249841890258953,0.09466461740668107,1.1098933126760278,1.2865104564948475,0.021292548964216257,0.377096988156292,-0.04561714482556685,0.8327274150599961,0.42731002445057575
82,0.11648879068987128,0.18389712511025788,0.3576361791024515,0.11696515042378522,1.0936898354206996,0.9163956455226451,0.0478004732165874,0.38749362266318294,0.25879883032483525,0.8498070420999354,0.4627981174960105
83,0.18748115337539725,0.5987370121704624,0.15304057899731938,0.1400330649309793,1.0074215006557812,1.299893496050538,0.023064457745756106,0.5396459047370792,-0.06377960825146811,0.6068909172270702,0.4809548760222923
84,0.30048503819420236,0.29938510612092084,0.2412290158165984,0.24942071706869726,0.7184154789565474,0.8646409136850653,0.0735970742174828,0.5452599386002095,-0.07317832654767586,0.7000649278424385,0.30777506952909256
85,0.4204331867360395,0.28757817992058066,0.1769464920907723,0.346407277620983,0.8766277853742052,1.2739134964758234,0.16929542697472638,0.6156825681841878,-0.29441778753462133,0.6459943166716899,0.6105590202569551
86,0.5760580032768216,0.371567582431969,0.035214715510580245,0.03128719793170473,0.7270799191370428,0.9825315375572898,0.05250703459880246,0.5070637495755377,-0.3051897942438708,0.5261872071456047,0.4633422405501208
87,0.020135946780283583,0.1538681377185532,0.13533835903620706,0.048012073953317774,1.235809253151141,0.9278270630527072,-0.09309350139897517,0.1786772587441808,0.2817547841685935,0.9129979577505816,0.4314328530497905
88,0.28455000987723883,0.01839210428321217,0.014350452090054314,0.020783621215885714,1.1753335941234826,1.16470618015491,0.17840578393220202,0.1690380937331955,0.0559542451037614,0.8485289429197744,0.3361977281251332
89,0.5451210159262838,0.5244132498125557,0.25303536959912243,0.35168252713977605,1.028749108436613,1.1904667229739174,-0.10152082391479429,0.837126081238869,-0.27359232150896284,0.4652328671305803,0.703809783253558
90,0.3198451789996681,0.05110645014562954,0.19238521170911954,0.3166509190634773,0.8493707809166117,0.8979344306253313,0.147329877748533,0.43999387995894723,-0.035603136387205886,0.8145241854273512,0.2841857367013882
91,0.38357204508221293,0.400935767590349,0.30645381738077776,0.34850422741260945,1.2521194770447361,0.731770621774106,0.13070618593982347,0.7197329287329746,0.6597369024645217,0.607746093663719,0.8297078376766134
92,0.28822686133597486,0.1044851248172251,0.2763981999500242,0.19699414826315348,1.0193936275603814,1.184782235626523,-0.08216054222302137,0.43305216718318884,-0.33942001854853776,0.8036440069234,0.5779168437991243
93,0.43326261907116975,0.5257970323146864,0.20070493665465575,0.24285888754814722,1.2379911811459543,1.0612879931973136,-0.17451957746044758,0.7013117377943296,0.04845081710995147,0.5204701743070719,0.5344149789695198
94,0.33504580784947013,0.008161835959351299,0.339890069979698,0.08884537697513126,0.9446874437908362,1.0899491130452585,0.031463229224581724,0.3859715453818253,-0.2772404259749,0.8283961780955893,0.47939201294669387
95,0.5065694165114151,0.02531554103641423,0.39560050265197333,0.23548145517719554,0.9145552348293212,1.1109179072331823,0.08737005122815084,0.5814834576884991,-0.34961955891321067,0.7340575212260854,0.5987334039389519
96,0.5622014519776423,0.2839794713939276,0.13456191486383468,0.3426430523628313,1.1206508207438288,0.9217018500423217,-0.13965374676532524,0.6616929452991179,-0.0798157663556755,0.5769095383142151,0.4731548056295901
97,0.3189807729220805,0.08575969999869133,0.1887192083849245,0.2675929324876,0.7357280320500998,1.170619275841029,-0.11373731698495157,0.43052630689664817,-0.6652390972375753,0.7976297635396141,0.6979408080739867
98,0.4389477709370968,0.09122447443629324,0.053699214751370045,0.21218365734522204,1.058629275474933,0.9004618019207362,-0.04369403884675224,0.39802755873499107,-0.05938821354295734,0.734913877313305,0.33461672096868816
99,0.43420479436168996,0.5034545611113461,0.363388183177886,0.0737030728202328,1.1928455531235018,1.1004079364745942,0.1842802466833941,0.6873753057355775,0.3113427467071298,0.5311703222634819,0.685069142718033
100,0.559055176763024,0.0214065045916988,0.10953782337436663,0.11725027425388368,1.15943005184005,1.0182631063633514,0.04968321022994346,0.4036248894914865,-0.07797418037902051,0.7097691593226386,0.4026577535748572
101,0.44892970553437456,0.4581369682448495,0.09900949707656531,0.23960211930042605,0.7337952415138126,0.9575112169341293,0.029638978412312333,0.6228391450781077,-0.18947336565276693,0.5464666631103879,0.4356462920348887
102,0.039127446098262395,0.2920888923930279,0.14697513170650497,0.1451592423370742,0.9180082467240616,0.8944267903430874,0.045394907174279936,0.3116753562674347,0.19545708670263687,0.8343918307543549,0.3450531537953433
103,0.03094021650427934,0.1859784943491491,0.12281609019106832,0.11395879892634793,0.710775352544017,1.145052360033097,0.06477378782643262,0.22684679998542234,-0.29198408074021254,0.8915406445732857,0.379886096582575
104,0.45752692929455296,0.12269034731924573,0.11307497202038859,0.02237961580697005,0.8613330397790504,0.744769297373206,-0.05882421138033064,0.3578359322205787,-0.10967875996213983,0.7098913616931006,0.26046721315357946
105,0.28878108616463405,0.2782757876750851,0.049079171372486546,0.24384234968912877,1.0657500342201585,0.9021990035753951,0.15635517185160053,0.4299891974506672,0.31465355325158945,0.7164715630801404,0.5027750703801089
106,0.5046823412617555,0.30299926016249284,0.00579673305767485,0.21660419919739715,0.9800001435033936,0.8659412037879122,-0.08351223245501066,0.5150412668396601,-0.07029483328916056,0.5961591992878759,0.3596787435321869
107,0.349895277776271,0.3784437908739508,0.14067100382361292,0.31870300685878866,1.0555120819596693,1.1507900449854047,-0.05729130115018538,0.5938565396663117,-0.1382950076270809,0.6358304656748891,0.5220951521790418
108,0.577001558554767,0.30604176922944654,0.34038057228406127,0.16461569215790417,1.289973065175042,1.0977097275930654,0.055581050391997844,0.6940197961130895,0.11236449331131429,0.5584783361078932,0.5919473126240513
109,0.23031707677701685,0.5064487060838816,0.26759629608727153,0.29632467121007544,1.149981229892259,0.8913336223194627,-0.0194480597146513,0.6503433750791228,0.37726536251157733,0.6316171085695508,0.6468252805915259
110,0.19245501665475653,0.1982584727697416,0.15576392184689358,0.0652602258667641,0.8667971551642528,1.2310879783243944,-0.1590476476345708,0.3058688185690779,-0.5204367427372198,0.8046432552877509,0.609080856442125
111,0.410302353908337,0.22933623756711882,0.3808578033832838,0.3978982946064984,1.1992487237914584,1.2667273255418208,-0.15824136978173334,0.709197344732619,-0.3162030297027048,0.6801807042622721,0.7398947680479904
112,0.2970092102798294,0.2079830783528165,0.16287473626167195,0.05107264035286862,1.1633204718866552,1.1874395596486824,0.01631345772190987,0.3594698326235932,-0.052318696003623794,0.747503855683677,0.412869158535446
113,0.3807515843437264,0.41500941861938184,0.31236875664276786,0.36718806609196014,1.2511921128067558,0.7095885795113095,-0.04206619510303272,0.7376589128489182,0.5166662553302412,0.6021194985184459,0.7452584914172283
114,0.5185648900074894,0.5773751452585899,0.34090456784541706,0.09067313873154802,1.0540659883257293,1.001443701671183,-0.024450410536698663,0.7637588709215222,0.05757700374339786,0.45202998236696035,0.5039271731138757
115,0.40971376880312665,0.30498414274384217,0.12673082242542316,0.09259708291936719,0.8158049353144428,0.76899759543716,0.11399336807924099,0.4670129084458796,0.10843589492688155,0.6426510442265156,0.2980673330223815
116,0.1050041492508417,0.3584492166995195,0.0827492360097926,0.19844107912009837,1.1932717718199233,0.8400782797521331,0.0629512831880557,0.37232184054012607,0.5428673089801848,0.7682733170248194,0.6329866344971753
117,0.21943608768509945,0.37496968818217674,0.39096217295644364,0.2182820979227189,0.7578018273720037,0.9766982528938943,-0.16160726421756574,0.6018250233732194,-0.3027368894909177,0.7027971120663619,0.505997163110313
118,0.19704257173518855,0.4798612316761879,0.2216504446008385,0.05069853419737527,0.7716335379200587,1.0662678754959463,-0.1625584666000237,0.4746263911047951,-0.3157834742054116,0.6615480982943118,0.4887959943191663
119,0.36979342754184014,0.04636453821917074,0.17577322488187225,0.19489663110512612,1.2064099497544043,0.7633484365672595,0.1269941667792458,0.3934139108740046,0.40834123530505595,0.7919210171194946,0.5448099021130514
120,0.5267925180732353,0.5857223828662138,0.2637919079731816,0.019836815427855776,1.2867435568221464,1.1242662061469948,-0.14575800289601623,0.6980718121702433,0.046184280175624565,0.44374254953027537,0.5596917337157573
121,0.42259045104107446,0.04371037550617911,0.04481538014818359,0.15472862329527126,1.2962802748042603,1.2652846102836655,0.14043496690234325,0.33292241499535424,-0.018009406344509538,0.7668495867263732,0.4343658310768289
122,0.10247271155548601,0.3687181194670951,0.07170660203817487,0.2996486537064757,0.8671725683829776,0.8472897883078903,0.1541033134357921,0.4212730433836158,0.307108797466684,0.7644045844887095,0.4313900850061737
123,0.2059613184140083,0.001330223921984349,0.1761720264725434,0.32395815396127814,1.2850576160254732,1.0630806564764073,-0.02511923897432733,0.3537108613849071,0.09454217332872662,0.8963542288320037,0.4352442166766689
124,0.3635400825137035,0.17267736157975114,0.17810255985395695,0.05719074396216722,0.7186124652197756,0.7711737131917865,0.1021122749865237,0.3857553739547894,-0.04588033345246338,0.7318912779532727,0.20427689425628434
125,0.37806745734690717,0.3927632220671099,0.12227234700456013,0.38095650354844074,0.9810514063757512,0.9967545160134251,-0.029040709902347084,0.6370297649835089,-0.03739593717991968,0.6145846602929914,0.42170094889864945
126,0.0012387711782601031,0.427519415846024,0.18312130312769975,0.1866491176068468,1.2769635358104443,1.0965213347841842,-0.03646514860022182,0.39926430387941536,0.3571173747599202,0.785620906487858,0.6173473640563755
127,0.1489892627559638,0.4323963133474746,0.12001804064325768,0.04630256130185656,1.148740645296937,0.7241478972621999,0.17644758557923285,0.3738530890242763,0.7427438589097254,0.7093072119482808,0.71340968659533
128,0.026833131985877105,0.2530787471390127,0.03912569354605157,0.0969911950794534,1.053718950015252,0.7118443360960872,0.08958193075320425,0.20801438387519738,0.5445793522489368,0.8600440604375551,0.5013441864272759
129,0.5307111051958041,0.17942440059141862,0.30133899231969896,0.22100179737734857,0.9627335847555822,1.1390485382256703,-0.06931790957982983,0.6162381477421351,-0.4212762153521107,0.6449322471063886,0.6747065190534337
130,0.36194111786843564,0.06367397352164123,0.22243934325857345,0.2864061725566997,1.2580105799901373,1.2982282005203394,0.04917127114379888,0.46723030360267503,-0.14017992155980039,0.7871924543049615,0.5600597695045695
131,0.022117323878443316,0.4612173200841143,0.17297884069837421,0.16516120884451782,1.2394925218253188,0.7104299462925536,0.15138305423907916,0.41073734675272483,0.8999956278746798,0.7583326780187212,0.8417729324553659
132,0.014300813205979625,0.4126480467153599,0.2507358751900071,0.2284592267368821,0.9978494632839632,0.9737589223434882,0.06148158685483601,0.4530719809241144,0.2847457445500011,0.7865255700393302,0.49497833550650927
133,0.473177248417747,0.515157087021344,0.10569599401130239,0.016091058804930176,0.8924759118834915,1.053435076685957,-0.18084826213497748,0.5550606941276618,-0.32081750763564454,0.5058328322804545,0.5509925293748136
134,0.07446232675054582,0.3617397626126101,0.2526941840755395,0.39926140858557285,0.8438923047565923,0.941551859241214,-0.06817994371997768,0.5440788410121342,-0.022200780273567255,0.781898955318422,0.32731304556844565
135,0.596852844616186,0.5755738528791984,0.3920594661402391,0.046450169944057776,0.9301964067125581,1.0434814897634275,-0.008499362561546264,0.8054681667898407,-0.13242394148090947,0.41378665125230785,0.5450611057234784
136,0.2602531220990699,0.16250324756228884,0.154023992395677,0.3800448044685578,0.9497335847720034,0.7956894030872274,-0.17299624316620477,0.4784125832627968,-0.06782699874981923,0.7886218151693206,0.318416979519818
137,0.0206821526002905,0.4832780591918538,0.10222617476612093,0.09034729806684318,1.2693246016882789,0.8020286501704925,-0.12019281230383455,0.3482668423125542,0.5784010925097335,0.7480198941039278,0.6541857053955547
138,0.4566280766850569,0.406701853873374,0.011378233379184028,0.022716913098659385,1.2656480892363242,1.2519819672527435,0.11875241867570391,0.44871253851813714,0.1074554292534432,0.5683350347207845,0.5233657870815878
139,0.058849890955422486,0.4882070802051106,0.053356748315234175,0.33381399434720427,0.9427597292528529,0.7776808683451923,0.16992510442215386,0.46711385691148577,0.5496825599546584,0.7264715144197335,0.5967652281369007
140,0.2826068376608883,0.11230901527877767,0.2509033541469074,0.29381249628119444,1.152308273726724,1.2172476004850359,-0.1313365548269527,0.4698158516838839,-0.2814247927763198,0.802542073530167,0.5991701848922855
141,0.46916993598618184,0.2199945577939136,0.31368221718780165,0.028950916502004723,0.764949496849153,0.9527238187696826,0.15831521815556782,0.515898813734951,-0.15404679286109585,0.6554177531099523,0.3782059301153468
142,0.18124573001034408,0.27333720623824775,0.22614439454029434,0.2927990764909653,0.9202039789009533,1.1852314621684215,0.17917517475738393,0.48676320363992576,-0.039806570396132404,0.7727085318757041,0.39494808396099346
143,0.3159250427750781,0.5027225819656908,0.19473906931593699,0.37454708687478794,0.9367642435650578,0.718046888529907,0.09147233740215677,0.6939668904657469,0.403588462032614,0.5906761876296156,0.5834426164296084
144,0.15796429192296968,0.414323340341907,0.3021360194795483,0.24896012185731362,1.0597163296163445,1.1620299633432254,0.046662914542898004,0.5616918868008693,0.07252880502548581,0.7138561838675617,0.4736306109755318
145,0.02809365869925044,0.23899314356347212,0.09206159697547683,0.32318389850402407,1.1047302203869465,1.0708645073861875,-0.02869984744756915,0.34116614887111174,0.11061560798530061,0.8664565988686387,0.3967345062829086
146,0.39720491537010144,0.20848115171304166,0.07373600171247954,0.39707900788754485,1.0204314786402002,1.2145801987068663,0.042104595714925364,0.5382505383415838,-0.2464060061802706,0.6971569664584285,0.5718967383815625
147,0.2793581158775285,0.0332629086419622,0.3785120869859914,0.3437964263392995,1.1860557482038543,0.8743484194072433,-0.15785882871925733,0.5174647689223908,0.030800896459570515,0.8436894877402547,0.39056748734747304
148,0.57339458254002,0.43895510599906146,0.13662397995670658,0.1371496771926751,0.7389449657925645,0.8957995060461119,0.1569377929046628,0.6430616728442315,-0.06713648561936383,0.49382515573045926,0.3561926784689801
149,0.24440225417147393,0.22078814013279438,0.11466938126293127,0.10752087606109634,0.8273331091464735,0.8890836217591623,0.01990132784910953,0.343690325814148,-0.05365624178291907,0.7674048028478658,0.2487740581218196
150,0.04039929050469121,0.12172238231792504,0.028689938989759318,0.2447445382015066,0.7148298875400404,0.9371951580715905,-0.1631641307640741,0.21777807500694107,-0.34486785538900727,0.9189391635886919,0.35703820463908853
151,0.1678784865552455,0.41187475257902956,0.13491944355950264,0.31681883101260583,1.1682339637102677,0.9362469358413835,-0.1338501912627656,0.5157457568531918,0.22013496961801057,0.7101233804328625,0.5144995093999958
152,0.02320770530299319,0.25561432296558495,0.18784012954593454,0.25092582891169557,1.069586063450592,0.8287599631323191,-0.08955004304532899,0.35879399336310414,0.2674793661042398,0.860588985865711,0.4285917236535133
153,0.07643386353334004,0.5553336342681624,0.20722562500022576,0.39405840624954114,1.1078066705957061,1.1094732709587753,0.154604070297563,0.6165257645256347,0.392387355301905,0.6841162510992488,0.6863627043800173
154,0.04822067849993108,0.05259953323982474,0.26430231799969367,0.030834931265897786,1.031845675300301,0.7492940062685428,-0.16959128177230584,0.19797873050267362,0.11514981462939909,0.9495898941301221,0.24356630137091984
155,0.25935300508453213,0.11174119966286279,0.13129496396321494,0.060207756947623085,1.0411261286832914,0.8966558642343105,0.06614207232225627,0.28129846282911647,0.1368064340604024,0.8144528976263026,0.32904874379728855
156,0.5752264079183386,0.06464531495417858,0.3333656154503616,0.05983600704470998,1.1912686860347232,0.9509103663899483,-0.16434422796771775,0.5165366726837943,-0.1792764548050228,0.6800641385637414,0.4997253050626993
157,0.34969938028819336,0.32639549578031996,0.34506554801258826,0.37048099566572773,1.2994964956802595,1.1775170025579305,0.03809026563952678,0.6958207098734146,0.1484178165079191,0.6619525619657434,0.6366323484136647
158,0.06053057749961434,0.1917659624459061,0.10520055619399522,0.10192296367070763,0.9645076218504534,1.281146319800472,-0.16744786741038795,0.22971002990511163,-0.41846887288726076,0.8738517300272398,0.5543788211071323
159,0.19804025953055204,0.10981150731268016,0.02357214374536344,0.09674480099306083,1.1357255572156624,0.8690376207086374,-0.0027539396238025204,0.21408435579082824,0.21981962077428646,0.8460741165783838,0.3687163092619782
160,0.4640019280456625,0.22433289311857157,0.1472669882860304,0.3743294574479968,1.2529459027631922,1.1340686890428644,-0.14820030645963211,0.6049656334491307,-0.1491576102028498,0.6558325894178829,0.5782344674528763
161,0.42198830225063094,0.09860838795907845,0.2840031831977888,0.015200231236310325,0.9912901243584187,1.0305428805478236,-0.06229113731958749,0.40990005232190424,-0.2632338506547687,0.7397016548951453,0.47735858254818353
162,0.45961400155307003,0.5884090041674226,0.14221551644566496,0.002630089230073818,0.8397691485072658,1.252796641341266,-0.0937413350780274,0.5964343056981156,-0.44237132660485123,0.47598849713975366,0.67713796570429
163,0.3583275216752211,0.4711007279548308,0.26767150768536085,0.3262333336007841,0.9194070725906555,0.8189507075321998,-0.1759205557735371,0.7116665454580984,-0.019077587575276556,0.5852858751849741,0.3807026157591191
164,0.22890524553216515,0.2442641813882782,0.3695424365215686,0.16284837248813644,0.9231423428602168,0.7323078846867672,-0.1282135360053096,0.5027801179650742,0.0703003900961965,0.7634152865397783,0.3071548381304936
165,0.28735948891188756,0.21896831573915992,0.25199979250233373,0.2622254733361223,1.2887352256712248,0.837379096989832,-0.14946090304258636,0.5102765352447518,0.26769963905244254,0.7468360976744762,0.5462589781946305
166,0.5353061236095503,0.17149919949085327,0.3791412545060715,0.23245567961055183,1.1441061252340299,0.7428766349402415,-0.1319276799517176,0.6592011286085134,0.08739834828272225,0.6465973384497983,0.43786515045660657
167,0.5789443463535453,0.45576331108923673,0.29850488097755745,0.1846970192162704,0.7661486026513399,0.8610974928373655,0.07849989360482074,0.758954778818305,-0.07803951421335914,0.482646171278609,0.40721714392751385
168,0.0021211922172856023,0.3921792573958669,0.23751232431340857,0.10351664826342599,1.0697491055136572,0.7599286537911796,0.0003656070599556416,0.36766471109499355,0.5052150913717239,0.8028497751934237,0.557614379087241
169,0.45289422518098665,0.18889479209312762,0.052470756950877245,0.38704059735061036,1.1200057669255838,1.2303176732453256,0.17933858406972253,0.540650185787801,-0.06297303879394872,0.6791054913629428,0.49162475763421704
170,0.42333076229567923,0.22116424909398175,0.1508499663203784,0.38120976174166865,0.7942762846247354,1.282484619592579,-0.12368831916848358,0.588277369725854,-0.7129799107371758,0.6777524943051695,0.8322891203869758
171,0.4088063556725429,0.004026549851017085,0.11210610994768777,0.33137343173967615,1.2240694547389057,1.1249028718450969,-0.08148421310869708,0.4281562236054619,-0.18470753312565114,0.79358354723822,0.5193300909635761
172,0.5465840533410016,0.2861703245177124,0.26975937661901755,0.04300552316975109,1.1834438892067942,0.958948806347611,-0.12910316412749315,0.5727596388237414,-0.03481494567995455,0.583622811070643,0.4355909968260706
173,0.05950403310920523,0.518663266159266,0.33744585220765716,0.14349172129540197,1.0722868489175386,0.8984111502288613,0.09337436194518112,0.5295524363857651,0.4968296771588887,0.7109163503657644,0.6525932806362392
174,0.4897940085704942,0.5735603524734483,0.1991995730139909,0.17911508914446372,0.7720632931013687,1.290012225542063,-0.0672687841407748,0.7208345116011985,-0.5433345446299921,0.4683228194780288,0.7798534110793325
175,0.5142658416229058,0.5727180264358276,0.17980956329732856,0.313225783222463,1.11516430798469,0.7814708930352228,-0.1310343085300619,0.7900096072892624,0.23188519882586625,0.4565080659706333,0.5792937624662029
176,0.3532827080942508,0.5893922837944746,0.001914363084265312,0.30876033721176044,1.2734758089042155,0.7369463595794368,0.10192954468033077,0.6266748460923756,0.7565137818552214,0.5286625040556373,0.8571837496709962
177,0.04011918478504598,0.39548383086826866,0.1098718411185611,0.1222556965253927,1.1235668377542993,0.8077855782258987,-0.17850592287092865,0.3338652766486342,0.3149576596990833,0.7821984921733427,0.4553588104739532
178,0.3374337089595949,0.31607676582139654,0.3312446538187749,0.08002813335163218,1.1673401013656939,1.143935558226227,-0.1960461305752444,0.5323916309756993,-0.18332005900487663,0.6732447626095043,0.550767602691186
179,0.5654282584462138,0.3401268186214742,0.003259047072827894,0.37489829139402486,0.7541081146850571,0.7518843636838684,-0.10999867088460766,0.6418562077672704,-0.2204256397957887,0.547222461466156,0.41549598657661274
180,0.0047734949382335036,0.5475592410214883,0.387470425332425,0.19602054180051495,1.0626538834249013,1.265916285420733,0.01273186352253658,0.5679118515463308,0.0808623345683322,0.7238336320201391,0.5078246835709402
181,0.17101281951365974,0.12210081627187419,0.3690025311694918,0.14601164610858172,0.8401715605832697,0.969761484985267,0.010966098918878009,0.40406390653180374,-0.14307982710401213,0.853443182107233,0.349956720267263
182,0.4379231684336713,0.34780734862415286,0.09152271667102195,0.32115868660835717,0.9724803132362014,0.7032464013003235,-0.12654346911661118,0.5992059601686016,0.09763253291450757,0.6071347414710879,0.36719358245027645
183,0.11015479837357996,0.5763410885977875,0.2569467403271421,0.1280292922434044,0.7378403322282058,0.7735651048122816,0.16666829501616087,0.535735959770957,0.36403666754418884,0.6567520565143162,0.46056774369501796
184,0.2661293720998888,0.4826592394617429,0.3234152728354201,0.27093649863607333,0.7404673605859721,1.1978075706719835,-0.17413829232230504,0.6715701915165626,-0.5232135687273894,0.6256056942191841,0.7171249506575477
185,0.4671728443274642,0.5957432161390503,0.34313357494703445,0.25851075447914185,0.7249665419730867,0.9860712766164639,-0.13782506896422997,0.8322801949463454,-0.33464461770181403,0.4685419697667428,0.6114583032470142
186,0.4273466762745159,0.06644554658259277,0.09926928404723051,0.038828998056149984,1.1676415632825556,1.0001986314046052,0.07277896960387081,0.3159452524802446,0.059771336635859706,0.7531038885714456,0.3542009516454038
187,0.3090326880653868,0.12756450915944104,0.2368304398397818,0.08336840899009991,1.124197228720694,0.7893768748004059,0.10012783247773205,0.3783980230273548,0.34421409694504734,0.781701401387586,0.48628119325824526
188,0.16166239919170086,0.0029840805376763553,0.28970261601551106,0.10485914186517231,0.9151021495105365,0.8167205455357857,0.014797810756466134,0.27960411880503033,0.0338402554042047,0.9176767601353114,0.2151014745261155
189,0.5689280101725038,0.19720157035995234,0.39924849455208705,0.2702507757649768,1.1070609532536215,1.0364377949270804,0.14713576467496603,0.71781442542476,0.031895703095231376,0.6169352097337719,0.4921378790722184
190,0.2479350552579712,0.006302045712692232,0.2997854048304991,0.027213833618607304,0.7798218520526667,1.0240866147269787,0.08592495628289398,0.2906181697098849,-0.2791563111640575,0.8728814495146683,0.3847181712772998
191,0.07764343638341904,0.5412731115452066,0.17225021442542043,0.35515955753362577,0.784113422258656,0.8941109418691826,-0.04462575707214367,0.5731631599438359,0.07719156089822352,0.6905417260356872,0.3451362915484282
192,0.4908107134222093,0.19463567314170355,0.05063000824573356,0.029852006252861125,1.0873494284244076,0.8445289605500927,0.149682099776633,0.3829642005312538,0.244415047510695,0.6572768067180436,0.4328043059625437
193,0.18189736988508778,0.38862936171925594,0.34587848135263605,0.006050266297466075,0.8265856177866832,1.1022877255337398,0.18861452971412745,0.46122773962722297,0.01627841788415492,0.7147366341978281,0.3264764824114879
194,0.17178592393825293,0.3173019649799103,0.09733266770368194,0.019449306396850052,0.7074287711330982,1.0191759429940763,-0.1913846908788738,0.3029349315093476,-0.4303738422190232,0.7554560555409184,0.46104945646694656
195,0.41308664946361057,0.370071404158287,0.025144150538328355,0.11432461027879509,0.954193515353162,1.262141913910417,-0.10797892791829185,0.46131340721951053,-0.4374349491282087,0.6084209731890512,0.6510701896806242
196,0.4953570035631025,0.5305146182384959,0.061610233150756456,0.06636770588799891,0.874808998319239,1.2832771545479553,0.07814630622641328,0.5769247804201769,-0.3127430426646064,0.4870641890992008,0.6079372759836332
197,0.04714258432718555,0.4449413541854172,0.015585640445597057,0.23298615969948427,0.8776038742019279,1.004224775484417,-0.014816159691536879,0.37032786932884204,0.057462323955089906,0.7539580307436986,0.303065704526177
198,0.3751765217978223,0.10721894107998182,0.26683880433863755,0.20998195410171627,0.7234384755387933,0.8524975145537272,0.11075299824709894,0.47960811065907893,-0.15228483112675528,0.758802268561098,0.3271981404628149
199,0.35216410539760956,0.30789917540140377,0.3183376969316102,0.23778604073880968,0.8074505530852727,1.2126595311318704,-0.17095889332058914,0.6080935092347166,-0.5983003363652897,0.6699683596004933,0.7572451265673463
200,0.1383329903670876,0.11876212969757768,0.16721249907145538,0.021875738325967568,1.2224863819049963,0.7928283716188957,-0.0011857492779566159,0.22309167873104413,0.41868683067338897,0.8714524399676673,0.4942774582774241
201,0.26934342836790715,0.10747961817569929,0.15211686244223943,0.27246799232833635,1.1194144614757793,1.01029470720669,-0.11277735294051115,0.4007039506570911,-0.0845895037675257,0.8115884767281968,0.3934625746939691
202,0.19972383884592543,0.5581225268608998,0.19618172972236758,0.01578260176196806,1.2202606470542077,1.046816917708812,0.14851806467078277,0.48490534859558043,0.5011611380236656,0.6210768171465874,0.7114282134431865
203,0.15031023696631693,0.3435261576852589,0.13424546341711072,0.319855360388171,1.1923650958949894,0.7347461480588493,0.1027690255658959,0.47396860922842876,0.656995933761507,0.7530818026742121,0.7155628149367355
204,0.5125320780936765,0.29493235626424785,0.029227726204582156,0.001355111596562419,1.1331788944106893,0.9357054859952095,0.17711767208279483,0.41902363607953447,0.2657912195835603,0.5962677828210379,0.4943052812834247
205,0.16021455838536616,0.250668777464309,0.2173936977294848,0.34962552922734397,0.8830136843620513,1.17445818373877,-0.15441964705750003,0.48895128140325195,-0.4006370368947473,0.7945583320751624,0.6003307017233545
206,0.03590783890047734,0.015562002912778464,0.2739219503035631,0.22297257211411853,1.1386525307222226,0.9780776686697834,-0.12265039582267963,0.2741821821154687,0.027751548235910136,0.9742650790933721,0.3055063516357351
207,0.022678879649034273,0.2659196498275957,0.2557528844365978,0.055254345268322916,1.1128306941357966,1.0465912595345461,-0.03523623162341416,0.29980287959077534,0.152623588067117,0.855700735261685,0.40135079309416605
208,0.18466444262524992,0.3801372950605945,0.14842172253927022,0.18504867607105066,0.7667375360718007,1.2120757139846976,0.16872687649182766,0.44913606814808266,-0.1788748752033969,0.7175991311570777,0.4316826648953958
209,0.37360755952862795,0.4298080848689863,0.03253085864212604,0.07742609610127638,1.0118628126384026,1.1033668559322924,-0.19166754921664508,0.4566862995705084,-0.25507132984035574,0.5982921778011929,0.5145247348750905
210,0.024037998184880924,0.5872872578525781,0.077557075054867,0.10380094091905386,0.8418882702411341,1.2090950842511332,0.17822533300426446,0.39634163600568995,0.09264314882811392,0.6943373719812704,0.37686838232221115
211,0.08700311106430224,0.4395082316323976,0.24020882136770405,0.3954312935749142,1.216559904547179,0.9438442260213102,-0.17129118710888927,0.5810757288196591,0.2776770517010273,0.7367443286516501,0.5891375551906023
212,0.2804174346118626,0.1463694999228309,0.08760744515949881,0.261812397968395,0.9754619467770456,1.0945146632960603,-0.04762413232742971,0.3881033888312937,-0.23370081619096028,0.7866065327326532,0.4629559977653701
213,0.2677066718723437,0.08721108976219971,0.021687297180970424,0.21422873205459647,0.9792172379534521,0.949086262597722,0.18894757382285127,0.2954168954350551,0.12883075812350933,0.8225411191827283,0.32754108818592115
214,0.10359139581909844,0.5930024822433803,0.3425312583245544,0.02121576521499735,0.801777452607075,1.2097449509394915,-0.19832484918447482,0.5301704508010152,-0.36158680430475043,0.6517030609687606,0.581900863789898
215,0.5222965426111544,0.07455805614413055,0.25501611621421855,0.3711138019432749,1.0703528776943314,0.8547213068984891,0.1323205665345875,0.6114922584563892,0.12408289409691786,0.7015727006223575,0.45031518598891157
216,0.5906239050103295,0.06495163811988475,0.023642124845252875,0.3066909654010337,0.8631335654448397,1.2430263720042865,0.12793823076479116,0.4929543166882504,-0.514790709239878,0.6722122284348929,0.6825961365815085
217,0.5032813998106471,0.08082520232786491,0.21978824345838952,0.2552468697735864,0.7307436723863621,0.7415751054676943,0.12632992777285756,0.529570857685244,-0.0957296040498658,0.7079466989307439,0.2873457999675312
218,0.24158539042108443,0.403512957044348,0.3095410296186058,0.13749062811914933,1.2614150000776283,1.0239236342810025,0.18297990412323667,0.5460650026015939,0.5014350532314942,0.6774508262672838,0.7406216915691919
219,0.09977698308208549,0.1547580410211139,0.21700755075929476,0.3344871155218929,1.2173512059226286,0.8099109561422687,-0.13337929625326825,0.40301484519219355,0.3015514824966058,0.8727324879484003,0.49895236809106525
220,0.09790766575041608,0.11385554815727143,0.106655675775433,0.23712945776943292,1.267919509276343,0.9613647639865508,0.01750362915343423,0.2777741737262767,0.33203231564665403,0.8941183930461563,0.5176501271942267
221,0.48674893157446153,0.491211691936733,0.015890878267941663,0.2531476438676598,1.064536706978919,0.9986182212226976,0.05945229086346365,0.623499572823398,0.12760215680082065,0.5110196882444027,0.4917498552602557
222,0.45885840164242764,0.2965421067061081,0.3816279986610581,0.25420082725888443,1.2288142009459957,1.219679696634036,0.18320046814506658,0.6956146671342391,0.11117682498886652,0.6222997458257321,0.6070754362420235
223,0.08903189010916208,0.20466613232007608,0.07403655670137775,0.22128341940487695,0.8101234411653562,0.9087513075997457,-0.11320632222217605,0.29450899926774643,-0.15401706755110853,0.853150988785381,0.2899325274290392
224,0.015313679620030243,0.08790341127987923,0.09623705504485482,0.21697273305948347,0.8136687023780174,1.0846980321753803,-0.14884346284130492,0.2082134395021239,-0.38357792680874336,0.9483914545500453,0.438023815524445
225,0.33706489340033663,0.5653241970126242,0.32366086525311055,0.15240207031455166,1.1872762527901677,0.8746660605957566,-0.07932573917705198,0.6892260129903115,0.3474141048235029,0.5488054547935196,0.6496244464367075
226,0.09515900301959437,0.17203914893710767,0.04215748024072291,0.03722447785831719,0.891793215468093,0.8778657989308711,-0.1441185198521814,0.1732900550278711,-0.09175103035620291,0.866400924021649,0.21678139382461126
227,0.11269812001573637,0.050282888682108805,0.00877682186218475,0.3828202825907963,1.1809582722348955,0.7528995274647987,-0.1870725317890759,0.2772890565754131,0.20977859731420706,0.9185094956510774,0.370247230943613
228,0.013084847303153348,0.4906947226520525,0.10127520471939577,0.1954941153157522,0.7390520288897788,1.1589159667571862,0.11732891655421823,0.40027444499517695,-0.06373008363873958,0.748110215022397,0.3228398270930558
229,0.29351131567438143,0.24645884616695063,0.3942895170546174,0.09361419244554432,0.8474412414367922,1.04294202577006,-0.13417300623729694,0.5139369356707468,-0.35320002532428,0.7300149190793339,0.5400906062645798
230,0.03704817915004219,0.1765345253481377,0.34689126026270833,0.2950486727943105,0.8176989245253515,1.1570721550393608,0.18839827768973294,0.4277613187775994,-0.08123177972522855,0.89320864775091,0.363536365237355
231,0.33325729958276656,0.09780355333652857,0.27878454227606925,0.19391680077051665,1.0044886512145077,0.815914035558133,-0.17003561680203003,0.4518810979829405,-0.09918787426877435,0.7844695735403524,0.34536583544760097
232,0.17076285920774464,0.44955175451962204,0.3302513827166375,0.13312446543180975,0.7868827025035621,1.2859539707278511,-0.15099176682992238,0.5418452309379069,-0.5106685873982727,0.6898426931363166,0.6913484131219798
233,0.5988829113493104,0.11481464854885919,0.1269238392181938,0.27840680513138566,0.9061528939358194,0.7213579873580505,0.00683066121290965,0.5595141021238745,-0.05040856360954696,0.6431512200509153,0.3109284993387455
234,0.10305247464779697,0.04516211085221828,0.28529817074471275,0.07836088480102182,0.7093190611565838,1.026879662517207,0.06992584989087897,0.2559368205228749,-0.2765799333675335,0.9258927072499924,0.35237236914811776
235,0.3825217031337223,0.42162634217549516,0.12888157582094967,0.3640369580434438,0.716318367636827,0.738240381476427,0.058690346242524505,0.6485332895868055,0.056320651923810916,0.5979259773453913,0.3068453942673223
236,0.14744716298992952,0.5747189771423662,0.35202248065275854,0.3686391808807372,1.2716651863152726,1.0624919973696951,0.18064032187893692,0.7214139008328957,0.6034494179007327,0.6389169299338522,0.8841745069948399
237,0.5405789299133342,0.004702835057850221,0.11854429986385753,0.2768868378903313,0.7598734393669068,1.2472495626464404,0.14445960115197914,0.47035645136268667,-0.6108545695552965,0.7273591175144078,0.7064360727815895
238,0.01089097154756335,0.3076634033119205,0.11597978560453999,0.175653030584207,1.0748165198627568,0.7854286501712958,0.15009601324651972,0.3050935955241154,0.5878700988201593,0.840722812570258,0.5898207900102549
239,0.019723024044893327,0.5467314969872886,0.15882459541641558,0.37650865001370143,1.1437352663509117,1.151873993116749,-0.09461098305202903,0.5508938832311495,0.16075452665333134,0.716772739483909,0.5407125841513738
240,0.43455313744331,0.15070769643368484,0.20250025885532041,0.34548485804958073,1.1157292936594565,1.2380569968823827,0.17019885002520785,0.566622975390948,-0.09405157370253092,0.7073695830615025,0.5215267070133575
241,0.25349683384662414,0.4784504133904112,0.28464195926498087,0.39048524344742,1.2598521077497917,0.8156519649679123,-0.03989460928708077,0.7035372249747182,0.5167823232666923,0.6340263763814823,0.7603603021293286
242,0.26479321688847296,0.0020861457004324106,0.29072458790645034,0.3412819070965669,0.7534236242286226,1.2629668982006599,-0.0975671439986503,0.4494429287959613,-0.7384639535647078,0.8665603187055473,0.7769531742645299
243,0.5172094888410311,0.056188769595456454,0.13934471057882947,0.01221042690494477,1.1650080227518822,0.9945437153055954,-0.1681649499657189,0.36247669796013093,-0.22821100214221943,0.7133008707817562,0.4718052149837535
244,0.4548746765732836,0.3808295692136841,0.32608488285974446,0.23824688673488792,0.7438120128760659,0.9706698820981459,0.03587947185693499,0.7000180076908,-0.22800095104494472,0.5821478771065162,0.49542824744683983
245,0.4501378841318773,0.3843978860737,0.056557454863913795,0.35733660769264275,1.2047022427545486,1.0659853294954709,-0.19928806315646094,0.624214916381067,-0.09344114892647182,0.5827321148972113,0.5234225489708147
246,0.24017284931364685,0.34526188605781827,0.2970017579687196,0.08637791601731681,0.9055910344699232,0.8758809398608536,-0.12721235713481444,0.48440720467875076,-0.044957744153659135,0.7072826323142675,0.31610552194639
247,0.1911621382587811,0.38583291102739753,0.021579647706181995,0.24330011769958215,0.8864454324302908,1.1602800347007078,0.1537015728084163,0.42093740734597135,-0.022797643077692498,0.7115024753569107,0.34373491556775376
248,0.15426857689748497,0.5524704451257412,0.10298748289807257,0.27768829202257006,0.802452580154203,1.0766615522168397,0.01838912714660096,0.5437073984719344,-0.05671891080190766,0.6466304889883869,0.371292838962679
249,0.06902489082361472,0.14717398987196723,0.3217457758583959,0.024502402110922004,0.9924810322487827,1.2001143197073456,0.04302018710355057,0.28122352933244993,-0.1255385508308361,0.891900559652209,0.3859613802205137
250,0.5606157364727378,0.43307907901476456,0.041644776521994054,0.1712752990515123,1.0429902618331288,1.2708528344219125,-0.15005641091998,0.6033074455305043,-0.4416873122377504,0.5031525922562489,0.7347961396186123
251,0.2796165922512398,0.08285826438742185,0.17163124099740035,0.12786713478091863,1.1954985191755703,0.7718729367019201,-0.07563600055641802,0.33098661620849035,0.24961041798532313,0.8187625716806692,0.42400376124396266
252,0.16252793362193915,0.4475572172794891,0.3284040707723181,0.24997037692665236,1.218920474751429,1.1939036472426456,-0.02343209608669719,0.5942297993001993,0.14409937325086122,0.6949574245492859,0.5773575741691153
253,0.5683353496772584,0.42802145279533643,0.18724712997186843,0.06334461298889411,0.9618867249442582,0.8135723501837432,-0.007778957100716827,0.6234742727166787,0.0703784692188372,0.5018215987637026,0.38548155939997414
254,0.11079236170625716,0.25951940852852984,0.006732114357960577,0.020881371308078923,0.8516435777311984,1.0161078810721977,-0.17329854089671332,0.19896262795041325,-0.26339932082657636,0.8148441148826064,0.35456250837696013
255,0.14649475790893665,0.46600187922264136,0.026525580052197646,0.2916574361477377,1.220153353199845,1.0595409853568931,0.1010769338134484,0.4653398266657567,0.4214428623132526,0.6937516814342111,0.6589252326934388
256,0.27047002658148955,0.5323866591285281,0.07683608135090671,0.2090819923165151,0.9648586997167694,0.7628260995316902,0.1285782857657094,0.5443873796887198,0.46156920222430786,0.5985716571449912,0.5766176730221876
257,0.2768268827816074,0.5198337987667259,0.1481505814521429,0.259545968083113,1.003183875718248,0.9809951497861719,-0.16547303524888676,0.6021786155417945,-0.02178085132425131,0.6016696592258334,0.3999847133873737
258,0.27655555766835677,0.16713189669455153,0.09063638594718172,0.17556531540654274,1.158866579243262,1.1947354224209212,-0.08269716252394324,0.35494457785831635,-0.17327783618850512,0.7781562728185458,0.4843450332724754
259,0.42165776275380923,0.519102150053925,0.28778168068570426,0.04489583132592616,1.1869164664099978,1.1617004834647466,-0.19224788775575186,0.6367187124096823,-0.11830971116044278,0.5296200435961329,0.5628275491288247
260,0.010243217635100504,0.13830491245115226,0.2721885369847567,0.308959201214589,1.2215574909176214,0.8835568897987083,-0.1146062749754088,0.36484793414279926,0.28742517355153024,0.9257259349568736,0.49467287296712037
261,0.2877110450464764,0.16624698900945745,0.12340259736782547,0.21541267178612228,1.2178226800068792,1.1029296541218394,-0.023672353772128812,0.3963866516049408,0.030488644094401524,0.7730209829720331,0.4070359306307969
262,0.17986985032631653,0.47034288747699776,0.16599977274829641,0.05942722173559981,0.926938454451221,1.2503599201343203,-0.19241285963512114,0.43781986614360524,-0.3705978067428798,0.6748936310983429,0.5918112241495553
263,0.08965801025784358,0.1301074301247519,0.22802356948609415,0.33993305400014234,1.0452240164693816,1.1594042569827017,-0.10505662453038574,0.393861031934416,-0.19901215511025167,0.8901172798087023,0.47810877420293824
264,0.3687526448421215,0.02474421416861616,0.28070772834986885,0.03203768325883429,1.109499874210412,0.8579463441113723,-0.0839398920765605,0.3531211353097204,-0.004390577314273364,0.8032515704946311,0.28574435509289836
265,0.49860070283342717,0.22726563260064364,0.3998852430345746,0.24669982676530725,1.1840422772007042,1.0176505331550765,0.018802590990741663,0.6862257026169764,0.04952679991997763,0.6370668322829646,0.5046295635877224
266,0.021005833147744346,0.4100839360611826,0.24334438911589415,0.33805601178251937,0.8212402399249279,0.7676776836236022,-0.07501141669157699,0.5062450850536702,0.1730901910664678,0.7844551153955366,0.35358162954848127
267,0.3283002977672031,0.04481807875401924,0.11662407638300781,0.19400575155939523,0.8146089719819675,1.0084563359135408,0.1252806206620688,0.3418741022318127,-0.21030785277609645,0.8134408117393889,0.36870067953226004
268,0.4798385216995663,0.19960748995555966,0.26298108686351807,0.18017568905017523,0.7296966983083857,0.9312179978320502,0.1534366707909468,0.5613013937844096,-0.188200144604721,0.660276994172437,0.4026693183117055
269,0.46335049550561064,0.20739987004411295,0.12146772920122147,0.2891491096152433,0.8090867726739827,0.9292896874726472,-0.1689785129354322,0.5406836021830942,-0.4171567404648456,0.6646248172251382,0.5511616001888024
270,0.2056632793280683,0.5371443953399866,0.18817840754967327,0.3875915375954307,1.209210183125598,1.0286937991533271,0.19293765085560682,0.6592888099065795,0.5391945928338367,0.6285961626659726,0.7967082752326651
271,0.17623498137562182,0.09476103193247402,0.27917802600432096,0.13896730908081653,1.2981869659265777,1.2238907247321182,-0.034862158847702884,0.3445706741966167,-0.0013028923748173507,0.8645019933459521,0.4191294277682111
272,0.4166360601988827,0.4593331871831935,0.3746228593915073,0.335571281143056,1.0055183486498727,1.106864168509148,-0.05760440666695371,0.7930816939583198,-0.1376016630340737,0.5620153763089619,0.5778893046935274
273,0.48409283749458165,0.07565765748672271,0.35698020255488006,0.0019399841687007162,0.8720783257284345,1.2264040082534577,0.03331007327110122,0.45933534085244254,-0.5252331992578515,0.7201247525093478,0.6734946393911609
274,0.460440343914852,0.4722281109720525,0.3906023745585353,0.00987989123514299,0.9817136602540145,1.0315842002238,0.09231023364293012,0.6665753603402914,0.04833357720174483,0.5336657725565478,0.4489547555766171
275,0.3695724220503959,0.3237886725038609,0.1253154362609161,0.2743926248788499,0.8599364928920764,1.19521359435913,-0.17664416164366972,0.5465345778470114,-0.5348131378839908,0.6533194527228716,0.7032892356820006
276,0.34333401093846677,0.5113136881706042,0.07891531767163225,0.0991588809215421,1.0825149865335975,0.7614379564255074,0.13750177358447624,0.5163609488511227,0.542568642308635,0.5726761504454645,0.6430738006654064
277,0.22977446890941192,0.20686584580747439,0.13581804223930694,0.01823442787237816,1.1768939998112038,1.13990535067439,-0.07237027466749468,0.2953463924142857,-0.04683593708164957,0.7816798426415569,0.37543995683610254
278,0.47927919100856836,0.30424225625065965,0.2567928556163299,0.2112300150109172,1.0996288427259515,1.0443927688821906,0.01209479228128929,0.6257721589432376,-0.02018760125390412,0.608239276370386,0.4484268272316731
279,0.4650178790564581,0.23465645866870932,0.11321171593552151,0.289779870597721,1.2039531063160687,0.7198901264813169,-0.05024553130232362,0.5513329621292049,0.31863673833855377,0.6501628311374164,0.5426760360541606
280,0.3098311579534871,0.1497496478340848,0.3901712632093916,0.06433856808836556,1.2719561379840605,0.9321549896155891,-0.09229191230681753,0.4570453185426645,0.16746848100195272,0.7702095971062141,0.48432699791814987
281,0.5202906129464251,0.1581165187934613,0.2821960678535772,0.19107511429083118,0.7054183248497646,1.1429601253152644,0.11665240457867987,0.5758391569421474,-0.5019764429633018,0.6607964341300567,0.6436161410960973
282,0.0718951155682602,0.4666682522446787,0.292614431085556,0.3128229726398743,0.9737595121925435,0.9380708537510924,0.11885617554663247,0.5720003857691847,0.35193140232629283,0.7307183160935306,0.5679165871893586
283,0.5847730796861942,0.45248896669034844,0.27270332016080756,0.10055253575522548,0.8092439977071513,0.9248452635945114,0.00532282936376563,0.7052589511462879,-0.17642049302151733,0.48136897681172863,0.47147819159684123
284,0.0780076124280257,0.0611096410276542,0.37396463908371974,0.1425303219230221,1.2913961584313507,1.0155572533135802,-0.012590122247153446,0.3278061072312109,0.25479979717043133,0.93044137327216,0.5107406741309759
285,0.1477477375922136,0.25242892655975085,0.022265981248997948,0.004461720239741211,1.0914879568526432,0.700694360818716,0.056621444203142524,0.21345218282035183,0.4997556347208383,0.7999116679240178,0.48327983337848357
286,0.10442821490306395,0.03920952324616935,0.0203536404538723,0.1884459628047093,1.0603064408855016,0.8397150166192162,-0.02926107605353656,0.17621867070390745,0.15872100238430156,0.9281811309253833,0.2907254340883234
287,0.3475874796389341,0.010771576495962306,0.1678853624940345,0.33434408496381207,0.9217353535422296,1.0393513877368035,-0.05380875057387555,0.4302942517963715,-0.3398327363399353,0.8208204719325518,0.516289027842268
288,0.49423221820253843,0.5603807738463731,0.09855424555738593,0.17865051279884706,0.7902091990007559,1.2981347998175174,0.08279448905788239,0.6659088752025722,-0.3920568339369618,0.4726935039755442,0.6736836501477743
289,0.5698510234512688,0.14192607160620355,0.36824237121033265,0.07287587897789062,0.8755732974134843,0.9474817352922381,0.08376259376302314,0.5764476726228478,-0.2021083200382633,0.6441114524712639,0.4576078192485277
290,0.12238690116501251,0.11909091997389229,0.3290620674962405,0.041831487948926695,0.7971398275609028,1.220330307660611,-0.007176961700323392,0.30618568829203596,-0.43201543239559154,0.8792610894305476,0.5360510685595478
291,0.30478663870762224,0.5780391763423132,0.3088944623730847,0.3490860769645401,0.746927466649082,1.2732205869695403,-0.0003716650529084209,0.77040317719378,-0.39003851655602123,0.5585870924750322,0.6972213942157803
292,0.03781139711318774,0.5543745923316007,0.33262202489558923,0.20698120488496874,0.8349119540600753,0.7195982285017435,0.09480494102089743,0.5658946096126732,0.4684002641884358,0.7039070052776057,0.5460255479985855
293,0.4049902617261945,0.49472849524108536,0.12166293815131274,0.05307043949491228,1.057312120898347,0.9532131725525272,-0.1753899507345903,0.5372260673067524,-0.026421885631325193,0.55014062151636,0.3833748816642147
294,0.11512144721271209,0.5489689671050001,0.24842183337102403,0.13149367623468997,0.8826975616560613,0.773145578940346,-0.15616946204822024,0.522002961961713,0.17030628061363906,0.6679547928411439,0.37494573830197053
295,0.36484193668844994,0.33269855220382144,0.2596115459392791,0.30229646574510505,0.7068972728561775,0.7018842815249143,0.0038206990581785283,0.6297242502883278,-0.0072380018528725165,0.6512297555538643,0.25842788982232767
296,0.3124323075758579,0.22988671478194925,0.39344404421245094,0.29578771068357596,1.201614083760151,1.2392881100231465,-0.18172056025468808,0.615775388626917,-0.2606673829146379,0.7288404888210964,0.662936133645374
297,0.567581358239958,0.03696489737405397,0.3703199266277661,0.15212798602583685,0.8978912071247405,0.9323951123485565,0.0930946098287243,0.5634970841338075,-0.2067175258280438,0.697726872192994,0.4570009290186736
298,0.27098686929952726,0.21639068360877217,0.019313299299934555,0.04861339629474466,0.7051832206606884,0.7504884263685763,0.03177121974974351,0.27765212425148933,-0.04083207880352191,0.7563112235458502,0.14947800874002504
299,0.1612717015072332,0.5100599452331137,0.24626293988158654,0.02798440824898507,0.9991032398656153,0.8433256371673354,0.0703046134225137,0.4727894974354593,0.40047633798373383,0.6643341766298265,0.5400088210226617
300,0.23955173347638756,0.2483215489119742,0.3148772223102584,0.3428252370847476,0.9510360807397552,0.7205737844847863,0.04251456535603704,0.5727878708916838,0.2773617693287993,0.7560633588058191,0.4634346762600885
301,0.2640043152256377,0.578795077042679,0.2451348573795029,0.3909923331060343,1.198280050114101,1.0676932525070224,0.024954756232402342,0.739463291376927,0.31293693474800166,0.5786003038658416,0.7000408030548526
302,0.2999915251599139,0.19084339895852745,0.19069417028887148,0.34638417591664394,0.764735050335115,0.9014558506310322,-0.18770956246744241,0.5139566351619784,-0.3790044258640528,0.7545825379407793,0.49953303482475986
303,0.22618031400030136,0.14383238711268376,0.22312282330540262,0.3818485516290262,0.7039688993575863,1.1665965953556383,0.10706883044658771,0.487492038023707,-0.39673282899527307,0.8149936494435075,0.5506778862849528
304,0.18834616123335524,0.5399848770317243,0.07351915427993742,0.2612973402290334,0.9670055141406693,1.1788428842949656,-0.16100168774221513,0.5315737663870251,-0.197019699997327,0.6358344808674603,0.517303426162115
305,0.4766809056865332,0.014211251058578496,0.343290424224545,0.003694097324826941,0.9220934365854505,1.183062697253682,-0.0005737396992901433,0.4189383391472418,-0.4927778276814989,0.7545539216274442,0.6395310657275792
306,0.39013987465913563,0.3913161607627224,0.06027661615100091,0.025228303102397542,1.1223433950984163,1.180603438492502,0.1064919637127365,0.4334804773376283,0.048820063370444255,0.609271982289071,0.4284209373550475
307,0.24714403745680535,0.517406262211137,0.3711863282356287,0.18369192522022235,1.2665204662470047,0.9504385538481451,0.11245725584323335,0.6597142765618966,0.5636702806192586,0.6177248501660288,0.8063276340201013
308,0.25734127003187107,0.3964344456947755,0.20783432899136295,0.2403830168188688,1.0987310703474573,1.0070408719263324,-0.03215709400484071,0.5509965307684391,0.1290796922477364,0.6731121421366767,0.47428941322446494
309,0.5157449384208046,0.2466723529599074,0.201091863611789,0.11604250274851349,1.2577444174211123,0.9866033153675835,-0.15060100481973407,0.5397758288705072,-0.013996195496653846,0.6187913543096439,0.43539498204336924
310,0.2949493540281823,0.37544557661216693,0.3765989282700816,0.27753927930676847,1.1533888420341862,0.7758605258683755,-0.032565363297755945,0.6622665691085996,0.38521106416004713,0.6648025346798254,0.6283456081151086
311,0.5743056525833695,0.4996459669430789,0.028012091368467596,0.23368611119165947,0.8218194441844014,1.207697118067102,-0.018056841570340654,0.6678249110432877,-0.44126435827318644,0.46302419023677577,0.6892677199441027
312,0.255284123945619,0.016698012887282527,0.3580727090589491,0.1617663351403267,1.156441930411386,1.2322422406167957,-0.0608460744213257,0.3959105905160887,-0.2559394401559036,0.8640089315835493,0.559098943057023
313,0.4874616825579172,0.10096737566719996,0.053176460585067024,0.25696085758671755,1.061310459270722,0.7827594836113492,-0.19300489718844266,0.44928318819845087,-0.10770107497442838,0.7057854708874414,0.3553514059845552
314,0.3400448656931107,0.06980224532907785,0.3439525290531685,0.3220251794277318,0.7084631628509711,1.0736884153480746,-0.17692930635374604,0.5379124097515444,-0.677275869032866,0.7950764444889057,0.7170683798700987
315,0.19044741901520817,0.5491691625980194,0.3442229375939359,0.08513748347121562,0.7689375091037183,0.9922001407978513,-0.1173821408485774,0.5844885013391896,-0.16128390075130486,0.6301917091933862,0.4208501534618512
316,0.5664764809505108,0.07771057439722254,0.0700310569445816,0.12876489624689139,1.0149315884851993,1.0294422206873655,0.04682100278198206,0.42149150426960313,-0.2120725826968283,0.6779064723261333,0.4569336036190795
317,0.34301116953152083,0.11438690106780368,0.0434190199060661,0.3218335353279731,0.8312859728704243,0.7936609747696364,-0.09530132304028226,0.41132531291668184,-0.17198845917135291,0.7713009647003377,0.3239599375794997
318,0.1141768365543134,0.03415970659335901,0.23278449946738866,0.10133850781096923,1.117396590485456,1.238406724364368,0.08796239151913243,0.24122977521301517,-0.07305630734025678,0.9258317284261638,0.37927652320181615
319,0.4362300891720505,0.11535089131986415,0.1308494931067897,0.1251454117783822,0.8738079034186642,1.2421789935014762,-0.16661486905933073,0.40378794268854323,-0.6954255580682359,0.7242095097540426,0.7577672361463939
320,0.18882187890869553,0.13556362155468635,0.361052448647705,0.1002981802741491,1.0969684472251222,1.149281824274428,0.17309524145017413,0.392868064692618,0.0941527357238637,0.8378072497683091,0.42520143518625303
321,0.5534238285957406,0.3291671076992532,0.3118618466427322,0.13778643774691104,1.2947368836754936,1.1473726792261913,-0.10543500779702233,0.6661196103423186,-0.0701991637959638,0.5587045318525031,0.569094733139927
322,0.17522027842477908,0.17908681193152917,0.14483608096939302,0.12248253095029743,0.90096476879101,0.9409425406771185,0.1797206726368526,0.31081285113799934,0.14167616750411913,0.8228464548218459,0.31980766832470336
323,0.04080797285253108,0.1401249742253031,0.3371628858183493,0.14897519633011488,1.1031240617247255,1.1735490882638324,0.01699692920101531,0.3335355146131492,-0.0037695966517055507,0.9095335264610829,0.35484425133342257
324,0.22096594117897359,0.018678382903872883,0.35534842079313494,0.007355024268298729,1.0631472578227363,0.8806945269991284,0.10605237848548915,0.30117388457214006,0.1873613301715467,0.8801778379585767,0.3688467981372503
325,0.3647781418825902,0.3176662858219213,0.07111349227608098,0.1200558616436873,1.277410961388878,0.9775478665125805,0.033124758308751445,0.4368068908121399,0.30943192515471446,0.6587777861477442,0.5741216183930494
326,0.3327965858244481,0.15977773338327583,0.31711825618191536,0.35676256682186464,1.1410671827450636,1.099741473790252,0.10952008202773672,0.583227571105752,0.06433636476196217,0.7537128403961381,0.48209501143330696
327,0.316624613073942,0.4050167578937215,0.02971672620529635,0.1749557911983145,0.8822154229087456,1.1966205249135,0.09598419055252388,0.4631569441856372,-0.17422483904234085,0.6391793145161683,0.4595066680552208
328,0.5803629108798588,0.5891740948649659,0.2875980570648891,0.3449082019648556,1.1320306757457106,0.8057460981713636,0.17461134392375027,0.9010216323872847,0.5053015134906508,0.41523149712758767,0.798033754528573
329,0.13410837285026347,0.07233831814641054,0.2914701425331559,0.2389913143143257,0.8713413094257153,0.7602410992719755,0.09884075196779951,0.3684540739220778,0.17905593476961287,0.896776654501663,0.31271079260502155
330,0.018602994349605714,0.41635275402607025,0.17784612661093546,0.3115277175216933,1.2457887277156448,0.8906275161888709,-0.04246981485265072,0.4621647962541524,0.5115662765123554,0.782522125812162,0.6759097453852032
331,0.5995415543679472,0.27030222675430243,0.08043230176711312,0.3895869630227012,0.8319598131921208,1.079558035850242,0.03236788907183835,0.669931522956032,-0.3798499973931052,0.5650781094388752,0.6237620698788666
332,0.20384236224215108,0.587408382154154,0.37231641615700617,0.39352075290343524,0.9132558155987226,1.0603012010255242,-0.19383217531888114,0.7785439567283733,-0.14909455078968123,0.6043746278018475,0.5442635673212198
333,0.32797395883307484,0.462103942584063,0.08914456777942302,0.1530286429416634,1.1819861428909335,1.1746790581358302,-0.19094782864254273,0.5161255560691121,-0.11657575201194531,0.604961049291431,0.515561973891503
334,0.4064593526405437,0.36355851603299566,0.3931318723647553,0.05797234473501355,1.052963271464801,1.0388271640187667,0.18451050188392326,0.6105610428866541,0.17719619102618345,0.6149910656632303,0.5234897406412637
335,0.315560161032574,0.4260824713197549,0.34886578792075557,0.20676442850277993,1.2807857460961256,1.1043662267122107,0.10885854793074129,0.6486364243879321,0.34053922245824664,0.6291786838238356,0.710066096432205
336,0.5182591779065688,0.2960710360092851,0.05742950231872798,0.12888178978950857,1.0885066610191176,0.8856996034956032,-0.14239563677579997,0.5003207530120453,-0.05068265020092738,0.592834893042073,0.3740894574540548
337,0.4355099222659505,0.29410157763675243,0.16677930010175845,0.17300894049217083,1.2148681991056403,1.0512008716206376,0.13852591415225357,0.5346998702483161,0.23148906932265723,0.6351942500486485,0.5692906573744902
338,0.3718420096306461,0.2937488551251831,0.23465336757460037,0.18299142271593682,1.2877226632419139,0.8414038609888738,-0.008122192244948478,0.5416178275231832,0.3991500327553601,0.6672045676220854,0.6384187817201863
339,0.1702494882650069,0.21218097165186914,0.18914002340882638,0.15405115827919857,0.9906387283649,0.8355197281446437,-0.033877543733683596,0.3628108208024505,0.14220719818000377,0.808784770041562,0.3369882613563684
340,0.5454914001192012,0.3298574785967686,0.15553975976226508,0.2107965530971465,0.8895716497966861,0.9467426491910179,0.10120512546718335,0.6208425957876906,-0.06378283468836471,0.5623255606420151,0.39568531387502115
341,0.45417307180651423,0.574951157424552,0.3947712551336637,0.12616314687003854,1.097946354830543,1.0825844773616393,0.10879562611155574,0.7750293156173843,0.18454654638947837,0.48543788538446686,0.6158723621286863
342,0.15384288638872473,0.276005253223116,0.0862969530308646,0.21512420348912512,0.7917256444643479,0.8436668466280599,0.11776142196025591,0.36563464806591517,0.12690140321373952,0.7850759301940796,0.28124282392771177
343,0.10092463749769774,0.35114815603582766,0.08564298340208197,0.2408776909206631,0.8000516397501523,1.1088664735570746,-0.10291896478363743,0.38929673392813524,-0.28662203932149477,0.7739636032332373,0.4549214454909577
344,0.4072021287722691,0.356440833378462,0.33092724163797316,0.19761016383469956,1.0243498524779686,0.9402775374559876,-0.18979484616796657,0.6460901838117019,-0.13110317884288913,0.6181785189246345,0.47825482831390337
345,0.3845356277654857,0.49665797880328405,0.03138894545575821,0.22357305027794677,0.9478411228424146,0.7755256937908339,0.11032080770143327,0.5680778011512374,0.33869741227191313,0.5594031967156151,0.511291271981955
346,0.2959408072656368,0.03534183927492641,0.07963988876015385,0.173709719611711,1.2267588274857348,0.8567848917632286,-0.06585265141686855,0.29231612745621405,0.17382180031028246,0.8343586767297184,0.39210546098089594
347,0.25274559034035604,0.2749030812885064,0.30251265977473074,0.043765529481891614,0.7568065220088509,0.805181635802902,-0.12998278863385232,0.4369634304427424,-0.16727915695382828,0.7361756641855688,0.3156499058023322
348,0.5000474869316827,0.40700139307893946,0.1918251487831201,0.13569755167610276,1.1500013995645968,0.8271037664055594,-0.0688809621118015,0.6172857902349225,0.2074936241208643,0.5464755599946889,0.5156867820590266
349,0.12267633734480138,0.103511174761643,0.21817137208619736,0.0691803703809103,1.2883574341262016,1.0404502130427606,0.12936592345947806,0.256769627286776,0.36769056325133986,0.8869062439467779,0.5555241006577549
350,0.390805599622939,0.3739678703825983,0.16814338111866367,0.16928390273784424,0.8604251436191892,0.7704774954024777,-0.17984247857155514,0.5511003769310225,-0.09831369497501394,0.6176132649972313,0.3371540275128342
351,0.339539283979948,0.2032361060755647,0.09298904008773676,0.16005080511383935,0.9521925690662272,0.9951457551529168,0.07496309001982226,0.3979076176285444,-0.03614168501905901,0.7286123049722437,0.31768263911763917
352,0.18106695720741775,0.15855959006412676,0.10726902365899652,0.14096261749096403,0.8682451824341489,1.2211968451340736,0.10062149999153552,0.29392909421075253,-0.2635838462800346,0.8301867263642277,0.4480824523443774
353,0.3126815349877108,0.48076600780141976,0.11419209853612167,0.08545270704550066,1.0131697721570267,1.0275141955592042,0.03992278992418424,0.49654617418537644,0.10962060292886128,0.6032762286054347,0.42456182336052517
354,0.5217759698740447,0.038433513811754236,0.3073979386420565,0.19750606393469633,0.9639365499175231,0.7165970166852382,-0.030326292254220427,0.5325567431312759,-0.02465798705308081,0.7198952581571005,0.29795088113504914
355,0.5829699943239537,0.5083364965163866,0.06207891800954925,0.31635567169212053,0.8166348041484239,1.2508245423619773,-0.026560855229961433,0.734870540271005,-0.4980673423472983,0.45434675457982987,0.7596534581443812
356,0.30836943354659824,0.2616460183858453,0.26124653348737104,0.2225911434211164,0.7740686481277935,1.0040729553383343,-0.05472778030221789,0.5269265644204655,-0.30809379509313517,0.7149922740337782,0.49016230369059927
357,0.5595008399769646,0.24237967332291446,0.0909267940174204,0.010819801492078918,0.9029025097057926,1.2350336811158737,-0.06482133003397336,0.45181355440468923,-0.5555130847710796,0.5990597433500604,0.69851732032994
358,0.2556357891524771,0.24843776236507215,0.040587033872114854,0.06814307303533139,0.7705224399635735,0.7489481407797407,0.015952220625628538,0.30640182921249776,0.03392750641575887,0.7479632242412254,0.17278488072028297
359,0.5417419482609833,0.5044603607119943,0.3528653437014374,0.3779416670797058,0.8468639808088512,0.8820708315644067,0.041913947512768696,0.8885046598770604,-0.011933697017281336,0.47689884551351125,0.44479578525450747
360,0.05810207598916932,0.4190620102549812,0.3142527626916014,0.3041495362856639,0.7216526767957547,1.274709404121139,0.09523462653607473,0.5477831926107078,-0.2773421336564037,0.7614179568779247,0.5346090774673489
361,0.12065850601954625,0.37750254744999845,0.08414748563307757,0.011351941337013782,1.0218164724040382,0.7511857026692693,-0.08160659288023847,0.296830240219818,0.31744619756975645,0.7509194732652277,0.40245035839810794
362,0.2736251444525036,0.007448637743120652,0.07568741366423903,0.2830490872643755,0.7449925616716505,0.8172941592040741,0.062197123952273614,0.31990514156211936,-0.14319272693484145,0.8594631089021879,0.25444937300468384
363,0.4713378064270131,0.5607961697675027,0.07070006956487611,0.06938898205020114,0.8677748331161839,0.9346180408701701,0.08673082907689322,0.5861115139047965,0.06461680299315178,0.48393301190274207,0.37381290585439825
364,0.21280820065942374,0.40782362371744524,0.04018267632950562,0.20140028789721037,1.1742137557207455,0.7036299989376554,-0.18571408843419757,0.43110739430179246,0.3823773798779032,0.6896840878115655,0.5213303243120592
365,0.165784337058447,0.08998497587819689,0.2782950446109066,0.20861451210880136,1.0881814031269113,1.288229398323668,0.19932867575663932,0.3713394348281759,-0.038619000030242386,0.8721153435316781,0.4158098743120606
366,0.3355519609710972,0.07289005529709419,0.3461584221340086,0.37024157389948864,1.126575248180496,0.8211400288865353,-0.1854619983696806,0.5624210061508443,-0.011357731912721325,0.7957789918659043,0.3687118608747284
367,0.24240266682024852,0.49799051805650196,0.23657696660126948,0.24729959649884703,0.8729039351031916,1.0050728770592663,0.06695203360792634,0.6121348739884335,0.06257701726997841,0.6298034075616248,0.401894362997975
368,0.3007819650328352,0.44108462025018386,0.3479510841851189,0.05722952712149007,0.763584389557869,0.7258982801494253,0.08636930382937613,0.573523598294814,0.1942067408464942,0.6290667073584905,0.3683041512526457
369,0.537483223073037,0.45659766351217124,0.3178218973177856,0.11186625630931307,0.8901004042531078,1.0483293459035177,-0.1477609483532689,0.7118845201061534,-0.3464326697841117,0.5029595567073959,0.6272208474520847
370,0.05173940338038075,0.07146412181635797,0.10253897309929316,0.0811502358445094,0.789222765523174,1.2130520090219008,0.07916450620279686,0.15344636707027065,-0.3348023780779413,0.9383982374016306,0.4128286673111418
371,0.0705558864963655,0.07803449722845991,0.1284197340634122,0.11663551872918046,0.9659995618671406,1.2115259526409876,-0.011101384215774529,0.19682281825870904,-0.2528884696235743,0.9257048081375873,0.4248435877046603
372,0.2861810512015842,0.0851135057106472,0.20335432047858257,0.35430697909502284,1.2756003686204385,0.7477892662435232,-0.06355465822325113,0.46447792824291845,0.3637226714081957,0.8143527215438843,0.5598721828580753
373,0.121308444368664,0.5097042973199587,0.08009084196516206,0.302691544845506,1.131103444133913,1.077881510768882,0.15565564553259165,0.5068975642496454,0.40307550537326997,0.6844936291556887,0.6468505676495189
374,0.027106159430058948,0.14465871019895457,0.23924900920751033,0.08721616149517619,1.1384629982610208,1.2640409054255228,0.17177151472345925,0.24911502016585002,0.10496988294340505,0.9141175651854933,0.413253913754019
375,0.08854650294964911,0.3002637756624193,0.009862959057339889,0.3890845787972157,0.8300552113972135,1.256750543206326,-0.14059862595885889,0.393878908233312,-0.4614353214115862,0.8055948606939658,0.6061141947911615
376,0.19506734299457168,0.06562190881843537,0.11099160974689769,0.25382856283269967,0.9781213590242097,0.7832744335914568,0.13807082564912276,0.31275471219630224,0.26819503399380756,0.8696553740934965,0.37636785342872203
377,0.2158809702220311,0.23117002634596362,0.15049600599540155,0.16897005238318893,0.9316822441750271,0.9428253697885296,-0.07915264688849716,0.3832585274732926,-0.0826512444400334,0.7764745017160026,0.3215210611442263
378,0.08296235372424042,0.5563207501033429,0.3793341681161891,0.37326146279320405,0.7918041406823694,1.0693479022872852,0.1216744337265162,0.6959393673684883,0.08080987031115167,0.6803584480862084,0.4421496798765
379,0.41715325214428917,0.2715282779005728,0.32522922040010704,0.25824222962817095,0.8058607204502343,0.9267364345858053,0.05070968992237346,0.63607649003657,-0.1429785113350558,0.655659234977569,0.4233669915746714
380,0.5466955822976797,0.4953620683663027,0.2894423663642339,0.3987016075927238,0.9379050337994215,0.7385165098231896,0.034441934352890474,0.86510081231047,0.20816370136343385,0.47897117466800876,0.5400439316479011
381,0.05635793134077349,0.2900551075612559,0.2082130906528431,0.05815428725981138,1.2751316345878552,0.8131608131074879,-0.12058875228497179,0.30639020840734194,0.4582306573056367,0.8267934805489853,0.5695675896701546
382,0.15625080052274612,0.5138994100733809,0.17501114221959174,0.01407286587601677,1.2797526112052573,1.2961951729034915,0.058879769152993866,0.4296171093458678,0.22126151223007706,0.6649248947019365,0.5985906971035806
383,0.32528780959859727,0.4655079046767755,0.027766927015307696,0.08428587520256031,0.8195564966068439,0.8870567288023847,-0.07786856140966923,0.45142425824662036,-0.07525874606612093,0.6046021428623136,0.3023782572906279
384,0.38204692520636535,0.42869331374194203,0.19522054141283351,0.38504747698461744,1.051674556908422,1.2016078332512776,0.17205005966047793,0.6955041286728791,0.045439977585410685,0.5946298805258463,0.518786235560323
385,0.111500480382166,0.45970820506827886,0.38038714024195985,0.21744267924652028,0.9154775599760092,0.743986748672344,0.002586903829064846,0.5845192524694625,0.34818157747578643,0.7143956572747776,0.5075827246353453
386,0.24336728158495044,0.4093126218321178,0.2981161766384207,0.13461263787215375,1.0378645093976742,0.8150620311893088,0.10593184339633654,0.5427043589638214,0.4117069917282856,0.6736600482914659,0.5773375737692457
387,0.14061431774139985,0.5808168033943789,0.29190109737067726,0.17630013184842647,1.1529163006912229,0.8380836618668358,-0.11569055901616454,0.5948161751774412,0.41924332263471203,0.6392844394321107,0.6372224542913183
388,0.09209809288396505,0.04200547651319868,0.32159514363963115,0.022977405563795683,0.865892626574377,0.9107155315741539,-0.07414211261582113,0.23933805930029528,-0.14401132580098114,0.9329482153014181,0.2762940587378395
389,0.4863537951846606,0.3706992372116407,0.1685036739073457,0.2720861164363248,1.1991180020075327,0.9883639257556069,0.034042838001854925,0.648821411369986,0.18696963526727076,0.5714734838018494,0.5685808276491418
390,0.06839837563579453,0.2884207445576264,0.251377983085979,0.151466362456136,1.1468367728864934,1.0573239775090582,-0.15327260924324387,0.37983173286776795,0.04625137059510734,0.8215904399032895,0.3807237031030596
391,0.1694822248554243,0.12677598244721208,0.3133698820189486,0.1735627562676566,1.0168933548315007,0.9068950132975075,-0.11670592480024446,0.3915954227946208,-0.02806070447035744,0.8518708963486818,0.3044216838323149
392,0.5481836609335344,0.5335303431911663,0.16071749083863784,0.3407253351585218,1.2919017844922696,1.182980238391181,0.13350988106448708,0.7915784150609302,0.23510476829439164,0.45914299793764957,0.7264147327218698
393,0.5233655926486894,0.21309756991301673,0.11156768585442488,0.17804716891622477,1.1567214896775682,1.283878189422576,-0.19547937142183155,0.5130390086661779,-0.4777700825346757,0.6317684187191469,0.7520275727623125
394,0.5515955081596235,0.23188494405999308,0.3877388851102035,0.3660323561341734,1.1229396867991501,0.9128105413132923,0.07637101801056162,0.7686258467319967,0.12664488144660419,0.6082597738901917,0.5423748245888719
395,0.5364331168968336,0.14553284072040037,0.005329862211729525,0.07886355197419828,1.118205399851154,0.8313029305253246,0.11928019495771275,0.38307968590158087,0.21073252619532568,0.6590170211913831,0.41704847267194745
396,0.17406754626111795,0.5621706747738895,0.3716983637759258,0.10985810987152139,0.7878108419251177,0.7482915710823766,0.11229610309916532,0.6088973473412274,0.3458669381982922,0.6318808894824963,0.4851047051073399
397,0.31431886718279756,0.016129831660146473,0.2719586708569166,0.06494488398394617,1.1293891534891602,0.9584700199370765,0.05572324596291767,0.3336761268419034,0.0775478617536759,0.834775650578528,0.3519639611455261
398,0.05838789026054012,0.3164764990245858,0.20922601687325365,0.20424583430742344,0.7204984822172383,0.7239549163552407,-0.06629593243761542,0.3941681202329015,0.05929193780640507,0.812567805357437,0.2043557604201234
399,0.4644069315517008,0.2622920410702273,0.300568134112276,0.22814929357426916,0.9613880262703378,0.7637923088690451,-0.01230815815327252,0.6277082001542367,0.08423011400728339,0.6366505136890359,0.38291643225091043
400,0.37020106291132926,0.5079045222497997,0.39517547837369066,0.12656165681970763,0.8553285855100107,0.8114531409738663,-0.03733151196452228,0.6999213601772636,0.07539566224085725,0.5609472074194355,0.39190137303638906
401,0.05236138207611095,0.16188971512567288,0.11193369882126306,0.19358201430300048,1.0804760560381876,0.7499838967453863,-0.16601597858624706,0.25988340516302366,0.2192403472313352,0.892874451399108,0.34311255859990414
402,0.023983024616617128,0.07526479542211495,0.15668698623948532,0.15096130945982722,0.8011392374945914,0.8386460124626138,-0.15171512360598455,0.20344805786902231,-0.1635810131712581,0.9503760899806339,0.23947414353966512
403,0.5161925127789366,0.21536756741302884,0.20361765578632443,0.05200769701283667,1.0607565552225902,1.270320872517062,0.021912002624269095,0.49359271649556324,-0.3380647873531567,0.6342199599040172,0.6330453159450324
404,0.37571249019585123,0.12495818754171178,0.18271121838417562,0.2870195138823371,0.9043223206373099,1.0829041536700164,-0.017873537873733636,0.4852007050020379,-0.32183252223350983,0.7496646611312185,0.5339864139177526
405,0.03441409947387597,0.3206101035464621,0.16629181196824702,0.1622513154960682,0.795372602628738,1.0517278353185127,0.16782680071393208,0.3417836652423266,0.05456957006045046,0.822487898489831,0.2812303176200136
406,0.4029370569857474,0.2866527862410398,0.11391622908741622,0.1501648712281724,0.7454604681908777,0.9687614746890607,0.19209299703360766,0.4768354717711879,-0.0893501448369291,0.6552050783866064,0.3228997613306172
407,0.5073741183393562,0.4617718586496604,0.21942747268739368,0.33567398207063676,0.8618074978624362,0.7949451782732453,0.18722418206368818,0.7621237158735235,0.23128537180803116,0.5154270115054918,0.5078088784681485
408,0.5648034790824451,0.5499409913512938,0.09570088411074135,0.24861684105209944,0.7045513436373351,0.9672848301018564,0.02027291106607626,0.7295310977982898,-0.2498918192640207,0.4426277647831305,0.5097065741125262
409,0.314937449870232,0.0549510887966843,0.12475045724754828,0.14703582341057783,0.8190658397672719,0.8926415732912766,-0.13641448893241814,0.32083740966252117,-0.3399834029931967,0.8150557306665418,0.4102518589255636
410,0.31822712495609884,0.3813253588880099,0.11959189554871835,0.3863001807296245,0.9465289088485871,0.9764699235125611,0.01069017190261562,0.6027222800612257,0.012298274204597115,0.6502237580779456,0.3792175846375357
411,0.20855921619877069,0.4292825763639066,0.22439960400242942,0.3719352522557485,0.8343438601686347,1.1754701959604423,-0.0849316299481605,0.6170883244104277,-0.31569628565740016,0.6810791037186614,0.5887066151908804
412,0.24627096135837917,0.2788669060186952,0.12759030825836498,0.2308234532394919,0.7431350151272865,1.098923884751223,0.18554138126939596,0.4417758144374656,-0.15394951602438256,0.7374310663114628,0.3795947603592432
413,0.12421123408560403,0.520429403855898,0.3069558840193185,0.36240532071939263,1.1493469367384352,0.8512152994644746,-0.14008160525862162,0.6570009213401066,0.35615911690048596,0.677679681029249,0.6266363977270618
414,0.14182615709786278,0.21754794986081832,0.22864641927460913,0.035627502668608216,0.9753104633629359,1.1008017585933543,0.1650483499755634,0.3118240144509492,0.07741795112662281,0.8203129465206594,0.3402084319454259
415,0.40521073505766686,0.26761925596110997,0.11277695957984842,0.3376308542548299,0.8052593131687874,1.2167773618726136,-0.07605967367355454,0.5616189024267275,-0.5563734619256593,0.6635850044906115,0.7139808068864368
416,0.21807996754150136,0.36379589177116484,0.36061750107704493,0.25673800592875756,1.1396535285549487,0.7012873643254038,-0.02721378839713312,0.5996156831592343,0.4840103379472435,0.709062070343667,0.640487699252128
417,0.06977468275293551,0.09480036597809129,0.26119700680155733,0.19913558172687204,1.2167955134194641,0.9057640054992488,0.09696408400645767,0.3124538186297281,0.4205084335392508,0.9177124756344865,0.5579264673051201
418,0.16458959993786337,0.18504711219113154,0.09385392611879158,0.20052108708160535,1.0098434233431917,1.1576754176967436,-0.18062525421743406,0.3220058626646959,-0.3182284924443519,0.8251816439355025,0.5116191507924734
419,0.4578708556697166,0.028999900028585726,0.04701128339704247,0.11027136635885222,1.1271484682743376,1.1870532237203446,0.025595525298765243,0.3220767027270985,-0.24874470796780723,0.7565646221508489,0.5066279288701943
420,0.166808024449485,0.4720665106487227,0.21207404962292586,0.09753254204727801,0.9866298393102366,1.0507490336084628,-0.12492976226565665,0.4742405633842057,-0.036419713464264036,0.6805627324508962,0.3708927716619156
421,0.08172098951234409,0.4440253839551907,0.14364988220653965,0.031938568853220904,0.8507339867941904,1.141511231852017,0.18643464755737515,0.35066741226364767,0.07680959972097182,0.7371268132662325,0.3344140293995941
422,0.5852892728545989,0.314198171347166,0.27753718980106634,0.3471952763647284,0.7604512318050034,1.1674515879620313,-0.19511890487690892,0.7621099551837798,-0.7376648117876532,0.5502562778991176,0.8794185740878626
423,0.4392181237753496,0.12653954308732718,0.12616312850259775,0.1182971398103877,0.9504742349765365,0.7808077270686619,0.17428661377990268,0.4051089675878311,0.1876138313437661,0.7171211665686616,0.35743237635269165
424,0.4736556928187853,0.4924900091028782,0.15621234662521116,0.2689396750939824,1.2063230907560905,0.9952416434374738,0.030597710120218335,0.6956488618204285,0.25109631558088147,0.5169271490391683,0.6293085176250913
425,0.2839082832168694,0.5510076567416273,0.244115999623511,0.06251354762360288,1.061874940061763,1.2894318367389719,0.08148871313931144,0.5707727436028053,-0.01251849677551839,0.5825420300207517,0.4736468897066169
426,0.32214029421428075,0.2654362496283299,0.007173458878491768,0.2635034826193242,1.279563575689239,0.9846706674465961,0.05993586475002288,0.42912674267021333,0.3264767506996903,0.7062117280786947,0.5835953082718583
427,0.5870337556083399,0.17712548092148203,0.07447124771169125,0.274676182596745,1.1460706272803833,1.106462193543948,0.003010845127138312,0.556653333419129,-0.16233485847985532,0.617920381735089,0.5331954536616477
428,0.42980693166514516,0.35987394772570586,0.2452083027041653,0.24076076806916366,1.0637024673152782,1.0122435424078293,0.01030205810112253,0.6378249750820899,0.02679449103885173,0.6051595603045745,0.44019318708692395
429,0.01455259499960382,0.4205493114625937,0.1908902328662205,0.36456400591110283,0.8805335498089621,0.9027522966621446,-0.1803003345333746,0.4952780726197605,0.00047927684493787037,0.7824490467689013,0.2942202567726437
430,0.4546242384560976,0.13266641888953967,0.22449517079158793,0.21972072390211295,1.08563283636842,0.9749746332885871,-0.14357925907380595,0.515753276019669,-0.19389996577725205,0.7063546713271813,0.4877931572884706
431,0.17814506409937766,0.16060430241479787,0.2939061310938154,0.15544269994623974,1.2497546004070876,0.7609154544511447,0.19577170775755193,0.39404909877711536,0.675840472871205,0.8306253167429123,0.7157914369481272
432,0.191811507067153,0.23271522643974776,0.3194932265404249,0.25485612787950324,1.210838549822708,0.8125732067960816,-0.09031596239269424,0.49943804396341446,0.32840124032022966,0.7877366332465496,0.552668900932201
433,0.5249613255405271,0.07904766534724657,0.3963079587383771,0.10800585417513271,0.9533763408505643,1.105229328438167,-0.04080199398611778,0.5541614019006418,-0.41561181167036065,0.6979955045561131,0.6356830650846559
434,0.4594894139987461,0.3974186752242161,0.17344811226940735,0.3140302878465284,1.241941165468515,0.7231315695563175,-0.17229980599101533,0.672193244669449,0.31547442053391717,0.5715459553885189,0.5994301339443381
435,0.24901475740570425,0.18632341150517912,0.12254298964484459,0.22483253415397553,0.7064507952027782,1.2058680652518001,0.0007609821172908371,0.39135684635485174,-0.5300019608819937,0.7823309155445584,0.6026236301847814
436,0.38781093109764736,0.5665302971069666,0.35135415751229904,0.330601786078339,0.8154295917400446,1.1637090017747322,0.039513771715867924,0.818148585897626,-0.21940595531416016,0.522829385897693,0.6036876559262407
437,0.1354380603936262,0.433441332395622,0.05782323957050198,0.035502209663005664,0.9544703144007132,0.970375646895824,0.09462158731230808,0.3311024210113779,0.22771789081819516,0.7155603036053759,0.4002831932196026
438,0.1437541793540706,0.43189083422683394,0.030507349193827905,0.19462061669509245,1.2675902457340644,0.8476215917785841,0.038873694555361826,0.4003864897349124,0.6029106759472238,0.7121774932095477,0.7007039608404614
439,0.060765864387544916,0.2886785448776889,0.21043727709855783,0.17026500411744624,0.79923342479295,0.9306347153144766,-0.14250691986752426,0.36507334524061896,-0.15995187014397888,0.8252777953673831,0.32446749520949164
440,0.06286682864913176,0.34673165564710856,0.18693627432163343,0.07008763240358769,0.9947434282122898,1.145610234773689,-0.040082103940186076,0.33331119551073074,-0.04901649700259686,0.7952007578518798,0.3478227921523451
441,0.2823278314929272,0.5000719119238557,0.1332323651488126,0.3784500707382904,1.1014503650012188,0.7216898425689183,0.14281416751822545,0.647041089651943,0.6314467301659902,0.6088001282916086,0.7434695258529056
442,0.3969207000016985,0.5531715159015401,0.31316657518714064,0.22664388954329107,1.2536453877452363,0.9794980356451833,0.04121871849019651,0.7449513403168352,0.3934914785401703,0.5249538920483807,0.7423612790984413
443,0.5152827482469536,0.5016243724366108,0.05409566446387152,0.026543621731149908,1.2083943886239465,0.7004011154058045,0.05454142918477667,0.5487732034392929,0.5557055144977473,0.49154643965821776,0.6801314660818034
444,0.13248798472903123,0.004837376740478411,0.09547928266401577,0.1922979253950826,0.8789733023210835,1.0380061307691604,0.11341948043266264,0.21255128476430402,-0.10943865200969063,0.9313373192652452,0.279928563384097
445,0.5312205322591855,0.17810430415694348,0.2797306686770393,0.18589175572192193,1.0502362984139941,0.9819026920390337,0.14386704914598558,0.5874736304075451,0.035642541469824984,0.6453375817919356,0.41440972465817
446,0.39460124936381324,0.5961274925929786,0.08672383219813345,0.023922796985536496,0.9408749568570021,1.1841226735571977,-0.11787555880319554,0.5506876855702308,-0.2603601538888085,0.5046356290216041,0.5577405741649273
447,0.02523363172448244,0.4803439226270013,0.31603955787473975,0.13116067336354967,0.8007742254235746,0.9479671786734917,-0.11030440862919261,0.4763888927948866,-0.029942216427850277,0.7472112228242581,0.2957062379989315
448,0.32349416505542056,0.33476590939295997,0.13368923717801726,0.32504938450688137,1.0400179974203907,1.215296185647194,0.140001593697959,0.5584993480666396,-0.02964072236007459,0.6708699627758097,0.4550127184095968
449,0.4013618018464087,0.5125037951912351,0.1457442022258038,0.29010596782229525,0.8621729697280469,1.0990849393089561,-0.08687351682794245,0.6748578835428714,-0.2682144897364384,0.5430672014811782,0.5711863245182623
450,0.06539950522989918,0.11664088290657403,0.14985845654427066,0.22235048506755317,0.8594883167475375,0.7910009504125244,0.08037190665164529,0.27712466487414855,0.17447996182499578,0.9089798059317634,0.2781601598346724
451,0.5231658520787229,0.4416503842471005,0.33587515890025854,0.25040710772101055,1.1944213797950018,0.7461144572306037,-0.002285969721158465,0.7755492514735463,0.40526321892742856,0.5175918818370883,0.688511591202277
452,0.23363951706652375,0.13938561175613692,0.0015615235999942101,0.06712457596854618,0.8325540168031295,0.8256375194768697,0.11120536356966038,0.2208556141956005,0.07099490824072673,0.8134874355886696,0.19548707469267604
453,0.28939680927740524,0.02177354307898684,0.026006165983382686,0.2653287953783313,1.086375891056423,0.764879796639486,0.06825412868384845,0.301252656859053,0.25593859000157615,0.844414823821804,0.38687813866854415
454,0.4439973818270912,0.02669565949346351,0.2792251939996495,0.08989706772512202,0.9829050920961683,0.9608957338673305,0.18197692293133344,0.41990765152266313,-0.004664580006642632,0.7646534793397226,0.30671201510392565
455,0.4835516730319721,0.29956379345642314,0.26445437021170315,0.17234268046429901,1.1894270088593137,1.111482982319413,-0.015210742310770575,0.6099562585821987,-0.029260655558644322,0.6084422667558024,0.4867663945627478
456,0.21626794117806777,0.3457800466979174,0.03494084900764597,0.1718447785810791,0.868866993852436,0.9195435404160183,-0.009261721487489077,0.38441680773235515,0.004817784708853509,0.7189760060620074,0.2537600274853677
457,0.34564092322826817,0.362543095351308,0.03283090436166993,0.09163332788620027,0.8142103644297354,0.8638430568111327,0.08183331835876706,0.4163241254137232,0.04065171203888965,0.6459079907102119,0.26043403269904014
458,0.4523978302531291,0.5147624573304923,0.3991562050697197,0.3123618586187269,1.2493889785654897,1.0937792375157345,-0.016716259522640192,0.839339175636034,0.17007579506579665,0.5164198562081893,0.6735732013141977
459,0.12324587203539322,0.1847121382952658,0.2337008393591407,0.026258079232344963,1.0083922039907969,0.7664316468276803,-0.14613224022165638,0.28395846446107237,0.12656145007139652,0.8460209948346704,0.2832262185318861
460,0.21463545267886916,0.3721128779080875,0.20689602944096236,0.11292177918783496,1.2939165969528927,1.1393152996541764,0.15852912961533466,0.453283069607877,0.39186913952866015,0.7066258347065217,0.6747426857121143
461,0.49668309738811117,0.30321114364183105,0.16540659534359853,0.31582425997525754,1.0515327261019167,0.7902890174344929,0.09876002727641109,0.6405625481743992,0.2632677590706949,0.6000528794850288,0.524641110596279
462,0.21350144796764742,0.0035204722114351426,0.389218356688372,0.3682860541238224,0.8929868774058424,0.7796067516362224,-0.07315930017807123,0.4872631654956385,-0.0647696622865574,0.8914890399104587,0.3019154708307061
463,0.310462220453199,0.18784850406064005,0.23828003003766884,0.11875406613022721,1.2330662689283656,1.2499926778049262,-0.10912076273339631,0.42767241034086756,-0.1873540298062364,0.7508446377430804,0.5542461187034118
464,0.487872345954653,0.25171645589345576,0.27041145639036585,0.3369787947974623,1.2158374477639682,0.7885066146907934,0.1355850758830388,0.6734895265179685,0.4448379639256149,0.6302055990759456,0.6873846045762467
465,0.23771759930384215,0.020939138969487348,0.024276500604598798,0.337373873381198,0.8307742149246118,1.1937524098604912,0.05692155345695482,0.3101535561295632,-0.414445871646102,0.8706716308633353,0.5288606016357622
466,0.4187569337441635,0.26431375028025156,0.3054645217466317,0.07630876823681744,0.7418867326612818,1.1369419532237606,0.08441938312273989,0.5324219870039321,-0.38785742917169486,0.6584646579877924,0.5653904237758504
467,0.49251589215467795,0.5418241912684955,0.16936209499860996,0.2681433358378547,0.7229740441731144,0.9905775286657872,-0.033127924443274254,0.735922757129819,-0.2760772593790383,0.48282995828841324,0.538403351689076
468,0.32970991880919137,0.43767998484749115,0.21107046919901462,0.3919578969624868,1.2000012158854443,0.7791798340184882,0.09788974597956668,0.685209134909092,0.5726961608656727,0.6163050481716588,0.7624966129590236
469,0.2759434620813323,0.25728556370560635,0.06254450763484104,0.10454860934791804,1.2859473670522026,0.9171458968141063,-0.04737334956658376,0.35016107138484887,0.3120991714836495,0.7333854871065306,0.5280972474107064
470,0.238588353076885,0.5341677245082864,0.2417683893567204,0.09580337369306521,0.7513078107506169,0.8116202218676437,-0.1895025176886814,0.5551639203174785,-0.10202524309000746,0.6136219612074143,0.3240127221355611
471,0.3897018122637239,0.4899124664322666,0.18558940835947801,0.3628229962946721,1.0064084956169397,1.0460464365508715,-0.01719976357015507,0.7140133416750702,-0.006732377419815527,0.5601928606520048,0.4527584961638703
472,0.09376878619709728,0.2687715817360204,0.22517524580918977,0.18998979937441596,0.7710402286602922,1.1481570612999628,-0.165973355342738,0.3888527065583617,-0.45558879021294707,0.8187298160334412,0.5586936792411766
473,0.21003785607598638,0.34827236755995117,0.3705533444274416,0.11548324223938988,0.737161616474555,1.2137575237328848,0.08355928560450038,0.5221734051513844,-0.323919365911847,0.7208448881820313,0.5409507666595219
474,0.27894866541538893,0.4492132661344775,0.3867950137360649,0.30382638575369747,1.137575391453952,0.8879191906411468,-0.08544172292151958,0.7093916655198145,0.24934677825082985,0.6359190342250668,0.5897383786821984
475,0.03309187547813165,0.45095609867773967,0.03686049116597581,0.3605974106758007,1.029866178323201,0.8356335126120037,-0.11410998834953484,0.4407529379988239,0.2890547889614665,0.7579760129220643,0.46610897131021073
476,0.2501842791094873,0.203854395574227,0.24265332497549702,0.0434594601266843,0.8964851994943338,0.7084701238707785,-0.1621169352908439,0.3700757298929478,0.0027331985650812934,0.7729806626581428,0.20090904193750603
477,0.30748753763522446,0.38379591662778695,0.38887129077625077,0.35913695939468465,0.8433378938390139,0.8988982028480574,0.17053124496569383,0.7196458522169734,0.15312512545293155,0.6543582728684942,0.46529244033031614
478,0.43272268487934556,0.3572462250882568,0.2768904600954724,0.10784291597657564,1.09058027939784,1.137930340415259,-0.07041548904049161,0.5873511430198253,-0.15550377995345488,0.6050155450161988,0.5353703801332779
479,0.35800263380971403,0.5301027051952387,0.019857473006537226,0.20177576020997345,0.9589116345109043,0.9803932343188817,0.16013321513457462,0.5548692861107317,0.2247016510193596,0.5559473304975237,0.491594922263355
480,0.3484091615117348,0.5793922713267834,0.06776594087134348,0.3193614270128437,1.1060111800518178,0.9134018092685348,-0.16027761800527446,0.6574644003613527,0.14782330768553284,0.5360992835807409,0.5065329920859489
481,0.15981155350627438,0.3737189695171922,0.3650235832481299,0.18404291756851576,1.1307782165943374,1.2922869016321095,0.013934728737174329,0.5412985119200562,-0.040620248295138814,0.7332347384882667,0.4966578333017174
482,0.33809565082052295,0.1431453981426462,0.17119594826506343,0.10203384122516415,0.9775270448635994,0.8068274390339436,0.13468530243960836,0.3772354192266984,0.2079097819303258,0.7593794755184154,0.3717286578232606
483,0.3210802345359504,0.5208465662556027,0.1545772670334517,0.36951892888485294,0.9125888515407365,1.1928706131600824,-0.0055778118663410425,0.6830114983549289,-0.18597640762586073,0.5790365996042235,0.5611553100926927
484,0.5253364367629136,0.33103889181141616,0.19314468519940237,0.036520546572525334,1.0390155342286116,1.113982993737657,0.037303821858088726,0.5430202801731288,-0.1348124101267055,0.5718123357128351,0.48634519013684196
485,0.17824384178246416,0.3851551310794636,0.19435593198195755,0.38412321716062015,1.2726112219744627,1.2627587035508103,0.06006623089913954,0.5709390610022528,0.17337439397129167,0.7183005135690361,0.6162427421649944
486,0.11368594569129306,0.253855681575998,0.07284880364760292,0.07207499689237994,0.8106904606622534,1.0610489736149504,0.0009976097984355226,0.256232713903637,-0.17927603521190905,0.8162291863663544,0.3279935652579012
487,0.35093951317331895,0.22880469231091596,0.3419464091123084,0.2201955308149997,0.7491673708154999,0.8300202925058352,0.03630716781573212,0.5709430727057716,-0.10561316430580468,0.7101278972578826,0.33654204349612526
488,0.277427981074373,0.5851279279727865,0.27517707881818376,0.030059886525937846,1.0564835393830272,0.8971946385554271,-0.01066360162638813,0.5838964371956405,0.3024752726504186,0.5687220454764202,0.553463282953121
489,0.44495843218097786,0.4253074854706862,0.15338853503257477,0.19276545613019938,0.8200729167067624,0.8632454261443543,-0.03352864525480456,0.608209954407219,-0.08652662804754227,0.564867041174168,0.3660295443041922
490,0.5930624831275464,0.24146544084532473,0.13000615704935964,0.06110083932406753,1.2633544309804567,1.1166628354458394,-0.04413151423912404,0.5128174601731491,-0.07323843984561756,0.5827360380135644,0.49407436458320425
491,0.22240659673631516,0.10679574878749802,0.059361504236180834,0.27189438651908976,0.8174872848710844,1.2417757408411643,-0.06534574463059026,0.3302291181395419,-0.5474396245750788,0.8353988272380934,0.6253711784289262
492,0.2514726186765681,0.22479799751544158,0.12412837031595217,0.014497381214639235,1.2452031395144858,1.1879070155589928,0.16532324813613325,0.3074481838613005,0.209282061511063,0.7618646919039951,0.5068260492195277
493,0.005064454662779429,0.37739940452156956,0.04118596369363088,0.3016036536623576,1.225130629645898,1.1200374608447363,0.08883907871803282,0.3626267382701687,0.38009972244858947,0.8087680704078255,0.6094025513998798
494,0.4289877342101143,0.38292489162612536,0.36181954170239555,0.22048417671839973,1.050995970529502,0.7550270804192796,0.1776994704896835,0.6971081721285175,0.45063693930791143,0.5940436870818802,0.6507311951733493
495,0.13032418752683905,0.47302817123927127,0.3278794975242215,0.31787585496348486,1.0180199416218148,1.2793364726924596,-0.11977885022009754,0.6245538556269083,-0.20974338943452633,0.6983238206169449,0.6000066794900477
496,0.2306686003498556,0.08675429859788136,0.04537893137416104,0.04462706583089299,1.253903971048239,0.910054569388121,-0.15677284410392617,0.2037144480763955,0.11511940668020462,0.8412885505261315,0.34154705834777094
497,0.13766142227650235,0.0555347108655213,0.38411790397648327,0.3080646705634817,1.1340622106547602,0.8363800113869067,0.018500108259711462,0.4426893538409943,0.2751189518220745,0.9034019334289882,0.48475766814005916
498,0.07219416373396963,0.17535231986656238,0.3731165418669776,0.3654006501811913,1.2114470388672371,0.7377985132414857,0.02205761499647449,0.49303183782435045,0.5472852186885223,0.8762267581997341,0.6628952543700344
499,0.447833985294933,0.12892251820098108,0.1292734571709697,0.3853131772134238,1.1783450202739219,0.7963647745228829,-0.12554168100267799,0.5456715689401538,0.09698283120138501,0.7116217482520429,0.4201357749960937
500,0.4245515834507206,0.051857694508232646,0.33559974307852003,0.062142050754128854,1.0277690945247233,1.1652597343807067,0.19380137647318257,0.43707553589580106,-0.13003620785404482,0.7617953610205234,0.4511091462971049
501,0.19751403811577295,0.09259117636970086,0.078288770384112,0.306816370664768,1.1123756396834827,1.2988072366426526,-0.15438850452650754,0.3376051777671769,-0.3932815323587135,0.8549473927572631,0.6238067096036327
502,0.4968486541663139,0.04574677707526482,0.016156228252601212,0.25993113173452687,0.7128739891495457,0.7127407740865633,-0.09660834286348222,0.40934139561435334,-0.3220260663460244,0.7287022843792106,0.36335588886238324
503,0.2664790565229566,0.11993420646048497,0.19664762386078055,0.038197614232562536,0.7345406048224785,0.966334848071307,-0.09046141131761785,0.31062925053839235,-0.39552807959768216,0.8067933685082792,0.4367874111974126
504,0.5394974296242867,0.5973093694444791,0.18078051102929893,0.37759340349640896,0.7411159147588033,1.2195013727644453,0.1749179496216003,0.8475903567972369,-0.27456153847394543,0.4315966004656171,0.6439273876840742
505,0.36072280592248335,0.10906302197492575,0.3869631292220473,0.17753822214260587,0.7874178504090433,0.7576667227034911,0.014182360763407065,0.5171435896310311,-0.08189640350481953,0.7651070860512954,0.2922664212334378
506,0.24186846678291346,0.1834648513174923,0.23986799026270056,0.3826116191446173,0.8995119519548833,0.7024014112196897,0.14955422187241157,0.5239064637538617,0.3174629548748946,0.7873333409497971,0.4505186992201248
507,0.48548882097863905,0.46688179077634684,0.2041787205473849,0.18186238513269637,0.715888464337427,1.287824519377116,-0.046719642979375975,0.6692058587175336,-0.6279592131202111,0.523814694122507,0.7953861172877759
508,0.4077010325047738,0.4080444946926735,0.20655092346225756,0.03979427226675413,1.0037733583876134,1.221697640221342,0.14883819745983223,0.5310453614632296,-0.0689143532799465,0.5921272364012764,0.46013450620549856
509,0.2608893324234679,0.25741599078975247,0.20167512377925953,0.33925570665525406,1.0267102553005774,1.0924976790703975,0.032677290366569134,0.529618076823867,-0.034846804220108746,0.7408473383933898,0.4125572968543557
510,0.3385428310928615,0.3203157299049666,0.022677179233614998,0.015021706934656107,0.7196066081691139,0.8707677897306254,0.11567195810208653,0.34827872358304957,-0.0446027740533724,0.6705707195010859,0.21366675334017812
511,0.007645994464714699,0.19635283129670725,0.22917051517235532,0.003293704356993976,0.7331247860543021,1.0669589807346984,-0.055488991129267,0.21823152264538562,-0.29496976739366704,0.898000587119289,0.36429541119160463
512,0.3588509169577529,0.10271957221586728,0.25224382139584123,0.23940631459428796,1.2431323854731287,1.1120244432460904,0.027678446903876497,0.47661031258187464,0.030720716759971956,0.7692147554131898,0.4478657622685378
513,0.05560315731446343,0.45731640565056864,0.15876527982265973,0.07678224108123577,1.2004013947315781,1.2610783257260592,0.04604686099861349,0.3742335419344638,0.1862265541721851,0.743540218517484,0.526799279391506
514,0.09722923203143602,0.0891370102143513,0.391885265778128,0.3939479900019929,0.7152992745198768,0.837867971007714,0.13762577965730433,0.48609974901295405,0.011010972260924776,0.9068168788771064,0.23933829434363424
515,0.16859759810253433,0.3497140819573541,0.07950140965876662,0.15832041731536273,1.2554645329380523,0.7974063714369632,-0.025731004831325233,0.3780667535170089,0.5228853985971736,0.7408441599700558,0.6281756666588616
516,0.34463098537085796,0.2796658452398122,0.38615897729378973,0.23172218688348545,0.8269806980210672,1.1049041569194265,0.18707176637502004,0.6210889973939726,-0.12333426258886207,0.6878515846946649,0.45540737024602973
517,0.46622143041077757,0.5840269131693281,0.24108899555222638,0.25141963389313515,0.7114986921775414,0.7043989338575765,0.0017757388637083538,0.7713784865127336,0.06777823856294851,0.4748758282099472,0.353192744251642
518,0.4134689022740197,0.5707965362566699,0.1913429081076836,0.2259240927451157,1.0107361667901926,1.2436209147297657,-0.09703954334804016,0.7007662196917445,-0.25126047429628806,0.5078672807346551,0.6446520428344603
519,0.39335058995451205,0.13704658750745385,0.1259752752155713,0.14047114909043834,0.9716700126786615,1.1969172723962092,-0.15981375137730544,0.3984218008839878,-0.5132130123183822,0.7348014112690171,0.6594433490133422
520,0.44443405679180586,0.02818187403105476,0.10767366665786936,0.3303294159434123,1.092968916930616,0.7991464733615045,0.06105998271105084,0.45530950671207115,0.14675633489978687,0.7636920345885697,0.39320645119773073
521,0.096366399596645,0.5482517594476315,0.08725632860852124,0.10548106818955738,1.1036738844581495,0.9572144501641984,-0.14728125983006696,0.41867777792117755,0.22512085438937743,0.6776909204778617,0.4677657074576845
522,0.32440940686751685,0.3023502382662791,0.021136587988352218,0.31823317884664154,1.2760723198866462,0.9789656255519665,0.133914930117296,0.4830647059843949,0.4199920401513567,0.686620177433102,0.6589805928442252
523,0.13625499259467505,0.40566599119550406,0.22772821966668164,0.22750381057836191,0.8881481136633665,1.1330732674033372,0.18034856459634996,0.4985765070176113,0.07012891015679376,0.7290395081049105,0.3968132941677967
524,0.15157200096329165,0.5534545070369578,0.06505602692981408,0.30135567017981363,0.8294222471587724,0.7081924896833435,-0.021516269436657853,0.5357191025549385,0.3006547410756042,0.6474867459998753,0.4290841698778669
525,0.5718730111614636,0.48760677955108134,0.21017139367946192,0.0986887350864431,1.0551679992149756,0.8405572856911837,-0.18366840139329446,0.684169959739225,-0.011190803674693689,0.4702601046437276,0.40431378732704604
526,0.14554457248575184,0.4047077727039725,0.3775262113663284,0.12116217785973465,1.2277911921911975,1.26882862845547,0.04815394576400464,0.5244703672078938,0.13669810960884252,0.7248738274051378,0.5659619678101299
527,0.5985711538629582,0.4115766535075355,0.3157598906874436,0.14596309694362586,1.1916744735573714,1.022348829695037,0.07943056586068209,0.7359353975007816,0.15525895954530522,0.49492609631475315,0.5910353605405978
528,0.5170203531031101,0.4793715694597094,0.06639008884993537,0.2526279893721418,1.2682699928375782,1.0490535623327242,-0.19342962220231275,0.6577050003924483,0.0069624164808409494,0.5018040387185903,0.4965903388380596
529,0.5503894165081922,0.007163502079499182,0.37833875984967863,0.34466748928263224,1.2299979440955109,0.7297365789326631,0.08810632197271268,0.6402795838600011,0.31675472992121406,0.7212235407061542,0.5860983022537724
530,0.03187944128065608,0.26654497663404086,0.2660031011170747,0.3880982555725074,0.8404886924829955,0.8243005801849209,0.07410789369508797,0.4762628873021395,0.20762877366985494,0.8507877910426516,0.38127973728974796
531,0.07391891891000646,0.3180391900632796,0.1330099170485895,0.292944685190435,0.7476910361670563,0.7846893778076848,-0.0949725438411486,0.4089563556061553,-0.009910749905140487,0.804020945513357,0.2026240956792317
532,0.01330816393731316,0.1549203872549657,0.29321524555945255,0.0011004317202970325,0.7301742282940684,0.9365458483014115,0.05282548860287811,0.23127211423601424,-0.08274001974563872,0.9158857244038605,0.20883287669065895
533,0.16505585854916666,0.14845588448297492,0.3345683387256544,0.1271330835086383,0.8986150223785457,1.2452469895223781,0.02451010551261948,0.3876065826332171,-0.3304218486643088,0.8432441284839292,0.5392612452271031
534,0.4891225229971168,0.44313527069723313,0.1775155225119884,0.06592441584631213,0.9604861023994591,1.290693546107951,-0.06283605479281529,0.5878488660263252,-0.416037124651249,0.533871103152825,0.6975567333281321
535,0.4039697883163423,0.599249897368317,0.10484944209969965,0.04227617128558801,0.9962798375019459,0.8847490849338671,-0.14300461245465507,0.5751726495349735,0.06616619463941117,0.4983901571576703,0.39002600720658936
536,0.5277295574473091,0.2743492127132381,0.19781415896512278,0.3658624736124303,0.9884430070506203,0.740633111952718,0.1588288608392689,0.6828777013690501,0.2799485835701357,0.5989606149197264,0.5233892604405361
537,0.007100952838747312,0.49560709414526566,0.24386923221792314,0.132764643905833,1.2704507857715273,0.8757649513722672,-0.0015160119076655654,0.4396709615538846,0.6374228931448537,0.7486459765079936,0.7448760547944147
538,0.3302924682524753,0.03459780802867992,0.2849351801581474,0.15174774138961988,0.9766360767464635,0.7678232436899509,-0.0038722735102661443,0.4007865989144613,0.05709322943434869,0.8175548618594224,0.2806854073354973
539,0.2245093104436535,0.1057245449397989,0.03780347858692004,0.28771821668478664,0.8799530445953898,1.28874518735011,0.1604152667971231,0.32787777532757956,-0.3077692587095243,0.8348830723082739,0.5079872233431214
540,0.5141490151481245,0.24969833052924487,0.03202680798934029,0.19150952444407918,1.2126851132874346,1.1920432850647222,-0.1887840904018092,0.49369183905539443,-0.3003676044885367,0.6180763271613153,0.6288793979033191
541,0.5135232705693885,0.31119059746466676,0.3061207421435397,0.29791137660024564,1.2272051376228195,0.9237860253639971,-0.018461408672372476,0.7143729933889202,0.18379136703408902,0.5876430659829723,0.5837718083227256
542,0.14306260230334933,0.4304081459602174,0.08494043526756168,0.12528865581168872,0.7033508311517567,0.9914359055702553,-0.04600623228001702,0.3918499196714086,-0.19041853487008156,0.7132646258682166,0.3446877729711154
543,0.4162760221043686,0.5674125673126788,0.17152871725740781,0.0003919422114013591,0.7809055314348008,1.0254003402678595,-0.08825183416658905,0.5778046244429282,-0.25717837039549274,0.5081557052914764,0.48700533994013206
544,0.4812385898163612,0.10152109902516161,0.2477728975532635,0.16394497746100273,1.0140615569086449,0.8187630429634515,-0.08777235395896435,0.4972387819278945,-0.08233258540937077,0.7086201555792386,0.3565012139848044
545,0.47556584482263164,0.5685433117143822,0.3282880696326421,0.1453256678209505,1.0786954333196208,1.2185388898044407,0.05374889916168363,0.7588614469953032,-0.03960582387726097,0.4779454217314931,0.5516166539054933
546,0.2684769931204002,0.07978134949199517,0.3445108264005232,0.2737820068241686,1.1450375553696017,0.9212032947766879,0.1900257572854121,0.4832755879185436,0.3195121960641234,0.8258708286938024,0.5515777653424639
547,0.17302538265292963,0.060314452539205476,0.23295163130411667,0.16343450307000573,1.2325178906360783,0.8996258144459754,-0.02097594132023667,0.3148629847831288,0.2555606698130041,0.8833300824039324,0.4623175220715675
548,0.5239886446605372,0.49917603484494805,0.24728198903708154,0.07708680818365549,1.1897904641239405,1.168214364811192,-0.13626105121965654,0.6737667383631112,-0.1270912568147026,0.4884176602472574,0.585262656667849
549,0.2540351226502465,0.12062453889715827,0.22659666233492187,0.37810707235379387,1.1363767304012593,0.990258239453633,0.08068667766432525,0.4896816981180603,0.16009987673540743,0.8126701692262976,0.47359134775219175
550,0.3135455897411058,0.15043338124172206,0.144253302760428,0.2558436157544287,1.2696376812634371,0.952468065974359,0.07207828325364929,0.4320379447488423,0.3076917942930356,0.768010514508586,0.5629566912848073
551,0.21213747818593712,0.17597625353299004,0.017567423007503673,0.0030120138423502534,0.8847830682806935,0.7667944540049106,0.004262515969201186,0.20434658428439054,0.10417051791851054,0.8059431341405364,0.2071353250362636
552,0.33603044831153644,0.5218055254712392,0.25857447764079294,0.20549704496972218,1.0482279324226316,1.0249197745899201,-0.12214825130460226,0.6609537481966454,-0.005952554892039455,0.5710820131086122,0.4362399589670198
553,0.3172777863905519,0.45353308719361707,0.3467520483464173,0.2520003839929978,1.0357526135638857,0.876998842175276,0.05801882848374962,0.684781652961792,0.2849002502738919,0.6145945632079155,0.5730406752838424
554,0.09358801204546212,0.2637488483246673,0.3665130089656118,0.1588341603022513,0.7223722682251407,0.97332182454706,-0.007589776815593641,0.44134201481899626,-0.17345891499791036,0.8213315698149353,0.3545356781193949
555,0.59757640837018,0.2280078646784772,0.2988602433793166,0.27562842799314946,1.0388471365455416,0.9723145251566294,-0.13026532611174907,0.7000364722105616,-0.24851698656868826,0.5872078634756714,0.5819151962509803
556,0.5378904843372083,0.5264860992235534,0.14323015232860672,0.0913519676373387,0.7586133616989372,1.1383599600661491,0.040346601665963266,0.6494793517633535,-0.3451021892580761,0.46781170821961915,0.5910963847014586
557,0.2932846115758346,0.005913989957874276,0.3712758834635155,0.010118050612811152,1.2822817929894335,1.2025753792998235,-0.08746739771612976,0.3402962678050177,-0.15144629483549993,0.8504006992331455,0.4982005770956213
558,0.04271225679138255,0.14407126007059698,0.18978119350871747,0.17687204595127212,0.7434932164279523,1.1299152819464873,-0.021946172742248832,0.27671837816098455,-0.3576887366211766,0.9066082415690102,0.4436527178307097
559,0.38856817563824114,0.040562452392575575,0.018278035461886034,0.18259251930868214,0.8874730899797864,1.2486037233128138,0.01782779907595619,0.3150005914006925,-0.517305695879904,0.7854346859845917,0.6204028574113695
560,0.20926929762486984,0.06127989476255167,0.3378615996531048,0.25003082263206394,1.049075588000184,1.0812639655142582,0.0301853539625882,0.4292208073362952,-0.075997724982645,0.8647254038062893,0.3998718463027157
561,0.19870281129124379,0.42471668916794947,0.35403602513083304,0.3053874287311312,0.9108483343696514,0.8454939002240214,0.008785590037265478,0.6414214771605788,0.18714696312124834,0.6882902497704033,0.45794232738539875
562,0.38010174560291604,0.05324187020239381,0.08946292472784888,0.30054035936032514,1.1827013817223155,0.7125440690723995,-0.006029216509904678,0.41167344994674193,0.30069815843975023,0.783328192097345,0.46889963774122567
563,0.3268886053826296,0.34068546891205664,0.06735667969721146,0.2847288742143818,1.1794709683460352,0.8486741436036319,-0.08083645257817054,0.5098298141031398,0.2568588039289462,0.6662129628526569,0.5150834859860405
564,0.006074552390184212,0.18162280345435397,0.0966298309480665,0.18201638944639506,0.8566333784685054,0.739771049866441,-0.15282757558069304,0.23317178811949987,0.0518088785534562,0.9061513220777309,0.17345514946361026
565,0.13704399592475316,0.3948065532389746,0.11002123350863043,0.05275759900299203,0.8557624196181458,0.7358106779524582,0.19794810875723806,0.34731469083767513,0.44678112908003637,0.7340747254181361,0.4548878281757429
566,0.5581831210132507,0.5578356909813839,0.3034620536787499,0.19676385644931943,1.0765012194647328,0.8589050992818088,0.006627163830568217,0.8081223610613519,0.22404956899755873,0.4419905940026827,0.5915302655097114
567,0.10071399466673801,0.2382276900660299,0.16474200698672115,0.35139124513845976,0.7142818121048086,0.7335541829179164,0.027519076552463162,0.4275374684289744,0.07700355343900125,0.830529157633616,0.2291761181906718
568,0.11336713553556574,0.31251636157012735,0.2702026063368947,0.15053927379157697,0.973547596110957,0.7339353888256575,0.07736750119085867,0.4233126886170824,0.416554321493439,0.7870582514471535,0.49612841457705
569,0.4564594645942734,0.05377675295309038,0.3299712660521066,0.09511194756790677,0.8389199482444486,0.9154057346926447,-0.058398506025175656,0.4676597155836886,-0.3362256482939633,0.7448818912263181,0.4773806959441268
570,0.4980122269913254,0.030946148168219806,0.06356772784863414,0.11947057062510028,1.1846573713747774,0.7437915240550541,0.05236190655588463,0.35599833681663984,0.2596947144640552,0.7355208124202274,0.43032838726254696
571,0.5889280848389705,0.0009962025217174217,0.21872785851134624,0.1381135600117365,0.767585730642462,1.1422888792865522,0.09830360913589475,0.4733828529418853,-0.5703654806668219,0.705037856319656,0.6590410820591008
572,0.008676963905948024,0.2728895164697105,0.06900187975344567,0.16833901339640867,0.7851030528253771,1.249232665973775,-0.1269055144168703,0.25945368676275643,-0.4589288512833869,0.8592167598121707,0.5377227151749228
573,0.5980965796640615,0.14884213904991894,0.365582798699704,0.32137394075492165,1.1622710416949,0.8264496346753581,-0.02778110869804512,0.716947729084303,0.08341307801442549,0.6265306406430098,0.48400710753494114
574,0.4211473573301504,0.27196723791244565,0.11831132114064927,0.3699226458560694,0.8252110729130335,0.9742585780478421,0.09368141334068658,0.5906742811196573,-0.12995615150297438,0.653442702378702,0.41411081608986644
575,0.002431864625319746,0.44600882259238017,0.2617348313955872,0.3422079876002295,1.29225688820598,1.0716934737104378,-0.05174202402831804,0.5261917531067584,0.3906098694507544,0.7757796563911501,0.6858302133922605
576,0.2252157749940494,0.3908723163039594,0.14555039207387604,0.15784290983443505,1.2230120047533433,0.8896918997349933,0.1290484629772108,0.45974069660315997,0.5451968386505157,0.6919559543509957,0.6891903579536576
577,0.5563070668604166,0.40053456624365935,0.2908985997746218,0.030745887228595527,1.254445209868205,1.0195116640655206,-0.05610391929825051,0.6392430600536467,0.10094337619605528,0.521579183447962,0.5347524682225233
578,0.4804551062361811,0.38204095362685503,0.18665331033083285,0.12411299218692975,0.9838302381742595,0.8621985775419259,-0.04541886650837762,0.5866311811903994,0.027005717819293007,0.568751970068482,0.3623631070967819
579,0.3729308413151897,0.1921030833197774,0.38846013711902155,0.32548278493022686,1.118827947850808,1.1239629307820762,0.0868799687723234,0.6394884233421078,-0.008668893156650884,0.7174830376825164,0.47169442488905466
580,0.04921990807315066,0.5833778051394866,0.2883353797094195,0.10576554521793045,0.7323287337261426,0.7049265147760786,0.09428747393045045,0.5133493190699936,0.3887686414136824,0.6837011433936814,0.4479147246017622
581,0.509582871106164,0.3378539461955219,0.37712759605973195,0.28864285686455954,1.0272117287271558,0.9259482048443143,0.04593007242335009,0.7566036351129887,0.061329133850870604,0.576281591349157,0.47772891774858545
582,0.5009825570314987,0.44375604111377875,0.23894031638936722,0.138570406316739,1.2105062552561436,0.9445295839336796,0.11425221158152749,0.6611246604256918,0.35161562494513154,0.5276307009273613,0.6641781989348116
583,0.06343547855862396,0.4105624372536838,0.38987613918798913,0.3789839432190668,0.8356460658788383,0.9420764344106478,0.10535319083593575,0.6214289991096819,0.17248630165165613,0.7630010420938461,0.44649400570723796
584,0.30715605240829946,0.023293119513754956,0.14915961952028076,0.032494074820657665,1.0666984473514498,1.1984881268240832,0.12311229129963075,0.2560514331314964,-0.15060885462027493,0.8347754140389728,0.40908252956864677
585,0.3472060756263043,0.19884535342982768,0.36415128152248,0.13212529841658344,1.274256884346272,1.257822975915702,0.06333649640431727,0.5211640044975977,0.005590043736648981,0.726974285471934,0.494839593106522
586,0.20306416629253338,0.20081649765575244,0.3524370339253626,0.07516180663521632,1.1279727993839008,1.2605632757721865,-0.17956613061107599,0.4157397522544324,-0.3132804413177521,0.7980596680258571,0.601398184481446
587,0.1724888516445892,0.4744070265970684,0.36206890373205597,0.05129167588726705,1.2618998106313484,1.0805392855746196,-0.04890715024083089,0.5301282289304903,0.28341246229213746,0.6765520608791712,0.6177085429989707
588,0.4826462962017579,0.3888808899271273,0.023072806198153398,0.2362065800070277,1.0834293730874962,0.8549210728948169,0.020845184391867777,0.5654032861670333,0.2024707814472318,0.5642364069355574,0.4822313948307307
589,0.08436885176346574,0.26100209684421927,0.36713897375812654,0.2861924917667135,0.7609124359706222,1.2845209406855198,0.17243655289099402,0.49935120706626257,-0.26285532928352684,0.8273145256961575,0.5188120245606567
590,0.2653613163738552,0.24322391025832182,0.25022902832366056,0.3321958696331697,0.8934944198120651,1.2603877789157893,0.02939878167806892,0.5455050622945037,-0.348563280483422,0.7457073866839115,0.6158105428898183
591,0.15908641751989552,0.05957443559331465,0.26648171655115005,0.0882438060040926,0.7170826160578522,0.7455799098586017,0.13024680082313228,0.28669318783422637,0.051993516059092346,0.8906695734433949,0.16153901624825945
592,0.5601153503730644,0.25364687466024055,0.03478750360840374,0.1365238367564884,1.2073389473494907,0.7873505930841327,-0.014099994701611412,0.49253678269909856,0.2526541217073347,0.5931188874833475,0.49727957121244615
593,0.4610773017606012,0.09393718393123757,0.3986104062107884,0.06136765146062545,1.0371962052116563,0.7768553824578769,-0.06762843495877804,0.5074962716816263,0.0091423288803196,0.7224927571540807,0.31199680291822557
594,0.3345294451516104,0.18767557627485634,0.047790487052252056,0.23868790795648118,1.1812839961011625,1.1323621840996225,0.06374449777769264,0.4043417082176,0.0392393753408556,0.7388974892867666,0.41369185354174975
595,0.46305067216311124,0.02278835630970359,0.2922383381857547,0.1273854054041767,0.793924271709243,1.0366227913817085,0.10731726433046157,0.4527313860313731,-0.35551241326870786,0.7570804857635925,0.5020367681465119
596,0.38520259811962476,0.28242296394581157,0.13248437868815713,0.3673777766129814,0.9078329437873309,1.2046084880797348,0.0541384051200996,0.5837438586832874,-0.2940269562592108,0.6661872189672818,0.5880240751956078
597,0.21366070986459784,0.4255645498591684,0.0107490455513101,0.09212023051587108,1.0135094106467886,0.7468487212042105,-0.16512273377887618,0.3710472678954737,0.20748987566098714,0.6803873701381169,0.36300236551753157
598,0.04373751918743566,0.48411965061380785,0.037572155599280566,0.22700270205010217,0.9075515369444755,0.9929657929980551,-0.15382094343258018,0.3962160137253131,-0.019044133772973648,0.7360714150993782,0.29504221823954213
599,0.36789846898946815,0.5818321225267972,0.2377923436863356,0.39155300812563576,1.18486923399841,0.9938949970226261,-0.058440944900540165,0.7895379716641183,0.2395001188439082,0.5251347042418674,0.6542063177272514
600,0.5290769696408861,0.1939162611067662,0.22595767418892618,0.07055422900206473,0.9293522912196309,0.7223493513037103,0.02832397564535677,0.5097525669693217,0.06774656129421747,0.6385033846261738,0.30747437419509455
601,0.20456302560097342,0.35913071616973663,0.08191900586190219,0.29452029167639443,1.1641859843202067,0.8533303876353802,0.06555460602675928,0.4700665196545033,0.4536940479959674,0.718153129114645,0.6146221296482786
602,0.15865946982807108,0.12948868548622083,0.14132840573563404,0.3999715324709809,1.1662144632446312,1.1291892838128486,-0.10367269182712477,0.4147240467604534,-0.08123290456626726,0.855925922342854,0.4384802982083117
603,0.5741915432127228,0.3681993222646769,0.15513887469437915,0.011912635466752182,1.2514763498449373,1.0098380772039695,-0.07527058306121155,0.5547211878192655,0.06337157910573332,0.5288045672613002,0.47524002935337295
604,0.22406600435958754,0.054446531607945,0.06120951965425678,0.03518689710789452,1.2839606089466993,0.8699362017842851,-0.022026865105583077,0.18745447636484192,0.30718780568100984,0.8607437320162337,0.44776867663728875
605,0.2590968783814612,0.4407694160045376,0.3124527380693884,0.016985200024632604,0.9456068158899956,1.232930192298726,0.07286875088466499,0.51465211624001,-0.1236183567125271,0.6500668528070006,0.4746661125707007
606,0.5841142292741498,0.0962947241167359,0.1569127976571649,0.22429466305650575,0.9016873061581807,0.8421875279053145,0.03392169135911613,0.5308082070522782,-0.1504882829667246,0.6597955233045572,0.38858496111681984
607,0.1291198800341781,0.2985958450728644,0.05714006686692308,0.38872529809771544,0.7458815461588383,0.713292291082393,0.14357173971369158,0.4367905450358405,0.26089897730948003,0.7861421374464788,0.34604906371033206
608,0.2189817114545252,0.011120899118497894,0.2864175250339786,0.16748839607863436,1.1020244976765599,1.027667391294046,0.17748674596944497,0.34200426584281807,0.14791344618394525,0.8849486947134885,0.40797274629014585
609,0.39190983116144634,0.5227884796184586,0.3317952710444381,0.19983083354278286,1.2893106983464446,1.091324152340383,0.0012972254656229976,0.723162207683563,0.2647230957001908,0.5426508446100475,0.6932574531652465
610,0.41160104642927087,0.1689128925234352,0.025277230808872033,0.2576550086532066,1.1084730384511279,1.1409747601347682,0.1258381006391246,0.43172308920739233,-0.028007697997433537,0.709743030523647,0.40185580412789107
611,0.2322859579893379,0.41382653803128333,0.026919995938373034,0.36119706074437435,1.008786781340608,1.080030689983145,0.13434809712397106,0.5171147763516843,0.1538744785024066,0.6769437519896894,0.471374965473056
612,0.5880620358527116,0.44270623561372974,0.3844360825819984,0.2639134442765268,0.8902034327956505,1.0062371507720227,-0.022833737957775324,0.8395588991624832,-0.21154535605363842,0.4846158642667794,0.5868609191890947
613,0.4823608336593128,0.1319550469822443,0.05176404290108362,0.305676168319069,1.2385582223549378,1.2055330985444308,-0.05263571508146586,0.4858780459308549,-0.19481348460949308,0.6928420596792214,0.57226213936288
614,0.1118801756371282,0.34878716296013923,0.01181128571193479,0.36891445572597437,0.863201613554472,0.8695898212946507,-0.10640488618516614,0.42069654001758827,0.005660399736160698,0.7696663307013663,0.2548727145610124
615,0.38932462497266906,0.4982678914890078,0.22386229688514214,0.20002400696251801,1.2966235323459356,0.9666877868884207,-0.0687192158005088,0.6557394101546685,0.31568816291517554,0.5562037417691615,0.6675364916195617
616,0.10184484607737054,0.2695081568758306,0.31919877555805437,0.07535212905514571,1.1554391457093725,1.1723272840287797,0.16565854632314103,0.38295195378320057,0.23260206340296377,0.8143234985233995,0.5246836269895965
617,0.21096182718289713,0.54610545663234,0.046179667333987894,0.22895258390539872,0.8961646507963985,0.8630790689816953,0.10977961423379456,0.5160997675273119,0.3104370107732192,0.6214663580923814,0.48251304341937973
618,0.1277647193653059,0.36195513191604733,0.016863977196591242,0.3508318550554821,0.8211389389244921,1.2646361678511864,-0.061227048003051704,0.4287078417667133,-0.38762907065437524,0.7551400743593234,0.5755043557932301
619,0.04651556627044331,0.2808958493876233,0.06677187554457423,0.3951927075708044,0.897385031368776,0.9048932378563384,0.16727536130216136,0.3946879993867226,0.276957296373189,0.8362942921709667,0.42461914488488106
620,0.18532354399735643,0.3761252338475522,0.03657258125798009,0.06990628175967524,1.1957618717589131,1.215430218767094,-0.17830641336264016,0.333963820431282,-0.10257391544572315,0.7192756110775457,0.44792790007144845
621,0.3228736947801727,0.237888248365457,0.307667072278313,0.024326838726405328,0.7503589912657626,1.0332064281339253,0.19557921899849678,0.446377927075174,-0.1297609410770238,0.7196190284271852,0.3522990903262058
622,0.4416645111485162,0.17838506751173552,0.28361911970983644,0.3558744453374747,0.7003083050144789,1.081754985780973,0.12150288840581569,0.6297715718537814,-0.39158351417906867,0.6899752106698742,0.5823745599478167
623,0.342274890707933,0.3188043196349967,0.11680847653822118,0.16530211868230305,1.0191291214898326,0.71891479992917,0.02856449168680414,0.471594902781727,0.31704352771099864,0.6694603948285351,0.46337505809404067
624,0.4811120261142814,0.09094082036581136,0.2422863976734657,0.2935524689830952,0.9168927748399218,1.1529006201513927,-0.022636214963434292,0.5539458565683268,-0.4537296631491402,0.7139735767599537,0.6612644892646435
625,0.20149818184065488,0.2545658430458383,0.2887219033507881,0.01844148595968954,1.2663842743860707,1.0740868015677725,0.16427195809364542,0.3816137070984854,0.38310326151453533,0.7719679875567534,0.6176252087365761
626,0.3742649540845352,0.4851170383325009,0.3184631921854703,0.3500338891177894,1.0256180508291113,1.052707453826743,-0.15868805617902654,0.7639395368601478,-0.1303514170526753,0.570309003791482,0.553368041139628
627,0.3626508007647264,0.48167939031079343,0.08809588168476504,0.08379242782590315,0.8376079628802955,0.8275843965796219,0.043824360975479065,0.508109250293094,0.11336222204918617,0.5778349044622401,0.33755912321172865
628,0.017291794740975034,0.35054609047941276,0.1635371954703393,0.05488867896209957,0.9209211952870693,1.094952039421567,0.031192230884776517,0.2931318798264133,0.02378853461949762,0.8160810573898061,0.28549418137942306
629,0.426436120072436,0.1413189973543249,0.008161782248513282,0.30483231116025244,0.9565746364167227,1.2286749860087358,-0.012865371715254759,0.4403746054177633,-0.4275242826663234,0.7161224412866196,0.6289768173732639
630,0.5781772317074948,0.14096863079350722,0.024503004283577753,0.07273973889702684,0.924245787990611,1.0079348600486842,0.14418611331303094,0.4081943028408033,-0.15810725920203605,0.6404270687494991,0.39118723866736677
631,0.5447916163683489,0.3227986588771516,0.3473957357473041,0.3434780177945003,0.8366918131324028,0.9834318436373704,0.12070862541131305,0.7792320143936524,-0.13702788383925316,0.5662048623772498,0.49894045025345624
632,0.177244675710189,0.06337244042964824,0.2091253015129321,0.3583447581048525,0.9248578836381236,0.9075821007351922,0.0166767492151855,0.4040435878788109,-0.022983585522153474,0.8796914419300814,0.2835175825581454
633,0.050458827185890925,0.5161011827244701,0.2634511984973122,0.041369666552567276,0.9942595836645916,1.2545027574764838,-0.1632945160406068,0.43569043748012026,-0.1907165120832094,0.7167199950448195,0.5008966675272426
634,0.3598221675067242,0.1594189287397526,0.10438365200409133,0.21787412485468433,0.8980732517340472,0.7522528074114571,0.11315614586169259,0.4207494365526262,0.15877497080079692,0.7403794518767616,0.32614627188790474
635,0.5619251648750289,0.19597119065904742,0.3938042563213507,0.04017811219037653,1.2405878447439895,1.1458946546512472,-0.08478946562926933,0.5959393620229018,-0.17307326264451767,0.6210518222329618,0.5888403272446805
636,0.5438079571127978,0.35480372865690396,0.24458880805686772,0.3754662906353143,1.0959106133054923,1.1016495619943822,0.08518202343859632,0.7593333922309419,-0.015059039478240527,0.5506941571151491,0.5121588244042897
637,0.11950529845938487,0.4239474529803176,0.22983409831033522,0.23746913165660966,0.7096183876667808,0.8240950498283375,0.1399394768714099,0.5053779907033237,0.17768389197031953,0.7282736242801487,0.3421898908373008
638,0.28190068109907296,0.3578048835102895,0.12960324187250818,0.0411058099318393,1.0162566295617594,0.717232830064475,0.09934084003194987,0.40520730820685497,0.43631674073484256,0.6801472176953187,0.5072453326302062
639,0.27357570062883996,0.3873026076152543,0.33213817201348844,0.13538547208911098,1.204457298769071,1.0955029018310394,-0.1063880546044953,0.5642009761733469,0.05942979582674343,0.6695608458779528,0.4863283181154124
640,0.25472448234258477,0.3410184484408864,0.3272838346926618,0.20310340437575128,1.1050813297708428,0.861831879456814,0.043289667678593935,0.5630650849259422,0.32968610104177354,0.7021285346082644,0.5647659969023553
641,0.3953327404605441,0.26082696797795146,0.24698655202642403,0.36379003116171826,1.1242897412893083,0.7276023236454168,-0.10204288433834408,0.6334681458133189,0.22739164706425108,0.6719201457807522,0.5027952627975595
642,0.08023716712030497,0.16538544107386613,0.044208432636876,0.23500243610273827,1.165686282962111,1.013937664418329,0.09679245936838482,0.2624167384668927,0.29111521488894737,0.8771886959029145,0.4745418111652355
643,0.17492698694365008,0.4022291556970536,0.2254158417651628,0.1191477418975897,1.1941615155497856,0.9289530065829221,-0.1552750863689799,0.4608598631517281,0.22358450697458526,0.7114219286796482,0.49927327997861937
644,0.4465462157313174,0.17380715959191453,0.04256440508377256,0.24699370792761652,0.7528735437524702,1.2255267910408825,0.06875429479669859,0.45495574416731055,-0.5402684805614151,0.689823312338384,0.6507434697021115
645,0.41801980819852613,0.20554127101912448,0.18468058310049917,0.2676947251670419,1.2194528404941343,1.0863491351543366,0.02423448007604634,0.5379681937425959,0.05109891682614316,0.6882194603911747,0.47229712150484204
646,0.35713597242711687,0.2814896628338479,0.13610666206065467,0.1765768453286001,1.0175654849789506,1.1543911662788178,0.013506253347001979,0.47565457132510974,-0.16114258274949966,0.6806871823695176,0.4799365409941858
647,0.13106954466467807,0.46813763440041695,0.22147315173524995,0.26293841074131324,0.7519111117434887,1.153898104689433,0.004763977984887147,0.5418093707708291,-0.22868897009318773,0.7003964104674525,0.48038943447247473
648,0.5324002697008167,0.4704805877787872,0.025943427484789658,0.20345355773511342,1.1631707995270955,1.1913822208684142,-0.011995863398668705,0.6161389213497535,-0.07116712570100214,0.498559571260198,0.52779409905938
649,0.02910391709501617,0.5997866885888188,0.36029004916935004,0.10880799494202203,1.112048649528687,1.2851645749625573,0.06188649676167757,0.5489943248976035,0.17411195707470856,0.6855546971580826,0.5733682103266775
650,0.2099577062967858,0.23599003403128924,0.25439934766094807,0.15932970059537577,0.7886497740406061,1.2533523374607571,0.1668920999330598,0.42983839429219944,-0.2847942996198395,0.7770261298359624,0.5033124653641243
651,0.43996553565670943,0.16498530993511942,0.010918505352142492,0.15720394175437769,0.9596544247788845,0.8774354568566648,0.12087458938016782,0.3865366463491745,0.06560344444159255,0.6975245772040856,0.30324919561351266
652,0.5339037619169663,0.2582036497946973,0.22049798944899976,0.18358513573527224,1.0944677427434408,0.8046544736448784,0.006278622841043274,0.5980952684479678,0.1582418358784712,0.6039462941441682,0.4589637630033497
653,0.05347419319836149,0.55610235016842,0.19025432211619767,0.07406053252514107,1.0112856143460365,0.9281071755182034,0.11196837232905282,0.43694569900406016,0.44646088964191516,0.6952117283166093,0.5775030108528332
654,0.09930646255968599,0.49315480160253256,0.21532883856597543,0.06368375940437776,0.9022900848710519,1.1668112426495536,0.09613119371108014,0.43573693106628586,0.028534205454001704,0.7037693679188908,0.35869062757906683
655,0.328938562851696,0.4778965450330072,0.3108349052395276,0.28534249664712025,0.8848698691562492,1.0448587287897917,-0.09139869511228725,0.7015062548856755,-0.17690856365517413,0.5965824460576484,0.519179789633885
656,0.19996210864736175,0.15707836694726238,0.06551546408269521,0.25160878290383776,1.0003392337835577,1.2404909107282458,-0.1521325855527926,0.33708236129057856,-0.4137261333475304,0.8214797622026879,0.5932761606527005
657,0.4323615743110404,0.3500261488455179,0.2940307941363809,0.23040536396963118,1.1346089807446533,0.7067800465835213,-0.17372873166787864,0.6534119406312853,0.21293248976049214,0.6088061384217208,0.49947152694085317
658,0.5316857048427307,0.4846693209988678,0.10475744774027562,0.39241069760396097,1.1164815167939077,1.2590178129192773,-0.18907006828655243,0.7567615855929175,-0.35511455633385347,0.49182248707920073,0.7596482004657754
659,0.4557197889855521,0.2344061230763127,0.18508529031569587,0.3311455890219117,1.2030704091506346,1.0753320419859296,0.13939512543188004,0.6031783956997362,0.15647665964196533,0.6549370439690676,0.5547579668492149
660,0.15287078569951237,0.014436833597536051,0.3393445635214678,0.18724015973704666,1.0425344373003804,0.9042262894204863,-0.004739784727457674,0.3469461712777815,0.06435138710144826,0.9163461903514758,0.31407948245219836
661,0.18040144753211132,0.2218829140985184,0.10069399147767776,0.3126908265093001,1.263731680621046,1.1558044218383325,0.19149149037091678,0.40783458980880377,0.3201594824368337,0.7988578191846851,0.6101135510004664
662,0.47421089262095684,0.36656818057699686,0.2482638544887441,0.1465240992136238,0.8840944901504314,0.7304674432826722,-0.03688026665016517,0.6177835134501608,0.06292542419561403,0.5796104634010232,0.3385091432557087
663,0.03299944433596116,0.513315739348901,0.09438441648423357,0.26709082407529006,1.2280031179452449,1.223248962273166,0.007513969676737453,0.45389521212219286,0.2524262728552863,0.726842408157569,0.5958268686166517
664,0.11621399854085163,0.22652177725063885,0.19806223458133632,0.10687894162344276,0.9825242551380602,1.2087253306909909,-0.07376669290155763,0.32383847599813476,-0.24481387909959468,0.8286321121042548,0.47423611431627344
665,0.3540779427662318,0.30547074900054266,0.2407570536601254,0.28137028108481377,0.9681065948817249,0.8489883224139982,0.07123342670082844,0.5908380132558568,0.16604810228571054,0.6702256541166127,0.44023779599769985
666,0.009927138424514644,0.22375015033518478,0.3829682983216422,0.28103659333194564,0.8639134607485996,0.7915957933216441,0.152850041119811,0.44884109020664364,0.3320792145021016,0.8831613556201503,0.4426612783014794
667,0.15583577975541912,0.031705489418466785,0.2746774078490725,0.2127860336832709,0.9404312524198755,1.0398039294196708,0.013143086808577342,0.3375023553531147,-0.14829473535969417,0.9062293654130571,0.36903657881694896
668,0.11933318101632803,0.5393205688252474,0.1935689793302954,0.058850145835262824,1.0798335309307021,1.0209720633089627,-0.02990402871261741,0.4555364375035668,0.23895113281358163,0.6706731250792123,0.500786653249492
669,0.5923577089519697,0.06240185434523397,0.39546085173531154,0.19588579640332385,1.2415281507275142,1.2580860548937105,0.07170856254298485,0.6230531057179195,-0.20982726892657932,0.6726202183513982,0.6500211550484216
670,0.1257170257116195,0.11085326229402848,0.3537091937034927,0.33485818925278316,1.2787600292613597,1.2341988487325075,-0.02536008480847063,0.46256883548096195,0.011769214011586024,0.881714855997176,0.47032878209780327
671,0.554712903937115,0.545685053772027,0.3104897096743911,0.09320899760634843,1.2571333803024172,1.0165946109962514,-0.13814943640258898,0.7520483324949407,0.09787540782103282,0.44980102114542897,0.577976575515263
672,0.03771966655837489,0.36582183675730934,0.1307654210346925,0.2970288422947283,0.7832995856384133,0.7177921559524153,0.026882568900243348,0.4156678833225525,0.25644108368570856,0.7982292483421579,0.34540473893815327
673,0.062252443409646516,0.5060328632271948,0.3056395274323006,0.1197732283251882,1.0496837244323365,0.8917931402836204,0.1961638523171264,0.49684903119716506,0.5759446463746165,0.7158573466815794,0.6796756164826252
674,0.04769603331614408,0.5939108280982338,0.05022128146212377,0.18618277332203592,1.0592396003713254,0.715832532690796,-0.1604280640397941,0.4390054580992688,0.45608640103178005,0.679196569292811,0.543022057124306
675,0.01839803577986069,0.14231743390033344,0.08229628607963674,0.3481579292599988,0.7753539821717738,0.7748101239145508,-0.11556645267516402,0.29558484250991485,-0.053062895357704726,0.919642265159903,0.18761270074016997
676,0.01239404296915177,0.34185799445910775,0.0976362794737439,0.1437016222576257,1.089590920171781,1.13137027903476,-0.02805248198428631,0.29779496957981455,0.09490013489771279,0.8228739812858703,0.3812983685721888
677,0.5798169960217141,0.5368743402980842,0.21310974480574787,0.3920883445938626,1.0922284450306978,1.227357047618709,0.07798542722107604,0.8609447128597043,-0.07861450322875008,0.44165433184010083,0.6214429602434836
678,0.39873409320765285,0.1640297228533892,0.2532524459066433,0.17115567824198696,0.7124819963042269,0.7290821196334555,-0.04174564334489678,0.4935859701048362,-0.17569795185125714,0.7186180919694789,0.31324418813710936
679,0.07951047752925271,0.35584552521060947,0.26058204333845414,0.13943395175575518,1.2052063360559802,1.2933608705980602,-0.14477284537934848,0.41768599891703573,-0.0947598560807501,0.7823219986300689,0.4985721148787744
680,0.1688990028947607,0.2708977461973397,0.05483121426631872,0.3205970704081628,1.2439369557456819,0.7844365068447297,-0.17266352670672697,0.407612516883291,0.3378362938455147,0.7801016254539498,0.5228401487082281
681,0.34165821294541215,0.3322713927378313,0.29571623483397547,0.19174236525706537,0.9097615996694761,1.0149973594468578,-0.11617863246007049,0.5806941028871422,-0.22610780234124256,0.6630351971583783,0.4991320623386859
682,0.3317963651297218,0.4481550009064206,0.14022775603900767,0.10956723204632589,0.7556346007397277,1.2816067051788647,0.1634765538629563,0.514873177060738,-0.30431623268783137,0.6100243169819288,0.5478493369166422
683,0.07500141084352709,0.43085021877965096,0.2649658760381658,0.25321322114454603,1.0330791896233404,0.8522086608886956,-0.15709983849839415,0.512015363402945,0.2016950942043126,0.747074185188411,0.44714516451177455
684,0.41571790092959765,0.36738926914537273,0.29540356726940215,0.2967932696242989,0.9356354621065658,1.2100267706695575,0.08427366740596465,0.6876520034843356,-0.21428195704913958,0.6084464149625148,0.5900455338172489
685,0.5914911273268191,0.42228748113205666,0.3778083146941432,0.049662940303731785,0.98334519894092,1.0567378887954773,0.09111650924662518,0.7206249317283754,-0.0668780037053133,0.4931106957705621,0.4883975468486375
686,0.3197723610599386,0.41552242180831034,0.34807408986059274,0.1881081272025623,1.2481548395394237,1.0584431783968493,-0.04857449860837848,0.635738499965702,0.1890121929083818,0.6323526085658755,0.5943522202153781
687,0.5678525903341259,0.5918894968533639,0.09452761335994996,0.16859691646258676,1.2334356334010996,1.012943183091051,0.17639363347878412,0.7114333085050133,0.4089045370484518,0.42012895640625514,0.741510749754114
688,0.5902581758787545,0.125699635885136,0.27658377125924455,0.23217904608427517,1.070971268741038,1.0652352111144294,-0.02706596147161658,0.6123603145537051,-0.25360917384181725,0.6420210941180547,0.5811612500904393
689,0.19337758063612848,0.1347532315484275,0.21343913236034148,0.20232843008573742,0.9121516075742467,1.0787279102249758,-0.12356358920221995,0.37194918731531745,-0.3194520663967995,0.8359345939077221,0.4881707942140124
690,0.3794438320852092,0.03042037779398742,0.18572708411253613,0.05410394151652159,0.9164006723327316,1.1795040712831062,0.18157052166714466,0.3248476177541272,-0.2560446044288408,0.7950678950604017,0.45754199566291487
691,0.41459354776943996,0.16972621753642073,0.033537596660868994,0.31724842838682094,1.2463450109786671,1.0640350409848178,0.06902836995360528,0.46755289517677534,0.12890467483094498,0.7078401173470696,0.4919589759601484
692,0.09456309546437962,0.4888191229992071,0.27354484016703523,0.3721376338152105,0.7701180373583322,1.1915347453283964,-0.08568067520531218,0.6145323462229162,-0.3099693694079627,0.7083088907682067,0.5722077558056263
693,0.39616117721572003,0.3865166483365827,0.06434986959609022,0.3539653016926848,0.9652302563376078,0.7393221719159484,-0.011452094197989177,0.6004964984205389,0.2096337257841016,0.6086610872238486,0.4421169419020656
694,0.20518604373592694,0.42703277389166616,0.16379784093817626,0.16684551267464426,0.8744371363494614,1.0781348852080848,-0.07746488517130351,0.48143108562020676,-0.17023926895205727,0.6838905911862034,0.43285900100870367
695,0.32273083753931653,0.5926239748963248,0.01310485438542455,0.29422298896497073,1.0374187994541715,0.8665399481466949,0.1851021853696993,0.6113413278930182,0.49092760535568003,0.5423225937821794,0.665082781270832
696,0.3655824727390631,0.037449317343173104,0.04139227443703372,0.34577823216102166,0.7484668596122237,1.0493917413633445,0.19104499978578454,0.39510114834014576,-0.27394645966328124,0.7984841049588819,0.4218729853779191
697,0.499581919308162,0.27771015947503996,0.33656126506617984,0.1293589342357814,1.2097958196138001,0.8824840899658807,-0.07193818315948616,0.6216061390425816,0.14443766657187224,0.6113539606083991,0.5083750329550762
698,0.38753456741611053,0.569582976967314,0.28344246609752605,0.10640011405957484,1.2146649858221892,0.7274316854767513,-0.1573768425178223,0.6734800622702627,0.4208806626032173,0.5214412278082877,0.6574445902947706
699,0.4384387709107916,0.039784803980168086,0.05460763675512741,0.3111116484660602,0.938496175558308,0.872266727340181,-0.08911695825874003,0.4219714300560736,-0.22221449350592473,0.7608882125545202,0.4048079938506065
700,0.15750070264534388,0.26742690443811484,0.06392804541411899,0.16964864684912526,1.1735738998357008,1.1316567020181116,-0.19435177385838148,0.3292521496733515,-0.09747147514440682,0.7875361964582707,0.4164913954194378
701,0.025126985827575547,0.33379050642839875,0.39751331507503473,0.22955176902359364,0.9439206348939959,1.1893675642421413,-0.059976469443730085,0.4929912881773013,-0.15109163849146387,0.8205412538720128,0.47117354814983314
702,0.44860561227194884,0.5179110586445688,0.29650046919981266,0.1333328304519766,1.012047759716224,0.8467552452433712,-0.041355868474393154,0.6981749852841534,0.15858936918476968,0.5167416645417412,0.48912436686442207
703,0.2567034315458511,0.06943454275470295,0.08684808941757566,0.3278102471468355,0.9763951880066856,0.7988703327669506,-0.09899398410009744,0.3703981554324826,-0.015103573255936587,0.8369310128497229,0.2510377863199641
704,0.45137000077772127,0.3094279847847257,0.10609691339167493,0.29054808489011,0.8783274624624762,0.803649454222675,-0.19985241125789324,0.578721491922116,-0.19614541101458982,0.6196010072187765,0.41967007254888805
705,0.5039077588323067,0.1635817218107012,0.2961102559620629,0.005747332645768027,1.0910872835647976,1.1194849943967444,-0.0724213403929381,0.4846735346254194,-0.2709820697356877,0.6662552596784961,0.5591017251819659
706,0.58104287058689,0.5274097076998611,0.2209873981072629,0.3316797312720162,1.1724428914160865,0.9755301470110462,0.19693776234585786,0.830559853833015,0.36703392530738366,0.4457737108566244,0.7394375563244194
707,0.2833853207912775,0.47386331330934817,0.13690327163457083,0.3387048360453343,1.2706116158349143,0.7946633276854232,-0.19849467360143908,0.6164283708902654,0.3726926108070874,0.6213756829496871,0.636505650720443
708,0.04148479612770969,0.5626542084828223,0.24945563888260347,0.3665141439355284,0.7203047508518831,1.2225045569471034,0.011805456630693323,0.6100543937143319,-0.22980964328697068,0.697930497694734,0.5176098704076617
709,0.5794537819474603,0.15345860522665858,0.20519630443143264,0.00505182016352082,0.746609049667229,0.731181306513504,-0.18144849327128548,0.4715802558845362,-0.3790183384779614,0.6335438064129406,0.4354906944857746
710,0.478424006890798,0.5447575197169358,0.1070731833748362,0.36765087778720185,1.0050506997590531,0.9115528151655927,-0.03858604077138564,0.7489527938848859,0.08807860023514366,0.4884092366961331,0.4815791564262021
711,0.06167503200333852,0.47711287109957523,0.3516343981178196,0.06443573438309999,0.9584656393649846,1.2800135558393342,0.04113575089007618,0.4774290178019167,-0.07269324603615504,0.730606048448543,0.44420735354353946
712,0.37241567931982056,0.5950003167767265,0.21254675770517417,0.2443241414473808,0.7588483618453793,1.2921381403179488,0.17599724879558626,0.712143447624551,-0.2460002109485303,0.5162920019517265,0.5952041311597707
713,0.23168703292282167,0.5329777381153403,0.11985785605185761,0.27136180011763594,1.1252658735394965,0.9392989662108128,0.15781154034594452,0.5779422136038278,0.49442380027088756,0.617667614480919,0.6939723755416409
714,0.34058808730216744,0.07703086196967883,0.03191274032617559,0.26253482891977575,1.0841398830878184,1.1127000183141829,-0.16361754331336717,0.35603325925889884,-0.3239562912059759,0.7911905253640769,0.5359970537776454
715,0.4023362475748192,0.3103355855484045,0.2457396880657704,0.03371924731183417,0.790958296396004,1.0454590326728481,0.12378728846268616,0.49606538425041413,-0.17671377882736528,0.6436640834383882,0.41355875326379793
716,0.4978773805837505,0.5659642627818089,0.32672121341761623,0.37708349469331426,0.9348960731330062,0.7573079740395139,0.1645596602494372,0.8838231757382449,0.37619120044195864,0.46807917831722035,0.6522950023536032
717,0.5895375332397,0.5700483160148939,0.08086402636232114,0.23564835461950537,0.933022290057158,0.9540189952504835,-0.08624367947348638,0.7380491151182103,-0.11698499327921497,0.42020707537270297,0.4871709633417235
718,0.005739069507347126,0.3214067363993596,0.11736319884502044,0.25918978726514463,1.0869955261411457,1.146489014904222,-0.06001856961791105,0.35184939600843596,0.03832177506501894,0.8364270970466466,0.37210395870372764
719,0.08608512290979993,0.16103100734223022,0.26232073150815105,0.10244170766469395,0.841485942536951,1.10986929100758,0.12409480389226679,0.3059392847124376,-0.10681560236214713,0.8764419348739849,0.3243038836883961
720,0.08805555422788548,0.24110955350023436,0.35467350691592553,0.2218408197734919,1.2080525291941007,1.2676006650707474,0.11110813906550415,0.4528397172087686,0.12808700282503183,0.83541744613594,0.5269013871447386
721,0.40150161910381027,0.4937045293517457,0.12080790214988964,0.2667097906166868,1.23674698686713,0.7146648615599392,-0.06444811428606245,0.6413619206110662,0.5037354661450959,0.552396925772222,0.6966390100382513
722,0.1927099079595125,0.4822351886803915,0.33418029203935934,0.046980146475722705,0.7254384156086044,0.8145667084080854,0.0059325524952673625,0.5280527675774931,0.06156690005622589,0.662527451680048,0.2831625280689053
723,0.356903284654246,0.2260187692443505,0.2627420343372567,0.35443123147169026,1.0992922273296932,1.2444258549113785,-0.07454299527015926,0.6000476598537716,-0.28511888055679224,0.7085389730507018,0.6470199128358519
724,0.10843425231537965,0.06809809369786067,0.3030822708100661,0.2818625416297081,0.9691283494754375,1.1484965597876895,0.18760627439528726,0.3807385792265072,-0.011930015225724254,0.9117338269933799,0.3388596681418193
725,0.011866006447102836,0.2043072143010704,0.013940195304204265,0.2658600003069168,0.9983696135687762,1.1270953227137437,-0.13063254052302004,0.24798670817964716,-0.16313764574100376,0.8919133896259134,0.37844350478709116
726,0.042349979385859195,0.1523690522733573,0.18922676990340864,0.20943455874388284,0.8807296440785493,1.122750211906761,-0.14717494412863152,0.296690180153254,-0.33418597551309415,0.9026404841703918,0.4700576213654857
727,0.23562571779934266,0.3531526616101874,0.3080964543038963,0.21106253307388767,0.7987813857571988,0.9994031060959514,-0.10582224581027615,0.553968683393657,-0.24768049424360639,0.705610810295235,0.46974189286691426
728,0.2329863717277979,0.5294139226595078,6.88303411373711e-05,0.026855269960223305,0.9036620463205178,1.1258232663550203,-0.009609120099029977,0.3946621973443332,-0.08355656466767747,0.6187998528063472,0.3653701459072243
729,0.48503135804936137,0.37870471870004063,0.3242197840777954,0.15633411754380366,1.1648271507562387,0.9648940066422929,-0.1487346724875911,0.6721449891855005,-0.0019648480483056563,0.568131961625299,0.45246719385281653
730,0.38149694811235896,0.5516327100745743,0.1668986525544198,0.2804255809918661,0.8817299777849926,1.0870441650195013,-0.045040587014069794,0.6902269458666095,-0.16528689326747079,0.5334351709065334,0.5174564500082497
731,0.5269399790475406,0.5825677351742589,0.26539754073774374,0.1585509481303677,0.9572158996960762,1.0591410098751393,0.08857828074588814,0.7667281015449555,0.01446704863018422,0.44524614288910025,0.4694606971888967
732,0.2390684712361362,0.05877488308475589,0.28022420729336844,0.10111447273808312,1.0672499829531488,1.090614052005926,0.13908014124145918,0.33959101717617185,0.02556927811299181,0.851078322839554,0.3406439824780325
733,0.3928948887616493,0.535068297509431,0.34980889909785884,0.1304501977603547,1.0662999782710374,0.9963667647629708,-0.18441595424108526,0.7041111415646469,-0.04339603635912784,0.5360184068644599,0.47334876419983757
734,0.3016635654326263,0.30849433723343433,0.008951407776985942,0.06777481685848549,1.0316086182444504,1.2406423447569723,-0.13453247129798485,0.343442063650766,-0.34015081191010277,0.6949210486669697,0.5595300533567238
735,0.2910990333524082,0.5400624578892145,0.24900666599471358,0.2076422842922077,0.7772339180275654,0.78780493994429,0.13676481450059025,0.643905220764272,0.25067550485226875,0.5844192543791886,0.4492271057100339
736,0.3207156394715445,0.590869600918705,0.3535748946888278,0.20519850979676893,0.9476051487301356,0.8220462816432779,-0.09258209213906046,0.735179322437923,0.16805375567137748,0.5442073798048752,0.4873168399713491
737,0.4618189384208883,0.08340527998153424,0.11482418998400812,0.298749738677265,0.7549509355439988,1.171210691839604,-0.006693396319011974,0.47939907353184785,-0.6121599818342941,0.7273878907987887,0.6905960253592163
738,0.2505801767070543,0.45495223091235876,0.18435033999483574,0.07346727494989692,0.8351701400945464,1.0026245903258437,0.18246511591405534,0.4816750112820729,0.11719669278541023,0.6472337961902934,0.37243670278917285
739,0.009571885786399708,0.3448953649693062,0.004380602167091213,0.14832315431030033,0.9189974303136201,1.1232974738189927,0.12498867424177268,0.2535855036165487,0.08835037032785334,0.8227663746221471,0.31501814967648467
740,0.21680526493115637,0.22536905253167938,0.046798716923725926,0.14413044353823698,0.7509674253473512,0.9238802977415093,-0.11800906159508318,0.31655173896239935,-0.28664004018897976,0.7789128412685822,0.3673166504705627
741,0.47728171492604593,0.3522630492705687,0.13177100416968449,0.06175663330138244,1.1771910334909976,0.9555265546913617,-0.10866997084032422,0.5115362008338408,0.050485175131573065,0.5852276179016926,0.41808498245807
742,0.18667178707079232,0.05041546750029881,0.17462277920025665,0.208262198059329,1.2371480142306424,0.9342742754271428,-0.127702921861782,0.30998611591533837,0.1070426571564708,0.8814563727144544,0.3810756130744641
743,0.5122967052690182,0.3424978618196443,0.37981632918535757,0.23473195023775376,0.7023881686335931,0.9975687467350182,0.17322804618241883,0.7346714232558869,-0.20685195364369316,0.5726027164556687,0.4929689703307235
744,0.13975622319530392,0.3233560915856514,0.35501952462178665,0.16430195988706597,0.8482223836886965,1.0228534084963012,0.1690381027005315,0.49121689964490395,0.08620701208810048,0.7684438426095224,0.3659799151570714
745,0.44973076108835025,0.24517493180815467,0.18118485355334277,0.28268286126429815,1.1541263959182329,1.160138577801991,0.05617565537082547,0.5793867038570729,-0.0521144411530305,0.6525471535517475,0.49158958966470356
746,0.25854074108537184,0.06893824120572284,0.1378077945140723,0.37582308705395095,0.9285174191289205,0.7413973305851147,0.13272281022329285,0.42055493192955895,0.22504164882727415,0.8362605088544527,0.3707256494966969
747,0.14145846464749076,0.01151985093383468,0.3740338246597891,0.29743762224100484,0.9415569839640994,1.0421725112297442,0.023749231193718107,0.4122248812410597,-0.14183560292875474,0.9235108422093373,0.3959236880521377
748,0.5350895158879839,0.19013538652662249,0.165024955243738,0.0341740686547349,1.0095167754381047,1.1060240359039548,0.05027762280142778,0.4622119631565397,-0.21870670234510306,0.6373875487926968,0.49499400950519257
749,0.5500432210793855,0.017723543240224925,0.05133877456627211,0.1177962440465536,1.1750791260626516,0.8013382365717715,-0.03192874818515948,0.36845089146621807,0.0756523023861404,0.7161166178401948,0.33687607867677727
750,0.34891241719036925,0.31556271648951967,0.13829675140014017,0.2752783864886464,1.022948964205136,0.8788745100202615,-0.03144083513040069,0.5390251357843377,0.09595876870404893,0.6677624331600556,0.39864118409251387
751,0.008146256439385166,0.11794401900146732,0.27592239998220286,0.14173968041539284,1.2504489587463443,1.0137070813531426,0.02324573483198189,0.2718761779192241,0.3148864935062247,0.9369548622795738,0.5137213772962963
752,0.3309789190780136,0.26337015674068737,0.20226884763168812,0.058452057314115374,0.8530498260484829,1.1263057609496443,-0.10358253597602937,0.42753499038225223,-0.41064285204585393,0.7028254620906496,0.5622386041299451
753,0.0864748549144728,0.32650486156974046,0.21765611597412715,0.047447249835132474,0.8525461186355466,0.7110535965981543,-0.14148787360069615,0.33904154114673646,0.12001965176433005,0.7935101417578934,0.24852833632571786
754,0.2920933283354515,0.556961163652935,0.35961696302632234,0.02027893467104743,1.2244083032056268,0.7741729743911168,0.15512011060119157,0.6144751948428782,0.7377893570744434,0.5754727540058068,0.8381090115810031
755,0.22313262826211985,0.061929022852027095,0.2977780698398494,0.18907714748253518,0.8082349297781237,1.2806007392872956,-0.10697934310293139,0.38595843421826576,-0.6599469553171495,0.8574691744429266,0.7225604641439509
756,0.40028240152454814,0.5269991001138845,0.15129503926411814,0.29136660257941216,1.1962051611706688,1.0352551539602255,0.15549508353571245,0.6849715717409814,0.3798034400408239,0.5363592491807837,0.7097357715036104
757,0.22074446463675704,0.3938675882987576,0.07215465630543665,0.2697096153708405,0.7693987324444305,1.158392645918881,0.06054710818516468,0.4782381623058959,-0.2418852434582855,0.6926939735322426,0.46837425558815754
758,0.10620078270448778,0.041823270387726,0.3495264262190124,0.08228729321686945,0.8647447507151338,1.1858494522426286,-0.14373878401014703,0.2899188862640478,-0.4970322416960228,0.9259879734538932,0.5768354502626734
759,0.3998170759568524,0.04899298320789443,0.25544157642208654,0.013583987494880295,1.0258492344990262,1.1503558684240511,0.08546874259358611,0.35891781154085683,-0.2144499377059178,0.7755949704176266,0.46628836297066284
760,0.07614810948225277,0.5378194900707629,0.36285447001989457,0.056383538719979046,1.1091128365195804,1.1721121661026683,0.14775909005786086,0.5166028041464447,0.31559545076902795,0.6930162002234921,0.6163046427755569
761,0.14944726169836897,0.1365373389797607,0.22026247742072247,0.2560936637257613,0.9431544585629466,0.8594519463164336,0.14273566945507687,0.3811703709123067,0.21998322034228568,0.8570076996609352,0.38510968179013916
762,0.5427853139805507,0.023534637964664023,0.092521974644034,0.2761336585174575,0.9359023428639021,1.0502337218125952,0.19066412650981224,0.46748779255335315,-0.18329259044682428,0.7168400240273927,0.4435046874585602
763,0.3119745963296345,0.35167875253451786,0.30016702810603113,0.16788075108324652,1.1973583500811305,0.9917659542981025,0.17130050499218036,0.5658505640267151,0.3967449788776499,0.6681733255679239,0.6616682890320842
764,0.10700029280873098,0.418677731417432,0.3500347135765966,0.29529873679239166,0.7656053462058496,0.9228094336459469,0.11603825691996333,0.5855057372975756,0.11467288878421655,0.7371609878869185,0.37510972315250934
765,0.5052430157201417,0.5054426175491938,0.170233332235615,0.028254506408176235,1.1405085526953516,1.2462132367960994,-0.17723090641210149,0.6045867359565634,-0.2828357895983233,0.49465718336533215,0.6582166155144822
766,0.443314688392191,0.43505988846293703,0.3584462007407582,0.39281926702052106,1.077743289419603,1.2371295634554156,-0.08033129001092575,0.8148200223082037,-0.24384496401136527,0.560812711572436,0.7009532005488553
767,0.5638105818564971,0.19071279737326374,0.04800118945534433,0.0007879123184994602,1.0524415984487732,0.7644098726354909,0.03652728426321214,0.4016562405018024,0.13801011783487777,0.6227383103851196,0.3476814346727137
768,0.11864662335361854,0.5359670524534207,0.3883134401746875,0.06646838469769933,0.9116685299955491,0.7895819763825543,-0.07991336539433361,0.554697750339713,0.25083340276856225,0.6726931620964804,0.4476917683915484
769,0.04908663254972269,0.24405720810742043,0.23128835850450624,0.00956560041134602,1.07968554342852,0.714126681456286,0.1940279272285021,0.2669988997864977,0.6570720769795849,0.8534280796714284,0.5994958623235516
770,0.3554628732990642,0.3387673932910751,0.03920865191111101,0.3474145154775115,1.2349397590157876,1.1305530134098674,-0.08412487202904272,0.5404267169893808,0.011914133572882943,0.6528848667049304,0.4646923600458958
771,0.30640458311415747,0.0967872977640423,0.17878366576106328,0.23012727330974148,0.9518792773011244,1.0117694751980773,0.1043413844109759,0.40605140997450223,-0.06035745616103451,0.7984040595609001,0.339547225811222
772,0.5756683493735565,0.4585623897330287,0.13745813776957747,0.35313463336898393,1.1372640966508414,0.8063091322488847,-0.10090705949402395,0.7624117551225733,0.17149492508766886,0.4828846304467074,0.5437549643265622
773,0.4453351784441933,0.5284012803559163,0.3363245069782628,0.28210907657614903,0.7747188729823149,1.1997812336492353,0.13161602303226222,0.7960850211772608,-0.25191328667879664,0.5131317705999452,0.6132070071360698
774,0.3527113479329567,0.3711879558141281,0.1974460821460017,0.06300422804029664,1.2809287335865995,1.271796345832195,0.1752270111794656,0.4921748069666916,0.1935977028744558,0.6380503481264576,0.6012098143660488
775,0.5540124063238782,0.5430296106725107,0.1236730441850334,0.18922886471276673,0.9174393996694385,1.2031856146102737,-0.10937716562524544,0.7049719629470945,-0.4006147783917644,0.4514789915018056,0.7025139057838244
776,0.2780051806137695,0.5799438408841402,0.35890733088661286,0.224763260793568,0.9743020080106091,0.8042774868162148,-0.1751775790438099,0.7208098065890454,0.1458162722857697,0.5710254892510451,0.470458559713786
777,0.5393066725200376,0.03232250148233856,0.23567524955576508,0.24207251926891882,1.2317567443480715,0.9250236817216572,0.1510917841485258,0.52468847141353,0.20433276125609062,0.7141854129988119,0.5216701518364986
778,0.20770401075660583,0.07358877568197394,0.1525850405497723,0.38582175998811946,1.155396489986396,1.2066553226838765,-0.13309900235510558,0.40984979348823575,-0.25141545258990206,0.8593536067807102,0.5553021421168037
779,0.36409526856985486,0.531641006482864,0.1993878401842326,0.3391287015987396,0.9492124314574499,1.0772848463748907,-0.09842541333931815,0.7171264084178456,-0.14272495930025436,0.5521318624736405,0.529109858405376
780,0.36018881085454846,0.2513335830700167,0.31555751302064944,0.3897040225747273,0.9687668786600752,0.9173141384925712,-0.07831845950345913,0.658391964759971,-0.081293333228221,0.6942388030377175,0.4336530401290826
781,0.16371516394315333,0.46768897161163375,0.32276134980361243,0.35694697151208565,1.0449622419922178,1.0552333114862062,0.17391690770585216,0.6555562284352425,0.3156327420461039,0.6842979322226065,0.6266510249713655
782,0.04459026320643081,0.09772302514537375,0.1599161614206693,0.2262196201404467,0.923456142315195,1.2748006820557651,0.16398962950876367,0.26422453495646026,-0.16078852926233497,0.9288433558240977,0.40172713763272516
783,0.42719981134821355,0.5613897797431711,0.28705353745287904,0.004046465105560547,0.8908524504713816,0.7618716850141843,0.03874272849980556,0.6398447968249121,0.2348184781544816,0.5057052044543077,0.4600100394940453
784,0.5385527370988914,0.523352468902623,0.21387495557288633,0.3145347047885958,1.2014577142820855,1.1288059484452235,0.1196558281402606,0.7951574331814982,0.18470745987898834,0.4690473969992428,0.6614533648818196
785,0.0850496945783466,0.07982140554786908,0.21427749617562528,0.3411905887560707,1.2314470594577185,1.108497277034654,-0.10020273078648702,0.36016959252895586,0.020132907121338757,0.9175644499368921,0.39113366540747874
786,0.5111323703602033,0.09982437067365275,0.38125004037177745,0.0778549924472785,0.7214989043684167,1.0561599850025294,0.16608561327141974,0.535030886926456,-0.3742294672059683,0.694521629483072,0.5329647574368999
787,0.0038451073955522424,0.30113931407200345,0.0981851251382692,0.0054127658474177635,1.0346037326463873,1.0413339036423679,-0.04839244477424812,0.20429115622662133,0.09352448756799689,0.8475077892662222,0.30681556410363553
788,0.4474943740080641,0.43668435426552554,0.14474176692315913,0.11097192278452042,1.1335337982553104,1.2674502656907842,-0.05057176935320859,0.5699462089906346,-0.18989324665995166,0.5579106358632052,0.5921604475787485
789,0.37459588688936296,0.5314309796811009,0.32443390168958786,0.05027746150512892,1.2818810925815063,0.9514272592918762,-0.11952422424404728,0.6403691148825903,0.28934715544145173,0.5469865667147681,0.6380830271862528
790,0.30339411742509387,0.4398951408893137,0.23219247430033849,0.3974612990006956,0.7924962330462765,1.0745487009598813,0.01548085006294278,0.6864715158077208,-0.19832110611855217,0.6283553708427962,0.510342503495759
791,0.06563599289084521,0.1929783658658881,0.017999579210975846,0.02481527370343989,0.9276702225543563,1.1208409404390005,-0.16143995657027094,0.15071460583557453,-0.2909394879673937,0.8706928206216333,0.3969773258630053
792,0.13166961512350836,0.4546259712931358,0.17241136955003677,0.0825513326349939,0.7259974471836675,0.8107271243456098,-0.06651514456019633,0.4206291443008374,0.010233356362675167,0.7068522067916779,0.2085728144202594
793,0.551361390610695,0.15758986188205923,0.11552956102829265,0.05373516469269721,1.2022725976691184,1.1336183470850527,0.057466846949834394,0.439107989106872,-0.07076466683041777,0.6455243737536229,0.4520747319295422
794,0.22159778129770258,0.5867104371394553,0.2740282250293289,0.025854461287589805,1.073739280332444,0.9062951895970476,-0.03077309843040299,0.5540954523770383,0.3192273202258697,0.595845890781421,0.55818319056871
795,0.4114517284269786,0.5804026387177013,0.20033753391058473,0.0879223593230605,0.85187245706866,0.8319111800679384,-0.09800750023469451,0.6400571301891625,0.006429231911388417,0.5040728164276601,0.33082630050664774
796,0.054899260086284235,0.37928236391204223,0.012269603581833752,0.32714873509174175,0.8998106615022606,0.7061939568223063,0.14565972374722075,0.386799981335951,0.501467980340054,0.7829091880008368,0.5071019353195546
797,0.13874871703660266,0.5353810546356065,0.16024617437314764,0.2794702640027185,1.2953698248424634,0.8921699721950936,0.004819764646380398,0.5569231050240377,0.6063357860932521,0.6629351141638955,0.7834556629249556
798,0.033858804109291006,0.4090232273365274,0.3750041884802678,0.3493545144733097,1.2625439621202539,1.2725253201259843,-0.043433845284886335,0.5836203671996979,0.13416700832300146,0.7785589842770908,0.5977156724352395
799,0.10439433856342341,0.019458096067060792,0.16174655848562325,0.3844338954993824,1.2835517669958016,0.9486553194044371,-0.18618999898028576,0.3350164443077449,0.10623832736289743,0.9380737826847579,0.40580134574089616
800,0.14248100614291864,0.3731596175575986,0.058041086532986765,0.27883583506406734,1.0416711642340943,0.8346660666905674,-0.1956230224143776,0.42625877264878564,0.1267213808364893,0.7421796881497413,0.3656206452925733
801,0.2954412296921281,0.3117425089260725,0.30091638254790626,0.2695811500333618,1.2485734673903623,0.7250278637057006,0.13693931786781882,0.5888406355997344,0.6686355611694528,0.6964081306908997,0.7801179237155812
802,0.2360237244148127,0.29566389510922064,0.18622381906191351,0.19286574669637868,1.1706366450138432,1.203958757018813,-0.04937716353252833,0.45538859264116277,-0.052879190190294176,0.7341561902379834,0.4575318016788057
803,0.22361293712473324,0.12381501259265301,0.3573541744234819,0.30359584075939594,0.7524353826943488,0.932959090207609,0.15209250798703938,0.504188982450132,-0.07833016179226092,0.8262860251413069,0.3200223082808989
804,0.262764614537766,0.15161780494973406,0.0786314905757794,0.24272809131688208,0.7243475596773009,1.0293573222785046,0.18235471308679718,0.3678710006900808,-0.1782284543084225,0.79280879025625,0.3425116933500372
805,0.19459878314229395,0.0592424565233039,0.05211543766100817,0.24798075658879337,0.8694623781681738,0.7351651308018479,-0.01991878855676618,0.2769687169576997,0.04670029550006477,0.8730793801672011,0.18996454132562418
806,0.38472962905187663,0.4173746642145255,0.15775091439436495,0.1151089804524722,1.0680517558982918,0.7257512411836314,0.1422261582863526,0.5374820940566196,0.5008491905823375,0.5989478533667989,0.6139531012425312
807,0.12409036339107712,0.1080699712907451,0.23862203967281326,0.13416369050054497,1.1581837708838019,1.0550267553788562,0.07391883208677535,0.30247303242759027,0.16906565154155506,0.8839198326590889,0.42573123546163366
808,0.3558528770503998,0.33492032053054377,0.016746695542227588,0.36490131004948334,1.0813488815337782,1.1355907620070238,0.09018865307184953,0.5362106015863273,0.025480494338675885,0.6546134012095282,0.43400744812293696
809,0.4295219721359491,0.3220740394121438,0.08972158361543037,0.2798971431851435,1.1140648670788948,1.1442056981449455,-0.15513291339396434,0.5606073691743334,-0.2389977108219177,0.6242019942259536,0.5822092154688442
810,0.3086308862770019,0.3984786902453868,0.07545532612999115,0.09538034376924577,1.0404904657597336,0.8836577255751532,0.18393403383655654,0.43897262321081276,0.38569067600532936,0.6464452117388056,0.5380405027212445
811,0.06385316354208798,0.04754734128346381,0.20985198009578654,0.03765296739015361,0.7627761911397534,0.9992960147440624,0.00816638065783798,0.17945272615574598,-0.2365063540757831,0.9442997475872241,0.3042029543787222
812,0.5103476591939776,0.39839088593719074,0.09197206456300261,0.27512188912791735,1.1285384020242892,0.9556647762903797,0.0445817436503943,0.6379162494110442,0.16147698275591038,0.5456307274344159,0.5231034839966311
813,0.35153666072249146,0.2924793486286549,0.09005775781576124,0.326500208948351,0.7028253411017815,0.969325665634427,-0.1903602726799049,0.5302869880576293,-0.4863892532594687,0.6779919953244269,0.5719860988627852
814,0.4530875467520207,0.17096777078091285,0.006070530204070175,0.29836111494488604,0.8043620298199587,0.7859448394617122,0.18618547575123,0.46424348134094484,0.06354277812392262,0.6879723412335332,0.27139977673114934
815,0.4191512711855458,0.027057682682414385,0.0436642785711729,0.1615769506113812,1.0434303476548354,1.0355366395580754,-0.04582019623190997,0.32572509152525714,-0.23397328238671564,0.7768955230660199,0.44041575284535994
816,0.3864101967005543,0.20178837149721146,0.1207583427949212,0.08312068079520002,0.9845042526272803,1.2826019459961135,-0.07643933570674898,0.3960387958939435,-0.46684794167725374,0.7059007159011171,0.655300833019778
817,0.26213980240929297,0.12014196776751401,0.2235742582873134,0.09637257595357407,1.2292667101101942,1.169919730112609,-0.020352625279945746,0.3511143022088472,-0.03200456260325002,0.8088591149115965,0.4094450685011898
818,0.34640969195872034,0.4468064781468367,0.1696374747238669,0.28428051059001025,1.2470346934963272,0.7966681597484843,0.049327670963002695,0.6235670777097171,0.5498925978049038,0.6033919149472214,0.740288103078032
819,0.13326259674917446,0.08870645922644763,0.16401908128089374,0.2297549031373199,0.7361991789735439,1.2358515636518042,0.035447698810122164,0.3078715201969179,-0.48648275462950147,0.889015472012189,0.5580509465128051
820,0.24496825500318248,0.41781579562732535,0.10848489891245361,0.06044122288326668,1.033791963486742,1.0221594162672982,0.1811267438616601,0.41585508621311407,0.2791830613931754,0.6686079746847461,0.49783971625966095
821,0.2982276130906398,0.5088188097159736,0.004813034674520655,0.27678528023984,1.1137705310992305,0.8783441963776072,0.16209884567853688,0.544322368860487,0.5028207787128272,0.5964767885966933,0.6674500966411006
822,0.53454845465703,0.2114343066677463,0.07274285215258366,0.1794027162668529,0.9452561885794953,0.8031681032969591,-0.13523200777021066,0.4990641648721065,-0.15470099648231628,0.6270086193376119,0.379552336807346
823,0.43025346423016203,0.2059532124214791,0.21162727040729085,0.1746120040270666,1.1113520245006283,0.7423849556244987,0.09735347716157916,0.5112229755429993,0.3541704201333673,0.6818966616741795,0.5304256873285018
824,0.37778906436781723,0.5407522360596108,0.007679473069513655,0.07444966216262826,1.046654319441853,1.2570837867704245,-0.030889377846691934,0.500335217829785,-0.15983725932936677,0.540729349786286,0.5219709692826033
825,0.09597746650594778,0.2101753048174981,0.06938040749042595,0.2037104290881788,1.247747426253156,0.7072026842925628,-0.060797739426778824,0.2896218039510253,0.5368459216895896,0.846923614338277,0.5766938022305936
826,0.2901210001046979,0.12308036477088968,0.15830257257767777,0.37930497353551074,1.175872464485912,1.1987112002403515,0.028875290368703566,0.47540445549438803,-0.07748376305264004,0.7933993175622063,0.4802979562109052
827,0.12512218402074668,0.5071080060313327,0.2305237180747915,0.3739470194407424,0.9561314893575612,0.7325368467184392,-0.026250185635509155,0.6183504637838066,0.38833736800890584,0.6838849049739604,0.5525096903378663
828,0.01768837432968517,0.3552556429254907,0.2809361638572515,0.3258415413019647,0.9853516409150943,1.2720368533835096,-0.06430411011387457,0.489860861207196,-0.1822056882843871,0.813527991372412,0.5196148810281618
829,0.11726138801583051,0.21269474347066847,0.22210923971893834,0.3617178941800372,0.9197017918956318,0.8559624689282336,0.15929801914716724,0.45689163269273725,0.2707540198419845,0.8350219342567505,0.43912513018825194
830,0.24089174372942898,0.32455518412798007,0.1249283959887322,0.29931338392239926,0.7818858236982732,0.9395237206134102,0.19827990075654828,0.4948443538842702,0.08247372404068685,0.7172765360712955,0.3277743620560411
831,0.12047885566888114,0.21578955962895402,0.23423597979468158,0.2641216265590391,0.7324926880372731,1.2953674490859528,-0.16966959502362786,0.41731301082577793,-0.6848890040922712,0.8318657923510824,0.7348236410664805
832,0.30398026974911985,0.35450495177193136,0.28292531032017676,0.17270073124871324,0.9336847678402889,1.2521249020940832,-0.013468375709968672,0.5570556315449706,-0.3066461689523573,0.6707573892394744,0.6032623714729957
833,0.49362097560560086,0.3880002799496302,0.3977386542853588,0.14978021290026403,1.085142163907518,0.7918756050464358,0.03699495470077854,0.7145700613704269,0.2774511657338754,0.5591893722223844,0.5715531662269845
834,0.20731598339208152,0.4750809363980206,0.19704920247241178,0.03946687005507396,1.0652375585903022,0.7284595560552118,0.007815089855887886,0.45945649615879397,0.4784755688939478,0.658801540104949,0.5692922184612648
835,0.15486648138881118,0.040835193613771706,0.08151221062830877,0.39475995782849316,1.1777287974691073,1.1356030831578168,0.09165455997205835,0.3359869217296924,0.07676463039582915,0.9021491624987086,0.40878651708610547
836,0.5837857815587287,0.2278492418695761,0.3383826630891835,0.13007168824918355,1.0728511558142246,0.7464917688752998,-0.18742177995279863,0.640044687383336,-0.03903066285845008,0.5941824882858475,0.3842720038407855
837,0.29924852924478207,0.10943901697851667,0.24998773320861437,0.032941595310411666,0.8699593397018927,1.168796184241773,0.06786715299267515,0.3458084373711624,-0.3258744476803378,0.7956562268883507,0.493536924542584
838,0.5329042422509235,0.4645706736017295,0.38594868107083036,0.39832194231178475,1.2738177349520932,1.0328263503198665,-0.19724777317657852,0.890872769617634,0.00957682713105118,0.5012625420736735,0.5887562254436742
839,0.14030701860411007,0.5033006296916758,0.10380888363727266,0.08655704581862822,0.8066941586350873,1.033772502033782,0.12228759495699942,0.4169867888758434,0.07670605710208755,0.6781961758521071,0.3229350149788073
840,0.3340130651169636,0.13066590082735555,0.004485917545622724,0.3028160744668253,0.7573045000907931,1.233974781615141,-0.05090422772657019,0.38599047897838357,-0.6292480913957221,0.7676605170278404,0.6797648668552703
841,0.03890516982532869,0.5898943426290888,0.3115660584050267,0.3532134095037247,1.1604468917340252,1.2948893561277555,-0.05513894024896768,0.6467894901815845,0.08591318175918208,0.6856002437727913,0.5740977670935882
842,0.47518347142722517,0.34693370835035575,0.3679533583817727,0.10606368876042385,0.8334824942684572,0.9729633223585838,-0.12873329801552053,0.6480671134598888,-0.33233900764408186,0.5889414101112096,0.560241704127165
843,0.21178361152975728,0.2855169775842638,0.33488087019046936,0.16621405155045685,0.856071166777387,1.2942187424363254,0.1309505884982518,0.49919775542747363,-0.2703303041334333,0.7513497054429894,0.5494497619544776
844,0.5080246589363208,0.09591979168586896,0.3044155310436414,0.002358080924342642,0.9894825936399558,0.7544364588454991,0.14149434373456743,0.45535903129508687,0.1704880449037982,0.6980277746889052,0.3704162025816775
845,0.15324324826841831,0.23292123952969268,0.02048912820686749,0.01045247932432258,0.8708242583572525,1.222920549170971,-0.040403733829288024,0.20855304766465055,-0.35266102901236923,0.8069177561009445,0.4684540383553376
846,0.44235188542611814,0.41981859413271466,0.37577540258669195,0.18713227988719225,0.9551083602957193,1.172909636668433,0.12444901883409881,0.7125390810163585,-0.10461890318531666,0.5689147602205836,0.5297914735587715
847,0.47037243780173593,0.42060452477413496,0.0027008882342241225,0.26867622652558104,1.2446503985624857,0.78023948038098,0.05497893545755855,0.581177038667838,0.4945058971252637,0.5545115187120646,0.6853968234781598
848,0.02985611367341773,0.21396373721315975,0.27133775736702276,0.20726558951856894,0.7619843550998399,0.8604434062931277,-0.10165909142501643,0.36121159888608456,-0.10806433084843323,0.8780900745567113,0.2649301784117356
849,0.48851033063907523,0.26517763506720415,0.04949432333470588,0.07157717643322722,1.0559995426146493,1.2163789773504439,-0.016260819393281944,0.43737973273710623,-0.288306601915012,0.6231560171468603,0.5660304842351229
850,0.3177917814244179,0.3603265555615203,0.35101681559593356,0.395981767738533,0.7975418640841924,0.9600153613821308,0.0757815791015698,0.7125584601602024,-0.06542453112781746,0.6609408315070309,0.4136674091073522
851,0.130154829740233,0.525199166408588,0.1802764548980339,0.33639422607888836,1.2933066426657494,1.2973014642056102,-0.06372416066361203,0.5860123385628716,0.1298031861307046,0.6723230019255895,0.6099388738214112
852,0.42798337019174787,0.07125560791466054,0.2588908815326099,0.14148540912744242,0.7956274817754493,0.7553204701718492,0.07544577754854248,0.44980763438323035,-0.06261109198640114,0.7503805109467958,0.2552266969319575
853,0.2729719170349107,0.3824787326873646,0.27520183637538226,0.034412403253449235,0.8288673866836335,1.2557465820943454,0.066662019267272,0.4825324446755534,-0.305463768317213,0.6722746751388624,0.5474447310550439
854,0.5063038365118901,0.21800045117963848,0.07139965250818929,0.39658430777693776,0.8501035644026587,0.9799980737944676,0.12973316209617775,0.5961441239883278,-0.14431303996175698,0.6378478561542357,0.43257088312166686
855,0.05138028511982243,0.47577436566205167,0.08464879395706547,0.05321998621471835,1.047110042510747,1.1961350617378979,-0.1706751307317505,0.33251171547682895,-0.10750310968778681,0.736422674609063,0.4083178280655649
856,0.5430219723901689,0.5634552328520734,0.2689712156648768,0.2574494877022606,1.2234515933988945,0.9887104413626804,0.19725550506319267,0.8164489543046899,0.4422132873303591,0.4467613973788789,0.7949480628104852
857,0.41050869366903453,0.11612671417293494,0.33915245680417194,0.1981723306293045,1.18590614270318,0.9627634249996613,-0.10459946713337155,0.5319800976377229,-0.028647739177902545,0.7366822960790153,0.417148074487541
858,0.502406775929972,0.24248751161615614,0.10088686577841828,0.21925710379489738,0.8225439587375074,0.9143780563618563,0.06599594497234368,0.5325191285597219,-0.15579778480891315,0.6275528562269359,0.39071682608407765
859,0.5552243386129144,0.08272771091751653,0.03037653314706698,0.03713743513915774,0.9287060247031349,1.20715369036414,-0.11197950896208209,0.35273300890832787,-0.6266754884707861,0.6810239752347845,0.7010634254126216
860,0.07081261424480975,0.35346402960817563,0.0631468295796092,0.32884864690363,1.264696817719127,0.8320773484840842,0.1935393257531534,0.4081360601681123,0.7674845026698791,0.7878616780735073,0.7979386672199752
861,0.073129924903336,0.40384571467224956,0.3595304693403462,0.213852551307583,0.7789264090903035,0.9387253344833022,-0.11280825371521302,0.5251793301117573,-0.1072492842237549,0.7615121802122072,0.3538342384723574
862,0.5016035457181397,0.48667400565309904,0.08843506482825975,0.2782861747722911,0.7730679390563527,0.7837444800650948,-0.09938132774759122,0.6774993954858948,-0.11752263878885359,0.5058612243143806,0.38071644624803197
863,0.14519664033668145,0.3649324481324641,0.2816013331847432,0.2277885236519592,0.9091670447829925,0.8017643488640672,-0.08843843085286884,0.509759472652924,0.12883216896394775,0.7449354557654272,0.3589359388513032
864,0.2512403029089816,0.46889872032681923,0.07622726079954611,0.2833819861017028,0.9934905606108175,1.1498648546183803,0.11478893432763748,0.5398741350685248,0.06724384902899355,0.6399304883820995,0.44213481725210557
865,0.5615770647328303,0.49191949871681584,0.36617180680607825,0.36007672607598484,0.8182679164364316,0.886218932078815,-0.15136125730098038,0.8898725481658547,-0.254141055951371,0.473251718275177,0.5845553649659763
866,0.08090729117510632,0.2793591489963339,0.3734670339464369,0.08845198964765716,0.8869079683735536,0.8450642824600273,0.10508447957327366,0.4110927318827671,0.24615409439741373,0.8198667799142799,0.39512261209995037
867,0.23511811790127438,0.08584884873055852,0.3423798616615054,0.15679486150057764,0.8888902066398838,1.1129134755892536,0.044990613285347564,0.410070844896958,-0.2536672902493801,0.8395165166840836,0.4666796326656957
868,0.5408244940275738,0.18278536099475057,0.24677252880578038,0.32925753673500313,0.9968848634367248,0.8283801644796729,-0.11862908165437329,0.649819960281554,-0.129143949213733,0.6381950724888378,0.4437306106199608
869,0.5531500264677692,0.16794254288888408,0.368479849187407,0.10420335616427281,1.1516550949286517,0.9547908241459843,-0.015891696391537258,0.5968878873541665,-0.011631167398312381,0.6394537153216733,0.42234533514931305
870,0.10916018751314605,0.59453011163044,0.11775349518600375,0.03855721130621316,0.9952165226892788,1.0375752703112466,-0.05322603105087101,0.4300005028179015,0.1471001833858082,0.648154850428207,0.4184582594087769
871,0.5042774775390902,0.2834169919129429,0.0459441588856855,0.24177885521058592,1.278281339727005,1.2010931619652714,-0.06273406459831354,0.5377087417741523,-0.09597612964965363,0.6061527652739834,0.5425127999225221
872,0.2745422225424009,0.16981995408569228,0.20440809045022013,0.12594829956442097,0.9871793717171005,1.0644398071179721,-0.1260339351238326,0.38735928332136715,-0.2556555047530586,0.7778189116859534,0.4712418108891502
873,0.4623704066977115,0.08144329674959006,0.04441917991161332,0.20263536567086746,1.1429423974848714,0.7537679767818927,-0.08045272482816755,0.3954341245148912,0.1182581409007504,0.7280931482763492,0.35330612791309773
874,0.1458821090819035,0.5693997498498582,0.17957762365041022,0.13185424623764117,0.8231878610466887,0.9001949774228255,0.16837347487295162,0.5133568644099066,0.3031251788807922,0.6423590705341191,0.4680635627098165
875,0.06700929597975952,0.5428530114846059,0.23119783208007272,0.31058607923472786,1.0305300124511536,1.277627502226722,-0.14505647593208898,0.5758231093895829,-0.15423210795523426,0.6950688462678173,0.5499078871984427
876,0.2905649305867062,0.3280419266238863,0.38226832253157395,0.35870123630474904,0.8326258668398103,0.7820856881638075,0.037926727758546525,0.6797882080234577,0.10720540445313939,0.6906965713947038,0.3899164146321713
877,0.3057329788225011,0.10068641618447965,0.30193731661748574,0.09116164818491956,0.728415897251135,0.8730327506470589,-0.10746006515675119,0.399759179904693,-0.35460019987168584,0.7967903024965096,0.4230259538594372
878,0.5419360199951944,0.16600418519232443,0.30363263050655526,0.2461067181555725,0.8543171748468512,0.8213674227017039,0.11505661774182702,0.6288397769248233,-0.03995954751446068,0.6460298974062406,0.3444327886657445
879,0.5860301805071624,0.13114648975825258,0.22716118785578665,0.13621948779937362,1.076174115410143,1.2321976324239836,-0.10077259957578988,0.5402786729602876,-0.4842379619640854,0.6414116648672925,0.7337471833210979
880,0.5713863978836473,0.04946289183176042,0.3762635591842308,0.18137178479412597,1.240665054534197,1.2768085719196338,-0.11064099279918141,0.5892423168468822,-0.4077462632105616,0.6895753551422961,0.7597130912785476
881,0.21752387729821698,0.13419258178160948,0.21652058115443135,0.08120760762359368,0.7009451453838876,1.0759646768775915,0.0034287546110539913,0.32472232392892575,-0.4132564246409536,0.8241417704600867,0.47207023992151226
882,0.26974467361917015,0.08400562513597891,0.1537172886969963,0.3046563262203158,0.737577098575704,0.9139415218451535,-0.014414684875032197,0.4060619568362306,-0.2836486323860774,0.8231248506224255,0.3954936172713531
883,0.42508331015878725,0.13751317142908634,0.18213577288271698,0.0983206316612954,1.106363179455173,1.021168324836201,0.1950949843137404,0.421526443065943,0.13650476956786195,0.7187017592060632,0.4323963150399378
884,0.3110262752058859,0.4628334305801268,0.04286408495045753,0.029545571075266626,1.2356830968972932,1.0621084182977394,-0.12921765805955693,0.4231346809058684,0.12026059822711732,0.6130701471069937,0.4658581100973759
885,0.29435064348143897,0.05712706857480016,0.21154051424240639,0.01741602050522539,1.1176061384599705,0.834096447991945,-0.05579932952964883,0.2902171234019355,0.1090985734850572,0.8242611439718804,0.3194716400647874
886,0.28106472384976544,0.11328839737780035,0.0011411344469256224,0.185329058148354,0.8035625399140565,1.0838260560230708,0.13638744335203207,0.2904116569114227,-0.22776423599296483,0.8028234393862171,0.37467035334462984
887,0.4722923697016929,0.33718060268049305,0.14770000675036668,0.28944720457640055,1.2390407873136973,1.017251393199586,0.1419378401335072,0.6233100918544766,0.2961713507370186,0.5952635138089071,0.6410998923123227
888,0.383079967199499,0.5587826293830275,0.392721802682022,0.09982545642102698,1.1905332070178252,1.1804704125105525,0.15737398022149918,0.7172049278427877,0.25528810582053607,0.5290687017087368,0.6828057395115311
889,0.39411243858793094,0.24029415049600883,0.32075462739545363,0.24820578303645796,0.9308130405670747,1.2007286522247511,0.19862650025622275,0.6016834997579257,-0.14819825544741472,0.6827967054580302,0.5124777763695756
890,0.16265524012630883,0.03630603864002612,0.28887260043844926,0.22390973904283534,1.0237887503232195,0.9645549463716201,-0.1525682991179286,0.3558718091238098,-0.15650909590947057,0.9005193606168325,0.38334010536891616
891,0.47599878006775503,0.25629709977953435,0.10337363403528035,0.3901439709321628,1.0832936397534298,0.8679776763770599,0.057683324741929054,0.6129067424073663,0.16314844797418865,0.6338520600763553,0.4808695947800822
892,0.22729977707553523,0.013745298278680347,0.3208249750716374,0.0076145914543763295,1.2942302456250385,1.0723728176363876,0.014866704183614354,0.28474232094011465,0.12994689277383786,0.8794774623228923,0.433515829855705
893,0.3712771680243987,0.009942364603542192,0.01345719308039976,0.08563492000370333,0.9310481335507826,0.8334094684442057,0.14835570394389092,0.240155822856022,0.0653269673400396,0.8093902336860296,0.22637291004517965
894,0.045910684326205015,0.45405280298026557,0.11604603373472622,0.30994463888039353,1.0227674138344836,1.29657734257987,0.00981868557001278,0.4629770799607952,-0.0599201838483433,0.7500182563467648,0.4509791313969124
895,0.5628969810674381,0.1811552222212984,0.2708795695469569,0.12198506609886234,0.8955831579928516,0.7693232105489614,-0.03888851651587227,0.5684584194672779,-0.10349944849505188,0.6279738983556318,0.3557096290193955
896,0.05304376877579608,0.2915845098034731,0.3415858441830548,0.37970914060153127,1.0718739009025047,1.2456061497258037,-0.034699968864600306,0.5329616316819277,-0.08916184717406087,0.8276858607103654,0.49605177363428477
897,0.43196440130056496,0.5107381476273214,0.18349263151281547,0.09304418161672011,1.1577480164846228,0.797896822009981,-0.013824291514530296,0.6096196810287109,0.3854137761234897,0.5286487255360568,0.6140073477092292
898,0.10949720083329169,0.4692188671134583,0.17666619769602376,0.11564368828540933,1.0685681872713613,1.1218428831184886,0.13563687917889505,0.4355129769640915,0.2622230164718511,0.710641966026625,0.5291417682662097
899,0.3270053821169844,0.3695209939487777,0.19968159344316339,0.15327820225802102,1.2846133758830929,1.1276326834250572,0.1612139406913487,0.5247430858834732,0.33945243906528105,0.651736811967119,0.6666302126195954
900,0.4240773467172659,0.3645002547729849,0.0005914051548723256,0.0799352682620656,0.7265664827066001,1.178146679701492,0.12732276088846134,0.43455213745359433,-0.35404598207857096,0.6057111992548746,0.5124267348306033
901,0.19389083070222562,0.4455903621449505,0.2361162316765603,0.04593729039674086,0.9370924305991283,1.0258287809808682,-0.09606107747739992,0.46076735746023867,-0.05894766213777736,0.6802594035764119,0.36040584316176094
902,0.38598488431561656,0.452096501342066,0.0037874002672670486,0.31531740411255976,1.2259067557003982,0.8934398041647893,-0.18809236040776456,0.5785930950187548,0.17743039964106908,0.5809593071711587,0.5177321177584402
903,0.17917289604210682,0.22208085578995712,0.17435603899534066,0.30936096989562656,0.8762894277626591,1.085292076241246,0.09256838241845855,0.44248538036151563,-0.09498028618620315,0.7993731240839681,0.3743776998573044
904,0.4677581707303978,0.28485010519580894,0.3222252621203242,0.3804169550696313,1.161694474426154,0.71531830628098,-0.18429850952540014,0.7276252465580811,0.17062362585247928,0.6236958620368966,0.5126774693115035
905,0.030372571757500855,0.4383435456300715,0.34866522090737134,0.31393963209786824,1.2119717144714786,0.9148761814516698,-0.1595622370596971,0.565660485196406,0.3415187828963969,0.7656419413062139,0.6128874377971877
906,0.08527151823717732,0.5913289297185372,0.39828637352311874,0.1537448305001597,0.8128271770528563,1.0727637696110988,-0.13699793942463606,0.6143158259894965,-0.14390582624219855,0.6616997760221427,0.45346756280710654
907,0.5299867148552919,0.2803364772525273,0.09683229229546877,0.2880947136984111,0.8383400856666184,0.7058358360889206,-0.18299995266589186,0.5976250990508496,-0.17532082188957637,0.5948384039460903,0.38028651319297047
908,0.5578030932332366,0.3144343412443873,0.05619681366262002,0.0490111774656144,0.9397910822691071,1.134616355805825,-0.09100802051144839,0.4887227128029291,-0.40751767004259104,0.5638812827611881,0.6086015466654594
909,0.15712257064626103,0.5382784753135017,0.1322563948671425,0.12342696862801675,0.7616765997660018,1.1076679610754292,-0.13908082202497143,0.475542204727461,-0.2944942310007785,0.6522994770201187,0.48424956070180925
910,0.2610713008076244,0.06716903540101664,0.03841066723612025,0.04531847290319185,0.824029420789353,0.9680773151469917,-0.09971843516746184,0.20598473817397658,-0.3407174622284044,0.8358798318956795,0.38485105659071944
911,0.5706745645490001,0.21102516589608242,0.15941487154617712,0.3325177047783031,1.2136768060817658,0.8952048573025924,0.04729875632138625,0.6368161533847814,0.1859460057741008,0.6091501347774587,0.5435144806644627
912,0.4696960039222224,0.5676735553033853,0.10188971232655275,0.019148648734377396,0.9064142534257955,0.8510790160447275,-0.0048546607880312065,0.5792039601432689,0.09946935228361828,0.4813152203871962,0.3807365127951093
913,0.4148243874599389,0.5440086821103023,0.19594666031792782,0.2341595515531137,0.8573446088636667,0.9839240809754757,0.1567377949595951,0.6944696407206413,0.09475047017296784,0.5205834652148794,0.4449553108518228
914,0.20186587975923603,0.12431179297759112,0.14633556519543034,0.3283169270992918,0.939398553161541,1.1160852195061628,-0.09567787267874478,0.4004150825157746,-0.31114158241418904,0.8369111636315865,0.5107219256217492
915,0.07876545445456386,0.056422671686629434,0.2687164978044004,0.2873403611952946,0.8858728993231249,1.1187891958846121,0.09049657832231411,0.34562249257044414,-0.15359110962314038,0.9324059369294033,0.38156918660399614
916,0.5361395971940094,0.30963192788309124,0.23018628564714266,0.3203370068524098,1.1719301353349216,0.9452782649231164,0.07964878829092537,0.6981474087883266,0.19304682404727153,0.5771142374614497,0.5743891580082031
917,0.27198545809146746,0.33579525671720717,0.034188871870877144,0.1113322079247148,1.0157302853700128,1.1421519116740777,-0.07080900753679809,0.3766508973021333,-0.16532573452799318,0.6961096425956627,0.43932634889867184
918,0.11813132838169807,0.33156300221389645,0.0030133173559671635,0.39634541534791445,1.1401533081172603,0.9463350263281829,0.01155636401452903,0.4245265316497381,0.3120904827197057,0.7751528347022028,0.5286869859030795
919,0.01565000402388256,0.3302405124434473,0.1410445857878175,0.16579723712661112,1.2566114815081186,1.2682874013810133,0.0705699939833726,0.3263661696908792,0.21618932832026036,0.8270547417663351,0.5414847855907909
920,0.4719030625113639,0.5964534687581426,0.1280648081207064,0.26047487924342966,1.046064634477461,1.226108126133119,0.044123961392114885,0.7284481093168214,-0.07364432714015387,0.46582173436524676,0.5536090301634659
921,0.5727188146461951,0.07638977237222588,0.04969574910715555,0.1446818745970621,1.1474292097401264,0.8089055010602451,-0.008909419725410594,0.4217431053613193,0.08144976781748614,0.6754457064907895,0.35665078053511234
922,0.34099962283439034,0.20955196173247156,0.31981118442157874,0.35211048009376056,0.7422937374585575,1.1363722769668199,-0.1944899872991183,0.6112366245411006,-0.65429235735834,0.724724207716569,0.7567365678377886
923,0.4927566941724401,0.15557092558592578,0.18389335771718035,0.05577761160358394,1.1416868129992754,1.0058502864118166,0.06930560808639413,0.4439992945395651,0.03654925038059578,0.6758361901208171,0.38641354289695656
924,0.03602761996971187,0.31268025484814543,0.10823939196692789,0.17975711690680476,0.8044049379194483,1.1898589375531745,-0.004046011040972158,0.318352191845795,-0.25117369323548155,0.8256460625910713,0.42661106154776274
925,0.39957274154713274,0.4339258112941536,0.04863054866983926,0.3243012748437484,1.1509913967816034,1.1693455762800722,0.07661390106574645,0.603215188177437,0.07543625644078814,0.5832507235793568,0.5166320724008667
926,0.36727890030448446,0.39975904464673334,0.38361039433982186,0.32844459849328406,1.1696472716729285,1.1142045644603185,-0.16760821721381125,0.7395464688921618,-0.09592543783007679,0.616481027524391,0.5743368092882226
927,0.5772053359653422,0.13604339633471843,0.36573408196255053,0.11046033855152018,0.8373037212023632,0.9118912723943138,0.09999510173368364,0.5947215764070657,-0.19517341927357884,0.6433756338499697,0.44229143052614284
928,0.24573481371714875,0.2091167774264813,0.051050363714696505,0.3989654461014798,0.7174510945907784,0.8498038065314197,0.15056829604513344,0.45243370047990317,-9.343404084163898e-05,0.7725742044281849,0.2228432658970158
929,0.324673522484554,0.5047362027629392,0.06838370669407781,0.008822883694348936,1.074372011857445,1.1784467449153755,-0.16703014144812608,0.45330815781795997,-0.1810735343668641,0.5852951373762534,0.5031720729405076
930,0.04992816586157861,0.5291109341688905,0.16272825184317494,0.35929915722690464,1.180510297148553,1.2367183329237608,0.15970734076391563,0.5505332545502744,0.34309068914236385,0.7104804499847654,0.6803748728236066
931,0.5864092548427303,0.5506736374883322,0.3970784158965256,0.3188124100387036,0.713530797627907,1.161373325514138,0.16191216604021347,0.9264868591331459,-0.3037981705232166,0.43145855383446874,0.6715996767526997
932,0.3021945389462029,0.5010003063574232,0.08547892338100924,0.254789441660487,0.9708922470534669,1.2279498367690156,0.04069037296052169,0.5717316051725612,-0.11696433304941686,0.5984025773481869,0.49858176285429523
933,0.2340045700943436,0.25517721688864187,0.3915797333482869,0.3478205253125633,0.8426970174924227,0.9639262332061587,-0.12303482616533952,0.6142910228219178,-0.2336777184819264,0.7554091065085072,0.4875788528925683
934,0.3026966064662158,0.5449542800494107,0.05844307750870725,0.03630132725702733,0.7822462048080068,1.1862892049364677,0.12029646603272598,0.47119764564068056,-0.16261769730413753,0.5761745567421868,0.42818352907487334
935,0.22629252849713843,0.2027786820491826,0.11897619624901082,0.266111351385988,1.0028320133877062,1.0978819048494621,-0.1216961138253432,0.40707937909065994,-0.22850292851107704,0.7854643947268395,0.47511198830220225
936,0.3768960754303609,0.032952873021700524,0.17913602896325265,0.31024760616643926,1.043887566692321,0.880513248780924,-0.18355017529591772,0.4496162917908767,-0.1921474585888508,0.7950755257739692,0.42623519573797247
937,0.2440621610840323,0.23072849496084324,0.1738589062382959,0.2119527495093542,0.7852334141562884,1.0201370930255487,-0.05307613250454249,0.43030115589626283,-0.29464664443539723,0.7626046719775622,0.45025107581520274
938,0.4358548393940016,0.3428989704498887,0.13975336895057727,0.15964066307751903,0.9575804125745835,1.2180805119523268,0.19254192561573363,0.5390739209359933,-0.11443610823406614,0.6106230950780549,0.47820646444656456
939,0.2852361634316946,0.5829401272755081,0.007350094395947819,0.14942257207993434,0.8111454313732769,1.0678186525098867,-0.03798394614299888,0.5124744785915425,-0.14580518535770196,0.5659118546463986,0.4122139236220291
940,0.135707558528145,0.33923894466176424,0.1937002672047717,0.261128780681897,0.7681125889256116,1.0010456171410052,-0.08280139799244374,0.46488777553828897,-0.21396873314102766,0.7625267484050453,0.4066259016165864
941,0.5190199574551968,0.43448169086288896,0.3453945205526121,0.3330983390847524,0.7979842148738804,0.92233911934927,-0.07032133981336908,0.8159972539777252,-0.23694537758491266,0.5232491758409571,0.5486469616978253
942,0.5088002891338914,0.19539055043550607,0.2951022387826088,0.11349304700448211,0.7083439922525916,1.1887635722821,0.08119302997891326,0.5563930626782442,-0.5559314193997877,0.6479045802153013,0.6803929678448433
943,0.07373136266555923,0.4606369825516364,0.08393605488963621,0.08050713636019971,0.8727366371254792,0.9184804035369852,0.002311554198515614,0.34940576823351577,0.15002059773004817,0.7328158273914023,0.32757892609705136
944,0.557334845629817,0.2909939360133412,0.15011391799827115,0.09789735330162458,1.1880943008369174,1.2915330303719967,0.1076058816307055,0.548170026471527,-0.1290033027126118,0.5758356091784209,0.5665768250184064
945,0.275324769156558,0.13235284444401488,0.2944593401990662,0.007102045220607838,1.0214398169287924,0.7559149002904655,0.02629066413712322,0.35461949951012345,0.22032961841917853,0.7961611931997136,0.368384250160371
946,0.01679827721334311,0.5643432517677061,0.2191949859161286,0.06723608308646825,1.2306149120654926,1.0530501914402672,0.18951936419565507,0.43378629899182297,0.6408565720980619,0.7094292355094753,0.7789447387320063
947,0.5293800322887428,0.025993647213792992,0.3407758145704298,0.1992476613876758,0.9696523519822421,0.8885245198713768,0.06269483437114848,0.5476985777303207,-0.10787052605546116,0.7223131602487322,0.39834596468880973
948,0.27172677132014794,0.1561785302560879,0.16888244692549792,0.13504558658655227,0.9051857846348101,0.9077090475852077,-0.19888243756253218,0.365916667544143,-0.25917982104495974,0.786047349211882,0.4050982676996375
949,0.5013965808348615,0.3992230613953337,0.19516001811231548,0.054771201693544616,0.8127845777370548,1.0840500160838564,0.022675446902292506,0.5752754310180276,-0.299676751164273,0.5496901788849025,0.5341248715610026
950,0.4406036047109297,0.23940645885058937,0.32293221968257524,0.01778996208165753,0.9012874480398896,0.8083738497109266,-0.09423991186238204,0.5103661226628758,-0.10192488646358924,0.6599949682192405,0.34271670538100796
951,0.29222472516627257,0.06732717357978102,0.36743030935318677,0.21026702206838702,0.7558698810822261,0.963318528504624,-0.18273983410278574,0.4686246150838137,-0.5026372573184293,0.8202240506269732,0.5688293028212956
952,0.5524469539431945,0.5167706224585344,0.22927751176769007,0.14740920139309463,0.9344846296143146,1.0414931393539226,-0.05134700333802131,0.7229521447812568,-0.17619367881995943,0.46539121179913545,0.5388915074465377
953,0.11560759184371047,0.1892939902905879,0.08302596550355844,0.3633267791131845,0.8463176813149764,0.7267385862075713,0.19964331927550993,0.3756271633755206,0.3560656136063538,0.8475492089328508,0.4071543003946575
954,0.0011783623743361646,0.009325597000108004,0.36373578721344596,0.2144449155651832,1.1976437282638401,0.8249053094372564,0.14631092359241632,0.2943423310765367,0.523122959731886,0.9947480203127779,0.5872479676950204
955,0.5955883143382633,0.45003472063564315,0.2316456099547629,0.36137681880692457,1.097514706997323,0.8599293595651273,-0.1556235158646268,0.8193227318677969,0.009185034716258839,0.4771884825130468,0.47260113021748673
956,0.06726457373762607,0.3853091102949508,0.36461749954210887,0.07588822401091222,1.2973942476361442,1.2597261036484761,0.07091128410347769,0.44653970379279895,0.26760169636980813,0.7737131579837115,0.6284569871601595
957,0.5942659980860671,0.10425953794630506,0.14255079777116894,0.23320830791429803,1.1319265629187143,1.164124908993625,-0.09179766352836885,0.5371423208589196,-0.3689992396731605,0.650737231983814,0.6602693401255489
958,0.40849992167170573,0.0002810518734016111,0.13895760909658078,0.2735370621844726,1.0365071656605946,0.9094861907706198,-0.10812455497466801,0.41063782241308033,-0.18521301498384518,0.7956095132274463,0.4118812770633429
959,0.03502179996775282,0.04402393615459487,0.010064331649766946,0.3837040421475074,1.127295654139937,1.0344248711262096,-0.1409797828642056,0.23640705495981104,-0.04360793175705715,0.9604771319388261,0.3111577123546954
960,0.0003638600872121552,0.4233725821400031,0.38343264276083633,0.10874827629913851,1.029145624977398,1.1515663330556785,-0.1108138286653273,0.457958680643595,-0.021730175717212252,0.7881317788863924,0.3913995671960345
961,0.0904349215468042,0.28934885581515585,0.18136882177143618,0.02847753300129759,1.1352743871733715,0.8290875497407149,0.18568157316015932,0.29481506606734686,0.5913253777269918,0.8101081113190199,0.6138117372916554
962,0.16674102925791465,0.3966137961791904,0.2059941010212395,0.14296126478482815,1.1003244930944098,1.2542008635160895,-0.005839427916918882,0.45615509562158635,-0.04477941487796068,0.7183225872814475,0.4479610263280358
963,0.4845827264814915,0.22316363101499548,0.14679661539236427,0.06876205518795553,1.283140954243528,0.8232334661335637,-0.019010346092385,0.4616525140384034,0.3101875942843312,0.6461268212517566,0.5473671672802329
964,0.1485267220198961,0.5155848471146386,0.09359326954519502,0.2254916066074337,1.0889335643612275,0.9874540137360897,-0.054175334638495054,0.4915982226435817,0.23083327853401397,0.6679442154327326,0.5042361507021703
965,0.22795110961191692,0.49392076275646285,0.058845931826690914,0.2162345358917225,0.8120539868476478,0.7725736169990662,-0.19783643312875795,0.4984761700433966,-0.025371236707903394,0.63906406381581,0.2607701110037793
966,0.41225407830566246,0.4225932671846878,0.37547310056084215,0.012542844670284015,0.9251007589555311,0.9595145019643903,-0.12472789939599914,0.6114316453607382,-0.1539720479653456,0.5825763272548249,0.458109702153483
967,0.1959648541940002,0.3039908965928425,0.3613668045496486,0.28581412543292223,1.0750137328477234,1.0932901663458832,0.16264593118843357,0.5735683403847067,0.19838251888969494,0.7500221246065786,0.5405328222861012
968,0.15096303987412288,0.02427123602963213,0.27785803518479674,0.33651083735921405,0.858171602243379,1.181569513368085,-0.03824678929975073,0.3948015742238829,-0.42499060234670216,0.9123828620481225,0.5728502700004404
969,0.031763491876382395,0.2192067870491309,0.0021980111131365255,0.23661878955428534,1.0931684482055752,1.0031450465307972,0.053261495654635005,0.2448935397964676,0.23700654491578732,0.8745148605372434,0.4142397165521525
970,0.24757511812750954,0.043003777384647966,0.2161142631594022,0.24576727805634385,1.032620919072189,1.2936666862557367,-0.05670907720928153,0.37623021836395176,-0.4200405147642601,0.8547105522439212,0.6340882975361182
971,0.1738859754669047,0.5240665727203552,0.2995367592844225,0.37303709922428363,0.9900016037059504,1.2757041570350114,0.04864816338533115,0.6852632033479831,-0.061964091317004644,0.65102372590637,0.5277101763146365
972,0.5484690179991506,0.2971363045713015,0.07658948368599985,0.1548199787377298,0.844345380826339,1.2761271562434473,0.11553282550407945,0.5385073924970909,-0.44191530662695333,0.577197338714774,0.6606702752424549
973,0.44142852451373366,0.08199714865119963,0.38515767169891824,0.20099927807396956,0.731684643919524,1.0578194884663303,-0.1324760369438292,0.5547913114689106,-0.6383265694219025,0.7382871634175334,0.7022884993371694
974,0.36652589624559645,0.2754185479634406,0.17053670387767558,0.08682541963411661,1.030906067324804,0.8721799585221619,0.01937025153182742,0.4496532838604146,0.13254268619339166,0.6790277778954814,0.38515843172194236
975,0.2864650026678986,0.17339101463643805,0.2728555031822393,0.07175201172775343,0.7895531852983743,1.2397036473363054,0.16295263902483675,0.40223176610716466,-0.3437348170288247,0.7700719913478317,0.5244478048188306
976,0.16424551806406287,0.33601574533933876,0.32703971199698095,0.3275350693514649,1.1427664507489752,1.2426182968401487,0.08280664805952942,0.5774180223759238,0.06883991560599388,0.7498693682982992,0.5186173452112468
977,0.09126252330189222,0.4357787372595081,0.36240376082840287,0.2129108686951832,0.9265964493259592,0.7764392691201638,-0.002831906656994232,0.5511779450424932,0.3195833805276091,0.7364793697192998,0.4879801359450935
978,0.4060669905058665,0.28294947585844293,0.3203192726025748,0.38761859959406875,0.7012026414839532,1.002177438447927,0.07691630840556918,0.6984771692804764,-0.28561724588211634,0.6554917668178453,0.5266062352244304
979,0.17675533756160206,0.10251629447736828,0.11066522926091915,0.10310665132051376,1.0952031530677555,0.9206709869869614,0.0519550619523767,0.24652175631020162,0.18936770649105394,0.8603641839805148,0.36619786143239225
980,0.18586954294238256,0.41285654578090214,0.2563659113296894,0.30027009734249793,0.8496829300632984,1.1551872924062931,0.19179295716199246,0.577681048697736,-0.00021790376174246617,0.7006369556383576,0.3824207173535378
981,0.07737394796385938,0.4640108582199814,0.28577460847937763,0.056527613493658126,1.0200596453105037,0.7933372578505445,0.15265994338308236,0.44184351407843825,0.5727007859711026,0.7293075969080796,0.6237071030042989
982,0.2578641388859401,0.18209995936391601,0.015189579019049,0.04946870366876027,1.1039932766238614,0.8007347697761882,-0.07842515649692783,0.2523111904688327,0.18695126058973333,0.780017950875072,0.3392772441413855
983,0.06440869283682518,0.2601613351673146,0.3724792699853803,0.15562507547841148,0.8446257757277604,1.2295446442876634,-0.06970573088971,0.42633718673396576,-0.3567482782843683,0.83771498599793,0.5531264466680632
984,0.0032348317567545133,0.4370230842444431,0.06455106202556964,0.28387128855451244,0.8589617489581496,1.2110739970967046,0.12353823222879112,0.3943401332906398,-0.011679889665919596,0.7798710419994013,0.3322529236295213
985,0.02632565979253001,0.47584423000735704,0.21479446094161042,0.09935925690430547,0.7756315157225558,1.0309839681235036,0.19658916076433103,0.40816180382290146,0.16599599347079683,0.7489150551000565,0.3645161885731536
986,0.1327825298019149,0.013009698183205055,0.1418089392049171,0.0084731588598669,1.0013527866008318,0.8303149303531043,-0.1395949360654511,0.14803716302495198,-0.028443495627078527,0.92710388600744,0.18419789182471197
987,0.5919778035150383,0.14655174524223852,0.1925588861731592,0.16053335809311153,0.8945560756571002,0.7865501612098322,0.008845701940282058,0.5458108965117737,-0.10586141274884989,0.6307352256213616,0.3521177654707526
988,0.3957904069948584,0.34400791118633284,0.06108788382736126,0.21856217251795318,0.9485492949158968,1.2281253993483032,-0.07136804980119565,0.5097241872632527,-0.37683540213786487,0.6301008409094044,0.62415958975407
989,0.37649476786607916,0.31359969008929794,0.22753238546138413,0.301095793037923,0.9082527177970601,0.9566146182745544,-0.09798990373341826,0.6093613182273421,-0.1777993430993032,0.6549527710223114,0.4666409671684224
990,0.2314551131488708,0.5713661573475114,0.2429704386825713,0.16252125198019007,1.2342136252320346,0.9029759508498414,0.025637781180625818,0.6041564805795718,0.5268309776621394,0.5985893647518089,0.7420585728495813
991,0.39806191830236254,0.0383592907302576,0.06069166982622124,0.3597167124078365,0.9259035552232145,1.0902708688104281,-0.19703863218215212,0.42841479563333895,-0.5412572595554181,0.7817893954836899,0.6501638799949971
992,0.5199704224362092,0.5545356626849473,0.1985105860464414,0.21891428023512277,1.154370813895579,0.9616657851990074,0.1281618428882227,0.7459654757013603,0.3381494917091634,0.46274695743942185,0.6802850350796888
993,0.49441975668030175,0.20152848438936563,0.33374721640936245,0.3225132293816257,0.9631136677534273,0.8816270749681259,-0.11702001498108444,0.6761043434303278,-0.18197905834125105,0.6520258794651663,0.4908143580572701
994,0.3669811513918256,0.019854525557359313,0.1518572830349867,0.3335297172029192,0.8940541665159008,0.8197624044451717,0.11836164074207972,0.43611133859354534,0.019090089895575674,0.8065821615254075,0.2643527321150317
995,0.24866109458940122,0.2168772921533006,0.014730721165346723,0.3561609447324161,1.0152595846156856,1.0091358324261752,-0.0033446279719370475,0.41821502632023233,-0.013112777000477027,0.7672308066286491,0.3312525309888444
996,0.49605074428580176,0.19982926806781753,0.09977551299088688,0.12998914401644635,0.971907572989533,0.9854819451634487,-0.047114414527058335,0.46282233468047623,-0.2087995248099661,0.6520599938231904,0.4497560282964156
997,0.5659769025437064,0.2586187117654421,0.0948137682793622,0.21349023575013773,0.8255401302512659,1.176809886948532,-0.13505167917553185,0.5664498091693242,-0.64000053126193,0.5877021928454258,0.7611677467248372
998,0.04404135234902724,0.1337672738906273,0.16159792730006586,0.2923768943941621,1.173323234771481,1.0478454085051914,-0.09356278208929703,0.31589172396694126,0.07677800494779267,0.9110956868801727,0.3777156533746202
999,0.297888820394792,0.48552186495669547,0.03606467529915712,0.3725060227605638,0.9919651689253477,0.8848816843636954,-0.11149681990132837,0.5959906917056043,0.08940318694127566,0.6082946573242562,0.4112499021692679
