mode_idx,re_level,fault_name,fault_bus,clear_time,success,stable,severity,f_angle,f_freq,f_voltage,V_min,max_angle_deg,max_freq_dev_hz,sim_time,wind_area1_pct,wind_area2_pct,solar_area1_pct,solar_area2_pct,load_area1,load_area2,gen_dispatch_bias
0,0,angle_bus7,7,0.1,True,False,0.8388059432484989,0.8185622412229899,0.7210741907348677,0.9970250998131478,0.0029749001868522064,147.34120342013819,1.442148381469739,1.5264549255371094,0.0022604395144403665,0.1956112156024795,0.05356051560066463,0.0022697397820547706,0.7664405048362639,0.7452742485440864,-0.09570854776492764
0,0,angle_bus8,8,0.1,True,False,0.5584126177099311,0.5222215481350131,0.19268264597097584,0.9965247285987227,0.0034752714012773987,93.99987866430236,0.38536529194195257,1.3095903396606445,0.0022604395144403665,0.1956112156024795,0.05356051560066463,0.0022697397820547706,0.7664405048362639,0.7452742485440864,-0.09570854776492764
0,0,voltage_bus9,9,0.1,True,False,0.5489275394315257,0.5095530548106579,0.1809405367899295,0.9956635113148576,0.004336488685142338,91.71954986591842,0.36188107357986166,1.1412620544433594,0.0022604395144403665,0.1956112156024795,0.05356051560066463,0.0022697397820547706,0.7664405048362639,0.7452742485440864,-0.09570854776492764
0,0,voltage_bus10,10,0.1,True,False,0.5232421982094978,0.48043679734755934,0.13583403889687062,0.9962611592460017,0.0037388407539983835,86.47862352256068,0.271668077793743,1.3179073333740234,0.0022604395144403665,0.1956112156024795,0.05356051560066463,0.0022697397820547706,0.7664405048362639,0.7452742485440864,-0.09570854776492764
0,0,freq_bus2,2,0.1,True,False,0.9548361983723159,0.9117635310612875,1.0,0.9958177313666885,0.0041822686333114634,164.11743559103175,2.01125912224438,1.3224246501922607,0.0022604395144403665,0.1956112156024795,0.05356051560066463,0.0022697397820547706,0.7664405048362639,0.7452742485440864,-0.09570854776492764
0,0,freq_bus4,4,0.15,True,False,0.5224947983930242,0.48043679734755934,0.13312341648317272,0.9959821823938053,0.004017817606194634,86.47862352256068,0.26624683296634366,1.2679588794708252,0.0022604395144403665,0.1956112156024795,0.05356051560066463,0.0022697397820547706,0.7664405048362639,0.7452742485440864,-0.09570854776492764
0,0,severe_bus7,7,0.2,True,False,0.8884427499142582,1.0,0.5562985781391845,0.9974724215178483,0.00252757848215173,184.19849945809867,1.1125971562783699,0.3583035469055176,0.0022604395144403665,0.1956112156024795,0.05356051560066463,0.0022697397820547706,0.7664405048362639,0.7452742485440864,-0.09570854776492764
1,0,angle_bus7,7,0.1,True,False,0.6530718685501651,0.5848689908663088,0.44547686073870096,0.9970726317293417,0.0029273682706583517,105.27641835593559,0.890953721477401,1.5795490741729736,0.0955658580117267,0.06772761278215224,0.09334061409738124,0.14202137057921868,0.9719391493150834,0.8728937755098767,0.10681434194935971
1,0,angle_bus8,8,0.1,True,False,0.49167412332441596,0.3960741993168692,0.17795686823595958,0.9965912264279658,0.0034087735720342055,71.29335587703646,0.35591373647192004,1.2272040843963623,0.0955658580117267,0.06772761278215224,0.09334061409738124,0.14202137057921868,0.9719391493150834,0.8728937755098767,0.10681434194935971
1,0,voltage_bus9,9,0.1,True,False,0.4855971980984495,0.3876498102589576,0.1713229258628175,0.9957662460130653,0.004233753986934677,69.77696584661237,0.3426458517256359,1.1526169776916504,0.0955658580117267,0.06772761278215224,0.09334061409738124,0.14202137057921868,0.9719391493150834,0.8728937755098767,0.10681434194935971
1,0,voltage_bus10,10,0.1,True,False,0.45564399170331293,0.3582680879762481,0.10970560478887847,0.9963341860718771,0.0036658139281229097,64.48825583572466,0.21941120957775784,1.397646188735962,0.0955658580117267,0.06772761278215224,0.09334061409738124,0.14202137057921868,0.9719391493150834,0.8728937755098767,0.10681434194935971
1,0,freq_bus2,2,0.1,True,False,0.6850077467182744,0.6184948851371059,0.5069999125036482,0.9960413040952373,0.003958695904762765,111.32907932467907,1.0139998250072946,1.2196617126464844,0.0955658580117267,0.06772761278215224,0.09334061409738124,0.14202137057921868,0.9719391493150834,0.8728937755098767,0.10681434194935971
1,0,freq_bus4,4,0.15,True,False,0.46208564527884,0.35682239069927757,0.1386390715011494,0.9960587282156553,0.003941271784344652,64.22803032586997,0.2772781430022997,1.2892532348632812,0.0955658580117267,0.06772761278215224,0.09334061409738124,0.14202137057921868,0.9719391493150834,0.8728937755098767,0.10681434194935971
1,0,severe_bus7,7,0.2,True,False,0.914878817223358,1.0,0.6620489974260906,0.9974662714673411,0.002533728532658888,184.0344641088016,1.3240979948521803,0.3551015853881836,0.0955658580117267,0.06772761278215224,0.09334061409738124,0.14202137057921868,0.9719391493150834,0.8728937755098767,0.10681434194935971
2,0,angle_bus7,7,0.1,True,False,0.5116250203723114,0.3817489711317483,0.28597516656802924,0.9970269726577194,0.002973027342280525,68.7148148037147,0.571950333136062,1.3671748638153076,0.11645474031870132,0.08029301975605098,0.11330159159008352,0.1441621237719468,1.0240603145366654,0.7847493887080708,0.0371714717565958
2,0,angle_bus8,8,0.1,True,False,0.42486043825171,0.2688846195190243,0.16502376132418917,0.9966487526446022,0.0033512473553978747,48.399231513424375,0.3300475226483801,1.0753278732299805,0.11645474031870132,0.08029301975605098,0.11330159159008352,0.1441621237719468,1.0240603145366654,0.7847493887080708,0.0371714717565958
2,0,voltage_bus9,9,0.1,True,False,0.4225315020654224,0.26480457430657656,0.16465630256052677,0.9958605570880097,0.004139442911990317,47.66482337518378,0.32931260512105265,1.2734432220458984,0.11645474031870132,0.08029301975605098,0.11330159159008352,0.1441621237719468,1.0240603145366654,0.7847493887080708,0.0371714717565958
2,0,voltage_bus10,10,0.1,True,False,0.40535881770544513,0.2525183268233283,0.12001525798656587,0.9963833591885581,0.0036166408114418486,45.453298828199095,0.2400305159731353,0.9850914478302002,0.11645474031870132,0.08029301975605098,0.11330159159008352,0.1441621237719468,1.0240603145366654,0.7847493887080708,0.0371714717565958
2,0,freq_bus2,2,0.1,True,False,0.530216314555689,0.40590220768211216,0.3129191261297066,0.9961417167288249,0.0038582832711751467,73.06239738278019,0.6258382522594097,1.2925572395324707,0.11645474031870132,0.08029301975605098,0.11330159159008352,0.1441621237719468,1.0240603145366654,0.7847493887080708,0.0371714717565958
2,0,freq_bus4,4,0.15,True,False,0.41353899873335404,0.2525183268233283,0.15301189464511822,0.9961074466416413,0.003892553358358738,45.453298828199095,0.3060237892902373,1.3917298316955566,0.11645474031870132,0.08029301975605098,0.11330159159008352,0.1441621237719468,1.0240603145366654,0.7847493887080708,0.0371714717565958
2,0,severe_bus7,7,0.2,True,False,0.6974107061668777,0.5969985908435217,0.5983074080433219,0.9973382349371457,0.0026617650628543107,107.45974635183391,1.196614816086643,1.2667734622955322,0.11645474031870132,0.08029301975605098,0.11330159159008352,0.1441621237719468,1.0240603145366654,0.7847493887080708,0.0371714717565958
3,0,angle_bus7,7,0.1,True,False,0.8595205752313904,1.0,0.441113436257492,0.9969688646680692,0.003031135331930778,182.78057228222227,0.882226872514984,0.7253105640411377,0.06845710507932452,0.38316951046757547,0.2869142838306914,0.07524367700674342,1.0675844647209458,0.8308323283071077,0.05647833141543146
3,0,angle_bus8,8,0.1,True,False,0.6295727560647333,0.6171600312997643,0.2876029021932318,0.9963680594661728,0.003631940533827176,111.08880563395758,0.5752058043864627,1.3222894668579102,0.06845710507932452,0.38316951046757547,0.2869142838306914,0.07524367700674342,1.0675844647209458,0.8308323283071077,0.05647833141543146
3,0,voltage_bus9,9,0.1,True,False,0.61653209784549,0.6171600312997643,0.23636490901524354,0.9954434197671882,0.004556580232811751,111.08880563395758,0.47272981803049063,1.4727506637573242,0.06845710507932452,0.38316951046757547,0.2869142838306914,0.07524367700674342,1.0675844647209458,0.8308323283071077,0.05647833141543146
3,0,voltage_bus10,10,0.1,True,False,0.6724104891740625,0.6668120261334088,0.35988151410283464,0.996136390326598,0.0038636096734020126,120.0261647040136,0.7197630282056666,1.195563554763794,0.06845710507932452,0.38316951046757547,0.2869142838306914,0.07524367700674342,1.0675844647209458,0.8308323283071077,0.05647833141543146
3,0,freq_bus2,2,0.1,True,False,0.8578393666178006,1.0,0.4357383196551794,0.995619146816023,0.0043808531839769705,183.19999645358007,0.8714766393103579,0.585700511932373,0.06845710507932452,0.38316951046757547,0.2869142838306914,0.07524367700674342,1.0675844647209458,0.8308323283071077,0.05647833141543146
3,0,freq_bus4,4,0.15,True,False,0.6842852379906509,0.6830338099351475,0.3752018273590245,0.9958715047332841,0.004128495266715931,122.94608578832656,0.7504036547180482,1.2814679145812988,0.06845710507932452,0.38316951046757547,0.2869142838306914,0.07524367700674342,1.0675844647209458,0.8308323283071077,0.05647833141543146
3,0,severe_bus7,7,0.2,True,False,0.8741504509472002,1.0,0.49911763391342134,0.9974841698753794,0.0025158301246206516,182.78945350105647,0.9982352678268436,0.326845645904541,0.06845710507932452,0.38316951046757547,0.2869142838306914,0.07524367700674342,1.0675844647209458,0.8308323283071077,0.05647833141543146
4,0,angle_bus7,7,0.1,True,False,0.6148237961637438,0.5344979276765979,0.3932506700066618,0.9970486592951179,0.002951340704882161,96.20962698178761,0.7865013400133236,1.5780322551727295,0.18810528640915714,0.25870078494664533,0.0714322130533055,0.2982981798821184,0.9512145925598217,0.9538320409126861,0.08375491352956621
4,0,angle_bus8,8,0.1,True,False,0.49374855223991365,0.3874896491368984,0.20342933816857567,0.9965855725172823,0.003414427482717697,69.7481368446417,0.40685867633714956,1.11301589012146,0.18810528640915714,0.25870078494664533,0.0714322130533055,0.2982981798821184,0.9512145925598217,0.9538320409126861,0.08375491352956621
4,0,voltage_bus9,9,0.1,True,False,0.4893531152083751,0.38119741631959203,0.19926709412952448,0.995750534064792,0.004249465935208073,68.61553493752656,0.39853418825904985,1.402109146118164,0.18810528640915714,0.25870078494664533,0.0714322130533055,0.2982981798821184,0.9512145925598217,0.9538320409126861,0.08375491352956621
4,0,voltage_bus10,10,0.1,True,False,0.4740993088749602,0.36207874414451763,0.1759409782170529,0.9962987689937526,0.0037012310062474467,65.17417394601317,0.3518819564341058,1.180224895477295,0.18810528640915714,0.25870078494664533,0.0714322130533055,0.2982981798821184,0.9512145925598217,0.9538320409126861,0.08375491352956621
4,0,freq_bus2,2,0.1,True,False,0.6380801928692468,0.5596929330425262,0.43687075234579353,0.9960641530461414,0.0039358469538586386,100.74472794765472,0.8737415046915853,1.4061861038208008,0.18810528640915714,0.25870078494664533,0.0714322130533055,0.2982981798821184,0.9512145925598217,0.9538320409126861,0.08375491352956621
4,0,freq_bus4,4,0.15,True,False,0.4732125971236909,0.36207874414451763,0.172680764761445,0.9960121354442834,0.0039878645557166175,65.17417394601317,0.34536152952288734,1.0702412128448486,0.18810528640915714,0.25870078494664533,0.0714322130533055,0.2982981798821184,0.9512145925598217,0.9538320409126861,0.08375491352956621
4,0,severe_bus7,7,0.2,True,False,0.9111697664357945,1.0,0.6472421671713846,0.9974368985717933,0.0025631014282066636,180.4831069464874,1.2944843343427692,0.6460368633270264,0.18810528640915714,0.25870078494664533,0.0714322130533055,0.2982981798821184,0.9512145925598217,0.9538320409126861,0.08375491352956621
5,0,angle_bus7,7,0.1,True,False,0.8723269772535807,1.0,0.49221480687283403,0.9970931021414884,0.0029068978585116306,181.09085376226335,0.9844296137456698,0.32975220680236816,0.2729973489799775,0.09687633358617959,0.278758051489536,0.218964267318774,0.9093908682359104,1.0680063088307845,0.00988128372018765
5,0,angle_bus8,8,0.1,True,False,0.6247502615770724,0.6078999577893184,0.2867266492276386,0.9964744815020142,0.003525518497985823,109.42199240207731,0.5734532984552754,1.2112135887145996,0.2729973489799775,0.09687633358617959,0.278758051489536,0.218964267318774,0.9093908682359104,1.0680063088307845,0.00988128372018765
5,0,voltage_bus9,9,0.1,True,False,0.5980449188154326,0.58072332819745,0.23516382026613414,0.9955691986006965,0.0044308013993035345,104.530199075541,0.4703276405322665,1.4264397621154785,0.2729973489799775,0.09687633358617959,0.278758051489536,0.218964267318774,0.9093908682359104,1.0680063088307845,0.00988128372018765
5,0,voltage_bus10,10,0.1,True,False,0.554150532005328,0.5394458940822386,0.14148804103271928,0.9962222988241156,0.0037777011758843818,97.10026093480296,0.2829760820654359,1.1382646560668945,0.2729973489799775,0.09687633358617959,0.278758051489536,0.218964267318774,0.9093908682359104,1.0680063088307845,0.00988128372018765
5,0,freq_bus2,2,0.1,True,False,0.8761534201238358,1.0,0.5088725087604864,0.9957411717348569,0.004258828265143067,183.661202497826,1.0177450175209701,0.6107745170593262,0.2729973489799775,0.09687633358617959,0.278758051489536,0.218964267318774,0.9093908682359104,1.0680063088307845,0.00988128372018765
5,0,freq_bus4,4,0.15,True,False,0.5672081425431946,0.5550776145799917,0.16273537672521599,0.9959419642875792,0.004058035712420823,99.91397062439852,0.32547075345043197,1.0585544109344482,0.2729973489799775,0.09687633358617959,0.278758051489536,0.218964267318774,0.9093908682359104,1.0680063088307845,0.00988128372018765
5,0,severe_bus7,7,0.2,True,False,0.8877222205017544,1.0,0.5532987097585327,0.997590172248485,0.002409827751515031,181.66933432656208,1.106597419517068,0.6467602252960205,0.2729973489799775,0.09687633358617959,0.278758051489536,0.218964267318774,0.9093908682359104,1.0680063088307845,0.00988128372018765
6,0,angle_bus7,7,0.1,True,False,0.9563974646453511,0.9148807695637451,1.0,0.9958283194539143,0.004171680546085781,164.6785385214741,3.3774780252440495,1.3153290748596191,0.2886024751639069,0.2280009179752489,0.22494478297686743,0.18909806716873395,0.8725204278633396,1.1308168894904536,0.03914453226733525
6,0,angle_bus8,8,0.1,True,False,0.9988698457370815,1.0,1.0,0.9954793829483258,0.0045206170516741495,181.04170536482206,3.215030634251861,0.8743500709533691,0.2886024751639069,0.2280009179752489,0.22494478297686743,0.18909806716873395,0.8725204278633396,1.1308168894904536,0.03914453226733525
6,0,voltage_bus9,9,0.1,True,False,0.9986258001145829,1.0,1.0,0.9945032004583318,0.005496799541668106,181.5806159123382,3.1909078515512435,0.5395481586456299,0.2886024751639069,0.2280009179752489,0.22494478297686743,0.18909806716873395,0.8725204278633396,1.1308168894904536,0.03914453226733525
6,0,voltage_bus10,10,0.1,True,False,0.9989240356329273,1.0,1.0,0.9956961425317093,0.004303857468290616,182.95199238908108,3.264677245506429,0.5296623706817627,0.2886024751639069,0.2280009179752489,0.22494478297686743,0.18909806716873395,0.8725204278633396,1.1308168894904536,0.03914453226733525
6,0,freq_bus2,2,0.1,True,False,0.9560202038371631,0.9148807695637451,1.0,0.9943192762211622,0.005680723778837741,164.6785385214741,3.377050404565236,1.4050285816192627,0.2886024751639069,0.2280009179752489,0.22494478297686743,0.18909806716873395,0.8725204278633396,1.1308168894904536,0.03914453226733525
6,0,freq_bus4,4,0.15,True,False,0.93107475785032,1.0,0.72429903140128,1.0,-1.0353436329112329e-17,190.50386207068297,1.4485980628025619,0.38752269744873047,0.2886024751639069,0.2280009179752489,0.22494478297686743,0.18909806716873395,0.8725204278633396,1.1308168894904536,0.03914453226733525
6,0,severe_bus7,7,0.2,True,False,0.956417205277283,0.9148807695637451,1.0,0.9959072819816421,0.004092718018357921,164.6785385214741,3.5894401623214423,1.3792552947998047,0.2886024751639069,0.2280009179752489,0.22494478297686743,0.18909806716873395,0.8725204278633396,1.1308168894904536,0.03914453226733525
7,0,angle_bus7,7,0.1,True,False,0.889486654754772,1.0,0.5608818804982931,0.9970647385207945,0.002935261479205561,181.06117053626718,1.1217637609965836,0.3364415168762207,0.3054108422446166,0.1643125880404711,0.11145152251404257,0.1566410244484802,0.8274804666798572,0.9309501676808897,0.025760729201391108
7,0,angle_bus8,8,0.1,True,False,0.5784014843461172,0.5512899636414667,0.2145282106186741,0.9964977994828612,0.0035022005171387576,99.232193455464,0.4290564212373482,1.4076247215270996,0.3054108422446166,0.1643125880404711,0.11145152251404257,0.1566410244484802,0.8274804666798572,0.9309501676808897,0.025760729201391108
7,0,voltage_bus9,9,0.1,True,False,0.5663992869371195,0.5350260260999767,0.19993110186462815,0.9956139936838962,0.004386006316103798,96.30468469799581,0.3998622037292554,1.1826777458190918,0.3054108422446166,0.1643125880404711,0.11145152251404257,0.1566410244484802,0.8274804666798572,0.9309501676808897,0.025760729201391108
7,0,voltage_bus10,10,0.1,True,False,0.5339385675187733,0.5060351404382449,0.12744622863909072,0.9962377605595126,0.0037622394404873815,91.08632527888409,0.2548924572781841,1.3443048000335693,0.3054108422446166,0.1643125880404711,0.11145152251404257,0.1566410244484802,0.8274804666798572,0.9309501676808897,0.025760729201391108
7,0,freq_bus2,2,0.1,True,False,0.8831319992865603,1.0,0.5367260578598163,0.9958019392864249,0.0041980607135751425,181.32632235804977,1.0734521157196308,0.36948108673095703,0.3054108422446166,0.1643125880404711,0.11145152251404257,0.1566410244484802,0.8274804666798572,0.9309501676808897,0.025760729201391108
7,0,freq_bus4,4,0.15,True,False,0.5311834009785706,0.5060351404382449,0.11670203344991847,0.9959612895878743,0.004038710412125628,91.08632527888409,0.2334040668998405,1.0569138526916504,0.3054108422446166,0.1643125880404711,0.11145152251404257,0.1566410244484802,0.8274804666798572,0.9309501676808897,0.025760729201391108
7,0,severe_bus7,7,0.2,True,False,0.8912442992955985,1.0,0.5674336008886591,0.9975435962937348,0.002456403706265227,183.53706604473084,1.1348672017773165,0.6210739612579346,0.3054108422446166,0.1643125880404711,0.11145152251404257,0.1566410244484802,0.8274804666798572,0.9309501676808897,0.025760729201391108
8,0,angle_bus7,7,0.1,True,False,0.8345987591013047,1.0,0.3414412063632284,0.99695383004199,0.003046169958010039,181.34401459148626,0.6828824127264532,0.3390960693359375,0.20235001142583978,0.2836528167999941,0.10084815449506503,0.0858059462944094,1.0565805613967956,0.9021532993611105,-0.10827538041924273
8,0,angle_bus8,8,0.1,True,False,0.9039034801792244,1.0,0.6193038083550597,0.9963101123618378,0.003689887638162193,180.5674973048569,1.2386076167101168,1.0617365837097168,0.20235001142583978,0.2836528167999941,0.10084815449506503,0.0858059462944094,1.0565805613967956,0.9021532993611105,-0.10827538041924273
8,0,voltage_bus9,9,0.1,True,False,0.8490040828147574,1.0,0.40065795157680384,0.9953583796822255,0.004641620317774469,182.02368923018415,0.8013159031536077,0.8267087936401367,0.20235001142583978,0.2836528167999941,0.10084815449506503,0.0858059462944094,1.0565805613967956,0.9021532993611105,-0.10827538041924273
8,0,voltage_bus10,10,0.1,True,False,0.8391619658701877,1.0,0.36055887761828487,0.996088985862466,0.003911014137534081,181.63504842420622,0.7211177552365688,0.699772834777832,0.20235001142583978,0.2836528167999941,0.10084815449506503,0.0858059462944094,1.0565805613967956,0.9021532993611105,-0.10827538041924273
8,0,freq_bus2,2,0.1,True,False,0.9290833077074296,1.0,0.7163332308297186,1.0,-2.4172951123928803e-17,188.91846866887204,1.4326664616594353,0.33762431144714355,0.20235001142583978,0.2836528167999941,0.10084815449506503,0.0858059462944094,1.0565805613967956,0.9021532993611105,-0.10827538041924273
8,0,freq_bus4,4,0.15,True,False,0.8246827703668538,1.0,0.3029120738066524,0.9958190076607628,0.0041809923392372005,181.0531564462471,0.6058241476133075,0.7004604339599609,0.20235001142583978,0.2836528167999941,0.10084815449506503,0.0858059462944094,1.0565805613967956,0.9021532993611105,-0.10827538041924273
8,0,severe_bus7,7,0.2,True,False,0.8641231918122055,1.0,0.4590049837759089,0.9974877834729133,0.0025122165270866858,180.26410179163912,0.9180099675518161,0.34039902687072754,0.20235001142583978,0.2836528167999941,0.10084815449506503,0.0858059462944094,1.0565805613967956,0.9021532993611105,-0.10827538041924273
9,0,angle_bus7,7,0.1,True,False,0.6819553706952706,0.627437406769569,0.47587604267802064,0.9970706265639236,0.002929373436076345,112.93873321852243,0.9517520853560413,1.1377813816070557,0.1478541532718047,0.13591471356275364,0.27109947695048875,0.27574545385600996,1.036844094155998,1.0118344312147525,0.06529804681674986
9,0,angle_bus8,8,0.1,True,False,0.5103937515404968,0.4288926041513481,0.18721063377467573,0.9965791640846151,0.003420835915384902,77.20066874724266,0.3744212675493497,1.4047660827636719,0.1478541532718047,0.13591471356275364,0.27109947695048875,0.27574545385600996,1.036844094155998,1.0118344312147525,0.06529804681674986
9,0,voltage_bus9,9,0.1,True,False,0.5036945215514854,0.4192250653758852,0.1805860524258236,0.9957419030283474,0.004258096971652569,75.46051176765934,0.36117210485164364,1.1054317951202393,0.1478541532718047,0.13591471356275364,0.27109947695048875,0.27574545385600996,1.036844094155998,1.0118344312147525,0.06529804681674986
9,0,voltage_bus10,10,0.1,True,False,0.4734708523815486,0.38778565670609166,0.12200098360370504,0.9963111125103061,0.0036888874896938294,69.8014182070965,0.24400196720741008,1.3620078563690186,0.1478541532718047,0.13591471356275364,0.27109947695048875,0.27574545385600996,1.036844094155998,1.0118344312147525,0.06529804681674986
9,0,freq_bus2,2,0.1,True,False,0.7150052780735838,0.6617043892146475,0.5406069349129154,0.9960053989521247,0.003994601047875318,119.10679005863655,1.08121386982583,1.5489051342010498,0.1478541532718047,0.13591471356275364,0.27109947695048875,0.27574545385600996,1.036844094155998,1.0118344312147525,0.06529804681674986
9,0,freq_bus4,4,0.15,True,False,0.47679018020788133,0.38778565670609166,0.1355509780889328,0.9960384293304092,0.003961570669590847,69.8014182070965,0.2711019561778638,1.6032514572143555,0.1478541532718047,0.13591471356275364,0.27109947695048875,0.27574545385600996,1.036844094155998,1.0118344312147525,0.06529804681674986
9,0,severe_bus7,7,0.2,True,False,0.901887332143687,1.0,0.6100724798991806,0.9974768486755673,0.002523151324432693,180.35175757841904,1.2201449597983638,0.43349480628967285,0.1478541532718047,0.13591471356275364,0.27109947695048875,0.27574545385600996,1.036844094155998,1.0118344312147525,0.06529804681674986
10,0,angle_bus7,7,0.1,True,False,0.8326491161549567,1.0,0.33365075984708525,0.9969457047727416,0.0030542952272584463,181.85051436766776,0.6673015196941723,0.6595675945281982,0.3133808348527311,0.29442967847658724,0.1366207634317019,0.1975176484475446,0.9204281478087992,1.0508422706725071,-0.016252296899307767
10,0,angle_bus8,8,0.1,True,False,0.8314256216871763,1.0,0.3294251456848549,0.9962773410638504,0.0037226589361496797,182.1664999511608,0.6588502913697081,0.7745845317840576,0.3133808348527311,0.29442967847658724,0.1366207634317019,0.1975176484475446,0.9204281478087992,1.0508422706725071,-0.016252296899307767
10,0,voltage_bus9,9,0.1,True,False,0.9278974044170415,1.0,0.716273901345204,0.995315716322962,0.004684283677037938,180.9756603821196,1.4325478026904115,0.7860331535339355,0.3133808348527311,0.29442967847658724,0.1366207634317019,0.1975176484475446,0.9204281478087992,1.0508422706725071,-0.016252296899307767
10,0,voltage_bus10,10,0.1,True,False,0.8289400467131822,1.0,0.31969352883572455,0.9960666580170043,0.003933341982995675,182.4185881061392,0.63938705767145,0.7311511039733887,0.3133808348527311,0.29442967847658724,0.1366207634317019,0.1975176484475446,0.9204281478087992,1.0508422706725071,-0.016252296899307767
10,0,freq_bus2,2,0.1,True,True,0.6229341308407997,0.6887651300441989,0.1187486209969677,0.9954576422778335,0.004542357722166517,123.9777234079558,0.23749724199393363,1.1747710704803467,0.3133808348527311,0.29442967847658724,0.1366207634317019,0.1975176484475446,0.9204281478087992,1.0508422706725071,-0.016252296899307767
10,0,freq_bus4,4,0.15,True,False,0.8307377367861848,1.0,0.327149256507699,0.9958016906370404,0.004198309362959658,181.39476651959336,0.6542985130154011,0.7222838401794434,0.3133808348527311,0.29442967847658724,0.1366207634317019,0.1975176484475446,0.9204281478087992,1.0508422706725071,-0.016252296899307767
10,0,severe_bus7,7,0.2,True,False,0.8618174559624743,1.0,0.4497979308109876,0.9974718930389096,0.0025281069610903705,184.57769043624594,0.8995958616219779,0.29625582695007324,0.3133808348527311,0.29442967847658724,0.1366207634317019,0.1975176484475446,0.9204281478087992,1.0508422706725071,-0.016252296899307767
11,0,angle_bus7,7,0.1,True,False,0.8404148217722509,1.0,0.36455846190084884,0.9971008251881546,0.0028991748118453757,181.18944166217136,0.7291169238017003,0.6144616603851318,0.04283109810841005,0.12550638497856212,0.2679581882861613,0.21677706778384875,0.7123457230388818,1.1111225167393717,-0.14401772523596423
11,0,angle_bus8,8,0.1,True,False,0.8625678605099932,1.0,0.45386969238143493,0.9964017496585379,0.0035982503414621054,181.47079263919383,0.907739384762869,0.9913210868835449,0.04283109810841005,0.12550638497856212,0.2679581882861613,0.21677706778384875,0.7123457230388818,1.1111225167393717,-0.14401772523596423
11,0,voltage_bus9,9,0.1,True,False,0.9428099980935887,1.0,0.7712399923743547,1.0,-4.44531973601581e-11,182.8377954976394,1.5424799847487103,0.6954798698425293,0.04283109810841005,0.12550638497856212,0.2679581882861613,0.21677706778384875,0.7123457230388818,1.1111225167393717,-0.14401772523596423
11,0,voltage_bus10,10,0.1,True,False,0.9288000397951621,1.0,0.7190547451230174,0.9961454140576314,0.0038545859423686447,182.7315478917872,1.4381094902460312,0.839531421661377,0.04283109810841005,0.12550638497856212,0.2679581882861613,0.21677706778384875,0.7123457230388818,1.1111225167393717,-0.14401772523596423
11,0,freq_bus2,2,0.1,True,False,0.9153912625991847,1.0,0.6615650503967387,1.0,-4.071758970476069e-12,189.2693761671624,1.3231301007934793,0.3914809226989746,0.04283109810841005,0.12550638497856212,0.2679581882861613,0.21677706778384875,0.7123457230388818,1.1111225167393717,-0.14401772523596423
11,0,freq_bus4,4,0.15,True,False,0.8656183800785877,1.0,0.4666135826045519,0.9958599377097992,0.0041400622902007635,181.63746456180505,0.9332271652091073,0.7630152702331543,0.04283109810841005,0.12550638497856212,0.2679581882861613,0.21677706778384875,0.7123457230388818,1.1111225167393717,-0.14401772523596423
11,0,severe_bus7,7,0.2,True,False,0.8778635628121191,1.0,0.5138158619785855,0.9976383892698908,0.002361610730109195,185.63406694883864,1.027631723957172,0.3139986991882324,0.04283109810841005,0.12550638497856212,0.2679581882861613,0.21677706778384875,0.7123457230388818,1.1111225167393717,-0.14401772523596423
12,0,angle_bus7,7,0.1,True,False,0.6308002225412184,0.5584961041642859,0.4091457439425952,0.9970629378937068,0.0029370621062931737,100.52929874957145,0.8182914878851921,1.3976976871490479,0.24694043375849348,0.15420780431058104,0.18617420412795577,0.03857539286930718,0.9839666552893538,0.736906041745552,0.07175930220168672
12,0,angle_bus8,8,0.1,True,False,0.4922652739434649,0.39242946535259005,0.18760831938462985,0.9965938456840497,0.0034061543159502874,70.6373037634662,0.37521663876926237,1.1278965473175049,0.24694043375849348,0.15420780431058104,0.18617420412795577,0.03857539286930718,0.9839666552893538,0.736906041745552,0.07175930220168672
12,0,voltage_bus9,9,0.1,True,False,0.4868646678324962,0.3840121490254487,0.183668515534535,0.9957658577445524,0.004234142255447561,69.12218682458077,0.3673370310690727,1.3173162937164307,0.24694043375849348,0.15420780431058104,0.18617420412795577,0.03857539286930718,0.9839666552893538,0.736906041745552,0.07175930220168672
12,0,voltage_bus10,10,0.1,True,False,0.4613766186092895,0.3589334228029913,0.13131854119063036,0.9963210876405452,0.0036789123594548638,64.60801610453844,0.2626370823812607,1.0292701721191406,0.24694043375849348,0.15420780431058104,0.18617420412795577,0.03857539286930718,0.9839666552893538,0.736906041745552,0.07175930220168672
12,0,freq_bus2,2,0.1,True,False,0.656347578753996,0.585718397619589,0.45790261483558936,0.9960509049412165,0.003949095058783455,105.42931157152601,0.9158052296711805,1.451526165008545,0.24694043375849348,0.15420780431058104,0.18617420412795577,0.03857539286930718,0.9839666552893538,0.736906041745552,0.07175930220168672
12,0,freq_bus4,4,0.15,True,False,0.46430067214935783,0.3589334228029913,0.1432918352395447,0.996044007751904,0.003955992248095996,64.60801610453844,0.2865836704790903,1.033149242401123,0.24694043375849348,0.15420780431058104,0.18617420412795577,0.03857539286930718,0.9839666552893538,0.736906041745552,0.07175930220168672
12,0,severe_bus7,7,0.2,True,False,0.9081853323663733,1.0,0.6352916765226979,0.9974496529427953,0.002550347057204731,180.33371050145595,1.2705833530453958,0.34334516525268555,0.24694043375849348,0.15420780431058104,0.18617420412795577,0.03857539286930718,0.9839666552893538,0.736906041745552,0.07175930220168672
13,0,angle_bus7,7,0.1,True,False,0.714694759990136,0.681557950577848,0.4986438742614183,0.9970192645434297,0.002980735456570311,122.68043110401264,0.9972877485228393,1.7329528331756592,0.12372691159297555,0.014159020310872645,0.01762615048833885,0.2918666675914508,0.8865721667255806,1.0932818405440536,-0.13870493114433388
13,0,angle_bus8,8,0.1,True,False,0.5141712506314289,0.44731320300204774,0.16548619151939903,0.9965724050022209,0.0034275949977791687,80.5163765403686,0.33097238303879895,1.3254694938659668,0.12372691159297555,0.014159020310872645,0.01762615048833885,0.2918666675914508,0.8865721667255806,1.0932818405440536,-0.13870493114433388
13,0,voltage_bus9,9,0.1,True,False,0.506728245840986,0.43697206746550976,0.1572198844463344,0.9957489639865899,0.004251036013410189,78.65497214379175,0.314439768892667,1.522282600402832,0.12372691159297555,0.014159020310872645,0.01762615048833885,0.2918666675914508,0.8865721667255806,1.0932818405440536,-0.13870493114433388
13,0,voltage_bus10,10,0.1,True,False,0.47835025659517494,0.40851778456084503,0.10003101832047534,0.9963344389385344,0.003665561061465609,73.53320122095211,0.2000620366409489,1.2337098121643066,0.12372691159297555,0.014159020310872645,0.01762615048833885,0.2918666675914508,0.8865721667255806,1.0932818405440536,-0.13870493114433388
13,0,freq_bus2,2,0.1,True,False,0.7513684944061902,0.7174426070947713,0.5747229804278895,0.9958657830073291,0.004134216992670906,129.13966927705883,1.1494459608557772,1.4986827373504639,0.12372691159297555,0.014159020310872645,0.01762615048833885,0.2918666675914508,0.8865721667255806,1.0932818405440536,-0.13870493114433388
13,0,freq_bus4,4,0.15,True,False,0.48501369689402885,0.40851778456084503,0.1269570988826807,0.9960621195717446,0.0039378804282554,73.53320122095211,0.2539141977653614,1.027113437652588,0.12372691159297555,0.014159020310872645,0.01762615048833885,0.2918666675914508,0.8865721667255806,1.0932818405440536,-0.13870493114433388
13,0,severe_bus7,7,0.2,True,False,0.8893648784826628,1.0,0.5600454600786406,0.9974140538520103,0.0025859461479896366,180.97475086955876,1.1200909201572795,0.5807986259460449,0.12372691159297555,0.014159020310872645,0.01762615048833885,0.2918666675914508,0.8865721667255806,1.0932818405440536,-0.13870493114433388
14,0,angle_bus7,7,0.1,True,False,0.958974283518235,0.9195427935175693,1.0,0.9968115470378014,0.0031884529621986624,165.51770283316247,3.8975189701807733,1.123934268951416,0.17670138787667214,0.02855475811133953,0.17922447774208086,0.025592665708667157,0.77683082910396,1.038342398668261,0.04814204145224704
14,0,angle_bus8,8,0.1,True,False,0.9587285400633028,0.9195427935175693,1.0,0.9958285732180725,0.004171426781927455,165.51770283316247,3.7233915702961307,1.1111984252929688,0.17670138787667214,0.02855475811133953,0.17922447774208086,0.025592665708667157,0.77683082910396,1.038342398668261,0.04814204145224704
14,0,voltage_bus9,9,0.1,True,False,0.8816020666229809,1.0,0.5264082664919947,0.9999999999999291,7.098520551811494e-14,188.43056988196545,1.0528165329839911,0.7214677333831787,0.17670138787667214,0.02855475811133953,0.17922447774208086,0.025592665708667157,0.77683082910396,1.038342398668261,0.04814204145224704
14,0,voltage_bus10,10,0.1,True,False,0.9586556256733436,0.9195427935175693,1.0,0.9955369156582361,0.004463084341763938,165.51770283316247,3.7430475903351668,1.203467845916748,0.17670138787667214,0.02855475811133953,0.17922447774208086,0.025592665708667157,0.77683082910396,1.038342398668261,0.04814204145224704
14,0,freq_bus2,2,0.1,True,False,0.8609107580334046,1.0,0.4436430321336182,1.0,-2.665918831171434e-14,183.60438670600462,0.8872860642672364,0.6344490051269531,0.17670138787667214,0.02855475811133953,0.17922447774208086,0.025592665708667157,0.77683082910396,1.038342398668261,0.04814204145224704
14,0,freq_bus4,4,0.15,True,False,0.998821579743509,1.0,1.0,0.9952863189740362,0.004713681025963769,180.64801117908263,3.595966727914477,0.44693660736083984,0.17670138787667214,0.02855475811133953,0.17922447774208086,0.025592665708667157,0.77683082910396,1.038342398668261,0.04814204145224704
14,0,severe_bus7,7,0.2,True,False,0.9590223452016864,0.9195427935175693,1.0,0.9970037937716072,0.0029962062283927695,165.51770283316247,3.866170612571158,1.3885383605957031,0.17670138787667214,0.02855475811133953,0.17922447774208086,0.025592665708667157,0.77683082910396,1.038342398668261,0.04814204145224704
15,0,angle_bus7,7,0.1,True,False,0.859664071328113,1.0,0.4416326896753482,0.9970235956371039,0.0029764043628961226,180.87415517052878,0.8832653793506973,0.3579142093658447,0.13653130195465166,0.23409084508518585,0.2473289709672773,0.12031080590068916,0.9983240863343923,0.9049442286934342,-0.023120474999418272
15,0,angle_bus8,8,0.1,True,False,0.6461838097202903,0.6367120731731954,0.31489526909916066,0.9964158234356097,0.003584176564390251,114.60817317117518,0.6297905381983204,1.4525048732757568,0.13653130195465166,0.23409084508518585,0.2473289709672773,0.12031080590068916,0.9983240863343923,0.9049442286934342,-0.023120474999418272
15,0,voltage_bus9,9,0.1,True,False,0.6089552464973763,0.5984579163158212,0.2434094734282901,0.9954956799295728,0.004504320070427196,107.72242493684783,0.486818946856582,1.1911981105804443,0.13653130195465166,0.23409084508518585,0.2473289709672773,0.12031080590068916,0.9983240863343923,0.9049442286934342,-0.023120474999418272
15,0,voltage_bus10,10,0.1,True,False,0.6279768019389895,0.6150775117183355,0.28558842710730303,0.9961637572119844,0.0038362427880156784,110.71395210930038,0.5711768542146034,1.157076358795166,0.13653130195465166,0.23409084508518585,0.2473289709672773,0.12031080590068916,0.9983240863343923,0.9049442286934342,-0.023120474999418272
15,0,freq_bus2,2,0.1,True,False,0.8629945762290228,1.0,0.4563245033071013,0.9956538016089899,0.004346198391010096,182.84294076935484,0.9126490066142035,0.6373507976531982,0.13653130195465166,0.23409084508518585,0.2473289709672773,0.12031080590068916,0.9983240863343923,0.9049442286934342,-0.023120474999418272
15,0,freq_bus4,4,0.15,True,False,0.6450358172709522,0.6338179688818332,0.3166234443416691,0.9958838869784731,0.004116113021526948,114.08723439872996,0.6332468886833409,1.255260705947876,0.13653130195465166,0.23409084508518585,0.2473289709672773,0.12031080590068916,0.9983240863343923,0.9049442286934342,-0.023120474999418272
15,0,severe_bus7,7,0.2,True,False,0.8786514971886855,1.0,0.5170702737444657,0.9975357150102763,0.002464284989723777,181.77763508803437,1.0341405474889331,0.576669454574585,0.13653130195465166,0.23409084508518585,0.2473289709672773,0.12031080590068916,0.9983240863343923,0.9049442286934342,-0.023120474999418272
16,0,angle_bus7,7,0.1,True,False,0.46001647857938277,0.3104504219836096,0.222184006947856,0.9969810634024558,0.0030189365975441906,55.88107595704973,0.44436801389570846,1.0498597621917725,0.2351334166916184,0.005092930056454791,0.23296630158768764,0.2582120396071794,1.0096732442381091,0.8657465237902161,-0.002486767480069124
16,0,angle_bus8,8,0.1,True,False,0.39616194134949395,0.2184703395215459,0.1510135180791714,0.9966935682757125,0.003306431724287471,39.324661113878264,0.3020270361583455,1.4323155879974365,0.2351334166916184,0.005092930056454791,0.23296630158768764,0.2582120396071794,1.0096732442381091,0.8657465237902161,-0.002486767480069124
16,0,voltage_bus9,9,0.1,True,False,0.39563031999952836,0.21560419471946632,0.15537395656335207,0.9959389339958287,0.004061066004171321,38.80875504950394,0.31074791312670325,1.3057515621185303,0.2351334166916184,0.005092930056454791,0.23296630158768764,0.2582120396071794,1.0096732442381091,0.8657465237902161,-0.002486767480069124
16,0,voltage_bus10,10,0.1,True,False,0.38113461044004093,0.20322294149415324,0.12165679806904706,0.9964357607028103,0.003564239297189754,36.58012946894758,0.24331359613809056,1.5838813781738281,0.2351334166916184,0.005092930056454791,0.23296630158768764,0.2582120396071794,1.0096732442381091,0.8657465237902161,-0.002486767480069124
16,0,freq_bus2,2,0.1,True,False,0.4781989183137456,0.3365946104320595,0.24342375932454985,0.9961826930663135,0.0038173069336865308,60.58702987777072,0.4868475186491006,1.4464640617370605,0.2351334166916184,0.005092930056454791,0.23296630158768764,0.2582120396071794,1.0096732442381091,0.8657465237902161,-0.002486767480069124
16,0,freq_bus4,4,0.15,True,False,0.39020103514392784,0.20322294149415324,0.15819430642540055,0.9961639511620044,0.0038360488379955596,36.58012946894758,0.31638861285079756,1.1439528465270996,0.2351334166916184,0.005092930056454791,0.23296630158768764,0.2582120396071794,1.0096732442381091,0.8657465237902161,-0.002486767480069124
16,0,severe_bus7,7,0.2,True,False,0.5853982647215568,0.4612115215332897,0.4219375818198152,0.9972324339998322,0.002767566000167829,83.01807387599214,0.8438751636396313,1.4735653400421143,0.2351334166916184,0.005092930056454791,0.23296630158768764,0.2582120396071794,1.0096732442381091,0.8657465237902161,-0.002486767480069124
17,0,angle_bus7,7,0.1,True,False,0.8489049220240366,1.0,0.39848577468007207,0.9971339134160744,0.0028660865839255935,183.21007239398713,0.7969715493601415,0.30570363998413086,0.34479327597528464,0.03561088539694953,0.05233790940089752,0.1588028105685423,0.7236681913168026,1.0809221977487655,-0.11665527107654286
17,0,angle_bus8,8,0.1,True,False,0.8688382706853264,1.0,0.47894168695410144,0.9964113957872041,0.0035886042127959727,181.6107505746795,0.9578833739082038,1.1285440921783447,0.34479327597528464,0.03561088539694953,0.05233790940089752,0.1588028105685423,0.7236681913168026,1.0809221977487655,-0.11665527107654286
17,0,voltage_bus9,9,0.1,True,False,0.9580149355615966,1.0,0.8320597422463862,1.0,2.530842629347856e-18,181.02209261246824,1.6641194844927698,0.3868374824523926,0.34479327597528464,0.03561088539694953,0.05233790940089752,0.1588028105685423,0.7236681913168026,1.0809221977487655,-0.11665527107654286
17,0,voltage_bus10,10,0.1,True,False,0.8944321370504984,1.0,0.5815656490142835,0.9961628991877098,0.0038371008122901266,182.2186355251087,1.163131298028568,1.0424745082855225,0.34479327597528464,0.03561088539694953,0.05233790940089752,0.1588028105685423,0.7236681913168026,1.0809221977487655,-0.11665527107654286
17,0,freq_bus2,2,0.1,True,False,0.9193006111805131,1.0,0.6772024447220524,1.0,-1.9931114875915935e-13,190.74383292797896,1.354404889444103,0.33565711975097656,0.34479327597528464,0.03561088539694953,0.05233790940089752,0.1588028105685423,0.7236681913168026,1.0809221977487655,-0.11665527107654286
17,0,freq_bus4,4,0.15,True,False,0.8713672848687855,1.0,0.4895914814557685,0.9958776580193733,0.004122341980626705,180.61893491078442,0.9791829629115334,0.8141591548919678,0.34479327597528464,0.03561088539694953,0.05233790940089752,0.1588028105685423,0.7236681913168026,1.0809221977487655,-0.11665527107654286
17,0,severe_bus7,7,0.2,True,False,0.882174568506611,1.0,0.5310356596073156,0.9976626144191286,0.0023373855808713657,186.84173043385363,1.0620713192146303,0.3488655090332031,0.34479327597528464,0.03561088539694953,0.05233790940089752,0.1588028105685423,0.7236681913168026,1.0809221977487655,-0.11665527107654286
18,0,angle_bus7,7,0.1,True,False,0.5462071743043142,0.36061866515657687,0.46659493942198793,0.9969964274821154,0.003003572517884666,64.91135972818384,0.9331898788439785,1.1680772304534912,0.1689142425886456,0.1732775990696019,0.027890746621207437,0.28005433023981074,0.8605713105892725,0.7926027157159263,0.09669194290533076
18,0,angle_bus8,8,0.1,True,False,0.5032862861968495,0.27474119200976066,0.4669864145571516,0.9966763462107249,0.0033236537892750813,49.45341456175692,0.9339728291143023,1.3092479705810547,0.1689142425886456,0.1732775990696019,0.027890746621207437,0.28005433023981074,0.8605713105892725,0.7926027157159263,0.09669194290533076
18,0,voltage_bus9,9,0.1,True,False,0.5016994613509755,0.27218476506966705,0.46653063097656755,0.9958976842880003,0.0041023157119997175,48.99325771254007,0.9330612619531342,0.9851996898651123,0.1689142425886456,0.1732775990696019,0.027890746621207437,0.28005433023981074,0.8605713105892725,0.7926027157159263,0.09669194290533076
18,0,voltage_bus10,10,0.1,True,False,0.4941451959720079,0.2550616464828654,0.47007305759024476,0.996384433332056,0.003615566667944002,45.91109636691577,0.9401461151804913,1.2621228694915771,0.1689142425886456,0.1732775990696019,0.027890746621207437,0.28005433023981074,0.8605713105892725,0.7926027157159263,0.09669194290533076
18,0,freq_bus2,2,0.1,True,False,0.561983507195104,0.39322492355067806,0.46519563981842893,0.9962885418606311,0.0037114581393689074,70.78048623912206,0.9303912796368552,1.1468088626861572,0.1689142425886456,0.1732775990696019,0.027890746621207437,0.28005433023981074,0.8605713105892725,0.7926027157159263,0.09669194290533076
18,0,freq_bus4,4,0.15,True,False,0.4935305913108661,0.2550616464828654,0.46789940606198854,0.9960996662157451,0.0039003337842549645,45.91109636691577,0.935798812123978,1.3117737770080566,0.1689142425886456,0.1732775990696019,0.027890746621207437,0.28005433023981074,0.8605713105892725,0.7926027157159263,0.09669194290533076
18,0,severe_bus7,7,0.2,True,False,0.63078013058906,0.5229314843440097,0.47998656058795675,0.997270993080264,0.0027290069197359796,94.12766718192175,0.9599731211759144,1.3521547317504883,0.1689142425886456,0.1732775990696019,0.027890746621207437,0.28005433023981074,0.8605713105892725,0.7926027157159263,0.09669194290533076
19,0,angle_bus7,7,0.1,True,False,0.5909110315660451,0.3177470485292723,0.7311650726677819,0.9969849565378535,0.003015043462146492,57.19446873526902,1.462330145335562,1.2220697402954102,0.15083988154862393,0.0776978600910512,0.12721940582867866,0.24333860647956385,0.9320771243065475,0.7019148653897603,0.12893811395951774
19,0,angle_bus8,8,0.1,True,False,0.5858032259776385,0.3078806275469555,0.7307352885120508,0.996716360304592,0.0032836396954079687,55.41851295845199,1.4614705770240999,1.0731477737426758,0.15083988154862393,0.0776978600910512,0.12721940582867866,0.24333860647956385,0.9320771243065475,0.7019148653897603,0.12893811395951774
19,0,voltage_bus9,9,0.1,True,False,0.5854611750472756,0.3078806275469555,0.7301207539453962,0.9959626911497954,0.004037308850204644,55.41851295845199,1.4602415078907915,1.2404773235321045,0.15083988154862393,0.0776978600910512,0.12721940582867866,0.24333860647956385,0.9320771243065475,0.7019148653897603,0.12893811395951774
19,0,voltage_bus10,10,0.1,True,False,0.5862827404917041,0.3078806275469555,0.7329455945269778,0.9964241123459279,0.0035758876540721843,55.41851295845199,1.4658911890539583,1.614149808883667,0.15083988154862393,0.0776978600910512,0.12721940582867866,0.24333860647956385,0.9320771243065475,0.7019148653897603,0.12893811395951774
19,0,freq_bus2,2,0.1,True,False,0.6125231729560693,0.36223715978851584,0.7292185956244097,0.9963997766228357,0.0036002233771642027,65.20268876193285,1.4584371912488159,1.2529981136322021,0.15083988154862393,0.0776978600910512,0.12721940582867866,0.24333860647956385,0.9320771243065475,0.7019148653897603,0.12893811395951774
19,0,freq_bus4,4,0.15,True,False,0.5857064883441084,0.3078806275469555,0.7309246691851783,0.9961400290973447,0.003859970902655303,55.41851295845199,1.4618493383703601,1.5442841053009033,0.15083988154862393,0.0776978600910512,0.12721940582867866,0.24333860647956385,0.9320771243065475,0.7019148653897603,0.12893811395951774
19,0,severe_bus7,7,0.2,True,False,0.6540729051206456,0.447000484408287,0.7250493397822453,0.9972413118837633,0.0027586881162366896,80.46008719349166,1.4500986795644932,1.1872236728668213,0.15083988154862393,0.0776978600910512,0.12721940582867866,0.24333860647956385,0.9320771243065475,0.7019148653897603,0.12893811395951774
20,0,angle_bus7,7,0.1,True,False,0.6553644332103595,0.6069469076907156,0.4105630636240285,0.9970008538359785,0.002999146164021542,109.2504433843288,0.8211261272480552,1.4348928928375244,0.03682861107177285,0.3304710060493026,0.0053181162139491105,0.25113707153076215,1.1133703927311145,0.8807195098369491,-0.12123455863186514
20,0,angle_bus8,8,0.1,True,False,0.5279787624854939,0.45306741514454,0.2092162048328987,0.996564014819997,0.0034359851800030167,81.5521347260172,0.418432409665801,1.169832468032837,0.03682861107177285,0.3304710060493026,0.0053181162139491105,0.25113707153076215,1.1133703927311145,0.8807195098369491,-0.12123455863186514
20,0,voltage_bus9,9,0.1,True,False,0.5232099500366056,0.4458141168692463,0.20548906170728998,0.9957225047006398,0.0042774952993601964,80.24654103646434,0.4109781234145782,1.3308417797088623,0.03682861107177285,0.3304710060493026,0.0053181162139491105,0.25113707153076215,1.1133703927311145,0.8807195098369491,-0.12123455863186514
20,0,voltage_bus10,10,0.1,True,False,0.5052887001644462,0.4153750525174468,0.19411831152355674,0.9962863840993341,0.0037136159006658977,74.76750945314042,0.3882366230471135,1.0939292907714844,0.03682861107177285,0.3304710060493026,0.0053181162139491105,0.25113707153076215,1.1133703927311145,0.8807195098369491,-0.12123455863186514
20,0,freq_bus2,2,0.1,True,False,0.6748783977815149,0.6269548728318957,0.44968862502212303,0.9959152204401451,0.004084779559854861,112.85187710974121,0.8993772500442443,1.2329802513122559,0.03682861107177285,0.3304710060493026,0.0053181162139491105,0.25113707153076215,1.1133703927311145,0.8807195098369491,-0.12123455863186514
20,0,freq_bus4,4,0.15,True,False,0.504230584758015,0.4153750525174468,0.19016815013901223,0.9960040838581541,0.003995916141845935,74.76750945314042,0.38033630027802356,1.4266560077667236,0.03682861107177285,0.3304710060493026,0.0053181162139491105,0.25113707153076215,1.1133703927311145,0.8807195098369491,-0.12123455863186514
20,0,severe_bus7,7,0.2,True,False,0.8911624998631859,1.0,0.5672623085388402,0.9973876909139033,0.0026123090860966157,181.0356847656282,1.1345246170776813,0.3216707706451416,0.03682861107177285,0.3304710060493026,0.0053181162139491105,0.25113707153076215,1.1133703927311145,0.8807195098369491,-0.12123455863186514
21,0,angle_bus7,7,0.1,True,False,0.5209435913482644,0.3916654530051253,0.3034357732523105,0.9970076861304964,0.002992313869503598,70.49978154092256,0.6068715465046193,1.424482822418213,0.07955089380607672,0.20564902939996965,0.037557183269581226,0.2633124205030881,0.8940781597811093,0.8137285844776165,0.09829915020226601
21,0,angle_bus8,8,0.1,True,False,0.4714565425335574,0.2945820519082908,0.3000103875273119,0.996651678790336,0.00334832120966401,53.02476934349234,0.6000207750546238,1.124598503112793,0.07955089380607672,0.20564902939996965,0.037557183269581226,0.2633124205030881,0.8940781597811093,0.8137285844776165,0.09829915020226601
21,0,voltage_bus9,9,0.1,True,False,0.46951979672505517,0.29147219053449747,0.29927366622159113,0.9958611396096346,0.004138860390365394,52.46499429620955,0.5985473324431823,1.2883775234222412,0.07955089380607672,0.20564902939996965,0.037557183269581226,0.2633124205030881,0.8940781597811093,0.8137285844776165,0.09829915020226601
21,0,voltage_bus10,10,0.1,True,False,0.46235473293434226,0.27538383774740266,0.30228667883325144,0.9963645774093124,0.003635422590687587,49.56909079453248,0.6045733576665047,1.0503418445587158,0.07955089380607672,0.20564902939996965,0.037557183269581226,0.2633124205030881,0.8940781597811093,0.8137285844776165,0.09829915020226601
21,0,freq_bus2,2,0.1,True,False,0.5359013074525079,0.4225380930993653,0.3022955126245783,0.9962335309867227,0.0037664690132772757,76.05685675788575,0.6045910252491549,1.4674029350280762,0.07955089380607672,0.20564902939996965,0.037557183269581226,0.2633124205030881,0.8940781597811093,0.8137285844776165,0.09829915020226601
21,0,freq_bus4,4,0.15,True,False,0.4617145114669424,0.27538383774740266,0.3000114394053419,0.9960789309676225,0.003921069032377493,49.56909079453248,0.6000228788106865,1.128983974456787,0.07955089380607672,0.20564902939996965,0.037557183269581226,0.2633124205030881,0.8940781597811093,0.8137285844776165,0.09829915020226601
21,0,severe_bus7,7,0.2,True,False,0.6715837071613681,0.5845916716586215,0.519840706070049,0.9973107792581805,0.0026892207418195506,105.22650089855186,1.0396814121400988,1.2032172679901123,0.07955089380607672,0.20564902939996965,0.037557183269581226,0.2633124205030881,0.8940781597811093,0.8137285844776165,0.09829915020226601
22,0,angle_bus7,7,0.1,False,False,0.0,,,,,,,0.45511865615844727,0.2640061720847916,0.10125437959162537,0.25352674000714065,0.02017257245324929,0.8375041955697867,1.139066952706814,0.07874444110348242
22,0,angle_bus8,8,0.1,False,False,0.0,,,,,,,0.20751118659973145,0.2640061720847916,0.10125437959162537,0.25352674000714065,0.02017257245324929,0.8375041955697867,1.139066952706814,0.07874444110348242
22,0,voltage_bus9,9,0.1,False,False,0.0,,,,,,,0.4130215644836426,0.2640061720847916,0.10125437959162537,0.25352674000714065,0.02017257245324929,0.8375041955697867,1.139066952706814,0.07874444110348242
22,0,voltage_bus10,10,0.1,False,False,0.0,,,,,,,0.18030810356140137,0.2640061720847916,0.10125437959162537,0.25352674000714065,0.02017257245324929,0.8375041955697867,1.139066952706814,0.07874444110348242
22,0,freq_bus2,2,0.1,False,False,0.0,,,,,,,0.45969676971435547,0.2640061720847916,0.10125437959162537,0.25352674000714065,0.02017257245324929,0.8375041955697867,1.139066952706814,0.07874444110348242
22,0,freq_bus4,4,0.15,False,False,0.0,,,,,,,0.17747139930725098,0.2640061720847916,0.10125437959162537,0.25352674000714065,0.02017257245324929,0.8375041955697867,1.139066952706814,0.07874444110348242
22,0,severe_bus7,7,0.2,False,False,0.0,,,,,,,0.44524717330932617,0.2640061720847916,0.10125437959162537,0.25352674000714065,0.02017257245324929,0.8375041955697867,1.139066952706814,0.07874444110348242
23,0,angle_bus7,7,0.1,True,False,0.9071400283350078,0.8790219939675364,0.8735242826349747,0.9969918427699834,0.003008157230016564,158.22395891415655,1.747048565269953,1.5252454280853271,0.33856102497448753,0.319860637122918,0.20827757977500855,0.11151133336660109,0.7823763399218553,0.811129384322929,-0.10129747448715475
23,0,angle_bus8,8,0.1,True,False,0.5750280047241358,0.5515112902539844,0.2005985657394369,0.9964908726491378,0.0035091273508621487,99.27203224571718,0.4011971314788765,1.458686113357544,0.33856102497448753,0.319860637122918,0.20827757977500855,0.11151133336660109,0.7823763399218553,0.811129384322929,-0.10129747448715475
23,0,voltage_bus9,9,0.1,True,False,0.5656946638014456,0.5398972634364542,0.18736765722946558,0.9956164711034085,0.004383528896591567,97.18150741856175,0.3747353144589338,1.3909132480621338,0.33856102497448753,0.319860637122918,0.20827757977500855,0.11151133336660109,0.7823763399218553,0.811129384322929,-0.10129747448715475
23,0,voltage_bus10,10,0.1,True,False,0.5461424280504212,0.5151632731066074,0.15801340591364976,0.9962297600748204,0.0037702399251795604,92.72938915918932,0.31602681182729686,1.1248269081115723,0.33856102497448753,0.319860637122918,0.20827757977500855,0.11151133336660109,0.7823763399218553,0.811129384322929,-0.10129747448715475
23,0,freq_bus2,2,0.1,True,False,0.8985380578456141,1.0,0.5983868002453079,0.9957654311371489,0.00423456886285111,180.740307574904,1.1967736004906149,0.6215264797210693,0.33856102497448753,0.319860637122918,0.20827757977500855,0.11151133336660109,0.7823763399218553,0.811129384322929,-0.10129747448715475
23,0,freq_bus4,4,0.15,True,False,0.5451715743108708,0.5151632731066074,0.154408485331178,0.9959512656990904,0.004048734300909561,92.72938915918932,0.30881697066235336,1.0449104309082031,0.33856102497448753,0.319860637122918,0.20827757977500855,0.11151133336660109,0.7823763399218553,0.811129384322929,-0.10129747448715475
23,0,severe_bus7,7,0.2,True,False,0.8852569839885703,1.0,0.5435716968362385,0.9974562391180428,0.0025437608819572,184.8863166155544,1.0871433936724761,0.5607984066009521,0.33856102497448753,0.319860637122918,0.20827757977500855,0.11151133336660109,0.7823763399218553,0.811129384322929,-0.10129747448715475
24,0,angle_bus7,7,0.1,True,False,0.6476979795388716,0.5966691270058525,0.400457143944454,0.9969965201993276,0.003003479800672413,107.40044286105345,0.8009142878889097,1.1657660007476807,0.02305737564357114,0.364188833907791,0.23100168261254955,0.09146906605363304,0.9619516697918222,0.7141864299559502,-0.12848293313667986
24,0,angle_bus8,8,0.1,True,False,0.52782668370088,0.4511628207912402,0.21241681389808065,0.996564279322959,0.003435720677041009,81.20930774242323,0.4248336277961595,1.4643049240112305,0.02305737564357114,0.364188833907791,0.23100168261254955,0.09146906605363304,0.9619516697918222,0.7141864299559502,-0.12848293313667986
24,0,voltage_bus9,9,0.1,True,False,0.5233382307908029,0.4441418961491135,0.20934646601729412,0.9957226648476906,0.00427733515230939,79.94554130684043,0.4186929320345856,1.1903507709503174,0.02305737564357114,0.364188833907791,0.23100168261254955,0.09146906605363304,0.9619516697918222,0.7141864299559502,-0.12848293313667986
24,0,voltage_bus10,10,0.1,True,False,0.5086553264081035,0.4164970178942963,0.20534022996036327,0.9962870398834582,0.0037129601165418083,74.96946322097332,0.41068045992072477,1.1472094058990479,0.02305737564357114,0.364188833907791,0.23100168261254955,0.09146906605363304,0.9619516697918222,0.7141864299559502,-0.12848293313667986
24,0,freq_bus2,2,0.1,True,False,0.6646433204410189,0.613050999160077,0.4365537016871244,0.9959175817567976,0.00408241824320241,110.34917984881386,0.8731074033742514,1.4728233814239502,0.02305737564357114,0.364188833907791,0.23100168261254955,0.09146906605363304,0.9619516697918222,0.7141864299559502,-0.12848293313667986
24,0,freq_bus4,4,0.15,True,False,0.5076684890625516,0.4164970178942963,0.2016738042001407,0.9960061162614731,0.003993883738526916,74.96946322097332,0.4033476084002796,1.0579190254211426,0.02305737564357114,0.364188833907791,0.23100168261254955,0.09146906605363304,0.9619516697918222,0.7141864299559502,-0.12848293313667986
24,0,severe_bus7,7,0.2,True,False,0.8945390888162188,1.0,0.5807768600024978,0.9973794952623773,0.00262050473762261,181.8407954777362,1.161553720004993,0.6091885566711426,0.02305737564357114,0.364188833907791,0.23100168261254955,0.09146906605363304,0.9619516697918222,0.7141864299559502,-0.12848293313667986
25,0,angle_bus7,7,0.1,True,False,0.7465467431857469,0.710593669525251,0.5679453634818259,0.9970542702106597,0.002945729789340251,127.90686051454519,1.1358907269636553,1.1988170146942139,0.3687624619634966,0.05072437448993492,0.19201816354631293,0.07274288481164294,0.9420034294897952,0.8387927776064097,-0.014667174427852286
25,0,angle_bus8,8,0.1,True,False,0.5238969469639687,0.4619717922535048,0.17508235418733165,0.9965618491615337,0.003438150838466348,83.15492260563087,0.3501647083746606,1.261932134628296,0.3687624619634966,0.05072437448993492,0.19201816354631293,0.07274288481164294,0.9420034294897952,0.8387927776064097,-0.014667174427852286
25,0,voltage_bus9,9,0.1,True,False,0.5155236182481121,0.45099635978163793,0.16437811402639824,0.9957236394027743,0.004276360597225647,81.17934476069483,0.3287562280527956,1.0885217189788818,0.3687624619634966,0.05072437448993492,0.19201816354631293,0.07274288481164294,0.9420034294897952,0.8387927776064097,-0.014667174427852286
25,0,voltage_bus10,10,0.1,True,False,0.48296794197682585,0.4174222792951246,0.10071252731228242,0.9963146820047718,0.0036853179952281473,75.13601027312242,0.20142505462456217,1.3033747673034668,0.3687624619634966,0.05072437448993492,0.19201816354631293,0.07274288481164294,0.9420034294897952,0.8387927776064097,-0.014667174427852286
25,0,freq_bus2,2,0.1,True,False,0.7946010317618472,0.7559284964840511,0.6706391723625842,0.9959079617167023,0.0040920382832977595,136.0671293671292,1.3412783447251675,1.2654504776000977,0.3687624619634966,0.05072437448993492,0.19201816354631293,0.07274288481164294,0.9420034294897952,0.8387927776064097,-0.014667174427852286
25,0,freq_bus4,4,0.15,True,False,0.4881532701399785,0.4166167400261234,0.12334021301958842,0.9960393874880787,0.003960612511921236,74.99101320470221,0.2466804260391786,1.0523133277893066,0.3687624619634966,0.05072437448993492,0.19201816354631293,0.07274288481164294,0.9420034294897952,0.8387927776064097,-0.014667174427852286
25,0,severe_bus7,7,0.2,True,False,0.8950055007049289,1.0,0.5825522616769909,0.9974697411427245,0.0025302588572755575,181.5158963063485,1.1651045233539836,0.7967784404754639,0.3687624619634966,0.05072437448993492,0.19201816354631293,0.07274288481164294,0.9420034294897952,0.8387927776064097,-0.014667174427852286
26,0,angle_bus7,7,0.1,True,False,0.6629254742536161,0.6125012794624628,0.42965832407374194,0.9970410140157973,0.0029589859842027396,110.25023030324331,0.8593166481474812,1.4789042472839355,0.3271355377311795,0.14075191570687973,0.17231355381460306,0.0633360146825488,0.7378677799935878,0.7663086542078039,-0.05355254697797933
26,0,angle_bus8,8,0.1,True,False,0.5097375048846171,0.42915746996857396,0.18404992660883224,0.9965851529924884,0.003414847007511573,77.24834459434331,0.36809985321766714,1.4723789691925049,0.3271355377311795,0.14075191570687973,0.17231355381460306,0.0633360146825488,0.7378677799935878,0.7663086542078039,-0.05355254697797933
26,0,voltage_bus9,9,0.1,True,False,0.5036376381713077,0.4197974229323072,0.17920019731440817,0.9957555095062081,0.004244490493791944,75.5635361278153,0.3584003946288128,1.0872838497161865,0.3271355377311795,0.14075191570687973,0.17231355381460306,0.0633360146825488,0.7378677799935878,0.7663086542078039,-0.05355254697797933
26,0,voltage_bus10,10,0.1,True,False,0.47619304188019634,0.3915798660954689,0.12529394593020982,0.9963184893996377,0.0036815106003622615,70.4843758971844,0.25058789186041874,1.232686996459961,0.3271355377311795,0.14075191570687973,0.17231355381460306,0.0633360146825488,0.7378677799935878,0.7663086542078039,-0.05355254697797933
26,0,freq_bus2,2,0.1,True,False,0.6878728855560643,0.6380589667970068,0.47941336112141286,0.9959602475088305,0.004039752491169477,114.85061402346123,0.9588267222428248,1.1156656742095947,0.3271355377311795,0.14075191570687973,0.17231355381460306,0.0633360146825488,0.7378677799935878,0.7663086542078039,-0.05355254697797933
26,0,freq_bus4,4,0.15,True,False,0.4787977196025466,0.3915798660954689,0.13598549539941018,0.9960456508198384,0.00395434918016156,70.4843758971844,0.27197099079882214,1.2285823822021484,0.3271355377311795,0.14075191570687973,0.17231355381460306,0.0633360146825488,0.7378677799935878,0.7663086542078039,-0.05355254697797933
26,0,severe_bus7,7,0.2,True,False,0.8958012388712184,1.0,0.5857779315254277,0.997427023959446,0.0025729760405539814,181.1759241983245,1.1715558630508527,0.3390345573425293,0.3271355377311795,0.14075191570687973,0.17231355381460306,0.0633360146825488,0.7378677799935878,0.7663086542078039,-0.05355254697797933
27,0,angle_bus7,7,0.1,True,False,0.8444035953429634,1.0,0.38064144636758,0.9969729350042738,0.003027064995726243,181.24547317644368,0.76128289273516,0.46835970878601074,0.10580885680683697,0.32033768087856823,0.2130296808507422,0.1280023258379984,1.140950939699354,0.9422419569825029,0.1441142741306086
27,0,angle_bus8,8,0.1,True,False,0.9165748351343791,1.0,0.6699925811915257,0.9963067593459906,0.003693240654009497,180.35764895182453,1.3399851623830505,1.2633826732635498,0.10580885680683697,0.32033768087856823,0.2130296808507422,0.1280023258379984,1.140950939699354,0.9422419569825029,0.1441142741306086
27,0,voltage_bus9,9,0.1,True,False,0.9314418282542143,1.0,0.7304125915765383,0.9953547214403191,0.00464527855968091,180.5205452391763,1.4608251831530739,0.8380727767944336,0.10580885680683697,0.32033768087856823,0.2130296808507422,0.1280023258379984,1.140950939699354,0.9422419569825029,0.1441142741306086
27,0,voltage_bus10,10,0.1,True,False,0.8592801571055364,1.0,0.44103313269848243,0.9960874957236632,0.003912504276336847,180.1793393717257,0.8820662653969658,0.7197160720825195,0.10580885680683697,0.32033768087856823,0.2130296808507422,0.1280023258379984,1.140950939699354,0.9422419569825029,0.1441142741306086
27,0,freq_bus2,2,0.1,True,False,0.8482444950289806,1.0,0.39742798005188007,0.9955500000640423,0.004449999935957784,183.9312926076836,0.7948559601037619,0.31579065322875977,0.10580885680683697,0.32033768087856823,0.2130296808507422,0.1280023258379984,1.140950939699354,0.9422419569825029,0.1441142741306086
27,0,freq_bus4,4,0.15,True,False,0.8507236501077742,1.0,0.4070712588471572,0.9958233415839397,0.004176658416060299,182.46509219801052,0.8141425176943162,0.7859199047088623,0.10580885680683697,0.32033768087856823,0.2130296808507422,0.1280023258379984,1.140950939699354,0.9422419569825029,0.1441142741306086
27,0,severe_bus7,7,0.2,True,False,0.8668579728680227,1.0,0.4699368269524413,0.9974950645196494,0.002504935480350581,180.7274378041304,0.9398736539048835,0.3053429126739502,0.10580885680683697,0.32033768087856823,0.2130296808507422,0.1280023258379984,1.140950939699354,0.9422419569825029,0.1441142741306086
28,0,angle_bus7,7,0.1,True,False,0.8700359725443264,1.0,0.4830661793809945,0.9970777107963112,0.0029222892036887328,181.1957408889942,0.9661323587619908,0.5395617485046387,0.21982163216023012,0.11890856003234265,0.1962792853883795,0.16652387183756126,0.7086327916528776,0.9865288421057605,-0.049545118655250076
28,0,angle_bus8,8,0.1,True,False,0.6268905733022424,0.6126757740301618,0.28573592348045196,0.9964748216681941,0.003525178331805926,110.28163932542913,0.5714718469609004,1.1747705936431885,0.21982163216023012,0.11890856003234265,0.1962792853883795,0.16652387183756126,0.7086327916528776,0.9865288421057605,-0.049545118655250076
28,0,voltage_bus9,9,0.1,True,False,0.6020196906827516,0.5869770521141118,0.2385527480165166,0.9955719104862665,0.004428089513733521,105.65586938054011,0.47710549603303676,1.1068544387817383,0.21982163216023012,0.11890856003234265,0.1962792853883795,0.16652387183756126,0.7086327916528776,0.9865288421057605,-0.049545118655250076
28,0,voltage_bus10,10,0.1,True,False,0.5575974224258671,0.545167515886739,0.1438334881328558,0.9962211697971345,0.0037788302028655164,98.130152859613,0.28766697626571247,1.3474819660186768,0.21982163216023012,0.11890856003234265,0.1962792853883795,0.16652387183756126,0.7086327916528776,0.9865288421057605,-0.049545118655250076
28,0,freq_bus2,2,0.1,True,False,0.8688946023600863,1.0,0.47985339993871534,0.9957250095016298,0.004274990498370165,180.56024562130025,0.9597067998774333,0.31113314628601074,0.21982163216023012,0.11890856003234265,0.1962792853883795,0.16652387183756126,0.7086327916528776,0.9865288421057605,-0.049545118655250076
28,0,freq_bus4,4,0.15,True,False,0.5667406032420297,0.5562684764530528,0.15848517025844444,0.9959402898035689,0.0040597101964311615,100.12832576154949,0.3169703405168889,1.3297264575958252,0.21982163216023012,0.11890856003234265,0.1962792853883795,0.16652387183756126,0.7086327916528776,0.9865288421057605,-0.049545118655250076
28,0,severe_bus7,7,0.2,True,False,0.8874928686660031,1.0,0.552393478895187,0.9975779957688253,0.002422004231174634,183.48068719985017,1.1047869577903713,0.2989976406097412,0.21982163216023012,0.11890856003234265,0.1962792853883795,0.16652387183756126,0.7086327916528776,0.9865288421057605,-0.049545118655250076
29,0,angle_bus7,7,0.1,True,False,0.9710870814136356,0.9440973213233507,1.0,0.9961536830078408,0.0038463169921591632,169.93751783820312,3.497673056945232,1.267484188079834,0.08132261046223987,0.18396892842661275,0.1619057132304474,0.04969361967444613,0.8527088265282979,0.9964157759622252,-0.07400617973814243
29,0,angle_bus8,8,0.1,True,False,0.9709182612987242,0.9440973213233507,1.0,0.9954784025481952,0.004521597451804788,169.93751783820312,3.331441251679974,1.1667659282684326,0.08132261046223987,0.18396892842661275,0.1619057132304474,0.04969361967444613,0.8527088265282979,0.9964157759622252,-0.07400617973814243
29,0,voltage_bus9,9,0.1,True,False,0.9986087644869445,1.0,1.0,0.9944350579477779,0.005564942052222144,180.55163877306097,3.313130288982611,0.7912049293518066,0.08132261046223987,0.18396892842661275,0.1619057132304474,0.04969361967444613,0.8527088265282979,0.9964157759622252,-0.07400617973814243
29,0,voltage_bus10,10,0.1,True,False,0.9988982103551187,1.0,1.0,0.995592841420475,0.004407158579525024,181.8670471199869,3.393036581934321,0.5169672966003418,0.08132261046223987,0.18396892842661275,0.1619057132304474,0.04969361967444613,0.8527088265282979,0.9964157759622252,-0.07400617973814243
29,0,freq_bus2,2,0.1,True,False,0.9706904301954136,0.9440973213233507,1.0,0.9945670781349525,0.005432921865047551,169.93751783820312,3.50944427773187,1.1308989524841309,0.08132261046223987,0.18396892842661275,0.1619057132304474,0.04969361967444613,0.8527088265282979,0.9964157759622252,-0.07400617973814243
29,0,freq_bus4,4,0.15,True,False,0.9988889904399629,1.0,1.0,0.9955559617598515,0.004444038240148497,182.19577448347576,3.2345661360556788,0.748152494430542,0.08132261046223987,0.18396892842661275,0.1619057132304474,0.04969361967444613,0.8527088265282979,0.9964157759622252,-0.07400617973814243
29,0,severe_bus7,7,0.2,True,False,0.9711143206746201,0.9440973213233507,1.0,0.9962626400517789,0.0037373599482210832,169.93751783820312,3.6708483327548658,1.225024938583374,0.08132261046223987,0.18396892842661275,0.1619057132304474,0.04969361967444613,0.8527088265282979,0.9964157759622252,-0.07400617973814243
30,0,angle_bus7,7,0.1,True,False,0.7804249332200948,0.7506610988913393,0.6233311556986614,0.9970463793990394,0.002953620600960588,135.11899780044106,1.2466623113973219,1.4583160877227783,0.05405566336243548,0.21853826755807304,0.00881501857157744,0.23767248994556942,0.7546314407540746,0.9596390821845162,0.021258512079485425
30,0,angle_bus8,8,0.1,True,False,0.5469731759715896,0.4960425657372247,0.1992729051241824,0.9965346672877263,0.0034653327122736387,89.28766183270045,0.39854581024836744,1.112159252166748,0.05405566336243548,0.21853826755807304,0.00881501857157744,0.23767248994556942,0.7546314407540746,0.9596390821845162,0.021258512079485425
30,0,voltage_bus9,9,0.1,True,False,0.5387626825111854,0.4857553977173031,0.18786614239295574,0.9956737922171798,0.0043262077828201875,87.43597158911456,0.3757322847859079,1.3557672500610352,0.05405566336243548,0.21853826755807304,0.00881501857157744,0.23767248994556942,0.7546314407540746,0.9596390821845162,0.021258512079485425
30,0,voltage_bus10,10,0.1,True,False,0.5124740128674872,0.45538997877852005,0.14285322157219937,0.9962628723407092,0.003737127659290835,81.97019618013361,0.28570644314439786,1.0210072994232178,0.05405566336243548,0.21853826755807304,0.00881501857157744,0.23767248994556942,0.7546314407540746,0.9596390821845162,0.021258512079485425
30,0,freq_bus2,2,0.1,True,False,0.843964764913806,0.8076493323198951,0.7646634109976453,0.9958969840177884,0.004103015982211627,145.3768798175811,1.5293268219952916,1.5328938961029053,0.05405566336243548,0.21853826755807304,0.00881501857157744,0.23767248994556942,0.7546314407540746,0.9596390821845162,0.021258512079485425
30,0,freq_bus4,4,0.15,True,False,0.5111930188846429,0.45538997877852005,0.13801291106930336,0.9959792069122279,0.004020793087772171,81.97019618013361,0.27602582213861027,1.1229369640350342,0.05405566336243548,0.21853826755807304,0.00881501857157744,0.23767248994556942,0.7546314407540746,0.9596390821845162,0.021258512079485425
30,0,severe_bus7,7,0.2,True,False,0.8936821135243307,1.0,0.5772420105271294,0.9974864435701936,0.0025135564298064757,182.1186317428936,1.1544840210542562,0.4065406322479248,0.05405566336243548,0.21853826755807304,0.00881501857157744,0.23767248994556942,0.7546314407540746,0.9596390821845162,0.021258512079485425
31,0,angle_bus7,7,0.1,True,False,0.8596681628863231,1.0,0.4416316796623505,0.9970409718829419,0.0029590281170580267,180.92324957055794,0.8832633593246975,0.6546025276184082,0.014088561838890288,0.24319285473200494,0.1545477715737598,0.20761506677285962,0.8180740798334999,1.0164061943998606,0.12111651279883343
31,0,angle_bus8,8,0.1,True,False,0.6574450904873295,0.6415519948033774,0.3502847295236009,0.996391642818962,0.003608357181038021,115.47935906460793,0.7005694590472,1.2709035873413086,0.014088561838890288,0.24319285473200494,0.1545477715737598,0.20761506677285962,0.8180740798334999,1.0164061943998606,0.12111651279883343
31,0,voltage_bus9,9,0.1,True,False,0.6132050439486476,0.5949522811487407,0.26745850135977633,0.9954571121373329,0.004542887862667049,107.09141060677332,0.5349170027195527,1.4458625316619873,0.014088561838890288,0.24319285473200494,0.1545477715737598,0.20761506677285962,0.8180740798334999,1.0164061943998606,0.12111651279883343
31,0,voltage_bus10,10,0.1,True,False,0.7186884984380674,0.6974135817971747,0.48378659212911046,0.9961402380288095,0.003859761971190492,125.53444472349145,0.9675731842582236,1.2615175247192383,0.014088561838890288,0.24319285473200494,0.1545477715737598,0.20761506677285962,0.8180740798334999,1.0164061943998606,0.12111651279883343
31,0,freq_bus2,2,0.1,True,False,0.8618016951707823,1.0,0.4515410815923495,0.99566569909078,0.004334300909220048,182.5810154462479,0.9030821631846964,0.5819978713989258,0.014088561838890288,0.24319285473200494,0.1545477715737598,0.20761506677285962,0.8180740798334999,1.0164061943998606,0.12111651279883343
31,0,freq_bus4,4,0.15,True,False,0.7608717330266953,0.7369128062093766,0.5737993421165086,0.9958619775715194,0.004138022428480618,132.6443051176878,1.1475986842330155,1.294649600982666,0.014088561838890288,0.24319285473200494,0.1545477715737598,0.20761506677285962,0.8180740798334999,1.0164061943998606,0.12111651279883343
31,0,severe_bus7,7,0.2,True,False,0.8815450318368389,1.0,0.528624846302467,0.9975552810448884,0.002444718955111526,186.0244198941043,1.0572496926049357,0.5750532150268555,0.014088561838890288,0.24319285473200494,0.1545477715737598,0.20761506677285962,0.8180740798334999,1.0164061943998606,0.12111651279883343
32,1,angle_bus7,7,0.1,True,False,0.892587962042166,1.0,0.5728411950033028,0.9975106531653609,0.0024893468346391385,181.01987632210043,1.1456823900066082,0.865513801574707,0.0022604395144403665,0.1956112156024795,0.05356051560066463,0.0022697397820547706,0.7664405048362639,0.7452742485440864,-0.09570854776492764
32,1,angle_bus8,8,0.1,True,False,0.7043558301591103,0.6782595165062202,0.46411230607920473,0.9967919815447961,0.0032080184552039383,122.08671297111964,0.9282246121584103,5.128606557846069,0.0022604395144403665,0.1956112156024795,0.05356051560066463,0.0022697397820547706,0.7664405048362639,0.7452742485440864,-0.09570854776492764
32,1,voltage_bus9,9,0.1,True,True,0.6427876474412353,0.6366453792495704,0.3019836383106451,0.9958761929551553,0.004123807044844687,114.59616826492268,0.6039672766212867,2.8806312084198,0.0022604395144403665,0.1956112156024795,0.05356051560066463,0.0022697397820547706,0.7664405048362639,0.7452742485440864,-0.09570854776492764
32,1,voltage_bus10,10,0.1,True,False,0.6569565260748131,0.6294472347976034,0.3725845941985817,0.9963470405054637,0.00365295949453631,113.30050226356862,0.7451691883971634,5.3138511180877686,0.0022604395144403665,0.1956112156024795,0.05356051560066463,0.0022697397820547706,0.7664405048362639,0.7452742485440864,-0.09570854776492764
32,1,freq_bus2,2,0.1,True,False,0.9362524647479082,1.0,0.745009858991633,1.0,-9.059727712235772e-19,181.19442979022222,1.4900197179832686,1.3440051078796387,0.0022604395144403665,0.1956112156024795,0.05356051560066463,0.0022697397820547706,0.7664405048362639,0.7452742485440864,-0.09570854776492764
32,1,freq_bus4,4,0.15,True,False,0.6588046405989509,0.6252456794696597,0.3887260938984447,0.9960011095580394,0.0039988904419605625,112.54422230453875,0.7774521877968876,4.973643064498901,0.0022604395144403665,0.1956112156024795,0.05356051560066463,0.0022697397820547706,0.7664405048362639,0.7452742485440864,-0.09570854776492764
32,1,severe_bus7,7,0.2,True,False,0.9106981961091769,1.0,0.6448299792553343,0.9979628051813733,0.0020371948186266894,180.20175324637228,1.289659958510665,1.1902999877929688,0.0022604395144403665,0.1956112156024795,0.05356051560066463,0.0022697397820547706,0.7664405048362639,0.7452742485440864,-0.09570854776492764
33,1,angle_bus7,7,0.1,True,False,0.7054041670008175,0.6543133944490167,0.515772993586836,0.9972168855184007,0.0027831144815993127,117.776411000823,1.031545987173672,4.586842775344849,0.0955658580117267,0.06772761278215224,0.09334061409738124,0.14202137057921868,0.9719391493150834,0.8728937755098767,0.10681434194935971
33,1,angle_bus8,8,0.1,True,False,0.5449286191977384,0.4612123283568955,0.26064407905795406,0.9966457410192086,0.003354258980791398,83.0182191042412,0.5212881581159046,4.284978628158569,0.0955658580117267,0.06772761278215224,0.09334061409738124,0.14202137057921868,0.9719391493150834,0.8728937755098767,0.10681434194935971
33,1,voltage_bus9,9,0.1,True,False,0.5386903049608122,0.4523156775355021,0.2543266517341003,0.995803213038144,0.004196786961855955,81.41682195639038,0.5086533034682006,3.994368314743042,0.0955658580117267,0.06772761278215224,0.09334061409738124,0.14202137057921868,0.9719391493150834,0.8728937755098767,0.10681434194935971
33,1,voltage_bus10,10,0.1,True,False,0.5025716256877673,0.41597301430146433,0.181997202376035,0.996343271772105,0.003656728227894951,74.87514257426358,0.36399440475206823,4.838183403015137,0.0955658580117267,0.06772761278215224,0.09334061409738124,0.14202137057921868,0.9719391493150834,0.8728937755098767,0.10681434194935971
33,1,freq_bus2,2,0.1,True,False,0.733468805917125,0.6817649480759111,0.5741957471170309,0.9961495803996472,0.003850419600352775,122.71769065366401,1.1483914942340645,5.193575382232666,0.0955658580117267,0.06772761278215224,0.09334061409738124,0.14202137057921868,0.9719391493150834,0.8728937755098767,0.10681434194935971
33,1,freq_bus4,4,0.15,True,False,0.5079306561672288,0.41597301430146433,0.20373064444478217,0.9960459516212044,0.0039540483787957005,74.87514257426358,0.4074612888895679,4.610023498535156,0.0955658580117267,0.06772761278215224,0.09334061409738124,0.14202137057921868,0.9719391493150834,0.8728937755098767,0.10681434194935971
33,1,severe_bus7,7,0.2,True,False,0.9069572120990146,1.0,0.6302220870612523,0.997606761334806,0.002393238665193992,181.2266253068117,1.2604441741225036,1.2329816818237305,0.0955658580117267,0.06772761278215224,0.09334061409738124,0.14202137057921868,0.9719391493150834,0.8728937755098767,0.10681434194935971
34,1,angle_bus7,7,0.1,True,False,0.535524526153206,0.42661707482839445,0.2918156115493531,0.9970483434066819,0.0029516565933181073,76.791073469111,0.5836312230987062,12.005007266998291,0.11645474031870132,0.08029301975605098,0.11330159159008352,0.1441621237719468,1.0240603145366654,0.7847493887080708,0.0371714717565958
34,1,angle_bus8,8,0.1,True,False,0.4502226854321406,0.31597932363971915,0.1722790181065399,0.9966530763425842,0.0033469236574158287,56.87627825514945,0.3445580362130807,13.410964488983154,0.11645474031870132,0.08029301975605098,0.11330159159008352,0.1441621237719468,1.0240603145366654,0.7847493887080708,0.0371714717565958
34,1,voltage_bus9,9,0.1,True,False,0.447506824757783,0.31115275341152826,0.17185774192605408,0.9958640502820213,0.004135949717978692,56.00749561407508,0.34371548385210726,13.25892972946167,0.11645474031870132,0.08029301975605098,0.11330159159008352,0.1441621237719468,1.0240603145366654,0.7847493887080708,0.0371714717565958
34,1,voltage_bus10,10,0.1,True,False,0.42997962171934845,0.30020115394627356,0.12313076335471607,0.9963854156301305,0.003614584369869475,54.03620771032924,0.2462615267094348,14.228814601898193,0.11645474031870132,0.08029301975605098,0.11330159159008352,0.1441621237719468,1.0240603145366654,0.7847493887080708,0.0371714717565958
34,1,freq_bus2,2,0.1,True,False,0.5467844461607183,0.43793054759913524,0.31514098256183587,0.9961357068827669,0.003864293117233185,78.82749856784434,0.6302819651236735,11.393109798431396,0.11645474031870132,0.08029301975605098,0.11330159159008352,0.1441621237719468,1.0240603145366654,0.7847493887080708,0.0371714717565958
34,1,freq_bus4,4,0.15,True,False,0.43780903818633454,0.30020115394627356,0.15472563750426005,0.9961082073485309,0.003891792651469139,54.03620771032924,0.309451275008521,12.401167869567871,0.11645474031870132,0.08029301975605098,0.11330159159008352,0.1441621237719468,1.0240603145366654,0.7847493887080708,0.0371714717565958
34,1,severe_bus7,7,0.2,True,False,0.7097925528344573,0.6240379815531174,0.5937358953477876,0.9973583528838067,0.0026416471161933375,112.32683667956113,1.1874717906955734,9.546494245529175,0.11645474031870132,0.08029301975605098,0.11330159159008352,0.1441621237719468,1.0240603145366654,0.7847493887080708,0.0371714717565958
35,1,angle_bus7,7,0.1,True,False,0.7195576501951326,1.0,0.4369531336825432,0.4412774670979873,0.5587225329020127,180.59295933867816,0.8739062673650899,0.577019214630127,0.06845710507932452,0.38316951046757547,0.2869142838306914,0.07524367700674342,1.0675844647209458,0.8308323283071077,0.05647833141543146
35,1,angle_bus8,8,0.1,True,False,0.7195576501951326,1.0,0.4369531336825432,0.4412774670979873,0.5587225329020127,180.59295933867816,0.8739062673650899,0.8896033763885498,0.06845710507932452,0.38316951046757547,0.2869142838306914,0.07524367700674342,1.0675844647209458,0.8308323283071077,0.05647833141543146
35,1,voltage_bus9,9,0.1,True,False,0.7195576501951326,1.0,0.4369531336825432,0.4412774670979873,0.5587225329020127,180.59295933867816,0.8739062673650899,0.5632269382476807,0.06845710507932452,0.38316951046757547,0.2869142838306914,0.07524367700674342,1.0675844647209458,0.8308323283071077,0.05647833141543146
35,1,voltage_bus10,10,0.1,True,False,0.7195576501951326,1.0,0.4369531336825432,0.4412774670979873,0.5587225329020127,180.59295933867816,0.8739062673650899,0.851905345916748,0.06845710507932452,0.38316951046757547,0.2869142838306914,0.07524367700674342,1.0675844647209458,0.8308323283071077,0.05647833141543146
35,1,freq_bus2,2,0.1,True,False,0.7195576501951326,1.0,0.4369531336825432,0.4412774670979873,0.5587225329020127,180.59295933867816,0.8739062673650899,0.66676926612854,0.06845710507932452,0.38316951046757547,0.2869142838306914,0.07524367700674342,1.0675844647209458,0.8308323283071077,0.05647833141543146
35,1,freq_bus4,4,0.15,True,False,0.7195576501951326,1.0,0.4369531336825432,0.4412774670979873,0.5587225329020127,180.59295933867816,0.8739062673650899,0.951336145401001,0.06845710507932452,0.38316951046757547,0.2869142838306914,0.07524367700674342,1.0675844647209458,0.8308323283071077,0.05647833141543146
35,1,severe_bus7,7,0.2,True,False,0.7195576501951326,1.0,0.4369531336825432,0.4412774670979873,0.5587225329020127,180.59295933867816,0.8739062673650899,0.7311720848083496,0.06845710507932452,0.38316951046757547,0.2869142838306914,0.07524367700674342,1.0675844647209458,0.8308323283071077,0.05647833141543146
36,1,angle_bus7,7,0.1,True,False,0.6483083268697534,0.5874894987515582,0.4211231704148659,0.9971311395610313,0.0028688604389687632,105.74810977528048,0.8422463408297354,6.09013032913208,0.18810528640915714,0.25870078494664533,0.0714322130533055,0.2982981798821184,0.9512145925598217,0.9538320409126861,0.08375491352956621
36,1,angle_bus8,8,0.1,True,False,0.5297858051432798,0.4401211971337835,0.24228654552329587,0.9966142807822563,0.003385719217743658,79.22181548408103,0.48457309104659174,4.573184013366699,0.18810528640915714,0.25870078494664533,0.0714322130533055,0.2982981798821184,0.9512145925598217,0.9538320409126861,0.08375491352956621
36,1,voltage_bus9,9,0.1,True,False,0.5245469513724934,0.43256424411394784,0.23728776425515719,0.9957715530069207,0.004228446993079356,77.8615639405106,0.47457552851031704,5.973997592926025,0.18810528640915714,0.25870078494664533,0.0714322130533055,0.2982981798821184,0.9512145925598217,0.9538320409126861,0.08375491352956621
36,1,voltage_bus10,10,0.1,True,False,0.500404085660721,0.4176332645562752,0.17004443146270276,0.996305382067631,0.0036946179323690547,75.17398762012954,0.3400888629254073,4.09375262260437,0.18810528640915714,0.25870078494664533,0.0714322130533055,0.2982981798821184,0.9512145925598217,0.9538320409126861,0.08375491352956621
36,1,freq_bus2,2,0.1,True,False,0.6660710065493232,0.6058384084299266,0.45648790148383256,0.9961193078536069,0.0038806921463931205,109.0509135173868,0.9129758029676616,5.990098714828491,0.18810528640915714,0.25870078494664533,0.0714322130533055,0.2982981798821184,0.9512145925598217,0.9538320409126861,0.08375491352956621
36,1,freq_bus4,4,0.15,True,False,0.5047288676238464,0.4176332645562752,0.1876341714650671,0.9960147699177677,0.003985230082232331,75.17398762012954,0.3752683429301351,4.5095884799957275,0.18810528640915714,0.25870078494664533,0.0714322130533055,0.2982981798821184,0.9512145925598217,0.9538320409126861,0.08375491352956621
36,1,severe_bus7,7,0.2,True,False,0.9017448006052754,1.0,0.609464596015826,0.9975146064052756,0.0024853935947243837,180.66921935736568,1.2189291920316503,1.1207244396209717,0.18810528640915714,0.25870078494664533,0.0714322130533055,0.2982981798821184,0.9512145925598217,0.9538320409126861,0.08375491352956621
37,1,angle_bus7,7,0.1,True,False,0.7311943855791891,1.0,0.4526258210873024,0.47215172122945426,0.5278482787705457,181.03925679182308,0.9052516421746049,0.8768196105957031,0.2729973489799775,0.09687633358617959,0.278758051489536,0.218964267318774,0.9093908682359104,1.0680063088307845,0.00988128372018765
37,1,angle_bus8,8,0.1,True,False,0.7311943855791891,1.0,0.4526258210873024,0.47215172122945426,0.5278482787705457,181.03925679182308,0.9052516421746049,0.5936577320098877,0.2729973489799775,0.09687633358617959,0.278758051489536,0.218964267318774,0.9093908682359104,1.0680063088307845,0.00988128372018765
37,1,voltage_bus9,9,0.1,True,False,0.7311943855791891,1.0,0.4526258210873024,0.47215172122945426,0.5278482787705457,181.03925679182308,0.9052516421746049,0.8622579574584961,0.2729973489799775,0.09687633358617959,0.278758051489536,0.218964267318774,0.9093908682359104,1.0680063088307845,0.00988128372018765
37,1,voltage_bus10,10,0.1,True,False,0.7311943855791891,1.0,0.4526258210873024,0.47215172122945426,0.5278482787705457,181.03925679182308,0.9052516421746049,0.5611028671264648,0.2729973489799775,0.09687633358617959,0.278758051489536,0.218964267318774,0.9093908682359104,1.0680063088307845,0.00988128372018765
37,1,freq_bus2,2,0.1,True,False,0.7311943855791891,1.0,0.4526258210873024,0.47215172122945426,0.5278482787705457,181.03925679182308,0.9052516421746049,0.814608097076416,0.2729973489799775,0.09687633358617959,0.278758051489536,0.218964267318774,0.9093908682359104,1.0680063088307845,0.00988128372018765
37,1,freq_bus4,4,0.15,True,False,0.7311943855791891,1.0,0.4526258210873024,0.47215172122945426,0.5278482787705457,181.03925679182308,0.9052516421746049,0.6161646842956543,0.2729973489799775,0.09687633358617959,0.278758051489536,0.218964267318774,0.9093908682359104,1.0680063088307845,0.00988128372018765
37,1,severe_bus7,7,0.2,True,False,0.7311943855791891,1.0,0.4526258210873024,0.47215172122945426,0.5278482787705457,181.03925679182308,0.9052516421746049,0.8526568412780762,0.2729973489799775,0.09687633358617959,0.278758051489536,0.218964267318774,0.9093908682359104,1.0680063088307845,0.00988128372018765
38,1,angle_bus7,7,0.1,False,False,0.0,,,,,,,0.15918946266174316,0.2886024751639069,0.2280009179752489,0.22494478297686743,0.18909806716873395,0.8725204278633396,1.1308168894904536,0.03914453226733525
38,1,angle_bus8,8,0.1,False,False,0.0,,,,,,,0.14274168014526367,0.2886024751639069,0.2280009179752489,0.22494478297686743,0.18909806716873395,0.8725204278633396,1.1308168894904536,0.03914453226733525
38,1,voltage_bus9,9,0.1,False,False,0.0,,,,,,,0.4912562370300293,0.2886024751639069,0.2280009179752489,0.22494478297686743,0.18909806716873395,0.8725204278633396,1.1308168894904536,0.03914453226733525
38,1,voltage_bus10,10,0.1,False,False,0.0,,,,,,,0.12751483917236328,0.2886024751639069,0.2280009179752489,0.22494478297686743,0.18909806716873395,0.8725204278633396,1.1308168894904536,0.03914453226733525
38,1,freq_bus2,2,0.1,False,False,0.0,,,,,,,0.37806248664855957,0.2886024751639069,0.2280009179752489,0.22494478297686743,0.18909806716873395,0.8725204278633396,1.1308168894904536,0.03914453226733525
38,1,freq_bus4,4,0.15,False,False,0.0,,,,,,,0.1470351219177246,0.2886024751639069,0.2280009179752489,0.22494478297686743,0.18909806716873395,0.8725204278633396,1.1308168894904536,0.03914453226733525
38,1,severe_bus7,7,0.2,False,False,0.0,,,,,,,0.38471341133117676,0.2886024751639069,0.2280009179752489,0.22494478297686743,0.18909806716873395,0.8725204278633396,1.1308168894904536,0.03914453226733525
39,1,angle_bus7,7,0.1,True,False,0.8953013891524347,1.0,0.5833171496127463,0.9978884069969928,0.002111593003007217,181.21036013949723,1.1666342992254952,0.8138637542724609,0.3054108422446166,0.1643125880404711,0.11145152251404257,0.1566410244484802,0.8274804666798572,0.9309501676808897,0.025760729201391108
39,1,angle_bus8,8,0.1,True,False,0.9282946921373824,1.0,0.7161008633660195,0.9970779051835098,0.0029220948164901442,180.46121695342592,1.4322017267320408,0.969120979309082,0.3054108422446166,0.1643125880404711,0.11145152251404257,0.1566410244484802,0.8274804666798572,0.9309501676808897,0.025760729201391108
39,1,voltage_bus9,9,0.1,True,False,0.9355420276873185,1.0,0.7421681107493932,0.9999999999998812,1.1876199560843808e-13,180.44964799845087,1.4843362214987854,1.05147385597229,0.3054108422446166,0.1643125880404711,0.11145152251404257,0.1566410244484802,0.8274804666798572,0.9309501676808897,0.025760729201391108
39,1,voltage_bus10,10,0.1,True,False,0.8286670212423968,0.8229846389471622,0.6722360018280931,0.9964628052471697,0.003537194752830349,148.1372350104892,1.3444720036561852,6.7843687534332275,0.3054108422446166,0.1643125880404711,0.11145152251404257,0.1566410244484802,0.8274804666798572,0.9309501676808897,0.025760729201391108
39,1,freq_bus2,2,0.1,True,False,0.9273858465167054,1.0,0.7095433860668301,0.9999999999999916,8.421459986060505e-15,185.0419726447227,1.419086772133662,1.2581558227539062,0.3054108422446166,0.1643125880404711,0.11145152251404257,0.1566410244484802,0.8274804666798572,0.9309501676808897,0.025760729201391108
39,1,freq_bus4,4,0.15,True,False,0.8150140606380425,0.8039527005497594,0.6560590729897662,0.996091768462885,0.003908231537114976,144.7114860989567,1.312118145979535,6.229853391647339,0.3054108422446166,0.1643125880404711,0.11145152251404257,0.1566410244484802,0.8274804666798572,0.9309501676808897,0.025760729201391108
39,1,severe_bus7,7,0.2,True,False,0.9180204317309647,1.0,0.6738026122537306,0.9982791146701282,0.0017208853298718027,182.66086985020905,1.3476052245074621,0.9624793529510498,0.3054108422446166,0.1643125880404711,0.11145152251404257,0.1566410244484802,0.8274804666798572,0.9309501676808897,0.025760729201391108
40,1,angle_bus7,7,0.1,True,False,0.6964617256457212,1.0,0.3187459188204613,0.46710098376242326,0.5328990162375767,183.36761639195544,0.6374918376409244,0.41710758209228516,0.20235001142583978,0.2836528167999941,0.10084815449506503,0.0858059462944094,1.0565805613967956,0.9021532993611105,-0.10827538041924273
40,1,angle_bus8,8,0.1,True,False,0.6964617256457212,1.0,0.3187459188204613,0.46710098376242326,0.5328990162375767,183.36761639195544,0.6374918376409244,0.6563711166381836,0.20235001142583978,0.2836528167999941,0.10084815449506503,0.0858059462944094,1.0565805613967956,0.9021532993611105,-0.10827538041924273
40,1,voltage_bus9,9,0.1,True,False,0.6964617256457212,1.0,0.3187459188204613,0.46710098376242326,0.5328990162375767,183.36761639195544,0.6374918376409244,0.43501925468444824,0.20235001142583978,0.2836528167999941,0.10084815449506503,0.0858059462944094,1.0565805613967956,0.9021532993611105,-0.10827538041924273
40,1,voltage_bus10,10,0.1,True,False,0.6964617256457212,1.0,0.3187459188204613,0.46710098376242326,0.5328990162375767,183.36761639195544,0.6374918376409244,0.6595940589904785,0.20235001142583978,0.2836528167999941,0.10084815449506503,0.0858059462944094,1.0565805613967956,0.9021532993611105,-0.10827538041924273
40,1,freq_bus2,2,0.1,True,False,0.6964617256457212,1.0,0.3187459188204613,0.46710098376242326,0.5328990162375767,183.36761639195544,0.6374918376409244,0.4004848003387451,0.20235001142583978,0.2836528167999941,0.10084815449506503,0.0858059462944094,1.0565805613967956,0.9021532993611105,-0.10827538041924273
40,1,freq_bus4,4,0.15,True,False,0.6964617256457212,1.0,0.3187459188204613,0.46710098376242326,0.5328990162375767,183.36761639195544,0.6374918376409244,0.6632254123687744,0.20235001142583978,0.2836528167999941,0.10084815449506503,0.0858059462944094,1.0565805613967956,0.9021532993611105,-0.10827538041924273
40,1,severe_bus7,7,0.2,True,False,0.6964617256457212,1.0,0.3187459188204613,0.46710098376242326,0.5328990162375767,183.36761639195544,0.6374918376409244,0.4051816463470459,0.20235001142583978,0.2836528167999941,0.10084815449506503,0.0858059462944094,1.0565805613967956,0.9021532993611105,-0.10827538041924273
41,1,angle_bus7,7,0.1,True,False,0.7489732399248796,0.7083301705047104,0.5819917906493899,0.9972408280407078,0.002759171959292242,127.49943069084787,1.1639835812987798,6.359952926635742,0.1478541532718047,0.13591471356275364,0.27109947695048875,0.27574545385600996,1.036844094155998,1.0118344312147525,0.06529804681674986
41,1,angle_bus8,8,0.1,True,False,0.5647688815753755,0.4927832323270656,0.2768599117351087,0.9966491499122622,0.003350850087737861,88.70098181887181,0.5537198234702156,7.785895109176636,0.1478541532718047,0.13591471356275364,0.27109947695048875,0.27574545385600996,1.036844094155998,1.0118344312147525,0.06529804681674986
41,1,voltage_bus9,9,0.1,True,False,0.5586728220807318,0.4840765657772736,0.27074644022597383,0.9957917165424062,0.0042082834575938735,87.13378183990925,0.5414928804519459,7.3382790088653564,0.1478541532718047,0.13591471356275364,0.27109947695048875,0.27574545385600996,1.036844094155998,1.0118344312147525,0.06529804681674986
41,1,voltage_bus10,10,0.1,True,False,0.5239262486153977,0.4498109560106218,0.19975808762711011,0.9963249948132369,0.0036750051867631135,80.96597208191193,0.399516175254222,7.42515754699707,0.1478541532718047,0.13591471356275364,0.27109947695048875,0.27574545385600996,1.036844094155998,1.0118344312147525,0.06529804681674986
41,1,freq_bus2,2,0.1,True,False,0.7808185879872134,0.7388282006778484,0.6494805867316842,0.9961373638614727,0.003862636138527288,132.9890761220127,1.298961173463371,6.733180046081543,0.1478541532718047,0.13591471356275364,0.27109947695048875,0.27574545385600996,1.036844094155998,1.0118344312147525,0.06529804681674986
41,1,freq_bus4,4,0.15,True,False,0.5282339886007299,0.4498109560106218,0.21728883807524824,0.9960252043064275,0.003974795693572543,80.96597208191193,0.4345776761504938,7.519108533859253,0.1478541532718047,0.13591471356275364,0.27109947695048875,0.27574545385600996,1.036844094155998,1.0118344312147525,0.06529804681674986
41,1,severe_bus7,7,0.2,True,False,0.9045167977969758,1.0,0.620422907556673,0.9976442836312301,0.0023557163687698006,181.80408654696421,1.240845815113345,1.0562057495117188,0.1478541532718047,0.13591471356275364,0.27109947695048875,0.27574545385600996,1.036844094155998,1.0118344312147525,0.06529804681674986
42,1,angle_bus7,7,0.1,True,False,0.6831480842547563,1.0,0.2877284768650057,0.44486386015401935,0.5551361398459806,180.35061382214488,0.5754569537300114,0.641463041305542,0.3133808348527311,0.29442967847658724,0.1366207634317019,0.1975176484475446,0.9204281478087992,1.0508422706725071,-0.016252296899307767
42,1,angle_bus8,8,0.1,True,False,0.6831480842547563,1.0,0.2877284768650057,0.44486386015401935,0.5551361398459806,180.35061382214488,0.5754569537300114,0.4739961624145508,0.3133808348527311,0.29442967847658724,0.1366207634317019,0.1975176484475446,0.9204281478087992,1.0508422706725071,-0.016252296899307767
42,1,voltage_bus9,9,0.1,True,False,0.6831480842547563,1.0,0.2877284768650057,0.44486386015401935,0.5551361398459806,180.35061382214488,0.5754569537300114,0.6661806106567383,0.3133808348527311,0.29442967847658724,0.1366207634317019,0.1975176484475446,0.9204281478087992,1.0508422706725071,-0.016252296899307767
42,1,voltage_bus10,10,0.1,True,False,0.6831480842547563,1.0,0.2877284768650057,0.44486386015401935,0.5551361398459806,180.35061382214488,0.5754569537300114,0.43516969680786133,0.3133808348527311,0.29442967847658724,0.1366207634317019,0.1975176484475446,0.9204281478087992,1.0508422706725071,-0.016252296899307767
42,1,freq_bus2,2,0.1,True,False,0.6831480842547563,1.0,0.2877284768650057,0.44486386015401935,0.5551361398459806,180.35061382214488,0.5754569537300114,0.6850323677062988,0.3133808348527311,0.29442967847658724,0.1366207634317019,0.1975176484475446,0.9204281478087992,1.0508422706725071,-0.016252296899307767
42,1,freq_bus4,4,0.15,True,False,0.6831480842547563,1.0,0.2877284768650057,0.44486386015401935,0.5551361398459806,180.35061382214488,0.5754569537300114,0.39079904556274414,0.3133808348527311,0.29442967847658724,0.1366207634317019,0.1975176484475446,0.9204281478087992,1.0508422706725071,-0.016252296899307767
42,1,severe_bus7,7,0.2,True,False,0.6831480842547563,1.0,0.2877284768650057,0.44486386015401935,0.5551361398459806,180.35061382214488,0.5754569537300114,0.4336552619934082,0.3133808348527311,0.29442967847658724,0.1366207634317019,0.1975176484475446,0.9204281478087992,1.0508422706725071,-0.016252296899307767
43,1,angle_bus7,7,0.1,True,False,0.7018330366576992,1.0,0.3318508273366412,0.4754813192941557,0.5245186807058443,180.19718032710256,0.6637016546732832,0.6559488773345947,0.04283109810841005,0.12550638497856212,0.2679581882861613,0.21677706778384875,0.7123457230388818,1.1111225167393717,-0.14401772523596423
43,1,angle_bus8,8,0.1,True,False,0.7018330366576992,1.0,0.3318508273366412,0.4754813192941557,0.5245186807058443,180.19718032710256,0.6637016546732832,0.391268253326416,0.04283109810841005,0.12550638497856212,0.2679581882861613,0.21677706778384875,0.7123457230388818,1.1111225167393717,-0.14401772523596423
43,1,voltage_bus9,9,0.1,True,False,0.7018330366576992,1.0,0.3318508273366412,0.4754813192941557,0.5245186807058443,180.19718032710256,0.6637016546732832,0.6633636951446533,0.04283109810841005,0.12550638497856212,0.2679581882861613,0.21677706778384875,0.7123457230388818,1.1111225167393717,-0.14401772523596423
43,1,voltage_bus10,10,0.1,True,False,0.7018330366576992,1.0,0.3318508273366412,0.4754813192941557,0.5245186807058443,180.19718032710256,0.6637016546732832,0.4010763168334961,0.04283109810841005,0.12550638497856212,0.2679581882861613,0.21677706778384875,0.7123457230388818,1.1111225167393717,-0.14401772523596423
43,1,freq_bus2,2,0.1,True,False,0.7018330366576992,1.0,0.3318508273366412,0.4754813192941557,0.5245186807058443,180.19718032710256,0.6637016546732832,0.6148946285247803,0.04283109810841005,0.12550638497856212,0.2679581882861613,0.21677706778384875,0.7123457230388818,1.1111225167393717,-0.14401772523596423
43,1,freq_bus4,4,0.15,True,False,0.7018330366576992,1.0,0.3318508273366412,0.4754813192941557,0.5245186807058443,180.19718032710256,0.6637016546732832,0.40712952613830566,0.04283109810841005,0.12550638497856212,0.2679581882861613,0.21677706778384875,0.7123457230388818,1.1111225167393717,-0.14401772523596423
43,1,severe_bus7,7,0.2,True,False,0.7018330366576992,1.0,0.3318508273366412,0.4754813192941557,0.5245186807058443,180.19718032710256,0.6637016546732832,0.636878490447998,0.04283109810841005,0.12550638497856212,0.2679581882861613,0.21677706778384875,0.7123457230388818,1.1111225167393717,-0.14401772523596423
44,1,angle_bus7,7,0.1,True,False,0.6780277461942819,0.6234079821168697,0.4681238537662118,0.9971711667771764,0.0028288332228235506,112.21343678103653,0.9362477075324227,7.510275840759277,0.24694043375849348,0.15420780431058104,0.18617420412795577,0.03857539286930718,0.9839666552893538,0.736906041745552,0.07175930220168672
44,1,angle_bus8,8,0.1,True,False,0.5319202213899664,0.44585719590296274,0.2393333929148156,0.9966331008391248,0.0033668991608751474,80.25429526253329,0.4786667858296312,7.943318605422974,0.24694043375849348,0.15420780431058104,0.18617420412795577,0.03857539286930718,0.9839666552893538,0.736906041745552,0.07175930220168672
44,1,voltage_bus9,9,0.1,True,False,0.5262834589229073,0.4379032232152629,0.2335351810553341,0.9957922082057692,0.004207791794230811,78.82258017874733,0.46707036211066644,7.279061317443848,0.24694043375849348,0.15420780431058104,0.18617420412795577,0.03857539286930718,0.9839666552893538,0.736906041745552,0.07175930220168672
44,1,voltage_bus10,10,0.1,True,False,0.49803551824812864,0.41542327285965414,0.16496748397424454,0.9963280432989619,0.003671956701038176,74.77618911473775,0.3299349679484864,7.478227853775024,0.24694043375849348,0.15420780431058104,0.18617420412795577,0.03857539286930718,0.9839666552893538,0.736906041745552,0.07175930220168672
44,1,freq_bus2,2,0.1,True,False,0.6990390864396204,0.6441540194052358,0.5117184221205981,0.9961298848274119,0.003870115172588019,115.94772349294243,1.0234368442411945,7.591578245162964,0.24694043375849348,0.15420780431058104,0.18617420412795577,0.03857539286930718,0.9839666552893538,0.736906041745552,0.07175930220168672
44,1,freq_bus4,4,0.15,True,False,0.5030927905389966,0.41542327285965414,0.1854912573950429,0.9960333590416351,0.003966640958364855,74.77618911473775,0.3709825147900858,7.113652467727661,0.24694043375849348,0.15420780431058104,0.18617420412795577,0.03857539286930718,0.9839666552893538,0.736906041745552,0.07175930220168672
44,1,severe_bus7,7,0.2,True,False,0.9027776503143907,1.0,0.613556219466318,0.9975543817912447,0.0024456182087553148,180.9337297689806,1.227112438932636,1.5877032279968262,0.24694043375849348,0.15420780431058104,0.18617420412795577,0.03857539286930718,0.9839666552893538,0.736906041745552,0.07175930220168672
45,1,angle_bus7,7,0.1,True,False,0.8407864898723706,0.8179276554873629,0.7299590368962043,0.9973316116185521,0.002668388381447888,147.22697798772532,1.4599180737924078,6.770618438720703,0.12372691159297555,0.014159020310872645,0.01762615048833885,0.2918666675914508,0.8865721667255806,1.0932818405440536,-0.13870493114433388
45,1,angle_bus8,8,0.1,True,False,0.6169389749589509,0.5599331405946241,0.3511817285771066,0.9967078900694489,0.003292109930551062,100.78796530703232,0.7023634571542159,9.215943098068237,0.12372691159297555,0.014159020310872645,0.01762615048833885,0.2918666675914508,0.8865721667255806,1.0932818405440536,-0.13870493114433388
45,1,voltage_bus9,9,0.1,True,False,0.6127571116282038,0.5535477588060288,0.3480877836978209,0.9958451452029369,0.004154854797063078,99.63859658508518,0.6961755673956382,8.456456184387207,0.12372691159297555,0.014159020310872645,0.01762615048833885,0.2918666675914508,0.8865721667255806,1.0932818405440536,-0.13870493114433388
45,1,voltage_bus10,10,0.1,True,False,0.5870527866584797,0.5326240091281165,0.2865986711790711,0.9963644571986147,0.0036355428013852948,95.87232164306097,0.5731973423581449,9.010655641555786,0.12372691159297555,0.014159020310872645,0.01762615048833885,0.2918666675914508,0.8865721667255806,1.0932818405440536,-0.13870493114433388
45,1,freq_bus2,2,0.1,True,False,0.9489344056742253,1.0,0.7957376226969011,1.0,-1.3129355265463823e-15,180.85696528439965,1.591475245393803,0.8317785263061523,0.12372691159297555,0.014159020310872645,0.01762615048833885,0.2918666675914508,0.8865721667255806,1.0932818405440536,-0.13870493114433388
45,1,freq_bus4,4,0.15,True,False,0.5904910746418696,0.5326240091281165,0.3006713849273659,0.9960448953838795,0.003955104616120447,95.87232164306097,0.6013427698547336,9.093255996704102,0.12372691159297555,0.014159020310872645,0.01762615048833885,0.2918666675914508,0.8865721667255806,1.0932818405440536,-0.13870493114433388
45,1,severe_bus7,7,0.2,True,False,0.9073876004284499,1.0,0.6318160950992571,0.9977343066145425,0.0022656933854574655,180.25873646976592,1.2636321901985115,1.0991084575653076,0.12372691159297555,0.014159020310872645,0.01762615048833885,0.2918666675914508,0.8865721667255806,1.0932818405440536,-0.13870493114433388
46,1,angle_bus7,7,0.1,True,False,0.5849347923561942,1.0,0.0006557431046374518,0.3390834263201392,0.6609165736798608,190.61356950227125,0.001311486209272239,0.14224815368652344,0.17670138787667214,0.02855475811133953,0.17922447774208086,0.025592665708667157,0.77683082910396,1.038342398668261,0.04814204145224704
46,1,angle_bus8,8,0.1,True,False,0.5849347923561942,1.0,0.0006557431046374518,0.3390834263201392,0.6609165736798608,190.61356950227125,0.001311486209272239,0.4189889430999756,0.17670138787667214,0.02855475811133953,0.17922447774208086,0.025592665708667157,0.77683082910396,1.038342398668261,0.04814204145224704
46,1,voltage_bus9,9,0.1,True,False,0.5849347923561942,1.0,0.0006557431046374518,0.3390834263201392,0.6609165736798608,190.61356950227125,0.001311486209272239,0.16640162467956543,0.17670138787667214,0.02855475811133953,0.17922447774208086,0.025592665708667157,0.77683082910396,1.038342398668261,0.04814204145224704
46,1,voltage_bus10,10,0.1,True,False,0.5849347923561942,1.0,0.0006557431046374518,0.3390834263201392,0.6609165736798608,190.61356950227125,0.001311486209272239,0.38499951362609863,0.17670138787667214,0.02855475811133953,0.17922447774208086,0.025592665708667157,0.77683082910396,1.038342398668261,0.04814204145224704
46,1,freq_bus2,2,0.1,True,False,0.5849347923561942,1.0,0.0006557431046374518,0.3390834263201392,0.6609165736798608,190.61356950227125,0.001311486209272239,0.17651152610778809,0.17670138787667214,0.02855475811133953,0.17922447774208086,0.025592665708667157,0.77683082910396,1.038342398668261,0.04814204145224704
46,1,freq_bus4,4,0.15,True,False,0.5849347923561942,1.0,0.0006557431046374518,0.3390834263201392,0.6609165736798608,190.61356950227125,0.001311486209272239,0.3865339756011963,0.17670138787667214,0.02855475811133953,0.17922447774208086,0.025592665708667157,0.77683082910396,1.038342398668261,0.04814204145224704
46,1,severe_bus7,7,0.2,True,False,0.5849347923561942,1.0,0.0006557431046374518,0.3390834263201392,0.6609165736798608,190.61356950227125,0.001311486209272239,0.1710801124572754,0.17670138787667214,0.02855475811133953,0.17922447774208086,0.025592665708667157,0.77683082910396,1.038342398668261,0.04814204145224704
47,1,angle_bus7,7,0.1,True,False,0.7141116487707841,1.0,0.395930074925559,0.4605165201575776,0.5394834798424224,180.01268738755934,0.791860149851118,0.7763388156890869,0.13653130195465166,0.23409084508518585,0.2473289709672773,0.12031080590068916,0.9983240863343923,0.9049442286934342,-0.023120474999418272
47,1,angle_bus8,8,0.1,True,False,0.7141116487707841,1.0,0.395930074925559,0.4605165201575776,0.5394834798424224,180.01268738755934,0.791860149851118,0.5326008796691895,0.13653130195465166,0.23409084508518585,0.2473289709672773,0.12031080590068916,0.9983240863343923,0.9049442286934342,-0.023120474999418272
47,1,voltage_bus9,9,0.1,True,False,0.7141116487707841,1.0,0.395930074925559,0.4605165201575776,0.5394834798424224,180.01268738755934,0.791860149851118,0.8212623596191406,0.13653130195465166,0.23409084508518585,0.2473289709672773,0.12031080590068916,0.9983240863343923,0.9049442286934342,-0.023120474999418272
47,1,voltage_bus10,10,0.1,True,False,0.7141116487707841,1.0,0.395930074925559,0.4605165201575776,0.5394834798424224,180.01268738755934,0.791860149851118,0.5190849304199219,0.13653130195465166,0.23409084508518585,0.2473289709672773,0.12031080590068916,0.9983240863343923,0.9049442286934342,-0.023120474999418272
47,1,freq_bus2,2,0.1,True,False,0.7141116487707841,1.0,0.395930074925559,0.4605165201575776,0.5394834798424224,180.01268738755934,0.791860149851118,0.5495116710662842,0.13653130195465166,0.23409084508518585,0.2473289709672773,0.12031080590068916,0.9983240863343923,0.9049442286934342,-0.023120474999418272
47,1,freq_bus4,4,0.15,True,False,0.7141116487707841,1.0,0.395930074925559,0.4605165201575776,0.5394834798424224,180.01268738755934,0.791860149851118,0.8097600936889648,0.13653130195465166,0.23409084508518585,0.2473289709672773,0.12031080590068916,0.9983240863343923,0.9049442286934342,-0.023120474999418272
47,1,severe_bus7,7,0.2,True,False,0.7141116487707841,1.0,0.395930074925559,0.4605165201575776,0.5394834798424224,180.01268738755934,0.791860149851118,0.5482001304626465,0.13653130195465166,0.23409084508518585,0.2473289709672773,0.12031080590068916,0.9983240863343923,0.9049442286934342,-0.023120474999418272
48,1,angle_bus7,7,0.1,True,False,0.44466424028920115,0.2818749093059295,0.21793224117707055,0.996974901367875,0.003025098632124995,50.73748367506731,0.4358644823541402,3.23917293548584,0.2351334166916184,0.005092930056454791,0.23296630158768764,0.2582120396071794,1.0096732442381091,0.8657465237902161,-0.002486767480069124
48,1,angle_bus8,8,0.1,True,False,0.3846367108168649,0.19736380057227595,0.147126123904183,0.9966931182187246,0.003306881781275343,35.525484103009674,0.29425224780836867,3.043935537338257,0.2351334166916184,0.005092930056454791,0.23296630158768764,0.2582120396071794,1.0096732442381091,0.8657465237902161,-0.002486767480069124
48,1,voltage_bus9,9,0.1,True,False,0.38549685914065596,0.19736380057227595,0.15132077223329787,0.995939063184774,0.0040609368152260275,35.525484103009674,0.3026415444665975,3.549147605895996,0.2351334166916184,0.005092930056454791,0.23296630158768764,0.2582120396071794,1.0096732442381091,0.8657465237902161,-0.002486767480069124
48,1,voltage_bus10,10,0.1,True,False,0.37771800268497147,0.19736380057227595,0.11970728855862234,0.9964371210367117,0.003562878963288287,35.525484103009674,0.2394145771172429,3.5762760639190674,0.2351334166916184,0.005092930056454791,0.23296630158768764,0.2582120396071794,1.0096732442381091,0.8657465237902161,-0.002486767480069124
48,1,freq_bus2,2,0.1,True,False,0.45874744984973825,0.3020271997786149,0.23479680868740616,0.9961385911543171,0.003861408845682896,54.36489596015069,0.46959361737481053,3.3118340969085693,0.2351334166916184,0.005092930056454791,0.23296630158768764,0.2582120396071794,1.0096732442381091,0.8657465237902161,-0.002486767480069124
48,1,freq_bus4,4,0.15,True,False,0.38649035983661195,0.19736380057227595,0.15506833209285276,0.996165506109043,0.0038344938909570707,35.525484103009674,0.3101366641857073,2.8460819721221924,0.2351334166916184,0.005092930056454791,0.23296630158768764,0.2582120396071794,1.0096732442381091,0.8657465237902161,-0.002486767480069124
48,1,severe_bus7,7,0.2,True,False,0.5591873231787392,0.418478008753879,0.40257807165206927,0.9972152035551293,0.002784796444870757,75.32604157569823,0.8051561433041377,3.587761878967285,0.2351334166916184,0.005092930056454791,0.23296630158768764,0.2582120396071794,1.0096732442381091,0.8657465237902161,-0.002486767480069124
49,1,angle_bus7,7,0.1,True,False,0.7100577911082315,1.0,0.35050394664108,0.48972721779184636,0.5102727822081536,180.7184134946303,0.7010078932821573,0.3844892978668213,0.34479327597528464,0.03561088539694953,0.05233790940089752,0.1588028105685423,0.7236681913168026,1.0809221977487655,-0.11665527107654286
49,1,angle_bus8,8,0.1,True,False,0.7100577911082315,1.0,0.35050394664108,0.48972721779184636,0.5102727822081536,180.7184134946303,0.7010078932821573,0.63918137550354,0.34479327597528464,0.03561088539694953,0.05233790940089752,0.1588028105685423,0.7236681913168026,1.0809221977487655,-0.11665527107654286
49,1,voltage_bus9,9,0.1,True,False,0.7100577911082315,1.0,0.35050394664108,0.48972721779184636,0.5102727822081536,180.7184134946303,0.7010078932821573,0.43788933753967285,0.34479327597528464,0.03561088539694953,0.05233790940089752,0.1588028105685423,0.7236681913168026,1.0809221977487655,-0.11665527107654286
49,1,voltage_bus10,10,0.1,True,False,0.7100577911082315,1.0,0.35050394664108,0.48972721779184636,0.5102727822081536,180.7184134946303,0.7010078932821573,0.39050745964050293,0.34479327597528464,0.03561088539694953,0.05233790940089752,0.1588028105685423,0.7236681913168026,1.0809221977487655,-0.11665527107654286
49,1,freq_bus2,2,0.1,True,False,0.7100577911082315,1.0,0.35050394664108,0.48972721779184636,0.5102727822081536,180.7184134946303,0.7010078932821573,0.6761195659637451,0.34479327597528464,0.03561088539694953,0.05233790940089752,0.1588028105685423,0.7236681913168026,1.0809221977487655,-0.11665527107654286
49,1,freq_bus4,4,0.15,True,False,0.7100577911082315,1.0,0.35050394664108,0.48972721779184636,0.5102727822081536,180.7184134946303,0.7010078932821573,0.3876383304595947,0.34479327597528464,0.03561088539694953,0.05233790940089752,0.1588028105685423,0.7236681913168026,1.0809221977487655,-0.11665527107654286
49,1,severe_bus7,7,0.2,True,False,0.7100577911082315,1.0,0.35050394664108,0.48972721779184636,0.5102727822081536,180.7184134946303,0.7010078932821573,0.6305704116821289,0.34479327597528464,0.03561088539694953,0.05233790940089752,0.1588028105685423,0.7236681913168026,1.0809221977487655,-0.11665527107654286
50,1,angle_bus7,7,0.1,True,False,0.5039943348297131,0.3261431092285745,0.3667263308573574,0.9969647900043463,0.003035209995653627,58.705759661143404,0.7334526617147175,3.1173534393310547,0.1689142425886456,0.1732775990696019,0.027890746621207437,0.28005433023981074,0.8605713105892725,0.7926027157159263,0.09669194290533076
50,1,angle_bus8,8,0.1,True,False,0.4649331128526447,0.24871277285707197,0.3656308567254847,0.9966760489709503,0.0033239510290497447,44.768299114272956,0.7312617134509702,3.4534714221954346,0.1689142425886456,0.1732775990696019,0.027890746621207437,0.28005433023981074,0.8605713105892725,0.7926027157159263,0.09669194290533076
50,1,voltage_bus9,9,0.1,True,False,0.46350525266085296,0.2465397485794135,0.3650395756937428,0.995901937790842,0.0040980622091579795,44.37715474429443,0.7300791513874838,3.5232839584350586,0.1689142425886456,0.1732775990696019,0.027890746621207437,0.28005433023981074,0.8605713105892725,0.7926027157159263,0.09669194290533076
50,1,voltage_bus10,10,0.1,True,False,0.46031842827115055,0.2381222193937475,0.36863936591178614,0.9963899083853209,0.0036100916146790557,42.86199949087455,0.7372787318235741,3.0288472175598145,0.1689142425886456,0.1732775990696019,0.027890746621207437,0.28005433023981074,0.8605713105892725,0.7926027157159263,0.09669194290533076
50,1,freq_bus2,2,0.1,True,False,0.5166694535996558,0.35244728903686334,0.3655701895682206,0.9962130467566758,0.0037869532433242523,63.4405120266354,0.7311403791364413,3.163527488708496,0.1689142425886456,0.1732775990696019,0.027890746621207437,0.28005433023981074,0.8605713105892725,0.7926027157159263,0.09669194290533076
50,1,freq_bus4,4,0.15,True,False,0.45977334999518293,0.2381222193937475,0.3667418326956451,0.9961071284975915,0.0038928715024084673,42.86199949087455,0.7334836653912902,3.2459421157836914,0.1689142425886456,0.1732775990696019,0.027890746621207437,0.28005433023981074,0.8605713105892725,0.7926027157159263,0.09669194290533076
50,1,severe_bus7,7,0.2,True,False,0.5899127514010761,0.46917827802241774,0.42408480743075216,0.9972096421287169,0.002790357871283128,84.45209004403519,0.8481696148615026,3.392592668533325,0.1689142425886456,0.1732775990696019,0.027890746621207437,0.28005433023981074,0.8605713105892725,0.7926027157159263,0.09669194290533076
51,1,angle_bus7,7,0.1,True,False,0.5444932747231067,0.280491416125488,0.6200603885889286,0.9969298780525221,0.003070121947477876,50.48845490258784,1.2401207771778555,2.972332239151001,0.15083988154862393,0.0776978600910512,0.12721940582867866,0.24333860647956385,0.9320771243065475,0.7019148653897603,0.12893811395951774
51,1,angle_bus8,8,0.1,True,False,0.5273778869419857,0.24663413096439196,0.6195280252632855,0.9967152605758733,0.00328473942412661,44.394143573590554,1.2390560505265702,2.759890556335449,0.15083988154862393,0.0776978600910512,0.12721940582867866,0.24333860647956385,0.9320771243065475,0.7019148653897603,0.12893811395951774
51,1,voltage_bus9,9,0.1,True,False,0.5270078025588663,0.24663413096439196,0.618797374660403,0.9959655736462781,0.004034426353721898,44.394143573590554,1.2375947493208095,3.4675238132476807,0.15083988154862393,0.0776978600910512,0.12721940582867866,0.24333860647956385,0.9320771243065475,0.7019148653897603,0.12893811395951774
51,1,voltage_bus10,10,0.1,True,False,0.5279372663539394,0.24663413096439196,0.6220519442211412,0.9964288592658328,0.003571140734167154,44.394143573590554,1.244103888442285,3.1487386226654053,0.15083988154862393,0.0776978600910512,0.12721940582867866,0.24333860647956385,0.9320771243065475,0.7019148653897603,0.12893811395951774
51,1,freq_bus2,2,0.1,True,False,0.5596785268989968,0.31213513897744516,0.6181543923387665,0.9962894373023302,0.0037105626976698,56.18432501594013,1.2363087846775311,2.8050265312194824,0.15083988154862393,0.0776978600910512,0.12721940582867866,0.24333860647956385,0.9320771243065475,0.7019148653897603,0.12893811395951774
51,1,freq_bus4,4,0.15,True,False,0.5272336156676258,0.24663413096439196,0.6195175750566833,0.9961486256850361,0.0038513743149638006,44.394143573590554,1.23903515011337,3.1577372550964355,0.15083988154862393,0.0776978600910512,0.12721940582867866,0.24333860647956385,0.9320771243065475,0.7019148653897603,0.12893811395951774
51,1,severe_bus7,7,0.2,True,False,0.5980288122606732,0.390574791760482,0.613828738166859,0.9971369273548697,0.0028630726451303384,70.30346251688675,1.2276574763337145,3.4885237216949463,0.15083988154862393,0.0776978600910512,0.12721940582867866,0.24333860647956385,0.9320771243065475,0.7019148653897603,0.12893811395951774
52,1,angle_bus7,7,0.1,True,False,0.7057820726900534,0.6720397471731263,0.4819106227075203,0.9971381737064411,0.002861826293558862,120.96715449116273,0.9638212454150397,6.7083070278167725,0.03682861107177285,0.3304710060493026,0.0053181162139491105,0.25113707153076215,1.1133703927311145,0.8807195098369491,-0.12123455863186514
52,1,angle_bus8,8,0.1,True,False,0.5670044292116418,0.5023102767733398,0.2667795623211333,0.9966176009787543,0.003382399021245759,90.41584981920117,0.5335591246422666,7.576258182525635,0.03682861107177285,0.3304710060493026,0.0053181162139491105,0.25113707153076215,1.1133703927311145,0.8807195098369491,-0.12123455863186514
52,1,voltage_bus9,9,0.1,True,False,0.560702572611848,0.49294157129340477,0.26116519597878707,0.9957619518817954,0.004238048118204569,88.72948283281286,0.522330391957575,7.0811967849731445,0.03682861107177285,0.3304710060493026,0.0053181162139491105,0.25113707153076215,1.1133703927311145,0.8807195098369491,-0.12123455863186514
52,1,voltage_bus10,10,0.1,True,False,0.5313950031617016,0.4689211537533931,0.19144035388485392,0.9962973512551666,0.0037026487448334347,84.40580767561076,0.3828807077697105,7.077503204345703,0.03682861107177285,0.3304710060493026,0.0053181162139491105,0.25113707153076215,1.1133703927311145,0.8807195098369491,-0.12123455863186514
52,1,freq_bus2,2,0.1,True,False,0.7262238828563645,0.6920269898097079,0.5248077463523728,0.9960338054536697,0.003966194546330302,124.56485816574742,1.0496154927047474,7.956223964691162,0.03682861107177285,0.3304710060493026,0.0053181162139491105,0.25113707153076215,1.1133703927311145,0.8807195098369491,-0.12123455863186514
52,1,freq_bus4,4,0.15,True,False,0.5360316737079063,0.4689211537533931,0.21028773576079374,0.9959966515640454,0.004003348435954656,84.40580767561076,0.42057547152158925,6.906100511550903,0.03682861107177285,0.3304710060493026,0.0053181162139491105,0.25113707153076215,1.1133703927311145,0.8807195098369491,-0.12123455863186514
52,1,severe_bus7,7,0.2,True,False,0.8872006456014772,1.0,0.5512800909195761,0.9975224914863323,0.0024775085136676655,180.2721876390242,1.102560181839154,1.700580358505249,0.03682861107177285,0.3304710060493026,0.0053181162139491105,0.25113707153076215,1.1133703927311145,0.8807195098369491,-0.12123455863186514
53,1,angle_bus7,7,0.1,True,False,0.494464247494779,0.3611960075159395,0.2584620693485036,0.9970029055987334,0.0029970944012666606,65.01528135286911,0.5169241386970036,3.348787546157837,0.07955089380607672,0.20564902939996965,0.037557183269581226,0.2633124205030881,0.8940781597811093,0.8137285844776165,0.09829915020226601
53,1,angle_bus8,8,0.1,True,False,0.4353536923204986,0.27192657456604724,0.2009093235853534,0.9966522965645465,0.0033477034354535908,48.946783421888505,0.4018186471707086,3.373690128326416,0.07955089380607672,0.20564902939996965,0.037557183269581226,0.2633124205030881,0.8940781597811093,0.8137285844776165,0.09829915020226601
53,1,voltage_bus9,9,0.1,True,False,0.4334657814413372,0.26896067534059664,0.20007936894717204,0.9958624061369834,0.004137593863016598,48.4129215613074,0.400158737894345,3.332639217376709,0.07955089380607672,0.20564902939996965,0.037557183269581226,0.2633124205030881,0.8940781597811093,0.8137285844776165,0.09829915020226601
53,1,voltage_bus10,10,0.1,True,False,0.4293855588399282,0.25923372563070674,0.20270823719339148,0.9963665469049078,0.00363345309509225,46.66207061352721,0.4054164743867794,3.1414954662323,0.07955089380607672,0.20564902939996965,0.037557183269581226,0.2633124205030881,0.8940781597811093,0.8137285844776165,0.09829915020226601
53,1,freq_bus2,2,0.1,True,False,0.5109008826455417,0.38454565497024895,0.2783250920548781,0.9961871285867905,0.003812871413209499,69.21821789464481,0.5566501841097571,3.548955202102661,0.07955089380607672,0.20564902939996965,0.037557183269581226,0.2633124205030881,0.8940781597811093,0.8137285844776165,0.09829915020226601
53,1,freq_bus4,4,0.15,True,False,0.42869407313355773,0.25923372563070674,0.20022552960084639,0.9960833116719711,0.003916688328028902,46.66207061352721,0.4004510592016919,3.29410457611084,0.07955089380607672,0.20564902939996965,0.037557183269581226,0.2633124205030881,0.8940781597811093,0.8137285844776165,0.09829915020226601
53,1,severe_bus7,7,0.2,True,False,0.6362008690358332,0.5345833010367532,0.4783477217734635,0.997289152296363,0.0027108477036371,96.22499418661558,0.9566954435469244,4.125189781188965,0.07955089380607672,0.20564902939996965,0.037557183269581226,0.2633124205030881,0.8940781597811093,0.8137285844776165,0.09829915020226601
54,1,angle_bus7,7,0.1,True,False,0.8637059351506207,0.8497524213235612,0.7580052095624588,0.9973136883929016,0.002686311607098425,152.95543583824102,1.5160104191249157,6.516961336135864,0.2548114163961355,0.2668407094816921,0.1442099067591676,0.1750375405262418,1.0895463505501706,0.8564372499843079,-0.08810092208511769
54,1,angle_bus8,8,0.1,True,False,0.6335779380983843,0.5887365832231631,0.3601586639144152,0.9966799220327957,0.0033200779672043256,105.97258498016936,0.7203173278288277,8.508025884628296,0.2548114163961355,0.2668407094816921,0.1442099067591676,0.1750375405262418,1.0895463505501706,0.8564372499843079,-0.08810092208511769
54,1,voltage_bus9,9,0.1,True,True,0.5802804459368163,0.5419755070024403,0.24138047969960041,0.9957902900427837,0.004209709957216257,97.55559126043927,0.48276095939919994,2.81105637550354,0.2548114163961355,0.2668407094816921,0.1442099067591676,0.1750375405262418,1.0895463505501706,0.8564372499843079,-0.08810092208511769
54,1,voltage_bus10,10,0.1,True,False,0.5869813736079316,0.5417259023425535,0.26817309233136655,0.9963005974152527,0.003699402584747333,97.51066242165963,0.5363461846627304,8.300878763198853,0.2548114163961355,0.2668407094816921,0.1442099067591676,0.1750375405262418,1.0895463505501706,0.8564372499843079,-0.08810092208511769
54,1,freq_bus2,2,0.1,True,True,0.6094738061191276,0.5754765875408624,0.29083131008038876,0.9961107393143966,0.0038892606856033127,103.58578575735523,0.5816626201607766,2.727963447570801,0.2548114163961355,0.2668407094816921,0.1442099067591676,0.1750375405262418,1.0895463505501706,0.8564372499843079,-0.08810092208511769
54,1,freq_bus4,4,0.15,True,False,0.5903675820915179,0.5417259023425535,0.282042711135702,0.9959758125452624,0.004024187454737702,97.51066242165963,0.5640854222714076,7.791720151901245,0.2548114163961355,0.2668407094816921,0.1442099067591676,0.1750375405262418,1.0895463505501706,0.8564372499843079,-0.08810092208511769
54,1,severe_bus7,7,0.2,True,False,0.9018815890384764,1.0,0.6097821227754316,0.9977442333784736,0.0022557666215263766,181.4737667836011,1.2195642455508615,1.2712323665618896,0.2548114163961355,0.2668407094816921,0.1442099067591676,0.1750375405262418,1.0895463505501706,0.8564372499843079,-0.08810092208511769
55,1,angle_bus7,7,0.1,False,False,0.0,,,,,,,0.15553069114685059,0.2640061720847916,0.10125437959162537,0.25352674000714065,0.02017257245324929,0.8375041955697867,1.139066952706814,0.07874444110348242
55,1,angle_bus8,8,0.1,False,False,0.0,,,,,,,0.392366886138916,0.2640061720847916,0.10125437959162537,0.25352674000714065,0.02017257245324929,0.8375041955697867,1.139066952706814,0.07874444110348242
55,1,voltage_bus9,9,0.1,False,False,0.0,,,,,,,0.1400003433227539,0.2640061720847916,0.10125437959162537,0.25352674000714065,0.02017257245324929,0.8375041955697867,1.139066952706814,0.07874444110348242
55,1,voltage_bus10,10,0.1,False,False,0.0,,,,,,,0.39357638359069824,0.2640061720847916,0.10125437959162537,0.25352674000714065,0.02017257245324929,0.8375041955697867,1.139066952706814,0.07874444110348242
55,1,freq_bus2,2,0.1,False,False,0.0,,,,,,,0.1399993896484375,0.2640061720847916,0.10125437959162537,0.25352674000714065,0.02017257245324929,0.8375041955697867,1.139066952706814,0.07874444110348242
55,1,freq_bus4,4,0.15,False,False,0.0,,,,,,,0.4670259952545166,0.2640061720847916,0.10125437959162537,0.25352674000714065,0.02017257245324929,0.8375041955697867,1.139066952706814,0.07874444110348242
55,1,severe_bus7,7,0.2,False,False,0.0,,,,,,,0.16083097457885742,0.2640061720847916,0.10125437959162537,0.25352674000714065,0.02017257245324929,0.8375041955697867,1.139066952706814,0.07874444110348242
56,1,angle_bus7,7,0.1,True,False,0.8863946484318296,1.0,0.5480254808617993,0.997553112865519,0.002446887134480998,181.98610837015215,1.0960509617236003,1.3052315711975098,0.33856102497448753,0.319860637122918,0.20827757977500855,0.11151133336660109,0.7823763399218553,0.811129384322929,-0.10129747448715475
56,1,angle_bus8,8,0.1,True,False,0.7336308299419784,0.7162589068479766,0.5051886447214358,0.9968168613505246,0.003183138649475375,128.92660323263578,1.0103772894428698,5.093034505844116,0.33856102497448753,0.319860637122918,0.20827757977500855,0.11151133336660109,0.7823763399218553,0.811129384322929,-0.10129747448715475
56,1,voltage_bus9,9,0.1,True,False,0.9503890285475958,1.0,0.8015561141903831,1.0,2.5152478966569704e-18,181.2803234355362,1.6031122283807653,1.2691144943237305,0.33856102497448753,0.319860637122918,0.20827757977500855,0.11151133336660109,0.7823763399218553,0.811129384322929,-0.10129747448715475
56,1,voltage_bus10,10,0.1,True,False,0.677986213389979,0.6597244375159369,0.3961569220485508,0.9963390564794916,0.003660943520508432,118.75039875286863,0.7923138440971034,4.095721244812012,0.33856102497448753,0.319860637122918,0.20827757977500855,0.11151133336660109,0.7823763399218553,0.811129384322929,-0.10129747448715475
56,1,freq_bus2,2,0.1,True,False,0.9313936585351774,1.0,0.7255746341407097,1.0,-1.651270266223904e-14,181.46571761648198,1.451149268281422,0.9051868915557861,0.33856102497448753,0.319860637122918,0.20827757977500855,0.11151133336660109,0.7823763399218553,0.811129384322929,-0.10129747448715475
56,1,freq_bus4,4,0.15,True,False,0.68138090511392,0.6597160904684075,0.4101035127874688,0.9959879267313964,0.004012073268603672,118.74889628431335,0.8202070255749394,4.961861610412598,0.33856102497448753,0.319860637122918,0.20827757977500855,0.11151133336660109,0.7823763399218553,0.811129384322929,-0.10129747448715475
56,1,severe_bus7,7,0.2,True,False,0.9116860899333881,1.0,0.6487249024564292,0.9980194572771228,0.00198054272287715,183.02566937513586,1.2974498049128602,0.8763594627380371,0.33856102497448753,0.319860637122918,0.20827757977500855,0.11151133336660109,0.7823763399218553,0.811129384322929,-0.10129747448715475
57,1,angle_bus7,7,0.1,True,False,0.6945926760636816,0.6594601797937185,0.46233147242443806,0.9971188722428512,0.0028811277571487463,118.70283236286933,0.9246629448488752,4.465492248535156,0.02305737564357114,0.364188833907791,0.23100168261254955,0.09146906605363304,0.9619516697918222,0.7141864299559502,-0.12848293313667986
57,1,angle_bus8,8,0.1,True,False,0.5639491001718815,0.49845421851228316,0.2622773775569023,0.9966105861060572,0.0033894138939427917,89.72175933221096,0.5245547551138019,5.420499563217163,0.02305737564357114,0.364188833907791,0.23100168261254955,0.09146906605363304,0.9619516697918222,0.7141864299559502,-0.12848293313667986
57,1,voltage_bus9,9,0.1,True,False,0.5582030912171606,0.4897863337807392,0.257483046019523,0.9957566512876411,0.004243348712358829,88.16154008053306,0.5149660920390442,4.8166773319244385,0.02305737564357114,0.364188833907791,0.23100168261254955,0.09146906605363304,0.9619516697918222,0.7141864299559502,-0.12848293313667986
57,1,voltage_bus10,10,0.1,True,False,0.5332093923702746,0.46855937278740767,0.19942280354096198,0.9962960203653213,0.003703979634678702,84.34068710173338,0.39884560708192573,3.903779983520508,0.02305737564357114,0.364188833907791,0.23100168261254955,0.09146906605363304,0.9619516697918222,0.7141864299559502,-0.12848293313667986
57,1,freq_bus2,2,0.1,True,False,0.7121601593696758,0.6754511785952795,0.501714725734768,0.9960235545533762,0.003976445446623792,121.5812121471503,1.0034294514695352,5.315711498260498,0.02305737564357114,0.364188833907791,0.23100168261254955,0.09146906605363304,0.9619516697918222,0.7141864299559502,-0.12848293313667986
57,1,freq_bus4,4,0.15,True,False,0.534992347912616,0.46855937278740767,0.20685161496836102,0.9959990311072876,0.004000968892712424,84.34068710173338,0.4137032299367238,4.173647880554199,0.02305737564357114,0.364188833907791,0.23100168261254955,0.09146906605363304,0.9619516697918222,0.7141864299559502,-0.12848293313667986
57,1,severe_bus7,7,0.2,True,False,0.8901065958606242,1.0,0.5629271059655707,0.997499277476926,0.0025007225230739847,181.99222483751146,1.1258542119311388,1.14796781539917,0.02305737564357114,0.364188833907791,0.23100168261254955,0.09146906605363304,0.9619516697918222,0.7141864299559502,-0.12848293313667986
58,1,angle_bus7,7,0.1,True,False,0.8994990041588848,0.8681980807645664,0.8642198191161086,0.9973800359902981,0.002619964009701889,156.27565453762196,1.7284396382322154,6.616099834442139,0.3687624619634966,0.05072437448993492,0.19201816354631293,0.07274288481164294,0.9420034294897952,0.8387927776064097,-0.014667174427852286
58,1,angle_bus8,8,0.1,True,False,0.6295770862815534,0.5747350063958073,0.37212337368205795,0.9967149586525411,0.0032850413474588723,103.45230115124532,0.7442467473641123,8.099722146987915,0.3687624619634966,0.05072437448993492,0.19201816354631293,0.07274288481164294,0.9420034294897952,0.8387927776064097,-0.014667174427852286
58,1,voltage_bus9,9,0.1,True,False,0.972896048769317,1.0,0.891584195077268,1.0,-1.3233730702434574e-14,180.21728005933576,1.783168390154537,1.2942750453948975,0.3687624619634966,0.05072437448993492,0.19201816354631293,0.07274288481164294,0.9420034294897952,0.8387927776064097,-0.014667174427852286
58,1,voltage_bus10,10,0.1,True,False,0.5920414537659958,0.5387251206688661,0.29436343029589906,0.996352143430352,0.0036478565696478906,96.9705217203959,0.5887268605917972,7.8544697761535645,0.3687624619634966,0.05072437448993492,0.19201816354631293,0.07274288481164294,0.9420034294897952,0.8387927776064097,-0.014667174427852286
58,1,freq_bus2,2,0.1,True,False,0.966477669178549,1.0,0.8659106767141971,0.999999999999999,1.043041731792905e-15,183.8855005743534,1.7318213534283933,1.4431796073913574,0.3687624619634966,0.05072437448993492,0.19201816354631293,0.07274288481164294,0.9420034294897952,0.8387927776064097,-0.014667174427852286
58,1,freq_bus4,4,0.15,True,False,0.5954839199587728,0.5387251206688661,0.30845500891496513,0.996030429582394,0.0039695704176060205,96.9705217203959,0.6169100178299303,8.54534912109375,0.3687624619634966,0.05072437448993492,0.19201816354631293,0.07274288481164294,0.9420034294897952,0.8387927776064097,-0.014667174427852286
58,1,severe_bus7,7,0.2,True,False,0.9121713790946202,1.0,0.6508854353463782,0.9978000810321025,0.0021999189678974973,183.1130181284509,1.3017708706927555,1.167534589767456,0.3687624619634966,0.05072437448993492,0.19201816354631293,0.07274288481164294,0.9420034294897952,0.8387927776064097,-0.014667174427852286
59,1,angle_bus7,7,0.1,True,False,0.7196694299951099,0.6843614682956757,0.5127505165059922,0.997204266883096,0.002795733116903987,123.18506429322161,1.0255010330119863,7.4395363330841064,0.3271355377311795,0.14075191570687973,0.17231355381460306,0.0633360146825488,0.7378677799935878,0.7663086542078039,-0.05355254697797933
59,1,angle_bus8,8,0.1,True,False,0.5646189897070604,0.49356104498427983,0.2747044127470879,0.996649456112594,0.003350543887405975,88.84098809717037,0.5494088254941776,8.472306251525879,0.3271355377311795,0.14075191570687973,0.17231355381460306,0.0633360146825488,0.7378677799935878,0.7663086542078039,-0.05355254697797933
59,1,voltage_bus9,9,0.1,True,False,0.5581080480080822,0.4847762816858092,0.2670799517656981,0.9957996768950124,0.004200323104987691,87.25973070344565,0.5341599035313971,7.6990416049957275,0.3271355377311795,0.14075191570687973,0.17231355381460306,0.0633360146825488,0.7378677799935878,0.7663086542078039,-0.05355254697797933
59,1,voltage_bus10,10,0.1,True,False,0.5227494362424843,0.4490219218612735,0.19662289659865806,0.9963310046487323,0.003668995351267695,80.82394593502923,0.3932457931973188,8.270148277282715,0.3271355377311795,0.14075191570687973,0.17231355381460306,0.0633360146825488,0.7378677799935878,0.7663086542078039,-0.05355254697797933
59,1,freq_bus2,2,0.1,True,False,0.7426539364357447,0.7068099970611226,0.560899979351241,0.9960957722694928,0.003904227730507277,127.22579947100206,1.121799958702483,7.4924821853637695,0.3271355377311795,0.14075191570687973,0.17231355381460306,0.0633360146825488,0.7378677799935878,0.7663086542078039,-0.05355254697797933
59,1,freq_bus4,4,0.15,True,False,0.5271362244770197,0.4490219218612735,0.214474969636413,0.9960260845491188,0.003973915450881215,80.82394593502923,0.42894993927282243,8.169278383255005,0.3271355377311795,0.14075191570687973,0.17231355381460306,0.0633360146825488,0.7378677799935878,0.7663086542078039,-0.05355254697797933
59,1,severe_bus7,7,0.2,True,False,0.8952668802997018,1.0,0.5834769099494928,0.9975906112493144,0.0024093887506855924,181.47797108779724,1.1669538198989882,1.690993070602417,0.3271355377311795,0.14075191570687973,0.17231355381460306,0.0633360146825488,0.7378677799935878,0.7663086542078039,-0.05355254697797933
60,1,angle_bus7,7,0.1,True,False,0.6976654853509903,1.0,0.3439883523346694,0.44667358906929155,0.5533264109307084,181.45781119031332,0.6879767046693397,0.4926021099090576,0.10580885680683697,0.32033768087856823,0.2130296808507422,0.1280023258379984,1.140950939699354,0.9422419569825029,0.1441142741306086
60,1,angle_bus8,8,0.1,True,False,0.6976654853509903,1.0,0.3439883523346694,0.44667358906929155,0.5533264109307084,181.45781119031332,0.6879767046693397,0.7071018218994141,0.10580885680683697,0.32033768087856823,0.2130296808507422,0.1280023258379984,1.140950939699354,0.9422419569825029,0.1441142741306086
60,1,voltage_bus9,9,0.1,True,False,0.6976654853509903,1.0,0.3439883523346694,0.44667358906929155,0.5533264109307084,181.45781119031332,0.6879767046693397,0.46125197410583496,0.10580885680683697,0.32033768087856823,0.2130296808507422,0.1280023258379984,1.140950939699354,0.9422419569825029,0.1441142741306086
60,1,voltage_bus10,10,0.1,True,False,0.6976654853509903,1.0,0.3439883523346694,0.44667358906929155,0.5533264109307084,181.45781119031332,0.6879767046693397,0.7302141189575195,0.10580885680683697,0.32033768087856823,0.2130296808507422,0.1280023258379984,1.140950939699354,0.9422419569825029,0.1441142741306086
60,1,freq_bus2,2,0.1,True,False,0.6976654853509903,1.0,0.3439883523346694,0.44667358906929155,0.5533264109307084,181.45781119031332,0.6879767046693397,0.4506113529205322,0.10580885680683697,0.32033768087856823,0.2130296808507422,0.1280023258379984,1.140950939699354,0.9422419569825029,0.1441142741306086
60,1,freq_bus4,4,0.15,True,False,0.6976654853509903,1.0,0.3439883523346694,0.44667358906929155,0.5533264109307084,181.45781119031332,0.6879767046693397,0.725506067276001,0.10580885680683697,0.32033768087856823,0.2130296808507422,0.1280023258379984,1.140950939699354,0.9422419569825029,0.1441142741306086
60,1,severe_bus7,7,0.2,True,False,0.6976654853509903,1.0,0.3439883523346694,0.44667358906929155,0.5533264109307084,181.45781119031332,0.6879767046693397,0.4734218120574951,0.10580885680683697,0.32033768087856823,0.2130296808507422,0.1280023258379984,1.140950939699354,0.9422419569825029,0.1441142741306086
61,1,angle_bus7,7,0.1,True,False,0.7251826093108286,1.0,0.4243915387784405,0.47633889846487376,0.5236611015351262,180.62305371452834,0.8487830775568783,0.7847635746002197,0.21982163216023012,0.11890856003234265,0.1962792853883795,0.16652387183756126,0.7086327916528776,0.9865288421057605,-0.049545118655250076
61,1,angle_bus8,8,0.1,True,False,0.7251826093108286,1.0,0.4243915387784405,0.47633889846487376,0.5236611015351262,180.62305371452834,0.8487830775568783,0.55161452293396,0.21982163216023012,0.11890856003234265,0.1962792853883795,0.16652387183756126,0.7086327916528776,0.9865288421057605,-0.049545118655250076
61,1,voltage_bus9,9,0.1,True,False,0.7251826093108286,1.0,0.4243915387784405,0.47633889846487376,0.5236611015351262,180.62305371452834,0.8487830775568783,0.7886562347412109,0.21982163216023012,0.11890856003234265,0.1962792853883795,0.16652387183756126,0.7086327916528776,0.9865288421057605,-0.049545118655250076
61,1,voltage_bus10,10,0.1,True,False,0.7251826093108286,1.0,0.4243915387784405,0.47633889846487376,0.5236611015351262,180.62305371452834,0.8487830775568783,0.5414209365844727,0.21982163216023012,0.11890856003234265,0.1962792853883795,0.16652387183756126,0.7086327916528776,0.9865288421057605,-0.049545118655250076
61,1,freq_bus2,2,0.1,True,False,0.7251826093108286,1.0,0.4243915387784405,0.47633889846487376,0.5236611015351262,180.62305371452834,0.8487830775568783,0.5365684032440186,0.21982163216023012,0.11890856003234265,0.1962792853883795,0.16652387183756126,0.7086327916528776,0.9865288421057605,-0.049545118655250076
61,1,freq_bus4,4,0.15,True,False,0.7251826093108286,1.0,0.4243915387784405,0.47633889846487376,0.5236611015351262,180.62305371452834,0.8487830775568783,0.8378002643585205,0.21982163216023012,0.11890856003234265,0.1962792853883795,0.16652387183756126,0.7086327916528776,0.9865288421057605,-0.049545118655250076
61,1,severe_bus7,7,0.2,True,False,0.7251826093108286,1.0,0.4243915387784405,0.47633889846487376,0.5236611015351262,180.62305371452834,0.8487830775568783,0.666609525680542,0.21982163216023012,0.11890856003234265,0.1962792853883795,0.16652387183756126,0.7086327916528776,0.9865288421057605,-0.049545118655250076
62,1,angle_bus7,7,0.1,True,False,0.583017218101217,1.0,0.0010052812876466533,0.33106359111722117,0.6689364088827788,194.96254551476412,0.0020105625752941947,0.44498229026794434,0.08132261046223987,0.18396892842661275,0.1619057132304474,0.04969361967444613,0.8527088265282979,0.9964157759622252,-0.07400617973814243
62,1,angle_bus8,8,0.1,True,False,0.583017218101217,1.0,0.0010052812876466533,0.33106359111722117,0.6689364088827788,194.96254551476412,0.0020105625752941947,0.1730031967163086,0.08132261046223987,0.18396892842661275,0.1619057132304474,0.04969361967444613,0.8527088265282979,0.9964157759622252,-0.07400617973814243
62,1,voltage_bus9,9,0.1,True,False,0.583017218101217,1.0,0.0010052812876466533,0.33106359111722117,0.6689364088827788,194.96254551476412,0.0020105625752941947,0.41460704803466797,0.08132261046223987,0.18396892842661275,0.1619057132304474,0.04969361967444613,0.8527088265282979,0.9964157759622252,-0.07400617973814243
62,1,voltage_bus10,10,0.1,True,False,0.583017218101217,1.0,0.0010052812876466533,0.33106359111722117,0.6689364088827788,194.96254551476412,0.0020105625752941947,0.1858377456665039,0.08132261046223987,0.18396892842661275,0.1619057132304474,0.04969361967444613,0.8527088265282979,0.9964157759622252,-0.07400617973814243
62,1,freq_bus2,2,0.1,True,False,0.583017218101217,1.0,0.0010052812876466533,0.33106359111722117,0.6689364088827788,194.96254551476412,0.0020105625752941947,0.43248939514160156,0.08132261046223987,0.18396892842661275,0.1619057132304474,0.04969361967444613,0.8527088265282979,0.9964157759622252,-0.07400617973814243
62,1,freq_bus4,4,0.15,True,False,0.583017218101217,1.0,0.0010052812876466533,0.33106359111722117,0.6689364088827788,194.96254551476412,0.0020105625752941947,0.1795048713684082,0.08132261046223987,0.18396892842661275,0.1619057132304474,0.04969361967444613,0.8527088265282979,0.9964157759622252,-0.07400617973814243
62,1,severe_bus7,7,0.2,True,False,0.583017218101217,1.0,0.0010052812876466533,0.33106359111722117,0.6689364088827788,194.96254551476412,0.0020105625752941947,0.44118714332580566,0.08132261046223987,0.18396892842661275,0.1619057132304474,0.04969361967444613,0.8527088265282979,0.9964157759622252,-0.07400617973814243
63,1,angle_bus7,7,0.1,True,False,0.66840033834327,1.0,0.24567314048672984,0.42792821288634986,0.5720717871136501,180.28927376410445,0.49134628097346145,0.35000109672546387,0.22546103117923702,0.34752160437048646,0.2982250322775181,0.11440489289817414,1.118313601411481,0.980065621601641,-0.03799919142716382
63,1,angle_bus8,8,0.1,True,False,0.66840033834327,1.0,0.24567314048672984,0.42792821288634986,0.5720717871136501,180.28927376410445,0.49134628097346145,0.6489346027374268,0.22546103117923702,0.34752160437048646,0.2982250322775181,0.11440489289817414,1.118313601411481,0.980065621601641,-0.03799919142716382
63,1,voltage_bus9,9,0.1,True,False,0.66840033834327,1.0,0.24567314048672984,0.42792821288634986,0.5720717871136501,180.28927376410445,0.49134628097346145,0.4651632308959961,0.22546103117923702,0.34752160437048646,0.2982250322775181,0.11440489289817414,1.118313601411481,0.980065621601641,-0.03799919142716382
63,1,voltage_bus10,10,0.1,True,False,0.66840033834327,1.0,0.24567314048672984,0.42792821288634986,0.5720717871136501,180.28927376410445,0.49134628097346145,0.43123602867126465,0.22546103117923702,0.34752160437048646,0.2982250322775181,0.11440489289817414,1.118313601411481,0.980065621601641,-0.03799919142716382
63,1,freq_bus2,2,0.1,True,False,0.66840033834327,1.0,0.24567314048672984,0.42792821288634986,0.5720717871136501,180.28927376410445,0.49134628097346145,0.622532844543457,0.22546103117923702,0.34752160437048646,0.2982250322775181,0.11440489289817414,1.118313601411481,0.980065621601641,-0.03799919142716382
63,1,freq_bus4,4,0.15,True,False,0.66840033834327,1.0,0.24567314048672984,0.42792821288634986,0.5720717871136501,180.28927376410445,0.49134628097346145,0.37557387351989746,0.22546103117923702,0.34752160437048646,0.2982250322775181,0.11440489289817414,1.118313601411481,0.980065621601641,-0.03799919142716382
63,1,severe_bus7,7,0.2,True,False,0.66840033834327,1.0,0.24567314048672984,0.42792821288634986,0.5720717871136501,180.28927376410445,0.49134628097346145,0.6840808391571045,0.22546103117923702,0.34752160437048646,0.2982250322775181,0.11440489289817414,1.118313601411481,0.980065621601641,-0.03799919142716382
64,1,angle_bus7,7,0.1,True,False,0.9371966280486764,0.9042662082918065,0.9428854415220584,0.9973686540890343,0.0026313459109657067,162.76791749252516,1.8857708830441178,5.955876588821411,0.05405566336243548,0.21853826755807304,0.00881501857157744,0.23767248994556942,0.7546314407540746,0.9596390821845162,0.021258512079485425
64,1,angle_bus8,8,0.1,True,False,0.6405734182076943,0.595082475244848,0.37543192652213975,0.9966967958189414,0.0033032041810585108,107.11484554407265,0.7508638530442813,7.813678026199341,0.05405566336243548,0.21853826755807304,0.00881501857157744,0.23767248994556942,0.7546314407540746,0.9596390821845162,0.021258512079485425
64,1,voltage_bus9,9,0.1,True,False,0.9634710334727625,1.0,0.8538841338910501,1.0,-9.909145871597892e-11,182.6392438127458,1.7077682677821038,1.101776123046875,0.05405566336243548,0.21853826755807304,0.00881501857157744,0.23767248994556942,0.7546314407540746,0.9596390821845162,0.021258512079485425
64,1,voltage_bus10,10,0.1,True,False,0.5918987938446079,0.5451903756624759,0.2809068004347317,0.996307623618748,0.0036923763812519365,98.13426761924566,0.5618136008694607,8.535757541656494,0.05405566336243548,0.21853826755807304,0.00881501857157744,0.23767248994556942,0.7546314407540746,0.9596390821845162,0.021258512079485425
64,1,freq_bus2,2,0.1,True,True,0.6119442778411721,0.5806142419304534,0.29039161426742766,0.996157013236354,0.0038429867636459824,104.51056354748161,0.580783228534858,2.510249376296997,0.05405566336243548,0.21853826755807304,0.00881501857157744,0.23767248994556942,0.7546314407540746,0.9596390821845162,0.021258512079485425
64,1,freq_bus4,4,0.15,True,False,0.5951443719013457,0.5451903756624759,0.29421750874944763,0.9959792275309837,0.004020772469016318,98.13426761924566,0.5884350174988917,8.972195386886597,0.05405566336243548,0.21853826755807304,0.00881501857157744,0.23767248994556942,0.7546314407540746,0.9596390821845162,0.021258512079485425
64,1,severe_bus7,7,0.2,True,False,0.9073642383599927,1.0,0.6316487409810598,0.997808212458911,0.002191787541088991,182.52770202568553,1.2632974819621179,1.0233454704284668,0.05405566336243548,0.21853826755807304,0.00881501857157744,0.23767248994556942,0.7546314407540746,0.9596390821845162,0.021258512079485425
65,1,angle_bus7,7,0.1,True,False,0.7223953513539829,1.0,0.43790590933868145,0.4516754960772501,0.5483245039227499,180.25722100666223,0.8758118186773656,0.7335569858551025,0.014088561838890288,0.24319285473200494,0.1545477715737598,0.20761506677285962,0.8180740798334999,1.0164061943998606,0.12111651279883343
65,1,angle_bus8,8,0.1,True,False,0.7223953513539829,1.0,0.43790590933868145,0.4516754960772501,0.5483245039227499,180.25722100666223,0.8758118186773656,0.5230762958526611,0.014088561838890288,0.24319285473200494,0.1545477715737598,0.20761506677285962,0.8180740798334999,1.0164061943998606,0.12111651279883343
65,1,voltage_bus9,9,0.1,True,False,0.7223953513539829,1.0,0.43790590933868145,0.4516754960772501,0.5483245039227499,180.25722100666223,0.8758118186773656,0.5382843017578125,0.014088561838890288,0.24319285473200494,0.1545477715737598,0.20761506677285962,0.8180740798334999,1.0164061943998606,0.12111651279883343
65,1,voltage_bus10,10,0.1,True,False,0.7223953513539829,1.0,0.43790590933868145,0.4516754960772501,0.5483245039227499,180.25722100666223,0.8758118186773656,0.7713291645050049,0.014088561838890288,0.24319285473200494,0.1545477715737598,0.20761506677285962,0.8180740798334999,1.0164061943998606,0.12111651279883343
65,1,freq_bus2,2,0.1,True,False,0.7223953513539829,1.0,0.43790590933868145,0.4516754960772501,0.5483245039227499,180.25722100666223,0.8758118186773656,0.5601296424865723,0.014088561838890288,0.24319285473200494,0.1545477715737598,0.20761506677285962,0.8180740798334999,1.0164061943998606,0.12111651279883343
65,1,freq_bus4,4,0.15,True,False,0.7223953513539829,1.0,0.43790590933868145,0.4516754960772501,0.5483245039227499,180.25722100666223,0.8758118186773656,0.7586748600006104,0.014088561838890288,0.24319285473200494,0.1545477715737598,0.20761506677285962,0.8180740798334999,1.0164061943998606,0.12111651279883343
65,1,severe_bus7,7,0.2,True,False,0.7223953513539829,1.0,0.43790590933868145,0.4516754960772501,0.5483245039227499,180.25722100666223,0.8758118186773656,0.5435633659362793,0.014088561838890288,0.24319285473200494,0.1545477715737598,0.20761506677285962,0.8180740798334999,1.0164061943998606,0.12111651279883343
66,2,angle_bus7,7,0.1,True,False,0.9252782893994538,1.0,0.7030008829520931,0.9981122746457222,0.0018877253542777888,182.18372052025077,1.406001765904188,1.193760871887207,0.0022604395144403665,0.1956112156024795,0.05356051560066463,0.0022697397820547706,0.7664405048362639,0.7452742485440864,-0.09570854776492764
66,2,angle_bus8,8,0.1,True,False,0.82334398284152,0.8658464797811368,0.56430402593314,0.9973789458706662,0.0026210541293337553,155.85236636060463,1.12860805186628,3.116407871246338,0.0022604395144403665,0.1956112156024795,0.05356051560066463,0.0022697397820547706,0.7664405048362639,0.7452742485440864,-0.09570854776492764
66,2,voltage_bus9,9,0.1,True,False,0.9480720602028647,1.0,0.7922882408114589,1.0,-1.2319445398020827e-17,180.8824063624216,1.5845764816229169,1.2284300327301025,0.0022604395144403665,0.1956112156024795,0.05356051560066463,0.0022697397820547706,0.7664405048362639,0.7452742485440864,-0.09570854776492764
66,2,voltage_bus10,10,0.1,True,False,0.9848431921669023,0.9713589091986892,1.0,0.9966549502702308,0.003345049729769247,174.84460365576405,2.631603342560709,11.42623257637024,0.0022604395144403665,0.1956112156024795,0.05356051560066463,0.0022697397820547706,0.7664405048362639,0.7452742485440864,-0.09570854776492764
66,2,freq_bus2,2,0.1,True,False,0.9484112171526045,1.0,0.7936448686104178,1.0,-3.145142203464598e-12,183.1802921571405,1.5872897372208339,1.1728224754333496,0.0022604395144403665,0.1956112156024795,0.05356051560066463,0.0022697397820547706,0.7664405048362639,0.7452742485440864,-0.09570854776492764
66,2,freq_bus4,4,0.15,True,False,0.968241666908393,0.9383462529676856,1.0,0.9962741616982008,0.0037258383017992128,168.9023255341834,2.2734556335317535,10.220078468322754,0.0022604395144403665,0.1956112156024795,0.05356051560066463,0.0022697397820547706,0.7664405048362639,0.7452742485440864,-0.09570854776492764
66,2,severe_bus7,7,0.2,True,False,0.9417973800061454,1.0,0.7687776185013853,0.9984119015231965,0.001588098476803527,180.9931732907791,1.5375552370027723,1.108457326889038,0.0022604395144403665,0.1956112156024795,0.05356051560066463,0.0022697397820547706,0.7664405048362639,0.7452742485440864,-0.09570854776492764
67,2,angle_bus7,7,0.1,True,False,0.6627083027016751,0.567186796568881,0.5192211876572657,0.997238430011673,0.002761569988327042,102.09362338239859,1.0384423753145322,8.717149019241333,0.2921393569472305,0.048718863673244545,0.034122105465783245,0.03471901481825564,1.0945738938754532,0.7265065173990924,0.11382928790046878
67,2,angle_bus8,8,0.1,True,False,0.5521842844398381,0.4265240311904017,0.35899089121596717,0.9966981841625817,0.0033018158374182958,76.77432561427231,0.7179817824319334,8.480066776275635,0.2921393569472305,0.048718863673244545,0.034122105465783245,0.03471901481825564,1.0945738938754532,0.7265065173990924,0.11382928790046878
67,2,voltage_bus9,9,0.1,True,False,0.550444431747878,0.42209073341732317,0.36172703415240903,0.9958692260044568,0.0041307739955431496,75.97633201511817,0.7234540683048163,9.349469900131226,0.2921393569472305,0.048718863673244545,0.034122105465783245,0.03471901481825564,1.0945738938754532,0.7265065173990924,0.11382928790046878
67,2,voltage_bus10,10,0.1,True,False,0.5212291511202128,0.39471521177633195,0.2991130237232227,0.9963731572049649,0.0036268427950351383,71.04873811973975,0.5982260474464418,9.358122825622559,0.2921393569472305,0.048718863673244545,0.034122105465783245,0.03471901481825564,1.0945738938754532,0.7265065173990924,0.11382928790046878
67,2,freq_bus2,2,0.1,True,False,0.669956844369443,0.57279859521852,0.5378185467246688,0.9964116403160637,0.0035883596839363036,103.10374713933359,1.0756370934493376,7.931740760803223,0.2921393569472305,0.048718863673244545,0.034122105465783245,0.03471901481825564,1.0945738938754532,0.7265065173990924,0.11382928790046878
67,2,freq_bus4,4,0.15,True,False,0.5254406497881086,0.39471521177633195,0.31626368626205803,0.9960684893377124,0.003931510662287531,71.04873811973975,0.6325273725241143,7.940940618515015,0.2921393569472305,0.048718863673244545,0.034122105465783245,0.03471901481825564,1.0945738938754532,0.7265065173990924,0.11382928790046878
67,2,severe_bus7,7,0.2,True,False,0.9494524593044699,1.0,0.8002076054780325,0.997602231739847,0.0023977682601529875,180.61740053927818,1.6004152109560676,1.9254703521728516,0.2921393569472305,0.048718863673244545,0.034122105465783245,0.03471901481825564,1.0945738938754532,0.7265065173990924,0.11382928790046878
68,2,angle_bus7,7,0.1,True,False,0.9451302085862322,0.8914654970161018,1.0,0.9975898403127251,0.0024101596872748896,160.46378946289832,2.1906114307079028,9.826334714889526,0.0955658580117267,0.06772761278215224,0.09334061409738124,0.14202137057921868,0.9719391493150834,0.8728937755098767,0.10681434194935971
68,2,angle_bus8,8,0.1,True,False,0.7188896618570593,0.6307237809874873,0.6172073833387799,0.9969037021144828,0.003096297885517203,113.5302805777477,1.2344147666775607,10.85180377960205,0.0955658580117267,0.06772761278215224,0.09334061409738124,0.14202137057921868,0.9719391493150834,0.8728937755098767,0.10681434194935971
68,2,voltage_bus9,9,0.1,True,False,0.9893198513912482,1.0,0.9572794055649929,1.0,-2.994469039178914e-19,183.5858117192069,1.914558811129985,1.3844420909881592,0.0955658580117267,0.06772761278215224,0.09334061409738124,0.14202137057921868,0.9719391493150834,0.8728937755098767,0.10681434194935971
68,2,voltage_bus10,10,0.1,True,False,0.6776112693192559,0.5910011782552961,0.532003872973025,0.9964388477934064,0.0035611522065936395,106.38021208595329,1.0640077459460473,11.550836324691772,0.0955658580117267,0.06772761278215224,0.09334061409738124,0.14202137057921868,0.9719391493150834,0.8728937755098767,0.10681434194935971
68,2,freq_bus2,2,0.1,True,False,0.6635878082004596,0.617500574948122,0.4227611627546928,0.9965889201509015,0.003411079849098511,111.15010349066196,0.8455223255093847,2.9771602153778076,0.0955658580117267,0.06772761278215224,0.09334061409738124,0.14202137057921868,0.9719391493150834,0.8728937755098767,0.10681434194935971
68,2,freq_bus4,4,0.15,True,False,0.6794378447784352,0.5853462998673004,0.5509671323379486,0.9960916470411912,0.003908352958808771,105.36233397611406,1.1019342646758945,10.223203182220459,0.0955658580117267,0.06772761278215224,0.09334061409738124,0.14202137057921868,0.9719391493150834,0.8728937755098767,0.10681434194935971
68,2,severe_bus7,7,0.2,True,False,0.9430614983862394,1.0,0.774246368156458,0.9979996253884996,0.0020003746115004137,180.070416998567,1.5484927363129142,1.345890760421753,0.0955658580117267,0.06772761278215224,0.09334061409738124,0.14202137057921868,0.9719391493150834,0.8728937755098767,0.10681434194935971
69,2,angle_bus7,7,0.1,True,False,0.6218403696988385,0.5230941672216305,0.44401870657885567,0.9971544377732374,0.0028455622267625244,94.15695009989348,0.888037413157714,7.461369276046753,0.11645474031870132,0.08029301975605098,0.11330159159008352,0.1441621237719468,1.0240603145366654,0.7847493887080708,0.0371714717565958
69,2,angle_bus8,8,0.1,True,False,0.5256650615554055,0.39844469693166007,0.30910216499482246,0.9966686873634792,0.003331312636520791,71.72004544769881,0.6182043299896467,8.084393978118896,0.11645474031870132,0.08029301975605098,0.11330159159008352,0.1441621237719468,1.0240603145366654,0.7847493887080708,0.0371714717565958
69,2,voltage_bus9,9,0.1,True,False,0.522751765083142,0.39388076227657964,0.3073954501073253,0.9958500856720834,0.004149914327916574,70.89853720978434,0.6147909002146523,7.408391714096069,0.11645474031870132,0.08029301975605098,0.11330159159008352,0.1441621237719468,1.0240603145366654,0.7847493887080708,0.0371714717565958
69,2,voltage_bus10,10,0.1,True,False,0.4965418487940682,0.3710534378202754,0.2476985951221451,0.996361924413577,0.003638075586423073,66.78961880764957,0.49539719024428663,7.747098445892334,0.11645474031870132,0.08029301975605098,0.11330159159008352,0.1441621237719468,1.0240603145366654,0.7847493887080708,0.0371714717565958
69,2,freq_bus2,2,0.1,True,False,0.62759223772219,0.5274596690108009,0.45911336907175837,0.9963362437953999,0.0036637562046001318,94.94274042194415,0.9182267381435194,7.825314044952393,0.11645474031870132,0.08029301975605098,0.11330159159008352,0.1441621237719468,1.0240603145366654,0.7847493887080708,0.0371714717565958
69,2,freq_bus4,4,0.15,True,False,0.5017291047966057,0.3710534378202754,0.2687415123749446,0.9960680311709272,0.003931968829072817,66.78961880764957,0.5374830247498918,7.490358114242554,0.11645474031870132,0.08029301975605098,0.11330159159008352,0.1441621237719468,1.0240603145366654,0.7847493887080708,0.0371714717565958
69,2,severe_bus7,7,0.2,True,False,0.8644823931727544,0.7998647764748685,0.8607032669918198,0.9974967527494609,0.0025032472505390627,143.97565976547634,1.7214065339836404,5.68608283996582,0.11645474031870132,0.08029301975605098,0.11330159159008352,0.1441621237719468,1.0240603145366654,0.7847493887080708,0.0371714717565958
70,2,angle_bus7,7,0.1,True,False,0.7646881434786383,1.0,0.5543193802047419,0.5044331937098117,0.4955668062901884,181.92694680535266,1.1086387604094838,0.8239376544952393,0.06845710507932452,0.38316951046757547,0.2869142838306914,0.07524367700674342,1.0675844647209458,0.8308323283071077,0.05647833141543146
70,2,angle_bus8,8,0.1,True,False,0.7646881434786383,1.0,0.5543193802047419,0.5044331937098117,0.4955668062901884,181.92694680535266,1.1086387604094838,0.6025984287261963,0.06845710507932452,0.38316951046757547,0.2869142838306914,0.07524367700674342,1.0675844647209458,0.8308323283071077,0.05647833141543146
70,2,voltage_bus9,9,0.1,True,False,0.7646881434786383,1.0,0.5543193802047419,0.5044331937098117,0.4955668062901884,181.92694680535266,1.1086387604094838,0.8465700149536133,0.06845710507932452,0.38316951046757547,0.2869142838306914,0.07524367700674342,1.0675844647209458,0.8308323283071077,0.05647833141543146
70,2,voltage_bus10,10,0.1,True,False,0.7646881434786383,1.0,0.5543193802047419,0.5044331937098117,0.4955668062901884,181.92694680535266,1.1086387604094838,0.7572376728057861,0.06845710507932452,0.38316951046757547,0.2869142838306914,0.07524367700674342,1.0675844647209458,0.8308323283071077,0.05647833141543146
70,2,freq_bus2,2,0.1,True,False,0.7646881434786383,1.0,0.5543193802047419,0.5044331937098117,0.4955668062901884,181.92694680535266,1.1086387604094838,0.7347152233123779,0.06845710507932452,0.38316951046757547,0.2869142838306914,0.07524367700674342,1.0675844647209458,0.8308323283071077,0.05647833141543146
70,2,freq_bus4,4,0.15,True,False,0.7646881434786383,1.0,0.5543193802047419,0.5044331937098117,0.4955668062901884,181.92694680535266,1.1086387604094838,1.0235748291015625,0.06845710507932452,0.38316951046757547,0.2869142838306914,0.07524367700674342,1.0675844647209458,0.8308323283071077,0.05647833141543146
70,2,severe_bus7,7,0.2,True,False,0.7646881434786383,1.0,0.5543193802047419,0.5044331937098117,0.4955668062901884,181.92694680535266,1.1086387604094838,0.7226355075836182,0.06845710507932452,0.38316951046757547,0.2869142838306914,0.07524367700674342,1.0675844647209458,0.8308323283071077,0.05647833141543146
71,2,angle_bus7,7,0.1,True,False,0.6974913971044647,0.6107558715981798,0.5711906706564065,0.9972631745650927,0.0027368254349072934,109.93605688767236,1.1423813413128148,8.534954071044922,0.18810528640915714,0.25870078494664533,0.0714322130533055,0.2982981798821184,0.9512145925598217,0.9538320409126861,0.08375491352956621
71,2,angle_bus8,8,0.1,True,False,0.580417428461192,0.46351251653846276,0.3979562377754604,0.9966884429923821,0.003311557007617837,83.4322529769233,0.7959124755509173,9.390090942382812,0.18810528640915714,0.25870078494664533,0.0714322130533055,0.2982981798821184,0.9512145925598217,0.9538320409126861,0.08375491352956621
71,2,voltage_bus9,9,0.1,True,False,0.9986601880030594,1.0,0.9946407520122378,1.0,-6.21726556588555e-16,183.41132625780259,1.9892815040244782,1.8988821506500244,0.18810528640915714,0.25870078494664533,0.0714322130533055,0.2982981798821184,0.9512145925598217,0.9538320409126861,0.08375491352956621
71,2,voltage_bus10,10,0.1,True,False,0.5427823645708072,0.41933607773498854,0.3361134319284247,0.9963438708848269,0.0036561291151730913,75.48049399229794,0.6722268638568529,11.701414346694946,0.18810528640915714,0.25870078494664533,0.0714322130533055,0.2982981798821184,0.9512145925598217,0.9538320409126861,0.08375491352956621
71,2,freq_bus2,2,0.1,True,False,0.7057187833196652,0.6165308856138874,0.5934062523618309,0.9964071096890552,0.003592890310944783,110.97555941049973,1.1868125047236644,8.831335067749023,0.18810528640915714,0.25870078494664533,0.0714322130533055,0.2982981798821184,0.9512145925598217,0.9538320409126861,0.08375491352956621
71,2,freq_bus4,4,0.15,True,False,0.5437652940898475,0.41933607773498854,0.34035236805056,0.9960366528388529,0.003963347161147128,75.48049399229794,0.6807047361011209,11.810572624206543,0.18810528640915714,0.25870078494664533,0.0714322130533055,0.2982981798821184,0.9512145925598217,0.9538320409126861,0.08375491352956621
71,2,severe_bus7,7,0.2,True,False,0.925404941766899,1.0,0.7039717737044278,0.9976479933631681,0.002352006636831869,181.49956863261082,1.4079435474088564,1.4937052726745605,0.18810528640915714,0.25870078494664533,0.0714322130533055,0.2982981798821184,0.9512145925598217,0.9538320409126861,0.08375491352956621
72,2,angle_bus7,7,0.1,True,False,0.7746589582658461,1.0,0.5718785965396442,0.5267572365237398,0.4732427634762602,184.81990336869495,1.1437571930792911,0.7895593643188477,0.2729973489799775,0.09687633358617959,0.278758051489536,0.218964267318774,0.9093908682359104,1.0680063088307845,0.00988128372018765
72,2,angle_bus8,8,0.1,True,False,0.7746589582658461,1.0,0.5718785965396442,0.5267572365237398,0.4732427634762602,184.81990336869495,1.1437571930792911,0.5649502277374268,0.2729973489799775,0.09687633358617959,0.278758051489536,0.218964267318774,0.9093908682359104,1.0680063088307845,0.00988128372018765
72,2,voltage_bus9,9,0.1,True,False,0.7746589582658461,1.0,0.5718785965396442,0.5267572365237398,0.4732427634762602,184.81990336869495,1.1437571930792911,0.7450287342071533,0.2729973489799775,0.09687633358617959,0.278758051489536,0.218964267318774,0.9093908682359104,1.0680063088307845,0.00988128372018765
72,2,voltage_bus10,10,0.1,True,False,0.7746589582658461,1.0,0.5718785965396442,0.5267572365237398,0.4732427634762602,184.81990336869495,1.1437571930792911,0.559668779373169,0.2729973489799775,0.09687633358617959,0.278758051489536,0.218964267318774,0.9093908682359104,1.0680063088307845,0.00988128372018765
72,2,freq_bus2,2,0.1,True,False,0.7746589582658461,1.0,0.5718785965396442,0.5267572365237398,0.4732427634762602,184.81990336869495,1.1437571930792911,0.782740592956543,0.2729973489799775,0.09687633358617959,0.278758051489536,0.218964267318774,0.9093908682359104,1.0680063088307845,0.00988128372018765
72,2,freq_bus4,4,0.15,True,False,0.7746589582658461,1.0,0.5718785965396442,0.5267572365237398,0.4732427634762602,184.81990336869495,1.1437571930792911,0.5152614116668701,0.2729973489799775,0.09687633358617959,0.278758051489536,0.218964267318774,0.9093908682359104,1.0680063088307845,0.00988128372018765
72,2,severe_bus7,7,0.2,True,False,0.7746589582658461,1.0,0.5718785965396442,0.5267572365237398,0.4732427634762602,184.81990336869495,1.1437571930792911,0.759441614151001,0.2729973489799775,0.09687633358617959,0.278758051489536,0.218964267318774,0.9093908682359104,1.0680063088307845,0.00988128372018765
73,2,angle_bus7,7,0.1,True,False,0.7588961929677489,1.0,0.5139434216655516,0.5216413502054438,0.4783586497945562,182.03537789015795,1.027886843331105,0.3792097568511963,0.2886024751639069,0.2280009179752489,0.22494478297686743,0.18909806716873395,0.8725204278633396,1.1308168894904536,0.03914453226733525
73,2,angle_bus8,8,0.1,True,False,0.7588961929677489,1.0,0.5139434216655516,0.5216413502054438,0.4783586497945562,182.03537789015795,1.027886843331105,0.608823299407959,0.2886024751639069,0.2280009179752489,0.22494478297686743,0.18909806716873395,0.8725204278633396,1.1308168894904536,0.03914453226733525
73,2,voltage_bus9,9,0.1,True,False,0.7588961929677489,1.0,0.5139434216655516,0.5216413502054438,0.4783586497945562,182.03537789015795,1.027886843331105,0.39156365394592285,0.2886024751639069,0.2280009179752489,0.22494478297686743,0.18909806716873395,0.8725204278633396,1.1308168894904536,0.03914453226733525
73,2,voltage_bus10,10,0.1,True,False,0.7588961929677489,1.0,0.5139434216655516,0.5216413502054438,0.4783586497945562,182.03537789015795,1.027886843331105,0.3865351676940918,0.2886024751639069,0.2280009179752489,0.22494478297686743,0.18909806716873395,0.8725204278633396,1.1308168894904536,0.03914453226733525
73,2,freq_bus2,2,0.1,True,False,0.7588961929677489,1.0,0.5139434216655516,0.5216413502054438,0.4783586497945562,182.03537789015795,1.027886843331105,0.6356422901153564,0.2886024751639069,0.2280009179752489,0.22494478297686743,0.18909806716873395,0.8725204278633396,1.1308168894904536,0.03914453226733525
73,2,freq_bus4,4,0.15,True,False,0.7588961929677489,1.0,0.5139434216655516,0.5216413502054438,0.4783586497945562,182.03537789015795,1.027886843331105,0.34461474418640137,0.2886024751639069,0.2280009179752489,0.22494478297686743,0.18909806716873395,0.8725204278633396,1.1308168894904536,0.03914453226733525
73,2,severe_bus7,7,0.2,True,False,0.7588961929677489,1.0,0.5139434216655516,0.5216413502054438,0.4783586497945562,182.03537789015795,1.027886843331105,0.587609052658081,0.2886024751639069,0.2280009179752489,0.22494478297686743,0.18909806716873395,0.8725204278633396,1.1308168894904536,0.03914453226733525
74,2,angle_bus7,7,0.1,True,False,0.7646238059868,1.0,0.5691747617512348,0.48932046219596526,0.5106795378040347,180.7907053836074,1.1383495235024688,0.6934094429016113,0.3054108422446166,0.1643125880404711,0.11145152251404257,0.1566410244484802,0.8274804666798572,0.9309501676808897,0.025760729201391108
74,2,angle_bus8,8,0.1,True,False,0.7646238059868,1.0,0.5691747617512348,0.48932046219596526,0.5106795378040347,180.7907053836074,1.1383495235024688,0.9170143604278564,0.3054108422446166,0.1643125880404711,0.11145152251404257,0.1566410244484802,0.8274804666798572,0.9309501676808897,0.025760729201391108
74,2,voltage_bus9,9,0.1,True,False,0.7646238059868,1.0,0.5691747617512348,0.48932046219596526,0.5106795378040347,180.7907053836074,1.1383495235024688,0.7486305236816406,0.3054108422446166,0.1643125880404711,0.11145152251404257,0.1566410244484802,0.8274804666798572,0.9309501676808897,0.025760729201391108
74,2,voltage_bus10,10,0.1,True,False,0.7646238059868,1.0,0.5691747617512348,0.48932046219596526,0.5106795378040347,180.7907053836074,1.1383495235024688,0.992983341217041,0.3054108422446166,0.1643125880404711,0.11145152251404257,0.1566410244484802,0.8274804666798572,0.9309501676808897,0.025760729201391108
74,2,freq_bus2,2,0.1,True,False,0.7646238059868,1.0,0.5691747617512348,0.48932046219596526,0.5106795378040347,180.7907053836074,1.1383495235024688,0.80605149269104,0.3054108422446166,0.1643125880404711,0.11145152251404257,0.1566410244484802,0.8274804666798572,0.9309501676808897,0.025760729201391108
74,2,freq_bus4,4,0.15,True,False,0.7646238059868,1.0,0.5691747617512348,0.48932046219596526,0.5106795378040347,180.7907053836074,1.1383495235024688,1.0395841598510742,0.3054108422446166,0.1643125880404711,0.11145152251404257,0.1566410244484802,0.8274804666798572,0.9309501676808897,0.025760729201391108
74,2,severe_bus7,7,0.2,True,False,0.7646238059868,1.0,0.5691747617512348,0.48932046219596526,0.5106795378040347,180.7907053836074,1.1383495235024688,0.7056288719177246,0.3054108422446166,0.1643125880404711,0.11145152251404257,0.1566410244484802,0.8274804666798572,0.9309501676808897,0.025760729201391108
75,2,angle_bus7,7,0.1,True,False,0.7747661757853297,1.0,0.5570421135322938,0.5420225896090249,0.45797741039097506,184.85675344189005,1.1140842270645868,0.4885101318359375,0.20235001142583978,0.2836528167999941,0.10084815449506503,0.0858059462944094,1.0565805613967956,0.9021532993611105,-0.10827538041924273
75,2,angle_bus8,8,0.1,True,False,0.7747661757853297,1.0,0.5570421135322938,0.5420225896090249,0.45797741039097506,184.85675344189005,1.1140842270645868,0.8050715923309326,0.20235001142583978,0.2836528167999941,0.10084815449506503,0.0858059462944094,1.0565805613967956,0.9021532993611105,-0.10827538041924273
75,2,voltage_bus9,9,0.1,True,False,0.7747661757853297,1.0,0.5570421135322938,0.5420225896090249,0.45797741039097506,184.85675344189005,1.1140842270645868,0.5471184253692627,0.20235001142583978,0.2836528167999941,0.10084815449506503,0.0858059462944094,1.0565805613967956,0.9021532993611105,-0.10827538041924273
75,2,voltage_bus10,10,0.1,True,False,0.7747661757853297,1.0,0.5570421135322938,0.5420225896090249,0.45797741039097506,184.85675344189005,1.1140842270645868,0.761648416519165,0.20235001142583978,0.2836528167999941,0.10084815449506503,0.0858059462944094,1.0565805613967956,0.9021532993611105,-0.10827538041924273
75,2,freq_bus2,2,0.1,True,False,0.7747661757853297,1.0,0.5570421135322938,0.5420225896090249,0.45797741039097506,184.85675344189005,1.1140842270645868,0.50254225730896,0.20235001142583978,0.2836528167999941,0.10084815449506503,0.0858059462944094,1.0565805613967956,0.9021532993611105,-0.10827538041924273
75,2,freq_bus4,4,0.15,True,False,0.7747661757853297,1.0,0.5570421135322938,0.5420225896090249,0.45797741039097506,184.85675344189005,1.1140842270645868,0.7896571159362793,0.20235001142583978,0.2836528167999941,0.10084815449506503,0.0858059462944094,1.0565805613967956,0.9021532993611105,-0.10827538041924273
75,2,severe_bus7,7,0.2,True,False,0.7747661757853297,1.0,0.5570421135322938,0.5420225896090249,0.45797741039097506,184.85675344189005,1.1140842270645868,0.4867441654205322,0.20235001142583978,0.2836528167999941,0.10084815449506503,0.0858059462944094,1.0565805613967956,0.9021532993611105,-0.10827538041924273
76,2,angle_bus7,7,0.1,True,False,0.965577507190267,0.9323550880997246,1.0,0.9975998525616186,0.0024001474383813703,167.82391585795042,2.383493935551897,9.591110944747925,0.1478541532718047,0.13591471356275364,0.27109947695048875,0.27574545385600996,1.036844094155998,1.0118344312147525,0.06529804681674986
76,2,angle_bus8,8,0.1,True,False,0.7319993434972947,0.6504837865959079,0.6301177285729196,0.9969120722244434,0.0030879277755565255,117.08708158726343,1.2602354571458418,9.890269756317139,0.1478541532718047,0.13591471356275364,0.27109947695048875,0.27574545385600996,1.036844094155998,1.0118344312147525,0.06529804681674986
76,2,voltage_bus9,9,0.1,True,False,0.9880010434737381,1.0,0.9520041738949523,1.0,-3.523936589391417e-14,181.00797214419146,1.9040083477899028,1.6114006042480469,0.1478541532718047,0.13591471356275364,0.27109947695048875,0.27574545385600996,1.036844094155998,1.0118344312147525,0.06529804681674986
76,2,voltage_bus10,10,0.1,True,False,0.6879285636228349,0.607068434996475,0.5411446386603025,0.996432745838087,0.0035672541619129537,109.27231829936551,1.082289277320605,10.872857809066772,0.1478541532718047,0.13591471356275364,0.27109947695048875,0.27574545385600996,1.036844094155998,1.0118344312147525,0.06529804681674986
76,2,freq_bus2,2,0.1,True,False,0.6734578266467021,0.6332298304147252,0.43079019565489673,0.9965814501024611,0.00341854989753883,113.98136947465053,0.8615803913097908,2.7360570430755615,0.1478541532718047,0.13591471356275364,0.27109947695048875,0.27574545385600996,1.036844094155998,1.0118344312147525,0.06529804681674986
76,2,freq_bus4,4,0.15,True,False,0.6885957892571213,0.599862729400494,0.5585769663012208,0.9960807319262766,0.003919268073723448,107.97529129208893,1.1171539326024416,10.813340425491333,0.1478541532718047,0.13591471356275364,0.27109947695048875,0.27574545385600996,1.036844094155998,1.0118344312147525,0.06529804681674986
76,2,severe_bus7,7,0.2,True,False,0.9415265365523688,1.0,0.7680902035457606,0.998015942663715,0.001984057336285069,180.37452000197115,1.536180407091523,1.2237448692321777,0.1478541532718047,0.13591471356275364,0.27109947695048875,0.27574545385600996,1.036844094155998,1.0118344312147525,0.06529804681674986
77,2,angle_bus7,7,0.1,True,False,0.768887154828492,1.0,0.5444971596238375,0.5310514596901306,0.4689485403098695,182.57043776967603,1.0889943192476714,0.7526364326477051,0.3133808348527311,0.29442967847658724,0.1366207634317019,0.1975176484475446,0.9204281478087992,1.0508422706725071,-0.016252296899307767
77,2,angle_bus8,8,0.1,True,False,0.768887154828492,1.0,0.5444971596238375,0.5310514596901306,0.4689485403098695,182.57043776967603,1.0889943192476714,0.5001580715179443,0.3133808348527311,0.29442967847658724,0.1366207634317019,0.1975176484475446,0.9204281478087992,1.0508422706725071,-0.016252296899307767
77,2,voltage_bus9,9,0.1,True,False,0.768887154828492,1.0,0.5444971596238375,0.5310514596901306,0.4689485403098695,182.57043776967603,1.0889943192476714,0.6546387672424316,0.3133808348527311,0.29442967847658724,0.1366207634317019,0.1975176484475446,0.9204281478087992,1.0508422706725071,-0.016252296899307767
77,2,voltage_bus10,10,0.1,True,False,0.768887154828492,1.0,0.5444971596238375,0.5310514596901306,0.4689485403098695,182.57043776967603,1.0889943192476714,0.46407365798950195,0.3133808348527311,0.29442967847658724,0.1366207634317019,0.1975176484475446,0.9204281478087992,1.0508422706725071,-0.016252296899307767
77,2,freq_bus2,2,0.1,True,False,0.768887154828492,1.0,0.5444971596238375,0.5310514596901306,0.4689485403098695,182.57043776967603,1.0889943192476714,0.8352203369140625,0.3133808348527311,0.29442967847658724,0.1366207634317019,0.1975176484475446,0.9204281478087992,1.0508422706725071,-0.016252296899307767
77,2,freq_bus4,4,0.15,True,False,0.768887154828492,1.0,0.5444971596238375,0.5310514596901306,0.4689485403098695,182.57043776967603,1.0889943192476714,0.494692325592041,0.3133808348527311,0.29442967847658724,0.1366207634317019,0.1975176484475446,0.9204281478087992,1.0508422706725071,-0.016252296899307767
77,2,severe_bus7,7,0.2,True,False,0.768887154828492,1.0,0.5444971596238375,0.5310514596901306,0.4689485403098695,182.57043776967603,1.0889943192476714,0.8161098957061768,0.3133808348527311,0.29442967847658724,0.1366207634317019,0.1975176484475446,0.9204281478087992,1.0508422706725071,-0.016252296899307767
78,2,angle_bus7,7,0.1,True,False,0.9209626981456146,1.0,0.6861261014041702,0.9977246911782883,0.002275308821711643,180.84006477979193,1.3722522028083395,1.413161039352417,0.1997728792686614,0.3090995213922436,0.07708230487052663,0.22903592077311458,1.1369356924858718,0.9193632462800871,-0.07614234077034876
78,2,angle_bus8,8,0.1,True,False,0.9876884981828766,1.0,0.9507539927315065,1.0,-5.686236660376159e-12,180.11046322244133,1.9015079854630113,1.4310765266418457,0.1997728792686614,0.3090995213922436,0.07708230487052663,0.22903592077311458,1.1369356924858718,0.9193632462800871,-0.07614234077034876
78,2,voltage_bus9,9,0.1,True,False,0.9705317467792627,1.0,0.8821269871170507,1.0,-5.938037659985082e-16,180.0580692956261,1.7642539742341024,1.6279938220977783,0.1997728792686614,0.3090995213922436,0.07708230487052663,0.22903592077311458,1.1369356924858718,0.9193632462800871,-0.07614234077034876
78,2,voltage_bus10,10,0.1,True,False,0.7541190108562842,0.6930075793235295,0.6339901290203613,0.9964707557577163,0.0035292442422837182,124.74136427823531,1.2679802580407262,10.186915397644043,0.1997728792686614,0.3090995213922436,0.07708230487052663,0.22903592077311458,1.1369356924858718,0.9193632462800871,-0.07614234077034876
78,2,freq_bus2,2,0.1,True,False,0.9675782530894949,1.0,0.8703130123580642,0.9999999999999153,8.475984800181038e-14,188.4124410051043,1.7406260247161276,1.5090107917785645,0.1997728792686614,0.3090995213922436,0.07708230487052663,0.22903592077311458,1.1369356924858718,0.9193632462800871,-0.07614234077034876
78,2,freq_bus4,4,0.15,True,False,0.7534480713968151,0.6833745371646074,0.6509308687173032,0.9961123425407427,0.003887657459257323,123.00741668962934,1.3018617374346064,11.351291179656982,0.1997728792686614,0.3090995213922436,0.07708230487052663,0.22903592077311458,1.1369356924858718,0.9193632462800871,-0.07614234077034876
78,2,severe_bus7,7,0.2,True,False,0.9430044733939937,1.0,0.7738596377343043,0.9981582558416705,0.0018417441583294621,183.13085279868181,1.5477192754686087,1.419438123703003,0.1997728792686614,0.3090995213922436,0.07708230487052663,0.22903592077311458,1.1369356924858718,0.9193632462800871,-0.07614234077034876
79,2,angle_bus7,7,0.1,True,False,0.7305643101816075,1.0,0.43102013825027896,0.49123710247615093,0.5087628975238491,180.4139881747955,0.8620402765005597,0.3383486270904541,0.3730367962492227,0.3955384372442597,0.2596423408042764,0.18523865933139091,0.8054093208274125,1.1234296081312742,0.006842625605129271
79,2,angle_bus8,8,0.1,True,False,0.7305643101816075,1.0,0.43102013825027896,0.49123710247615093,0.5087628975238491,180.4139881747955,0.8620402765005597,0.5995404720306396,0.3730367962492227,0.3955384372442597,0.2596423408042764,0.18523865933139091,0.8054093208274125,1.1234296081312742,0.006842625605129271
79,2,voltage_bus9,9,0.1,True,False,0.7305643101816075,1.0,0.43102013825027896,0.49123710247615093,0.5087628975238491,180.4139881747955,0.8620402765005597,0.35416364669799805,0.3730367962492227,0.3955384372442597,0.2596423408042764,0.18523865933139091,0.8054093208274125,1.1234296081312742,0.006842625605129271
79,2,voltage_bus10,10,0.1,True,False,0.7305643101816075,1.0,0.43102013825027896,0.49123710247615093,0.5087628975238491,180.4139881747955,0.8620402765005597,0.337491512298584,0.3730367962492227,0.3955384372442597,0.2596423408042764,0.18523865933139091,0.8054093208274125,1.1234296081312742,0.006842625605129271
79,2,freq_bus2,2,0.1,True,False,0.7305643101816075,1.0,0.43102013825027896,0.49123710247615093,0.5087628975238491,180.4139881747955,0.8620402765005597,0.6199018955230713,0.3730367962492227,0.3955384372442597,0.2596423408042764,0.18523865933139091,0.8054093208274125,1.1234296081312742,0.006842625605129271
79,2,freq_bus4,4,0.15,True,False,0.7305643101816075,1.0,0.43102013825027896,0.49123710247615093,0.5087628975238491,180.4139881747955,0.8620402765005597,0.3311808109283447,0.3730367962492227,0.3955384372442597,0.2596423408042764,0.18523865933139091,0.8054093208274125,1.1234296081312742,0.006842625605129271
79,2,severe_bus7,7,0.2,True,False,0.7305643101816075,1.0,0.43102013825027896,0.49123710247615093,0.5087628975238491,180.4139881747955,0.8620402765005597,0.558537483215332,0.3730367962492227,0.3955384372442597,0.2596423408042764,0.18523865933139091,0.8054093208274125,1.1234296081312742,0.006842625605129271
80,2,angle_bus7,7,0.1,True,False,0.5487091934049811,1.0,0.003149812786517714,0.19168696083340675,0.8083130391665933,211.36205977537946,0.006299625573031875,0.17305874824523926,0.3888199409787949,0.27038102335450487,0.08318564481969294,0.05475219649641938,1.0457589629335804,1.094096765754838,-0.035840631779743476
80,2,angle_bus8,8,0.1,True,False,0.5487091934049811,1.0,0.003149812786517714,0.19168696083340675,0.8083130391665933,211.36205977537946,0.006299625573031875,0.44051146507263184,0.3888199409787949,0.27038102335450487,0.08318564481969294,0.05475219649641938,1.0457589629335804,1.094096765754838,-0.035840631779743476
80,2,voltage_bus9,9,0.1,True,False,0.5487091934049811,1.0,0.003149812786517714,0.19168696083340675,0.8083130391665933,211.36205977537946,0.006299625573031875,0.18053150177001953,0.3888199409787949,0.27038102335450487,0.08318564481969294,0.05475219649641938,1.0457589629335804,1.094096765754838,-0.035840631779743476
80,2,voltage_bus10,10,0.1,True,False,0.5487091934049811,1.0,0.003149812786517714,0.19168696083340675,0.8083130391665933,211.36205977537946,0.006299625573031875,0.4279470443725586,0.3888199409787949,0.27038102335450487,0.08318564481969294,0.05475219649641938,1.0457589629335804,1.094096765754838,-0.035840631779743476
80,2,freq_bus2,2,0.1,True,False,0.5487091934049811,1.0,0.003149812786517714,0.19168696083340675,0.8083130391665933,211.36205977537946,0.006299625573031875,0.18636846542358398,0.3888199409787949,0.27038102335450487,0.08318564481969294,0.05475219649641938,1.0457589629335804,1.094096765754838,-0.035840631779743476
80,2,freq_bus4,4,0.15,True,False,0.5487091934049811,1.0,0.003149812786517714,0.19168696083340675,0.8083130391665933,211.36205977537946,0.006299625573031875,0.1779952049255371,0.3888199409787949,0.27038102335450487,0.08318564481969294,0.05475219649641938,1.0457589629335804,1.094096765754838,-0.035840631779743476
80,2,severe_bus7,7,0.2,True,False,0.5487091934049811,1.0,0.003149812786517714,0.19168696083340675,0.8083130391665933,211.36205977537946,0.006299625573031875,0.46940016746520996,0.3888199409787949,0.27038102335450487,0.08318564481969294,0.05475219649641938,1.0457589629335804,1.094096765754838,-0.035840631779743476
81,2,angle_bus7,7,0.1,True,False,0.778488788199486,1.0,0.564978052187957,0.5489771006099866,0.45102289939001344,185.58137624293562,1.1299561043759132,0.44051265716552734,0.04283109810841005,0.12550638497856212,0.2679581882861613,0.21677706778384875,0.7123457230388818,1.1111225167393717,-0.14401772523596423
81,2,angle_bus8,8,0.1,True,False,0.778488788199486,1.0,0.564978052187957,0.5489771006099866,0.45102289939001344,185.58137624293562,1.1299561043759132,0.6954188346862793,0.04283109810841005,0.12550638497856212,0.2679581882861613,0.21677706778384875,0.7123457230388818,1.1111225167393717,-0.14401772523596423
81,2,voltage_bus9,9,0.1,True,False,0.778488788199486,1.0,0.564978052187957,0.5489771006099866,0.45102289939001344,185.58137624293562,1.1299561043759132,0.4435856342315674,0.04283109810841005,0.12550638497856212,0.2679581882861613,0.21677706778384875,0.7123457230388818,1.1111225167393717,-0.14401772523596423
81,2,voltage_bus10,10,0.1,True,False,0.778488788199486,1.0,0.564978052187957,0.5489771006099866,0.45102289939001344,185.58137624293562,1.1299561043759132,0.6861941814422607,0.04283109810841005,0.12550638497856212,0.2679581882861613,0.21677706778384875,0.7123457230388818,1.1111225167393717,-0.14401772523596423
81,2,freq_bus2,2,0.1,True,False,0.778488788199486,1.0,0.564978052187957,0.5489771006099866,0.45102289939001344,185.58137624293562,1.1299561043759132,0.4749009609222412,0.04283109810841005,0.12550638497856212,0.2679581882861613,0.21677706778384875,0.7123457230388818,1.1111225167393717,-0.14401772523596423
81,2,freq_bus4,4,0.15,True,False,0.778488788199486,1.0,0.564978052187957,0.5489771006099866,0.45102289939001344,185.58137624293562,1.1299561043759132,0.6831324100494385,0.04283109810841005,0.12550638497856212,0.2679581882861613,0.21677706778384875,0.7123457230388818,1.1111225167393717,-0.14401772523596423
81,2,severe_bus7,7,0.2,True,False,0.778488788199486,1.0,0.564978052187957,0.5489771006099866,0.45102289939001344,185.58137624293562,1.1299561043759132,0.4893965721130371,0.04283109810841005,0.12550638497856212,0.2679581882861613,0.21677706778384875,0.7123457230388818,1.1111225167393717,-0.14401772523596423
82,2,angle_bus7,7,0.1,True,False,0.7988128781557989,0.7285831347816234,0.7406787118231151,0.9974065312368338,0.002593468763166267,131.1449642606922,1.4813574236462301,11.203033447265625,0.24694043375849348,0.15420780431058104,0.18617420412795577,0.03857539286930718,0.9839666552893538,0.736906041745552,0.07175930220168672
82,2,angle_bus8,8,0.1,True,False,0.6435544556458266,0.5443523160020578,0.48873450354890124,0.9967786870302896,0.0032213129697104183,97.9834168803704,0.9774690070978043,11.05873966217041,0.24694043375849348,0.15420780431058104,0.18617420412795577,0.03857539286930718,0.9839666552893538,0.736906041745552,0.07175930220168672
82,2,voltage_bus9,9,0.1,True,True,0.5868956387136026,0.5130151136761889,0.3256424385722916,0.9959098889297412,0.004090111070258841,92.342720461714,0.6512848771445823,3.26499342918396,0.24694043375849348,0.15420780431058104,0.18617420412795577,0.03857539286930718,0.9839666552893538,0.736906041745552,0.07175930220168672
82,2,voltage_bus10,10,0.1,True,False,0.605748315405768,0.5055653901768952,0.41548468403764716,0.9963777972316344,0.003622202768365581,91.00177023184112,0.8309693680752916,11.914573192596436,0.24694043375849348,0.15420780431058104,0.18617420412795577,0.03857539286930718,0.9839666552893538,0.736906041745552,0.07175930220168672
82,2,freq_bus2,2,0.1,True,False,0.8114950724298851,0.738727256135184,0.7720525601807289,0.9964732172684433,0.003526782731556718,132.97090610433312,1.5441051203614586,9.815369129180908,0.24694043375849348,0.15420780431058104,0.18617420412795577,0.03857539286930718,0.9839666552893538,0.736906041745552,0.07175930220168672
82,2,freq_bus4,4,0.15,True,False,0.6110792478391582,0.5055653901768952,0.4371363167729676,0.9960498942298752,0.00395010577012474,91.00177023184112,0.8742726335459361,12.06269645690918,0.24694043375849348,0.15420780431058104,0.18617420412795577,0.03857539286930718,0.9839666552893538,0.736906041745552,0.07175930220168672
82,2,severe_bus7,7,0.2,True,False,0.9319644704088332,1.0,0.730051176227235,0.9978067054080979,0.00219329459190211,182.23683725466745,1.460102352454471,1.5710909366607666,0.24694043375849348,0.15420780431058104,0.18617420412795577,0.03857539286930718,0.9839666552893538,0.736906041745552,0.07175930220168672
83,2,angle_bus7,7,0.1,True,False,0.9244442114011329,1.0,0.6997534642075429,0.9980233813969883,0.001976618603011675,181.1815488137693,1.399506928415084,1.3107094764709473,0.12372691159297555,0.014159020310872645,0.01762615048833885,0.2918666675914508,0.8865721667255806,1.0932818405440536,-0.13870493114433388
83,2,angle_bus8,8,0.1,True,False,0.9640904492524451,1.0,0.8563617970100701,0.9999999999997103,2.8968879220036645e-13,181.31067229693622,1.7127235940201402,1.205756664276123,0.12372691159297555,0.014159020310872645,0.01762615048833885,0.2918666675914508,0.8865721667255806,1.0932818405440536,-0.13870493114433388
83,2,voltage_bus9,9,0.1,True,False,0.9615665542825844,1.0,0.8462662171404993,0.9999999999898381,1.0161848895479857e-11,183.17669251508505,1.6925324342809978,1.4927458763122559,0.12372691159297555,0.014159020310872645,0.01762615048833885,0.2918666675914508,0.8865721667255806,1.0932818405440536,-0.13870493114433388
83,2,voltage_bus10,10,0.1,True,False,0.9219358886131765,0.8745878282695503,0.9419383299661028,0.9966295679475028,0.003370432052497239,157.42580908851906,1.8838766599322065,10.698744058609009,0.12372691159297555,0.014159020310872645,0.01762615048833885,0.2918666675914508,0.8865721667255806,1.0932818405440536,-0.13870493114433388
83,2,freq_bus2,2,0.1,True,False,0.9513885724073167,1.0,0.8055542896292671,0.9999999999999996,4.0082918582586637e-16,181.011042782497,1.6111085792585333,1.2272546291351318,0.12372691159297555,0.014159020310872645,0.01762615048833885,0.2918666675914508,0.8865721667255806,1.0932818405440536,-0.13870493114433388
83,2,freq_bus4,4,0.15,True,False,0.9107047093830121,0.8618102597391454,0.9229459010186645,0.9962524170350926,0.0037475829649074362,155.12584675304618,1.8458918020373272,10.369409799575806,0.12372691159297555,0.014159020310872645,0.01762615048833885,0.2918666675914508,0.8865721667255806,1.0932818405440536,-0.13870493114433388
83,2,severe_bus7,7,0.2,True,False,0.9484996255559766,1.0,0.7955672868419548,0.9984312153819516,0.001568784618048455,181.05352201151933,1.5911345736839078,1.0334703922271729,0.12372691159297555,0.014159020310872645,0.01762615048833885,0.2918666675914508,0.8865721667255806,1.0932818405440536,-0.13870493114433388
84,2,angle_bus7,7,0.1,True,False,0.7469561038621471,1.0,0.47959380267399965,0.5082306127745884,0.4917693872254116,182.26321542448022,0.9591876053479975,0.6203162670135498,0.17670138787667214,0.02855475811133953,0.17922447774208086,0.025592665708667157,0.77683082910396,1.038342398668261,0.04814204145224704
84,2,angle_bus8,8,0.1,True,False,0.7469561038621471,1.0,0.47959380267399965,0.5082306127745884,0.4917693872254116,182.26321542448022,0.9591876053479975,0.3711421489715576,0.17670138787667214,0.02855475811133953,0.17922447774208086,0.025592665708667157,0.77683082910396,1.038342398668261,0.04814204145224704
84,2,voltage_bus9,9,0.1,True,False,0.7469561038621471,1.0,0.47959380267399965,0.5082306127745884,0.4917693872254116,182.26321542448022,0.9591876053479975,0.5669937133789062,0.17670138787667214,0.02855475811133953,0.17922447774208086,0.025592665708667157,0.77683082910396,1.038342398668261,0.04814204145224704
84,2,voltage_bus10,10,0.1,True,False,0.7469561038621471,1.0,0.47959380267399965,0.5082306127745884,0.4917693872254116,182.26321542448022,0.9591876053479975,0.3539102077484131,0.17670138787667214,0.02855475811133953,0.17922447774208086,0.025592665708667157,0.77683082910396,1.038342398668261,0.04814204145224704
84,2,freq_bus2,2,0.1,True,False,0.7469561038621471,1.0,0.47959380267399965,0.5082306127745884,0.4917693872254116,182.26321542448022,0.9591876053479975,0.6115062236785889,0.17670138787667214,0.02855475811133953,0.17922447774208086,0.025592665708667157,0.77683082910396,1.038342398668261,0.04814204145224704
84,2,freq_bus4,4,0.15,True,False,0.7469561038621471,1.0,0.47959380267399965,0.5082306127745884,0.4917693872254116,182.26321542448022,0.9591876053479975,0.36908864974975586,0.17670138787667214,0.02855475811133953,0.17922447774208086,0.025592665708667157,0.77683082910396,1.038342398668261,0.04814204145224704
84,2,severe_bus7,7,0.2,True,False,0.7469561038621471,1.0,0.47959380267399965,0.5082306127745884,0.4917693872254116,182.26321542448022,0.9591876053479975,0.6438624858856201,0.17670138787667214,0.02855475811133953,0.17922447774208086,0.025592665708667157,0.77683082910396,1.038342398668261,0.04814204145224704
85,2,angle_bus7,7,0.1,True,False,0.7657230464660172,1.0,0.5502911606355028,0.512601025228566,0.48739897477143407,181.8133108481949,1.100582321271002,0.631176233291626,0.13653130195465166,0.23409084508518585,0.2473289709672773,0.12031080590068916,0.9983240863343923,0.9049442286934342,-0.023120474999418272
85,2,angle_bus8,8,0.1,True,False,0.7657230464660172,1.0,0.5502911606355028,0.512601025228566,0.48739897477143407,181.8133108481949,1.100582321271002,0.5143394470214844,0.13653130195465166,0.23409084508518585,0.2473289709672773,0.12031080590068916,0.9983240863343923,0.9049442286934342,-0.023120474999418272
85,2,voltage_bus9,9,0.1,True,False,0.7657230464660172,1.0,0.5502911606355028,0.512601025228566,0.48739897477143407,181.8133108481949,1.100582321271002,0.7832963466644287,0.13653130195465166,0.23409084508518585,0.2473289709672773,0.12031080590068916,0.9983240863343923,0.9049442286934342,-0.023120474999418272
85,2,voltage_bus10,10,0.1,True,False,0.7657230464660172,1.0,0.5502911606355028,0.512601025228566,0.48739897477143407,181.8133108481949,1.100582321271002,0.5489025115966797,0.13653130195465166,0.23409084508518585,0.2473289709672773,0.12031080590068916,0.9983240863343923,0.9049442286934342,-0.023120474999418272
85,2,freq_bus2,2,0.1,True,False,0.7657230464660172,1.0,0.5502911606355028,0.512601025228566,0.48739897477143407,181.8133108481949,1.100582321271002,0.7472851276397705,0.13653130195465166,0.23409084508518585,0.2473289709672773,0.12031080590068916,0.9983240863343923,0.9049442286934342,-0.023120474999418272
85,2,freq_bus4,4,0.15,True,False,0.7657230464660172,1.0,0.5502911606355028,0.512601025228566,0.48739897477143407,181.8133108481949,1.100582321271002,0.5910611152648926,0.13653130195465166,0.23409084508518585,0.2473289709672773,0.12031080590068916,0.9983240863343923,0.9049442286934342,-0.023120474999418272
85,2,severe_bus7,7,0.2,True,False,0.7657230464660172,1.0,0.5502911606355028,0.512601025228566,0.48739897477143407,181.8133108481949,1.100582321271002,0.7792849540710449,0.13653130195465166,0.23409084508518585,0.2473289709672773,0.12031080590068916,0.9983240863343923,0.9049442286934342,-0.023120474999418272
86,2,angle_bus7,7,0.1,True,False,0.5178742580716977,0.38538490261555175,0.30370554202385236,0.9970216850318347,0.002978314968165261,69.36928247079932,0.607411084047702,6.884237289428711,0.2351334166916184,0.005092930056454791,0.23296630158768764,0.2582120396071794,1.0096732442381091,0.8657465237902161,-0.002486767480069124
86,2,angle_bus8,8,0.1,True,False,0.4541235360403062,0.29781799065532594,0.2241986895841528,0.9966594732664201,0.003340526733579876,53.60723831795867,0.44839737916830824,6.361639738082886,0.2351334166916184,0.005092930056454791,0.23296630158768764,0.2582120396071794,1.0096732442381091,0.8657465237902161,-0.002486767480069124
86,2,voltage_bus9,9,0.1,True,False,0.4527348504983778,0.29451187878907475,0.22603862478094783,0.9958770196344138,0.004122980365586265,53.01213818203345,0.45207724956189743,7.254224538803101,0.2351334166916184,0.005092930056454791,0.23296630158768764,0.2582120396071794,1.0096732442381091,0.8657465237902161,-0.002486767480069124
86,2,voltage_bus10,10,0.1,True,False,0.43679582363066805,0.28627975192239774,0.17823347127588463,0.9963903194019921,0.0036096805980079514,51.5303553460316,0.3564669425517719,6.2344207763671875,0.2351334166916184,0.005092930056454791,0.23296630158768764,0.2582120396071794,1.0096732442381091,0.8657465237902161,-0.002486767480069124
86,2,freq_bus2,2,0.1,True,False,0.5221034021652964,0.38857680709307263,0.31500043320525606,0.9962595612697842,0.003740438730215812,69.94382527675307,0.6300008664105139,6.515681028366089,0.2351334166916184,0.005092930056454791,0.23296630158768764,0.2582120396071794,1.0096732442381091,0.8657465237902161,-0.002486767480069124
86,2,freq_bus4,4,0.15,True,False,0.4437287393402712,0.28627975192239774,0.2062389139518075,0.9961165395644818,0.0038834604355182747,51.5303553460316,0.4124778279036123,7.02879786491394,0.2351334166916184,0.005092930056454791,0.23296630158768764,0.2582120396071794,1.0096732442381091,0.8657465237902161,-0.002486767480069124
86,2,severe_bus7,7,0.2,True,False,0.6547276759003341,0.54744200925188,0.5267208086341029,0.9973058764634736,0.0026941235365264132,98.5395616653384,1.0534416172682048,6.851209878921509,0.2351334166916184,0.005092930056454791,0.23296630158768764,0.2582120396071794,1.0096732442381091,0.8657465237902161,-0.002486767480069124
87,2,angle_bus7,7,0.1,True,False,0.7718303167494213,1.0,0.5517523469052996,0.5355689200923855,0.46443107990761445,180.9917340762767,1.103504693810602,0.3940613269805908,0.34479327597528464,0.03561088539694953,0.05233790940089752,0.1588028105685423,0.7236681913168026,1.0809221977487655,-0.11665527107654286
87,2,angle_bus8,8,0.1,True,False,0.7718303167494213,1.0,0.5517523469052996,0.5355689200923855,0.46443107990761445,180.9917340762767,1.103504693810602,0.6138007640838623,0.34479327597528464,0.03561088539694953,0.05233790940089752,0.1588028105685423,0.7236681913168026,1.0809221977487655,-0.11665527107654286
87,2,voltage_bus9,9,0.1,True,False,0.7718303167494213,1.0,0.5517523469052996,0.5355689200923855,0.46443107990761445,180.9917340762767,1.103504693810602,0.4906196594238281,0.34479327597528464,0.03561088539694953,0.05233790940089752,0.1588028105685423,0.7236681913168026,1.0809221977487655,-0.11665527107654286
87,2,voltage_bus10,10,0.1,True,False,0.7718303167494213,1.0,0.5517523469052996,0.5355689200923855,0.46443107990761445,180.9917340762767,1.103504693810602,0.6638598442077637,0.34479327597528464,0.03561088539694953,0.05233790940089752,0.1588028105685423,0.7236681913168026,1.0809221977487655,-0.11665527107654286
87,2,freq_bus2,2,0.1,True,False,0.7718303167494213,1.0,0.5517523469052996,0.5355689200923855,0.46443107990761445,180.9917340762767,1.103504693810602,0.3826937675476074,0.34479327597528464,0.03561088539694953,0.05233790940089752,0.1588028105685423,0.7236681913168026,1.0809221977487655,-0.11665527107654286
87,2,freq_bus4,4,0.15,True,False,0.7718303167494213,1.0,0.5517523469052996,0.5355689200923855,0.46443107990761445,180.9917340762767,1.103504693810602,0.6435096263885498,0.34479327597528464,0.03561088539694953,0.05233790940089752,0.1588028105685423,0.7236681913168026,1.0809221977487655,-0.11665527107654286
87,2,severe_bus7,7,0.2,True,False,0.7718303167494213,1.0,0.5517523469052996,0.5355689200923855,0.46443107990761445,180.9917340762767,1.103504693810602,0.418658971786499,0.34479327597528464,0.03561088539694953,0.05233790940089752,0.1588028105685423,0.7236681913168026,1.0809221977487655,-0.11665527107654286
88,2,angle_bus7,7,0.1,True,False,0.5112125326701362,0.348743898595463,0.3504147453483313,0.9969475881412877,0.0030524118587123253,62.773901747183345,0.7008294906966661,7.590795040130615,0.1689142425886456,0.1732775990696019,0.027890746621207437,0.28005433023981074,0.8605713105892725,0.7926027157159263,0.09669194290533076
88,2,angle_bus8,8,0.1,True,False,0.4739165152895932,0.27507638298789233,0.3488857075861951,0.9966275875963931,0.00337241240360691,49.513748937820615,0.6977714151723902,8.133593082427979,0.1689142425886456,0.1732775990696019,0.027890746621207437,0.28005433023981074,0.8605713105892725,0.7926027157159263,0.09669194290533076
88,2,voltage_bus9,9,0.1,True,False,0.47263143752601383,0.27323355311860287,0.3482218699559496,0.9958367739109,0.004163226089100017,49.18203956134852,0.6964437399118983,7.318041563034058,0.1689142425886456,0.1732775990696019,0.027890746621207437,0.28005433023981074,0.8605713105892725,0.7926027157159263,0.09669194290533076
88,2,voltage_bus10,10,0.1,True,False,0.4709901714113217,0.26821865270279893,0.3511674925388597,0.9963558877008293,0.003644112299170692,48.27935748650381,0.7023349850777194,7.524970531463623,0.1689142425886456,0.1732775990696019,0.027890746621207437,0.28005433023981074,0.8605713105892725,0.7926027157159263,0.09669194290533076
88,2,freq_bus2,2,0.1,True,False,0.5207053169102818,0.3685958170070771,0.34934470488,0.9962849287469729,0.0037150712530270593,66.34724706127388,0.6986894097600027,7.995673418045044,0.1689142425886456,0.1732775990696019,0.027890746621207437,0.28005433023981074,0.8605713105892725,0.7926027157159263,0.09669194290533076
88,2,freq_bus4,4,0.15,True,False,0.47062124639706515,0.26821865270279893,0.3499704562382391,0.9960772239444237,0.003922776055576392,48.27935748650381,0.6999409124764755,7.015210390090942,0.1689142425886456,0.1732775990696019,0.027890746621207437,0.28005433023981074,0.8605713105892725,0.7926027157159263,0.09669194290533076
88,2,severe_bus7,7,0.2,True,False,0.6076872341149452,0.4956619462611598,0.4422165517427956,0.9972084921946657,0.0027915078053343226,89.21915032700876,0.8844331034855912,7.247392416000366,0.1689142425886456,0.1732775990696019,0.027890746621207437,0.28005433023981074,0.8605713105892725,0.7926027157159263,0.09669194290533076
89,2,angle_bus7,7,0.1,True,False,0.5560317419476397,0.30622257969759925,0.6147958490336869,0.9968859593616736,0.003114040638326418,55.12006434556787,1.2295916980673738,2.9921958446502686,0.15083988154862393,0.0776978600910512,0.12721940582867866,0.24333860647956385,0.9320771243065475,0.7019148653897603,0.12893811395951774
89,2,angle_bus8,8,0.1,True,False,0.523590018426187,0.24184239349757683,0.6140338187819268,0.9966414679276677,0.003358532072332245,43.53163082956383,1.2280676375638544,2.9176437854766846,0.15083988154862393,0.0776978600910512,0.12721940582867866,0.24333860647956385,0.9320771243065475,0.7019148653897603,0.12893811395951774
89,2,voltage_bus9,9,0.1,True,False,0.5225856289330972,0.24064003710042017,0.6131962520965644,0.9958661894349844,0.004133810565015615,43.31520667807563,1.2263925041931323,3.4485251903533936,0.15083988154862393,0.0776978600910512,0.12721940582867866,0.24333860647956385,0.9320771243065475,0.7019148653897603,0.12893811395951774
89,2,voltage_bus10,10,0.1,True,False,0.5220059591517747,0.2373831590766882,0.6168898928987403,0.9963676255549825,0.003632374445017525,42.72896863380387,1.2337797857974842,2.8412070274353027,0.15083988154862393,0.0776978600910512,0.12721940582867866,0.24333860647956385,0.9320771243065475,0.7019148653897603,0.12893811395951774
89,2,freq_bus2,2,0.1,True,False,0.568334560505438,0.33219812130582055,0.6126661739284884,0.9962758254816222,0.0037241745183778487,59.795661835047696,1.2253323478569733,3.343881607055664,0.15083988154862393,0.0776978600910512,0.12721940582867866,0.24333860647956385,0.9320771243065475,0.7019148653897603,0.12893811395951774
89,2,freq_bus4,4,0.15,True,False,0.5214054769543583,0.2373831590766882,0.6147738245953605,0.9960817650686964,0.003918234931303664,42.72896863380387,1.229547649190721,3.012467384338379,0.15083988154862393,0.0776978600910512,0.12721940582867866,0.24333860647956385,0.9320771243065475,0.7019148653897603,0.12893811395951774
89,2,severe_bus7,7,0.2,True,False,0.6129041078486157,0.42328518600657766,0.6079572936769004,0.9970887657044072,0.0029112342955928258,76.19133348118397,1.2159145873538035,3.770359992980957,0.15083988154862393,0.0776978600910512,0.12721940582867866,0.24333860647956385,0.9320771243065475,0.7019148653897603,0.12893811395951774
90,2,angle_bus7,7,0.1,True,False,0.7621073469962942,0.7020904580120673,0.6469610812927584,0.9972873906682841,0.0027126093317158756,126.37628244217211,1.2939221625855168,10.039931535720825,0.03682861107177285,0.3304710060493026,0.0053181162139491105,0.25113707153076215,1.1133703927311145,0.8807195098369491,-0.12123455863186514
90,2,angle_bus8,8,0.1,True,False,0.6266878514421854,0.5339343626870077,0.4421662745005577,0.9967164058941688,0.003283594105831239,96.10818528366138,0.8843325490011189,11.961177110671997,0.03682861107177285,0.3304710060493026,0.0053181162139491105,0.25113707153076215,1.1133703927311145,0.8807195098369491,-0.12123455863186514
90,2,voltage_bus9,9,0.1,True,True,0.5653961845994195,0.48890999010271535,0.2879164973828523,0.9958482608093951,0.004151739190604861,88.00379821848877,0.5758329947657082,3.6357431411743164,0.03682861107177285,0.3304710060493026,0.0053181162139491105,0.25113707153076215,1.1133703927311145,0.8807195098369491,-0.12123455863186514
90,2,voltage_bus10,10,0.1,True,False,0.5842204885849022,0.4873213055733582,0.36588723503370346,0.9963521081591887,0.003647891840811257,87.71783500320447,0.7317744700674034,12.259232759475708,0.03682861107177285,0.3304710060493026,0.0053181162139491105,0.25113707153076215,1.1133703927311145,0.8807195098369491,-0.12123455863186514
90,2,freq_bus2,2,0.1,True,False,0.7705115317420049,0.7087252660388342,0.6682750591492912,0.9963205357410599,0.003679464258940022,127.57054788699017,1.3365501182985806,10.263673543930054,0.03682861107177285,0.3304710060493026,0.0053181162139491105,0.25113707153076215,1.1133703927311145,0.8807195098369491,-0.12123455863186514
90,2,freq_bus4,4,0.15,True,False,0.5891389944505123,0.4873213055733582,0.385872826325766,0.9960405403295668,0.003959459670433165,87.71783500320447,0.771745652651532,11.197339057922363,0.03682861107177285,0.3304710060493026,0.0053181162139491105,0.25113707153076215,1.1133703927311145,0.8807195098369491,-0.12123455863186514
90,2,severe_bus7,7,0.2,True,False,0.9117407719664207,1.0,0.6492942757488116,0.997668812116871,0.0023311878831290458,180.0495487456667,1.2985885514976214,2.4793787002563477,0.03682861107177285,0.3304710060493026,0.0053181162139491105,0.25113707153076215,1.1133703927311145,0.8807195098369491,-0.12123455863186514
91,2,angle_bus7,7,0.1,True,False,0.5208025569573248,0.3798146511604065,0.3265567880171574,0.9970241374913287,0.0029758625086712853,68.36663720887317,0.6531135760343121,7.378212213516235,0.07955089380607672,0.20564902939996965,0.037557183269581226,0.2633124205030881,0.8940781597811093,0.8137285844776165,0.09829915020226601
91,2,angle_bus8,8,0.1,True,False,0.4616196708083702,0.29902068182160185,0.25180747038855245,0.9966298492017246,0.0033701507982753795,53.82372272788833,0.503614940777104,8.453391313552856,0.07955089380607672,0.20564902939996965,0.037557183269581226,0.2633124205030881,0.8940781597811093,0.8137285844776165,0.09829915020226601
91,2,voltage_bus9,9,0.1,True,False,0.460522462149078,0.29655452853674624,0.2531577806810539,0.9958230108417657,0.004176989158234224,53.37981513661432,0.5063155613621051,7.975876092910767,0.07955089380607672,0.20564902939996965,0.037557183269581226,0.2633124205030881,0.8940781597811093,0.8137285844776165,0.09829915020226601
91,2,voltage_bus10,10,0.1,True,False,0.44969167177875663,0.2844117906478911,0.23359517368740867,0.9963479321318356,0.0036520678681644645,51.1941223166204,0.46719034737481735,8.751059532165527,0.07955089380607672,0.20564902939996965,0.037557183269581226,0.2633124205030881,0.8940781597811093,0.8137285844776165,0.09829915020226601
91,2,freq_bus2,2,0.1,True,False,0.5298387554517968,0.3958706224188894,0.33130187102443287,0.9963119059449757,0.0036880940550244015,71.25671203540008,0.6626037420488684,7.5139617919921875,0.07955089380607672,0.20564902939996965,0.037557183269581226,0.2633124205030881,0.8940781597811093,0.8137285844776165,0.09829915020226601
91,2,freq_bus4,4,0.15,True,False,0.4494595704861085,0.2844117906478911,0.2329488189149984,0.9960658817336533,0.003934118266346734,51.1941223166204,0.46589763782999505,7.990598201751709,0.07955089380607672,0.20564902939996965,0.037557183269581226,0.2633124205030881,0.8940781597811093,0.8137285844776165,0.09829915020226601
91,2,severe_bus7,7,0.2,True,False,0.6650926468852338,0.5595261895327349,0.543995094948194,0.9973231135272714,0.0026768864727285823,100.71471411589228,1.0879901898963906,7.08814549446106,0.07955089380607672,0.20564902939996965,0.037557183269581226,0.2633124205030881,0.8940781597811093,0.8137285844776165,0.09829915020226601
92,2,angle_bus7,7,0.1,True,False,0.9420296844377113,1.0,0.7705106588256143,0.9976080789252308,0.0023919210747691396,180.24540770531314,1.5410213176512277,1.3748555183410645,0.2548114163961355,0.2668407094816921,0.1442099067591676,0.1750375405262418,1.0895463505501706,0.8564372499843079,-0.08810092208511769
92,2,angle_bus8,8,0.1,True,False,0.7551437800811635,0.6873747225590154,0.6488974825474152,0.9969281926592078,0.003071807340792134,123.72745006062277,1.2977949650948295,9.431490421295166,0.2548114163961355,0.2668407094816921,0.1442099067591676,0.1750375405262418,1.0895463505501706,0.8564372499843079,-0.08810092208511769
92,2,voltage_bus9,9,0.1,True,False,0.9778590735709607,1.0,0.9114362942838454,0.9999999999999971,2.8455147521760916e-15,180.87349590745708,1.8228725885676944,1.2582671642303467,0.2548114163961355,0.2668407094816921,0.1442099067591676,0.1750375405262418,1.0895463505501706,0.8564372499843079,-0.08810092208511769
92,2,voltage_bus10,10,0.1,True,False,0.7068659306271373,0.6382181821684704,0.5545932021892881,0.9964341559823205,0.0035658440176795014,114.87927279032466,1.109186404378577,10.809753894805908,0.2548114163961355,0.2668407094816921,0.1442099067591676,0.1750375405262418,1.0895463505501706,0.8564372499843079,-0.08810092208511769
92,2,freq_bus2,2,0.1,True,False,0.9730537247780671,1.0,0.8922148991122683,1.0,-7.513109759286416e-14,180.8849514403816,1.7844297982245338,1.045544147491455,0.2548114163961355,0.2668407094816921,0.1442099067591676,0.1750375405262418,1.0895463505501706,0.8564372499843079,-0.08810092208511769
92,2,freq_bus4,4,0.15,True,False,0.7065688829244436,0.6295815341430898,0.5710317154650326,0.9960807479465625,0.003919252053437455,113.32467614575616,1.1420634309300626,10.734586000442505,0.2548114163961355,0.2668407094816921,0.1442099067591676,0.1750375405262418,1.0895463505501706,0.8564372499843079,-0.08810092208511769
92,2,severe_bus7,7,0.2,True,False,0.9383074949799964,1.0,0.7551925935916834,0.9980373863283022,0.001962613671697856,182.12437648430793,1.5103851871833696,0.8410344123840332,0.2548114163961355,0.2668407094816921,0.1442099067591676,0.1750375405262418,1.0895463505501706,0.8564372499843079,-0.08810092208511769
93,2,angle_bus7,7,0.1,True,False,0.7616832114113637,1.0,0.5402730411103533,0.5064598045351016,0.4935401954648983,181.41321722838046,1.0805460822207102,0.8960514068603516,0.35737539484077135,0.3506318684946622,0.13319272068745738,0.014079315506913855,1.0731499824385946,0.7770255514379744,-0.06134451231118304
93,2,angle_bus8,8,0.1,True,False,0.7616832114113637,1.0,0.5402730411103533,0.5064598045351016,0.4935401954648983,181.41321722838046,1.0805460822207102,0.7396857738494873,0.35737539484077135,0.3506318684946622,0.13319272068745738,0.014079315506913855,1.0731499824385946,0.7770255514379744,-0.06134451231118304
93,2,voltage_bus9,9,0.1,True,False,0.7616832114113637,1.0,0.5402730411103533,0.5064598045351016,0.4935401954648983,181.41321722838046,1.0805460822207102,0.9327874183654785,0.35737539484077135,0.3506318684946622,0.13319272068745738,0.014079315506913855,1.0731499824385946,0.7770255514379744,-0.06134451231118304
93,2,voltage_bus10,10,0.1,True,False,0.7616832114113637,1.0,0.5402730411103533,0.5064598045351016,0.4935401954648983,181.41321722838046,1.0805460822207102,0.6798686981201172,0.35737539484077135,0.3506318684946622,0.13319272068745738,0.014079315506913855,1.0731499824385946,0.7770255514379744,-0.06134451231118304
93,2,freq_bus2,2,0.1,True,False,0.7616832114113637,1.0,0.5402730411103533,0.5064598045351016,0.4935401954648983,181.41321722838046,1.0805460822207102,1.0160822868347168,0.35737539484077135,0.3506318684946622,0.13319272068745738,0.014079315506913855,1.0731499824385946,0.7770255514379744,-0.06134451231118304
93,2,freq_bus4,4,0.15,True,False,0.7616832114113637,1.0,0.5402730411103533,0.5064598045351016,0.4935401954648983,181.41321722838046,1.0805460822207102,0.7211523056030273,0.35737539484077135,0.3506318684946622,0.13319272068745738,0.014079315506913855,1.0731499824385946,0.7770255514379744,-0.06134451231118304
93,2,severe_bus7,7,0.2,True,False,0.7616832114113637,1.0,0.5402730411103533,0.5064598045351016,0.4935401954648983,181.41321722838046,1.0805460822207102,1.0737676620483398,0.35737539484077135,0.3506318684946622,0.13319272068745738,0.014079315506913855,1.0731499824385946,0.7770255514379744,-0.06134451231118304
94,2,angle_bus7,7,0.1,False,False,0.0,,,,,,,0.144179105758667,0.2640061720847916,0.10125437959162537,0.25352674000714065,0.02017257245324929,0.8375041955697867,1.139066952706814,0.07874444110348242
94,2,angle_bus8,8,0.1,False,False,0.0,,,,,,,0.4213447570800781,0.2640061720847916,0.10125437959162537,0.25352674000714065,0.02017257245324929,0.8375041955697867,1.139066952706814,0.07874444110348242
94,2,voltage_bus9,9,0.1,False,False,0.0,,,,,,,0.14361262321472168,0.2640061720847916,0.10125437959162537,0.25352674000714065,0.02017257245324929,0.8375041955697867,1.139066952706814,0.07874444110348242
94,2,voltage_bus10,10,0.1,False,False,0.0,,,,,,,0.12799715995788574,0.2640061720847916,0.10125437959162537,0.25352674000714065,0.02017257245324929,0.8375041955697867,1.139066952706814,0.07874444110348242
94,2,freq_bus2,2,0.1,False,False,0.0,,,,,,,0.3850064277648926,0.2640061720847916,0.10125437959162537,0.25352674000714065,0.02017257245324929,0.8375041955697867,1.139066952706814,0.07874444110348242
94,2,freq_bus4,4,0.15,False,False,0.0,,,,,,,0.1281437873840332,0.2640061720847916,0.10125437959162537,0.25352674000714065,0.02017257245324929,0.8375041955697867,1.139066952706814,0.07874444110348242
94,2,severe_bus7,7,0.2,False,False,0.0,,,,,,,0.38151121139526367,0.2640061720847916,0.10125437959162537,0.25352674000714065,0.02017257245324929,0.8375041955697867,1.139066952706814,0.07874444110348242
95,2,angle_bus7,7,0.1,True,False,0.9244447009194474,1.0,0.6997434780706122,0.9980353256071774,0.0019646743928225163,183.0505231716529,1.3994869561412226,1.1436355113983154,0.33856102497448753,0.319860637122918,0.20827757977500855,0.11151133336660109,0.7823763399218553,0.811129384322929,-0.10129747448715475
95,2,angle_bus8,8,0.1,True,False,0.9615429199697747,1.0,0.8461716798790988,1.0,-1.091511272726921e-15,181.2171381347179,1.6923433597581994,1.4511802196502686,0.33856102497448753,0.319860637122918,0.20827757977500855,0.11151133336660109,0.7823763399218553,0.811129384322929,-0.10129747448715475
95,2,voltage_bus9,9,0.1,True,False,0.9570390575003165,1.0,0.8281562300012659,1.0,-2.4962405269514206e-18,183.3105035190209,1.6563124600025292,1.135227918624878,0.33856102497448753,0.319860637122918,0.20827757977500855,0.11151133336660109,0.7823763399218553,0.811129384322929,-0.10129747448715475
95,2,voltage_bus10,10,0.1,True,False,0.9414702043746983,0.8870002883062412,0.9952743500832213,0.9966058908030899,0.003394109196910131,159.66005189512342,1.9905487001664435,10.888186931610107,0.33856102497448753,0.319860637122918,0.20827757977500855,0.11151133336660109,0.7823763399218553,0.811129384322929,-0.10129747448715475
95,2,freq_bus2,2,0.1,True,False,0.9493021153858434,1.0,0.7972084615433737,1.0,-7.242946015323935e-15,182.5412231006248,1.5944169230867455,1.0423097610473633,0.33856102497448753,0.319860637122918,0.20827757977500855,0.11151133336660109,0.7823763399218553,0.811129384322929,-0.10129747448715475
95,2,freq_bus4,4,0.15,True,False,0.9244590154774752,0.8697217743009419,0.962162427040937,0.9962300862670801,0.003769913732919904,156.54991937416955,1.9243248540818758,10.615232944488525,0.33856102497448753,0.319860637122918,0.20827757977500855,0.11151133336660109,0.7823763399218553,0.811129384322929,-0.10129747448715475
95,2,severe_bus7,7,0.2,True,False,0.9434117131296281,1.0,0.7752243800189582,0.9984224724995542,0.0015775275004457781,180.29235214596025,1.550448760037919,1.0411624908447266,0.33856102497448753,0.319860637122918,0.20827757977500855,0.11151133336660109,0.7823763399218553,0.811129384322929,-0.10129747448715475
96,2,angle_bus7,7,0.1,True,False,0.7340257509056487,0.6759565230899296,0.5869445261307646,0.9972454313119707,0.002754568688029225,121.67217415618732,1.1738890522615275,9.833207845687866,0.02305737564357114,0.364188833907791,0.23100168261254955,0.09146906605363304,0.9619516697918222,0.7141864299559502,-0.12848293313667986
96,2,angle_bus8,8,0.1,True,False,0.614008802162585,0.5209158840075991,0.41751380328044974,0.9966896373546922,0.003310362645307817,93.76485912136785,0.8350276065608986,9.698837280273438,0.02305737564357114,0.364188833907791,0.23100168261254955,0.09146906605363304,0.9619516697918222,0.7141864299559502,-0.12848293313667986
96,2,voltage_bus9,9,0.1,True,True,0.5548163392214279,0.4753282590251439,0.2727846953476245,0.9958241434877991,0.00417585651220089,85.5590866245259,0.5455693906952463,3.093240737915039,0.02305737564357114,0.364188833907791,0.23100168261254955,0.09146906605363304,0.9619516697918222,0.7141864299559502,-0.12848293313667986
96,2,voltage_bus10,10,0.1,True,False,0.573360184272443,0.47409062228073334,0.34891937211216373,0.9963401204161413,0.0036598795838587053,85.336312010532,0.6978387442243239,11.169762134552002,0.02305737564357114,0.364188833907791,0.23100168261254955,0.09146906605363304,0.9619516697918222,0.7141864299559502,-0.12848293313667986
96,2,freq_bus2,2,0.1,True,False,0.7406969491858468,0.6804596958961423,0.6055727963158191,0.9962956086352837,0.0037043913647162928,122.48274526130562,1.2111455926316372,8.752333879470825,0.02305737564357114,0.364188833907791,0.23100168261254955,0.09146906605363304,0.9619516697918222,0.7141864299559502,-0.12848293313667986
96,2,freq_bus4,4,0.15,True,False,0.5773672353552576,0.47409062228073334,0.3652527590135044,0.9960349378460593,0.003965062153940627,85.336312010532,0.7305055180270115,10.199031829833984,0.02305737564357114,0.364188833907791,0.23100168261254955,0.09146906605363304,0.9619516697918222,0.7141864299559502,-0.12848293313667986
96,2,severe_bus7,7,0.2,True,False,0.9066911558762286,1.0,0.6291351840588035,0.997629439446111,0.0023705605538889302,181.20051239387428,1.2582703681176088,1.3320512771606445,0.02305737564357114,0.364188833907791,0.23100168261254955,0.09146906605363304,0.9619516697918222,0.7141864299559502,-0.12848293313667986
97,2,angle_bus7,7,0.1,True,False,0.9313619766893224,1.0,0.7273547007178784,0.9980932060394112,0.0019067939605888174,183.28958236273797,1.4547094014357542,1.243288278579712,0.3687624619634966,0.05072437448993492,0.19201816354631293,0.07274288481164294,0.9420034294897952,0.8387927776064097,-0.014667174427852286
97,2,angle_bus8,8,0.1,True,False,0.8169037213447661,0.8502639195867139,0.5697162573316703,0.9973707888739664,0.00262921112603365,153.0475055256085,1.1394325146633388,2.862642765045166,0.3687624619634966,0.05072437448993492,0.19201816354631293,0.07274288481164294,0.9420034294897952,0.8387927776064097,-0.014667174427852286
97,2,voltage_bus9,9,0.1,True,False,0.9572018479522244,1.0,0.8288073918088976,1.0,-3.657174764791911e-18,182.66698225799945,1.657614783617798,1.326521396636963,0.3687624619634966,0.05072437448993492,0.19201816354631293,0.07274288481164294,0.9420034294897952,0.8387927776064097,-0.014667174427852286
97,2,voltage_bus10,10,0.1,True,False,0.9641006502224542,0.9298687734140463,1.0,0.9966650540617242,0.0033349459382757862,167.37637921452833,2.3028150730067543,8.79773211479187,0.3687624619634966,0.05072437448993492,0.19201816354631293,0.07274288481164294,0.9420034294897952,0.8387927776064097,-0.014667174427852286
97,2,freq_bus2,2,0.1,True,False,0.9573806714884805,1.0,0.829522685953922,1.0,-1.4846761057449752e-15,185.79521251889986,1.6590453719078413,0.993640661239624,0.3687624619634966,0.05072437448993492,0.19201816354631293,0.07274288481164294,0.9420034294897952,0.8387927776064097,-0.014667174427852286
97,2,freq_bus4,4,0.15,True,False,0.9530922477710326,0.9080424230942651,1.0,0.9962841448956004,0.0037158551043996323,163.44763615696772,2.1297899103756945,10.575381517410278,0.3687624619634966,0.05072437448993492,0.19201816354631293,0.07274288481164294,0.9420034294897952,0.8387927776064097,-0.014667174427852286
97,2,severe_bus7,7,0.2,True,False,0.9525010613936298,1.0,0.8115785592111706,0.9984256863633485,0.0015743136366515099,184.1233559917321,1.6231571184223403,0.9627516269683838,0.3687624619634966,0.05072437448993492,0.19201816354631293,0.07274288481164294,0.9420034294897952,0.8387927776064097,-0.014667174427852286
98,2,angle_bus7,7,0.1,True,False,0.933012902353047,0.8771225642241893,0.9802864508798876,0.9975200300839216,0.002479969916078373,157.8820615603541,1.9605729017597762,9.768037557601929,0.3271355377311795,0.14075191570687973,0.17231355381460306,0.0633360146825488,0.7378677799935878,0.7663086542078039,-0.05355254697797933
98,2,angle_bus8,8,0.1,True,False,0.7152127778994529,0.6380941165406969,0.5877933553254948,0.9968695231909231,0.003130476809076823,114.85694097732544,1.1755867106509932,10.4043710231781,0.3271355377311795,0.14075191570687973,0.17231355381460306,0.0633360146825488,0.7378677799935878,0.7663086542078039,-0.05355254697797933
98,2,voltage_bus9,9,0.1,True,False,0.9784118077286807,1.0,0.913647230914723,1.0,-1.5833091219196238e-13,181.03325665329018,1.827294461829445,1.7933378219604492,0.3271355377311795,0.14075191570687973,0.17231355381460306,0.0633360146825488,0.7378677799935878,0.7663086542078039,-0.05355254697797933
98,2,voltage_bus10,10,0.1,True,False,0.6710699957249572,0.5934898640668643,0.5008836733866282,0.9964165813794718,0.003583418620528228,106.82817553203559,1.001767346773259,10.473209381103516,0.3271355377311795,0.14075191570687973,0.17231355381460306,0.0633360146825488,0.7378677799935878,0.7663086542078039,-0.05355254697797933
98,2,freq_bus2,2,0.1,True,False,0.6639911187280663,0.6210126126935747,0.41744486747808907,0.9964943820470266,0.0035056179529733967,111.78227028484343,0.834889734956179,3.432382583618164,0.3271355377311795,0.14075191570687973,0.17231355381460306,0.0633360146825488,0.7378677799935878,0.7663086542078039,-0.05355254697797933
98,2,freq_bus4,4,0.15,True,False,0.6720904755618136,0.5864028316183708,0.5194854492898351,0.9960707897206775,0.0039292102793225,105.55250969130675,1.038970898579672,10.55433964729309,0.3271355377311795,0.14075191570687973,0.17231355381460306,0.0633360146825488,0.7378677799935878,0.7663086542078039,-0.05355254697797933
98,2,severe_bus7,7,0.2,True,False,0.9366928310665104,1.0,0.7488359382309007,0.9979353860351408,0.0020646139648591937,183.17925287660606,1.4976718764618013,1.2608118057250977,0.3271355377311795,0.14075191570687973,0.17231355381460306,0.0633360146825488,0.7378677799935878,0.7663086542078039,-0.05355254697797933
99,2,angle_bus7,7,0.1,True,False,0.7677836924813395,1.0,0.5528770647632086,0.5182577051621495,0.48174229483785047,181.51600311297085,1.1057541295264173,0.8308205604553223,0.10580885680683697,0.32033768087856823,0.2130296808507422,0.1280023258379984,1.140950939699354,0.9422419569825029,0.1441142741306086
99,2,angle_bus8,8,0.1,True,False,0.7677836924813395,1.0,0.5528770647632086,0.5182577051621495,0.48174229483785047,181.51600311297085,1.1057541295264173,0.4358692169189453,0.10580885680683697,0.32033768087856823,0.2130296808507422,0.1280023258379984,1.140950939699354,0.9422419569825029,0.1441142741306086
99,2,voltage_bus9,9,0.1,True,False,0.7677836924813395,1.0,0.5528770647632086,0.5182577051621495,0.48174229483785047,181.51600311297085,1.1057541295264173,0.7199616432189941,0.10580885680683697,0.32033768087856823,0.2130296808507422,0.1280023258379984,1.140950939699354,0.9422419569825029,0.1441142741306086
99,2,voltage_bus10,10,0.1,True,False,0.7677836924813395,1.0,0.5528770647632086,0.5182577051621495,0.48174229483785047,181.51600311297085,1.1057541295264173,0.5139122009277344,0.10580885680683697,0.32033768087856823,0.2130296808507422,0.1280023258379984,1.140950939699354,0.9422419569825029,0.1441142741306086
99,2,freq_bus2,2,0.1,True,False,0.7677836924813395,1.0,0.5528770647632086,0.5182577051621495,0.48174229483785047,181.51600311297085,1.1057541295264173,0.693366289138794,0.10580885680683697,0.32033768087856823,0.2130296808507422,0.1280023258379984,1.140950939699354,0.9422419569825029,0.1441142741306086
99,2,freq_bus4,4,0.15,True,False,0.7677836924813395,1.0,0.5528770647632086,0.5182577051621495,0.48174229483785047,181.51600311297085,1.1057541295264173,0.48893308639526367,0.10580885680683697,0.32033768087856823,0.2130296808507422,0.1280023258379984,1.140950939699354,0.9422419569825029,0.1441142741306086
99,2,severe_bus7,7,0.2,True,False,0.7677836924813395,1.0,0.5528770647632086,0.5182577051621495,0.48174229483785047,181.51600311297085,1.1057541295264173,0.7086038589477539,0.10580885680683697,0.32033768087856823,0.2130296808507422,0.1280023258379984,1.140950939699354,0.9422419569825029,0.1441142741306086
100,2,angle_bus7,7,0.1,True,False,0.7729812537333735,1.0,0.5642248706418904,0.5277001442916033,0.4722998557083967,184.7874186536875,1.1284497412837835,0.5721728801727295,0.21982163216023012,0.11890856003234265,0.1962792853883795,0.16652387183756126,0.7086327916528776,0.9865288421057605,-0.049545118655250076
100,2,angle_bus8,8,0.1,True,False,0.7729812537333735,1.0,0.5642248706418904,0.5277001442916033,0.4722998557083967,184.7874186536875,1.1284497412837835,0.8115122318267822,0.21982163216023012,0.11890856003234265,0.1962792853883795,0.16652387183756126,0.7086327916528776,0.9865288421057605,-0.049545118655250076
100,2,voltage_bus9,9,0.1,True,False,0.7729812537333735,1.0,0.5642248706418904,0.5277001442916033,0.4722998557083967,184.7874186536875,1.1284497412837835,0.5185275077819824,0.21982163216023012,0.11890856003234265,0.1962792853883795,0.16652387183756126,0.7086327916528776,0.9865288421057605,-0.049545118655250076
100,2,voltage_bus10,10,0.1,True,False,0.7729812537333735,1.0,0.5642248706418904,0.5277001442916033,0.4722998557083967,184.7874186536875,1.1284497412837835,0.5318777561187744,0.21982163216023012,0.11890856003234265,0.1962792853883795,0.16652387183756126,0.7086327916528776,0.9865288421057605,-0.049545118655250076
100,2,freq_bus2,2,0.1,True,False,0.7729812537333735,1.0,0.5642248706418904,0.5277001442916033,0.4722998557083967,184.7874186536875,1.1284497412837835,0.84810471534729,0.21982163216023012,0.11890856003234265,0.1962792853883795,0.16652387183756126,0.7086327916528776,0.9865288421057605,-0.049545118655250076
100,2,freq_bus4,4,0.15,True,False,0.7729812537333735,1.0,0.5642248706418904,0.5277001442916033,0.4722998557083967,184.7874186536875,1.1284497412837835,0.5075995922088623,0.21982163216023012,0.11890856003234265,0.1962792853883795,0.16652387183756126,0.7086327916528776,0.9865288421057605,-0.049545118655250076
100,2,severe_bus7,7,0.2,True,False,0.7729812537333735,1.0,0.5642248706418904,0.5277001442916033,0.4722998557083967,184.7874186536875,1.1284497412837835,0.76590895652771,0.21982163216023012,0.11890856003234265,0.1962792853883795,0.16652387183756126,0.7086327916528776,0.9865288421057605,-0.049545118655250076
101,2,angle_bus7,7,0.1,True,False,0.7488819369209783,1.0,0.4817117901918664,0.5138159574920464,0.48618404250795355,182.14034663502224,0.9634235803837354,0.34264564514160156,0.08132261046223987,0.18396892842661275,0.1619057132304474,0.04969361967444613,0.8527088265282979,0.9964157759622252,-0.07400617973814243
101,2,angle_bus8,8,0.1,True,False,0.7488819369209783,1.0,0.4817117901918664,0.5138159574920464,0.48618404250795355,182.14034663502224,0.9634235803837354,0.584791898727417,0.08132261046223987,0.18396892842661275,0.1619057132304474,0.04969361967444613,0.8527088265282979,0.9964157759622252,-0.07400617973814243
101,2,voltage_bus9,9,0.1,True,False,0.7488819369209783,1.0,0.4817117901918664,0.5138159574920464,0.48618404250795355,182.14034663502224,0.9634235803837354,0.3317265510559082,0.08132261046223987,0.18396892842661275,0.1619057132304474,0.04969361967444613,0.8527088265282979,0.9964157759622252,-0.07400617973814243
101,2,voltage_bus10,10,0.1,True,False,0.7488819369209783,1.0,0.4817117901918664,0.5138159574920464,0.48618404250795355,182.14034663502224,0.9634235803837354,0.6081802845001221,0.08132261046223987,0.18396892842661275,0.1619057132304474,0.04969361967444613,0.8527088265282979,0.9964157759622252,-0.07400617973814243
101,2,freq_bus2,2,0.1,True,False,0.7488819369209783,1.0,0.4817117901918664,0.5138159574920464,0.48618404250795355,182.14034663502224,0.9634235803837354,0.3305189609527588,0.08132261046223987,0.18396892842661275,0.1619057132304474,0.04969361967444613,0.8527088265282979,0.9964157759622252,-0.07400617973814243
101,2,freq_bus4,4,0.15,True,False,0.7488819369209783,1.0,0.4817117901918664,0.5138159574920464,0.48618404250795355,182.14034663502224,0.9634235803837354,0.6058239936828613,0.08132261046223987,0.18396892842661275,0.1619057132304474,0.04969361967444613,0.8527088265282979,0.9964157759622252,-0.07400617973814243
101,2,severe_bus7,7,0.2,True,False,0.7488819369209783,1.0,0.4817117901918664,0.5138159574920464,0.48618404250795355,182.14034663502224,0.9634235803837354,0.3335433006286621,0.08132261046223987,0.18396892842661275,0.1619057132304474,0.04969361967444613,0.8527088265282979,0.9964157759622252,-0.07400617973814243
102,2,angle_bus7,7,0.1,True,False,0.7603487614994149,1.0,0.5172041254863764,0.5241909205112834,0.4758090794887167,182.3260063160732,1.0344082509727537,0.4171164035797119,0.22546103117923702,0.34752160437048646,0.2982250322775181,0.11440489289817414,1.118313601411481,0.980065621601641,-0.03799919142716382
102,2,angle_bus8,8,0.1,True,False,0.7603487614994149,1.0,0.5172041254863764,0.5241909205112834,0.4758090794887167,182.3260063160732,1.0344082509727537,0.7648534774780273,0.22546103117923702,0.34752160437048646,0.2982250322775181,0.11440489289817414,1.118313601411481,0.980065621601641,-0.03799919142716382
102,2,voltage_bus9,9,0.1,True,False,0.7603487614994149,1.0,0.5172041254863764,0.5241909205112834,0.4758090794887167,182.3260063160732,1.0344082509727537,0.39369940757751465,0.22546103117923702,0.34752160437048646,0.2982250322775181,0.11440489289817414,1.118313601411481,0.980065621601641,-0.03799919142716382
102,2,voltage_bus10,10,0.1,True,False,0.7603487614994149,1.0,0.5172041254863764,0.5241909205112834,0.4758090794887167,182.3260063160732,1.0344082509727537,0.6780858039855957,0.22546103117923702,0.34752160437048646,0.2982250322775181,0.11440489289817414,1.118313601411481,0.980065621601641,-0.03799919142716382
102,2,freq_bus2,2,0.1,True,False,0.7603487614994149,1.0,0.5172041254863764,0.5241909205112834,0.4758090794887167,182.3260063160732,1.0344082509727537,0.44616150856018066,0.22546103117923702,0.34752160437048646,0.2982250322775181,0.11440489289817414,1.118313601411481,0.980065621601641,-0.03799919142716382
102,2,freq_bus4,4,0.15,True,False,0.7603487614994149,1.0,0.5172041254863764,0.5241909205112834,0.4758090794887167,182.3260063160732,1.0344082509727537,0.6530332565307617,0.22546103117923702,0.34752160437048646,0.2982250322775181,0.11440489289817414,1.118313601411481,0.980065621601641,-0.03799919142716382
102,2,severe_bus7,7,0.2,True,False,0.7603487614994149,1.0,0.5172041254863764,0.5241909205112834,0.4758090794887167,182.3260063160732,1.0344082509727537,0.3836181163787842,0.22546103117923702,0.34752160437048646,0.2982250322775181,0.11440489289817414,1.118313601411481,0.980065621601641,-0.03799919142716382
103,2,angle_bus7,7,0.1,True,False,0.9282647610419664,1.0,0.7152527545672314,0.9978062896006342,0.002193710399365807,181.07614939979305,1.430505509134461,1.482264757156372,0.05405566336243548,0.21853826755807304,0.00881501857157744,0.23767248994556942,0.7546314407540746,0.9596390821845162,0.021258512079485425
103,2,angle_bus8,8,0.1,True,False,0.7227675789461294,0.7097476415088229,0.47449043471720387,0.997084598049668,0.0029154019503319826,127.75457547158811,0.9489808694344104,2.94201397895813,0.05405566336243548,0.21853826755807304,0.00881501857157744,0.23767248994556942,0.7546314407540746,0.9596390821845162,0.021258512079485425
103,2,voltage_bus9,9,0.1,True,False,0.9729356813296857,1.0,0.8917427253187427,1.0,-1.2676360434784245e-11,181.56276751694554,1.7834854506374853,1.4500269889831543,0.05405566336243548,0.21853826755807304,0.00881501857157744,0.23767248994556942,0.7546314407540746,0.9596390821845162,0.021258512079485425
103,2,voltage_bus10,10,0.1,True,False,0.7853740786893971,0.7195716237165398,0.705848684660829,0.9965043826636797,0.003495617336320291,129.52289226897716,1.4116973693216606,10.974117279052734,0.05405566336243548,0.21853826755807304,0.00881501857157744,0.23767248994556942,0.7546314407540746,0.9596390821845162,0.021258512079485425
103,2,freq_bus2,2,0.1,True,False,0.9614277341933279,1.0,0.8457109367733118,1.0,-7.467546853187216e-17,180.1301355704448,1.6914218735466235,1.4185893535614014,0.05405566336243548,0.21853826755807304,0.00881501857157744,0.23767248994556942,0.7546314407540746,0.9596390821845162,0.021258512079485425
103,2,freq_bus4,4,0.15,True,False,0.7834194637593545,0.7097915352939121,0.7179550464527438,0.9961397379968498,0.0038602620031501986,127.76247635290419,1.4359100929054858,10.98368763923645,0.05405566336243548,0.21853826755807304,0.00881501857157744,0.23767248994556942,0.7546314407540746,0.9596390821845162,0.021258512079485425
103,2,severe_bus7,7,0.2,True,False,0.9506273142875594,1.0,0.8042831496029024,0.9982261075473351,0.001773892452664891,185.1260851400119,1.6085662992058047,1.255211353302002,0.05405566336243548,0.21853826755807304,0.00881501857157744,0.23767248994556942,0.7546314407540746,0.9596390821845162,0.021258512079485425
104,2,angle_bus7,7,0.1,True,False,0.7443202013019321,1.0,0.4686215675259362,0.5086592376817923,0.49134076231820767,184.50357599567894,0.9372431350518751,0.7233147621154785,0.39715279917662066,0.3784638660480794,0.06663382452250984,0.1048413898774767,0.800626801646902,1.0355352834519715,0.14209963550529617
104,2,angle_bus8,8,0.1,True,False,0.7443202013019321,1.0,0.4686215675259362,0.5086592376817923,0.49134076231820767,184.50357599567894,0.9372431350518751,0.33850646018981934,0.39715279917662066,0.3784638660480794,0.06663382452250984,0.1048413898774767,0.800626801646902,1.0355352834519715,0.14209963550529617
104,2,voltage_bus9,9,0.1,True,False,0.7443202013019321,1.0,0.4686215675259362,0.5086592376817923,0.49134076231820767,184.50357599567894,0.9372431350518751,0.6587562561035156,0.39715279917662066,0.3784638660480794,0.06663382452250984,0.1048413898774767,0.800626801646902,1.0355352834519715,0.14209963550529617
104,2,voltage_bus10,10,0.1,True,False,0.7443202013019321,1.0,0.4686215675259362,0.5086592376817923,0.49134076231820767,184.50357599567894,0.9372431350518751,0.40250611305236816,0.39715279917662066,0.3784638660480794,0.06663382452250984,0.1048413898774767,0.800626801646902,1.0355352834519715,0.14209963550529617
104,2,freq_bus2,2,0.1,True,False,0.7443202013019321,1.0,0.4686215675259362,0.5086592376817923,0.49134076231820767,184.50357599567894,0.9372431350518751,0.6622345447540283,0.39715279917662066,0.3784638660480794,0.06663382452250984,0.1048413898774767,0.800626801646902,1.0355352834519715,0.14209963550529617
104,2,freq_bus4,4,0.15,True,False,0.7443202013019321,1.0,0.4686215675259362,0.5086592376817923,0.49134076231820767,184.50357599567894,0.9372431350518751,0.45099663734436035,0.39715279917662066,0.3784638660480794,0.06663382452250984,0.1048413898774767,0.800626801646902,1.0355352834519715,0.14209963550529617
104,2,severe_bus7,7,0.2,True,False,0.7443202013019321,1.0,0.4686215675259362,0.5086592376817923,0.49134076231820767,184.50357599567894,0.9372431350518751,0.6461186408996582,0.39715279917662066,0.3784638660480794,0.06663382452250984,0.1048413898774767,0.800626801646902,1.0355352834519715,0.14209963550529617
105,2,angle_bus7,7,0.1,True,False,0.7741127740601126,1.0,0.5804093577890619,0.5160417384513887,0.48395826154861127,184.22588903959883,1.1608187155781247,0.7184591293334961,0.014088561838890288,0.24319285473200494,0.1545477715737598,0.20761506677285962,0.8180740798334999,1.0164061943998606,0.12111651279883343
105,2,angle_bus8,8,0.1,True,False,0.7741127740601126,1.0,0.5804093577890619,0.5160417384513887,0.48395826154861127,184.22588903959883,1.1608187155781247,0.6820557117462158,0.014088561838890288,0.24319285473200494,0.1545477715737598,0.20761506677285962,0.8180740798334999,1.0164061943998606,0.12111651279883343
105,2,voltage_bus9,9,0.1,True,False,0.7741127740601126,1.0,0.5804093577890619,0.5160417384513887,0.48395826154861127,184.22588903959883,1.1608187155781247,0.9668829441070557,0.014088561838890288,0.24319285473200494,0.1545477715737598,0.20761506677285962,0.8180740798334999,1.0164061943998606,0.12111651279883343
105,2,voltage_bus10,10,0.1,True,False,0.7741127740601126,1.0,0.5804093577890619,0.5160417384513887,0.48395826154861127,184.22588903959883,1.1608187155781247,0.6599082946777344,0.014088561838890288,0.24319285473200494,0.1545477715737598,0.20761506677285962,0.8180740798334999,1.0164061943998606,0.12111651279883343
105,2,freq_bus2,2,0.1,True,False,0.7741127740601126,1.0,0.5804093577890619,0.5160417384513887,0.48395826154861127,184.22588903959883,1.1608187155781247,0.9170467853546143,0.014088561838890288,0.24319285473200494,0.1545477715737598,0.20761506677285962,0.8180740798334999,1.0164061943998606,0.12111651279883343
105,2,freq_bus4,4,0.15,True,False,0.7741127740601126,1.0,0.5804093577890619,0.5160417384513887,0.48395826154861127,184.22588903959883,1.1608187155781247,0.694068431854248,0.014088561838890288,0.24319285473200494,0.1545477715737598,0.20761506677285962,0.8180740798334999,1.0164061943998606,0.12111651279883343
105,2,severe_bus7,7,0.2,True,False,0.7741127740601126,1.0,0.5804093577890619,0.5160417384513887,0.48395826154861127,184.22588903959883,1.1608187155781247,0.8982794284820557,0.014088561838890288,0.24319285473200494,0.1545477715737598,0.20761506677285962,0.8180740798334999,1.0164061943998606,0.12111651279883343
106,3,angle_bus7,7,0.1,True,False,0.9216268799262034,1.0,0.6881253607922062,0.9983821589126073,0.0016178410873926685,182.49649993713473,1.3762507215844089,1.2554521560668945,0.0022604395144403665,0.1956112156024795,0.05356051560066463,0.0022697397820547706,0.7664405048362639,0.7452742485440864,-0.09570854776492764
106,3,angle_bus8,8,0.1,True,False,0.8967520404877246,0.9786145597635252,0.6322459343916229,0.9975331080322252,0.0024668919677748,176.15062075743452,1.264491868783244,3.842846632003784,0.0022604395144403665,0.1956112156024795,0.05356051560066463,0.0022697397820547706,0.7664405048362639,0.7452742485440864,-0.09570854776492764
106,3,voltage_bus9,9,0.1,True,False,0.9234413339485856,1.0,0.6937653357943425,1.0,-2.4371378403071926e-11,181.74470538621398,1.387530671588686,1.4372611045837402,0.0022604395144403665,0.1956112156024795,0.05356051560066463,0.0022697397820547706,0.7664405048362639,0.7452742485440864,-0.09570854776492764
106,3,voltage_bus10,10,0.1,True,False,0.9055269045122857,1.0,0.6254515178699158,0.9966561001792269,0.0033438998207730745,180.0158626335613,1.2509030357398343,1.2584123611450195,0.0022604395144403665,0.1956112156024795,0.05356051560066463,0.0022697397820547706,0.7664405048362639,0.7452742485440864,-0.09570854776492764
106,3,freq_bus2,2,0.1,True,False,0.9294329648545173,1.0,0.7204987923561994,0.9972330670618699,0.0027669329381300803,182.4016180132031,1.440997584712398,1.4415414333343506,0.0022604395144403665,0.1956112156024795,0.05356051560066463,0.0022697397820547706,0.7664405048362639,0.7452742485440864,-0.09570854776492764
106,3,freq_bus4,4,0.15,True,False,0.9099933175202076,1.0,0.6437212384034225,0.9962520316774078,0.0037479683225921418,180.08312449650842,1.287442476806846,1.1482150554656982,0.0022604395144403665,0.1956112156024795,0.05356051560066463,0.0022697397820547706,0.7664405048362639,0.7452742485440864,-0.09570854776492764
106,3,severe_bus7,7,0.2,True,False,0.9229672722763225,1.0,0.6934754792843165,0.9983936098209731,0.0016063901790269051,183.1722538675432,1.3869509585686313,1.3558282852172852,0.0022604395144403665,0.1956112156024795,0.05356051560066463,0.0022697397820547706,0.7664405048362639,0.7452742485440864,-0.09570854776492764
107,3,angle_bus7,7,0.1,True,False,0.7261656755347135,0.6552259178066115,0.5969567155406388,0.9972541509849918,0.0027458490150081756,117.94066520519007,1.193913431081275,11.32649302482605,0.2921393569472305,0.048718863673244545,0.034122105465783245,0.03471901481825564,1.0945738938754532,0.7265065173990924,0.11382928790046878
107,3,angle_bus8,8,0.1,True,False,0.5986723259051987,0.4932437024939976,0.4115282305804051,0.9966736680523945,0.00332633194760543,88.78386644891957,0.8230564611608093,12.08487057685852,0.2921393569472305,0.048718863673244545,0.034122105465783245,0.03471901481825564,1.0945738938754532,0.7265065173990924,0.11382928790046878
107,3,voltage_bus9,9,0.1,True,True,0.5488165077214899,0.4603371366865719,0.27878762978709304,0.9958041277257228,0.0041958722742772275,82.86068460358294,0.5575752595741879,4.100738763809204,0.2921393569472305,0.048718863673244545,0.034122105465783245,0.03471901481825564,1.0945738938754532,0.7265065173990924,0.11382928790046878
107,3,voltage_bus10,10,0.1,True,False,0.566694486480033,0.4558393496490626,0.35882221289494254,0.9962770337270639,0.0037229662729360725,82.05108293683126,0.7176444257898851,13.254958391189575,0.2921393569472305,0.048718863673244545,0.034122105465783245,0.03471901481825564,1.0945738938754532,0.7265065173990924,0.11382928790046878
107,3,freq_bus2,2,0.1,True,False,0.7339338724238869,0.6613097104519046,0.6167974874019286,0.9963185813898098,0.0036814186101902183,119.03574788134283,1.2335949748038555,11.676830530166626,0.2921393569472305,0.048718863673244545,0.034122105465783245,0.03471901481825564,1.0945738938754532,0.7265065173990924,0.11382928790046878
107,3,freq_bus4,4,0.15,True,False,0.57195235528758,0.4558393496490626,0.3801782665413782,0.9959524553108168,0.004047544689183202,82.05108293683126,0.76035653308276,12.389365196228027,0.2921393569472305,0.048718863673244545,0.034122105465783245,0.03471901481825564,1.0945738938754532,0.7265065173990924,0.11382928790046878
107,3,severe_bus7,7,0.2,True,False,0.9149429819637654,1.0,0.662143139878431,0.9976287879766309,0.0023712120233690716,180.02324036333587,1.324286279756861,1.6899235248565674,0.2921393569472305,0.048718863673244545,0.034122105465783245,0.03471901481825564,1.0945738938754532,0.7265065173990924,0.11382928790046878
108,3,angle_bus7,7,0.1,True,False,0.923644314616161,1.0,0.6968156222893356,0.9977616361753083,0.002238363824691713,180.12329270790732,1.3936312445786747,1.2500154972076416,0.0955658580117267,0.06772761278215224,0.09334061409738124,0.14202137057921868,0.9719391493150834,0.8728937755098767,0.10681434194935971
108,3,angle_bus8,8,0.1,True,False,0.720277229514076,0.7079170292027469,0.4682611588156931,0.997013700835117,0.002986299164883031,127.42506525649445,0.9365223176313897,3.0361380577087402,0.0955658580117267,0.06772761278215224,0.09334061409738124,0.14202137057921868,0.9719391493150834,0.8728937755098767,0.10681434194935971
108,3,voltage_bus9,9,0.1,True,False,0.9711252867458384,1.0,0.8845011469833537,1.0,-3.5628490475726774e-16,180.95155670740147,1.7690022939667083,1.4296610355377197,0.0955658580117267,0.06772761278215224,0.09334061409738124,0.14202137057921868,0.9719391493150834,0.8728937755098767,0.10681434194935971
108,3,voltage_bus10,10,0.1,True,False,0.7778058699136674,0.7168003851870419,0.6812113717082688,0.9964113375723168,0.003588662427683231,129.02406933366754,1.362422743416536,11.09527587890625,0.0955658580117267,0.06772761278215224,0.09334061409738124,0.14202137057921868,0.9719391493150834,0.8728937755098767,0.10681434194935971
108,3,freq_bus2,2,0.1,True,False,0.9664144885460866,1.0,0.8656579541843463,1.0,-2.3563504511700054e-13,182.769300884279,1.7313159083686935,1.229198694229126,0.0955658580117267,0.06772761278215224,0.09334061409738124,0.14202137057921868,0.9719391493150834,0.8728937755098767,0.10681434194935971
108,3,freq_bus4,4,0.15,True,False,0.7760375902695886,0.70655069909742,0.6950222019459709,0.9960267609375439,0.0039732390624560975,127.1791258375356,1.3900444038919435,12.15939450263977,0.0955658580117267,0.06772761278215224,0.09334061409738124,0.14202137057921868,0.9719391493150834,0.8728937755098767,0.10681434194935971
108,3,severe_bus7,7,0.2,True,False,0.950507708792989,1.0,0.8038340669708468,0.9981967682011089,0.0018032317988910965,185.71397734418457,1.6076681339416954,0.9869577884674072,0.0955658580117267,0.06772761278215224,0.09334061409738124,0.14202137057921868,0.9719391493150834,0.8728937755098767,0.10681434194935971
109,3,angle_bus7,7,0.1,True,False,0.658755339164255,0.5799522968924153,0.47798846200077705,0.9971283008714121,0.0028716991285878996,104.39141344063476,0.9559769240015559,12.161186218261719,0.11645474031870132,0.08029301975605098,0.11330159159008352,0.1441621237719468,1.0240603145366654,0.7847493887080708,0.0371714717565958
109,3,angle_bus8,8,0.1,True,False,0.5600076656251627,0.4455538271232626,0.35230275993355065,0.9966202483205748,0.003379751679425156,80.19968888218726,0.7046055198671031,11.63089370727539,0.11645474031870132,0.08029301975605098,0.11330159159008352,0.1441621237719468,1.0240603145366654,0.7847493887080708,0.0371714717565958
109,3,voltage_bus9,9,0.1,True,False,0.5572921634246921,0.4422920112161509,0.34881635133804423,0.9957682799284224,0.0042317200715775456,79.61256201890717,0.6976327026760876,11.600960969924927,0.11645474031870132,0.08029301975605098,0.11330159159008352,0.1441621237719468,1.0240603145366654,0.7847493887080708,0.0371714717565958
109,3,voltage_bus10,10,0.1,True,False,0.5221417920897775,0.40486823523736026,0.2825637678312134,0.996266930053176,0.0037330699468240023,72.87628234272485,0.5651275356624286,12.670492172241211,0.11645474031870132,0.08029301975605098,0.11330159159008352,0.1441621237719468,1.0240603145366654,0.7847493887080708,0.0371714717565958
109,3,freq_bus2,2,0.1,True,False,0.6642441501033143,0.5845015626522945,0.4917526840275528,0.9962207910811154,0.003779208918884657,105.210281277413,0.983505368055102,11.3958261013031,0.11645474031870132,0.08029301975605098,0.11330159159008352,0.1441621237719468,1.0240603145366654,0.7847493887080708,0.0371714717565958
109,3,freq_bus4,4,0.15,True,False,0.5268543361133095,0.40486823523736026,0.30172026501288585,0.9959606089656314,0.004039391034368561,72.87628234272485,0.6034405300257717,11.56637954711914,0.11645474031870132,0.08029301975605098,0.11330159159008352,0.1441621237719468,1.0240603145366654,0.7847493887080708,0.0371714717565958
109,3,severe_bus7,7,0.2,True,False,0.9448441794888908,0.9016245681127555,0.9786511045228288,0.9974764772072233,0.0025235227927767273,162.29242226029598,1.9573022090456593,8.00680422782898,0.11645474031870132,0.08029301975605098,0.11330159159008352,0.1441621237719468,1.0240603145366654,0.7847493887080708,0.0371714717565958
110,3,angle_bus7,7,0.1,True,False,0.7609204258227142,1.0,0.5372355668935924,0.5064461363972648,0.4935538636027352,182.69235318226572,1.0744711337871848,1.1598117351531982,0.06845710507932452,0.38316951046757547,0.2869142838306914,0.07524367700674342,1.0675844647209458,0.8308323283071077,0.05647833141543146
110,3,angle_bus8,8,0.1,True,False,0.7609204258227142,1.0,0.5372355668935924,0.5064461363972648,0.4935538636027352,182.69235318226572,1.0744711337871848,0.8182590007781982,0.06845710507932452,0.38316951046757547,0.2869142838306914,0.07524367700674342,1.0675844647209458,0.8308323283071077,0.05647833141543146
110,3,voltage_bus9,9,0.1,True,False,0.7609204258227142,1.0,0.5372355668935924,0.5064461363972648,0.4935538636027352,182.69235318226572,1.0744711337871848,0.9324278831481934,0.06845710507932452,0.38316951046757547,0.2869142838306914,0.07524367700674342,1.0675844647209458,0.8308323283071077,0.05647833141543146
110,3,voltage_bus10,10,0.1,True,False,0.7609204258227142,1.0,0.5372355668935924,0.5064461363972648,0.4935538636027352,182.69235318226572,1.0744711337871848,0.6021866798400879,0.06845710507932452,0.38316951046757547,0.2869142838306914,0.07524367700674342,1.0675844647209458,0.8308323283071077,0.05647833141543146
110,3,freq_bus2,2,0.1,True,False,0.7609204258227142,1.0,0.5372355668935924,0.5064461363972648,0.4935538636027352,182.69235318226572,1.0744711337871848,0.899611234664917,0.06845710507932452,0.38316951046757547,0.2869142838306914,0.07524367700674342,1.0675844647209458,0.8308323283071077,0.05647833141543146
110,3,freq_bus4,4,0.15,True,False,0.7609204258227142,1.0,0.5372355668935924,0.5064461363972648,0.4935538636027352,182.69235318226572,1.0744711337871848,0.6770265102386475,0.06845710507932452,0.38316951046757547,0.2869142838306914,0.07524367700674342,1.0675844647209458,0.8308323283071077,0.05647833141543146
110,3,severe_bus7,7,0.2,True,False,0.7609204258227142,1.0,0.5372355668935924,0.5064461363972648,0.4935538636027352,182.69235318226572,1.0744711337871848,0.8841333389282227,0.06845710507932452,0.38316951046757547,0.2869142838306914,0.07524367700674342,1.0675844647209458,0.8308323283071077,0.05647833141543146
111,3,angle_bus7,7,0.1,True,False,0.7250349154512908,0.6614646895618409,0.5799802692893437,0.997230013392138,0.0027699866078620006,119.06364412113136,1.1599605385786882,9.27109146118164,0.18810528640915714,0.25870078494664533,0.0714322130533055,0.2982981798821184,0.9512145925598217,0.9538320409126861,0.08375491352956621
111,3,angle_bus8,8,0.1,True,False,0.6059441066200121,0.5084801119063863,0.410167685513791,0.9966485171534847,0.003351482846515364,91.52642014314954,0.8203353710275785,10.671596050262451,0.18810528640915714,0.25870078494664533,0.0714322130533055,0.2982981798821184,0.9512145925598217,0.9538320409126861,0.08375491352956621
111,3,voltage_bus9,9,0.1,True,False,0.9862086203064937,1.0,0.9448344812259748,1.0,1.8612947242017618e-18,180.1006715535834,1.8896689624519514,1.8664212226867676,0.18810528640915714,0.25870078494664533,0.0714322130533055,0.2982981798821184,0.9512145925598217,0.9538320409126861,0.08375491352956621
111,3,voltage_bus10,10,0.1,True,False,0.5679765558084636,0.4643711917105305,0.3469027853751996,0.9962610544375939,0.0037389455624060753,83.58681450789548,0.6938055707503965,11.028866052627563,0.18810528640915714,0.25870078494664533,0.0714322130533055,0.2982981798821184,0.9512145925598217,0.9538320409126861,0.08375491352956621
111,3,freq_bus2,2,0.1,True,False,0.7317464700735817,0.6654989993883195,0.5996946882599232,0.9962931932577647,0.0037068067422352962,119.7898198898975,1.1993893765198482,8.818628072738647,0.18810528640915714,0.25870078494664533,0.0714322130533055,0.2982981798821184,0.9512145925598217,0.9538320409126861,0.08375491352956621
111,3,freq_bus4,4,0.15,True,False,0.572568273918444,0.4643711917105305,0.3655851392496743,0.9959455730030409,0.0040544269969591635,83.58681450789548,0.7311702784993468,10.834234476089478,0.18810528640915714,0.25870078494664533,0.0714322130533055,0.2982981798821184,0.9512145925598217,0.9538320409126861,0.08375491352956621
111,3,severe_bus7,7,0.2,True,False,0.9113772580535441,1.0,0.647899287645398,0.9976097445687783,0.002390255431221698,181.4241527349357,1.2957985752907986,1.5899546146392822,0.18810528640915714,0.25870078494664533,0.0714322130533055,0.2982981798821184,0.9512145925598217,0.9538320409126861,0.08375491352956621
112,3,angle_bus7,7,0.1,True,False,0.7706063592113802,1.0,0.5514287419497208,0.5309966948958,0.4690033051041999,180.18669200251898,1.1028574838994443,0.6051318645477295,0.2729973489799775,0.09687633358617959,0.278758051489536,0.218964267318774,0.9093908682359104,1.0680063088307845,0.00988128372018765
112,3,angle_bus8,8,0.1,True,False,0.7706063592113802,1.0,0.5514287419497208,0.5309966948958,0.4690033051041999,180.18669200251898,1.1028574838994443,0.8626375198364258,0.2729973489799775,0.09687633358617959,0.278758051489536,0.218964267318774,0.9093908682359104,1.0680063088307845,0.00988128372018765
112,3,voltage_bus9,9,0.1,True,False,0.7706063592113802,1.0,0.5514287419497208,0.5309966948958,0.4690033051041999,180.18669200251898,1.1028574838994443,0.6705832481384277,0.2729973489799775,0.09687633358617959,0.278758051489536,0.218964267318774,0.9093908682359104,1.0680063088307845,0.00988128372018765
112,3,voltage_bus10,10,0.1,True,False,0.7706063592113802,1.0,0.5514287419497208,0.5309966948958,0.4690033051041999,180.18669200251898,1.1028574838994443,0.850830078125,0.2729973489799775,0.09687633358617959,0.278758051489536,0.218964267318774,0.9093908682359104,1.0680063088307845,0.00988128372018765
112,3,freq_bus2,2,0.1,True,False,0.7706063592113802,1.0,0.5514287419497208,0.5309966948958,0.4690033051041999,180.18669200251898,1.1028574838994443,0.6256129741668701,0.2729973489799775,0.09687633358617959,0.278758051489536,0.218964267318774,0.9093908682359104,1.0680063088307845,0.00988128372018765
112,3,freq_bus4,4,0.15,True,False,0.7706063592113802,1.0,0.5514287419497208,0.5309966948958,0.4690033051041999,180.18669200251898,1.1028574838994443,0.8395185470581055,0.2729973489799775,0.09687633358617959,0.278758051489536,0.218964267318774,0.9093908682359104,1.0680063088307845,0.00988128372018765
112,3,severe_bus7,7,0.2,True,False,0.7706063592113802,1.0,0.5514287419497208,0.5309966948958,0.4690033051041999,180.18669200251898,1.1028574838994443,0.6515085697174072,0.2729973489799775,0.09687633358617959,0.278758051489536,0.218964267318774,0.9093908682359104,1.0680063088307845,0.00988128372018765
113,3,angle_bus7,7,0.1,True,False,0.7616468344443263,1.0,0.5150634091670874,0.5315239286102182,0.4684760713897818,183.8333898356515,1.0301268183341739,0.6261155605316162,0.2886024751639069,0.2280009179752489,0.22494478297686743,0.18909806716873395,0.8725204278633396,1.1308168894904536,0.03914453226733525
113,3,angle_bus8,8,0.1,True,False,0.7616468344443263,1.0,0.5150634091670874,0.5315239286102182,0.4684760713897818,183.8333898356515,1.0301268183341739,0.41089510917663574,0.2886024751639069,0.2280009179752489,0.22494478297686743,0.18909806716873395,0.8725204278633396,1.1308168894904536,0.03914453226733525
113,3,voltage_bus9,9,0.1,True,False,0.7616468344443263,1.0,0.5150634091670874,0.5315239286102182,0.4684760713897818,183.8333898356515,1.0301268183341739,0.6252453327178955,0.2886024751639069,0.2280009179752489,0.22494478297686743,0.18909806716873395,0.8725204278633396,1.1308168894904536,0.03914453226733525
113,3,voltage_bus10,10,0.1,True,False,0.7616468344443263,1.0,0.5150634091670874,0.5315239286102182,0.4684760713897818,183.8333898356515,1.0301268183341739,0.39873719215393066,0.2886024751639069,0.2280009179752489,0.22494478297686743,0.18909806716873395,0.8725204278633396,1.1308168894904536,0.03914453226733525
113,3,freq_bus2,2,0.1,True,False,0.7616468344443263,1.0,0.5150634091670874,0.5315239286102182,0.4684760713897818,183.8333898356515,1.0301268183341739,0.6414248943328857,0.2886024751639069,0.2280009179752489,0.22494478297686743,0.18909806716873395,0.8725204278633396,1.1308168894904536,0.03914453226733525
113,3,freq_bus4,4,0.15,True,False,0.7616468344443263,1.0,0.5150634091670874,0.5315239286102182,0.4684760713897818,183.8333898356515,1.0301268183341739,0.39392948150634766,0.2886024751639069,0.2280009179752489,0.22494478297686743,0.18909806716873395,0.8725204278633396,1.1308168894904536,0.03914453226733525
113,3,severe_bus7,7,0.2,True,False,0.7616468344443263,1.0,0.5150634091670874,0.5315239286102182,0.4684760713897818,183.8333898356515,1.0301268183341739,0.6592621803283691,0.2886024751639069,0.2280009179752489,0.22494478297686743,0.18909806716873395,0.8725204278633396,1.1308168894904536,0.03914453226733525
114,3,angle_bus7,7,0.1,True,False,0.7660214773253295,1.0,0.5517978150651857,0.5122880942361328,0.4877119057638672,181.16082820463936,1.1035956301303695,0.6347775459289551,0.3054108422446166,0.1643125880404711,0.11145152251404257,0.1566410244484802,0.8274804666798572,0.9309501676808897,0.025760729201391108
114,3,angle_bus8,8,0.1,True,False,0.7660214773253295,1.0,0.5517978150651857,0.5122880942361328,0.4877119057638672,181.16082820463936,1.1035956301303695,0.6176838874816895,0.3054108422446166,0.1643125880404711,0.11145152251404257,0.1566410244484802,0.8274804666798572,0.9309501676808897,0.025760729201391108
114,3,voltage_bus9,9,0.1,True,False,0.7660214773253295,1.0,0.5517978150651857,0.5122880942361328,0.4877119057638672,181.16082820463936,1.1035956301303695,0.9177749156951904,0.3054108422446166,0.1643125880404711,0.11145152251404257,0.1566410244484802,0.8274804666798572,0.9309501676808897,0.025760729201391108
114,3,voltage_bus10,10,0.1,True,False,0.7660214773253295,1.0,0.5517978150651857,0.5122880942361328,0.4877119057638672,181.16082820463936,1.1035956301303695,0.6119046211242676,0.3054108422446166,0.1643125880404711,0.11145152251404257,0.1566410244484802,0.8274804666798572,0.9309501676808897,0.025760729201391108
114,3,freq_bus2,2,0.1,True,False,0.7660214773253295,1.0,0.5517978150651857,0.5122880942361328,0.4877119057638672,181.16082820463936,1.1035956301303695,0.8123002052307129,0.3054108422446166,0.1643125880404711,0.11145152251404257,0.1566410244484802,0.8274804666798572,0.9309501676808897,0.025760729201391108
114,3,freq_bus4,4,0.15,True,False,0.7660214773253295,1.0,0.5517978150651857,0.5122880942361328,0.4877119057638672,181.16082820463936,1.1035956301303695,0.5897924900054932,0.3054108422446166,0.1643125880404711,0.11145152251404257,0.1566410244484802,0.8274804666798572,0.9309501676808897,0.025760729201391108
114,3,severe_bus7,7,0.2,True,False,0.7660214773253295,1.0,0.5517978150651857,0.5122880942361328,0.4877119057638672,181.16082820463936,1.1035956301303695,0.8621833324432373,0.3054108422446166,0.1643125880404711,0.11145152251404257,0.1566410244484802,0.8274804666798572,0.9309501676808897,0.025760729201391108
115,3,angle_bus7,7,0.1,True,False,0.7715907966127604,1.0,0.5454994430064986,0.540863743444543,0.459136256555457,184.630811758763,1.090998886012997,0.4831526279449463,0.20235001142583978,0.2836528167999941,0.10084815449506503,0.0858059462944094,1.0565805613967956,0.9021532993611105,-0.10827538041924273
115,3,angle_bus8,8,0.1,True,False,0.7715907966127604,1.0,0.5454994430064986,0.540863743444543,0.459136256555457,184.630811758763,1.090998886012997,0.7190377712249756,0.20235001142583978,0.2836528167999941,0.10084815449506503,0.0858059462944094,1.0565805613967956,0.9021532993611105,-0.10827538041924273
115,3,voltage_bus9,9,0.1,True,False,0.7715907966127604,1.0,0.5454994430064986,0.540863743444543,0.459136256555457,184.630811758763,1.090998886012997,0.4678006172180176,0.20235001142583978,0.2836528167999941,0.10084815449506503,0.0858059462944094,1.0565805613967956,0.9021532993611105,-0.10827538041924273
115,3,voltage_bus10,10,0.1,True,False,0.7715907966127604,1.0,0.5454994430064986,0.540863743444543,0.459136256555457,184.630811758763,1.090998886012997,0.6770274639129639,0.20235001142583978,0.2836528167999941,0.10084815449506503,0.0858059462944094,1.0565805613967956,0.9021532993611105,-0.10827538041924273
115,3,freq_bus2,2,0.1,True,False,0.7715907966127604,1.0,0.5454994430064986,0.540863743444543,0.459136256555457,184.630811758763,1.090998886012997,0.4725801944732666,0.20235001142583978,0.2836528167999941,0.10084815449506503,0.0858059462944094,1.0565805613967956,0.9021532993611105,-0.10827538041924273
115,3,freq_bus4,4,0.15,True,False,0.7715907966127604,1.0,0.5454994430064986,0.540863743444543,0.459136256555457,184.630811758763,1.090998886012997,0.7256457805633545,0.20235001142583978,0.2836528167999941,0.10084815449506503,0.0858059462944094,1.0565805613967956,0.9021532993611105,-0.10827538041924273
115,3,severe_bus7,7,0.2,True,False,0.7715907966127604,1.0,0.5454994430064986,0.540863743444543,0.459136256555457,184.630811758763,1.090998886012997,0.4936211109161377,0.20235001142583978,0.2836528167999941,0.10084815449506503,0.0858059462944094,1.0565805613967956,0.9021532993611105,-0.10827538041924273
116,3,angle_bus7,7,0.1,True,False,0.9257416969765416,1.0,0.7052991124899997,0.997667675416167,0.0023323245838330715,180.5516780703956,1.4105982249799975,1.465399980545044,0.1478541532718047,0.13591471356275364,0.27109947695048875,0.27574545385600996,1.036844094155998,1.0118344312147525,0.06529804681674986
116,3,angle_bus8,8,0.1,True,False,0.7893328944888248,0.7230903483565883,0.7142080504080432,0.9969428308340796,0.0030571691659204135,130.15626270418588,1.4284161008160856,9.443787097930908,0.1478541532718047,0.13591471356275364,0.27109947695048875,0.27574545385600996,1.036844094155998,1.0118344312147525,0.06529804681674986
116,3,voltage_bus9,9,0.1,True,False,0.9752052874987234,1.0,0.9008211499948935,1.0,-2.2870435356251717e-14,180.5028205174773,1.8016422999897896,1.2850542068481445,0.1478541532718047,0.13591471356275364,0.27109947695048875,0.27574545385600996,1.036844094155998,1.0118344312147525,0.06529804681674986
116,3,voltage_bus10,10,0.1,True,False,0.7396252156497889,0.6742932631003128,0.6135381369860049,0.9963761994125252,0.0036238005874747506,121.3727873580563,1.2270762739720098,10.297291994094849,0.1478541532718047,0.13591471356275364,0.27109947695048875,0.27574545385600996,1.036844094155998,1.0118344312147525,0.06529804681674986
116,3,freq_bus2,2,0.1,True,False,0.9668888140511811,1.0,0.8675552562047244,1.0,-2.2390501533194689e-13,182.7566264789114,1.7351105124094524,1.0778205394744873,0.1478541532718047,0.13591471356275364,0.27109947695048875,0.27574545385600996,1.036844094155998,1.0118344312147525,0.06529804681674986
116,3,freq_bus4,4,0.15,True,False,0.738227721440728,0.6641930086564934,0.6285263349513599,0.9959985334985652,0.004001466501434801,119.55474155816881,1.2570526699027207,9.896116971969604,0.1478541532718047,0.13591471356275364,0.27109947695048875,0.27574545385600996,1.036844094155998,1.0118344312147525,0.06529804681674986
116,3,severe_bus7,7,0.2,True,False,0.9443823494678082,1.0,0.7794260660320553,0.9981033318391775,0.001896668160822408,182.79517848360538,1.5588521320641124,1.0294418334960938,0.1478541532718047,0.13591471356275364,0.27109947695048875,0.27574545385600996,1.036844094155998,1.0118344312147525,0.06529804681674986
117,3,angle_bus7,7,0.1,True,False,0.762532492769766,1.0,0.5264816658397358,0.5236483052393281,0.47635169476067185,181.9386595608933,1.0529633316794706,0.7075121402740479,0.3133808348527311,0.29442967847658724,0.1366207634317019,0.1975176484475446,0.9204281478087992,1.0508422706725071,-0.016252296899307767
117,3,angle_bus8,8,0.1,True,False,0.762532492769766,1.0,0.5264816658397358,0.5236483052393281,0.47635169476067185,181.9386595608933,1.0529633316794706,0.47370362281799316,0.3133808348527311,0.29442967847658724,0.1366207634317019,0.1975176484475446,0.9204281478087992,1.0508422706725071,-0.016252296899307767
117,3,voltage_bus9,9,0.1,True,False,0.762532492769766,1.0,0.5264816658397358,0.5236483052393281,0.47635169476067185,181.9386595608933,1.0529633316794706,0.7138767242431641,0.3133808348527311,0.29442967847658724,0.1366207634317019,0.1975176484475446,0.9204281478087992,1.0508422706725071,-0.016252296899307767
117,3,voltage_bus10,10,0.1,True,False,0.762532492769766,1.0,0.5264816658397358,0.5236483052393281,0.47635169476067185,181.9386595608933,1.0529633316794706,0.4752004146575928,0.3133808348527311,0.29442967847658724,0.1366207634317019,0.1975176484475446,0.9204281478087992,1.0508422706725071,-0.016252296899307767
117,3,freq_bus2,2,0.1,True,False,0.762532492769766,1.0,0.5264816658397358,0.5236483052393281,0.47635169476067185,181.9386595608933,1.0529633316794706,0.7281689643859863,0.3133808348527311,0.29442967847658724,0.1366207634317019,0.1975176484475446,0.9204281478087992,1.0508422706725071,-0.016252296899307767
117,3,freq_bus4,4,0.15,True,False,0.762532492769766,1.0,0.5264816658397358,0.5236483052393281,0.47635169476067185,181.9386595608933,1.0529633316794706,0.4715080261230469,0.3133808348527311,0.29442967847658724,0.1366207634317019,0.1975176484475446,0.9204281478087992,1.0508422706725071,-0.016252296899307767
117,3,severe_bus7,7,0.2,True,False,0.762532492769766,1.0,0.5264816658397358,0.5236483052393281,0.47635169476067185,181.9386595608933,1.0529633316794706,0.718238353729248,0.3133808348527311,0.29442967847658724,0.1366207634317019,0.1975176484475446,0.9204281478087992,1.0508422706725071,-0.016252296899307767
118,3,angle_bus7,7,0.1,True,False,0.9143395092236984,1.0,0.659554355379754,0.9978036815150398,0.0021963184849602057,180.63602068264302,1.319108710759509,1.089460849761963,0.1997728792686614,0.3090995213922436,0.07708230487052663,0.22903592077311458,1.1369356924858718,0.9193632462800871,-0.07614234077034876
118,3,angle_bus8,8,0.1,True,False,0.7474155046957688,0.7579709799877049,0.4766753157888708,0.9970447430187945,0.0029552569812054635,136.4347763977869,0.9533506315777407,3.0505459308624268,0.1997728792686614,0.3090995213922436,0.07708230487052663,0.22903592077311458,1.1369356924858718,0.9193632462800871,-0.07614234077034876
118,3,voltage_bus9,9,0.1,True,False,0.9672116924512633,1.0,0.868846769805053,1.0,-1.2996860360719743e-12,182.12606775855645,1.7376935396101034,1.1712653636932373,0.1997728792686614,0.3090995213922436,0.07708230487052663,0.22903592077311458,1.1369356924858718,0.9193632462800871,-0.07614234077034876
118,3,voltage_bus10,10,0.1,True,False,0.8084713432092728,0.7553253801781155,0.7268173490672964,0.9964172634135638,0.003582736586436154,135.9585684320608,1.4536346981345893,10.615893363952637,0.1997728792686614,0.3090995213922436,0.07708230487052663,0.22903592077311458,1.1369356924858718,0.9193632462800871,-0.07614234077034876
118,3,freq_bus2,2,0.1,True,False,0.9576549775769969,1.0,0.8306199103079877,1.0,-7.874802665284061e-12,184.85038421126316,1.6612398206159762,1.2623775005340576,0.1997728792686614,0.3090995213922436,0.07708230487052663,0.22903592077311458,1.1369356924858718,0.9193632462800871,-0.07614234077034876
118,3,freq_bus4,4,0.15,True,False,0.8078468602556838,0.749376212320885,0.7365994378336502,0.9960355785473144,0.003964421452685575,134.8877182177593,1.4731988756672987,10.066590785980225,0.1997728792686614,0.3090995213922436,0.07708230487052663,0.22903592077311458,1.1369356924858718,0.9193632462800871,-0.07614234077034876
118,3,severe_bus7,7,0.2,True,False,0.9419623689949782,1.0,0.7695753810655681,0.9982740949143448,0.0017259050856552167,181.47533493519688,1.5391507621311362,1.1401855945587158,0.1997728792686614,0.3090995213922436,0.07708230487052663,0.22903592077311458,1.1369356924858718,0.9193632462800871,-0.07614234077034876
119,3,angle_bus7,7,0.1,True,False,0.747480225626062,1.0,0.47453765874514175,0.515383243759106,0.48461675624089395,184.416580860446,0.94907531749028,0.3677799701690674,0.3730367962492227,0.3955384372442597,0.2596423408042764,0.18523865933139091,0.8054093208274125,1.1234296081312742,0.006842625605129271
119,3,angle_bus8,8,0.1,True,False,0.747480225626062,1.0,0.47453765874514175,0.515383243759106,0.48461675624089395,184.416580860446,0.94907531749028,0.5835082530975342,0.3730367962492227,0.3955384372442597,0.2596423408042764,0.18523865933139091,0.8054093208274125,1.1234296081312742,0.006842625605129271
119,3,voltage_bus9,9,0.1,True,False,0.747480225626062,1.0,0.47453765874514175,0.515383243759106,0.48461675624089395,184.416580860446,0.94907531749028,0.3550717830657959,0.3730367962492227,0.3955384372442597,0.2596423408042764,0.18523865933139091,0.8054093208274125,1.1234296081312742,0.006842625605129271
119,3,voltage_bus10,10,0.1,True,False,0.747480225626062,1.0,0.47453765874514175,0.515383243759106,0.48461675624089395,184.416580860446,0.94907531749028,0.5755150318145752,0.3730367962492227,0.3955384372442597,0.2596423408042764,0.18523865933139091,0.8054093208274125,1.1234296081312742,0.006842625605129271
119,3,freq_bus2,2,0.1,True,False,0.747480225626062,1.0,0.47453765874514175,0.515383243759106,0.48461675624089395,184.416580860446,0.94907531749028,0.38677406311035156,0.3730367962492227,0.3955384372442597,0.2596423408042764,0.18523865933139091,0.8054093208274125,1.1234296081312742,0.006842625605129271
119,3,freq_bus4,4,0.15,True,False,0.747480225626062,1.0,0.47453765874514175,0.515383243759106,0.48461675624089395,184.416580860446,0.94907531749028,0.5884780883789062,0.3730367962492227,0.3955384372442597,0.2596423408042764,0.18523865933139091,0.8054093208274125,1.1234296081312742,0.006842625605129271
119,3,severe_bus7,7,0.2,True,False,0.747480225626062,1.0,0.47453765874514175,0.515383243759106,0.48461675624089395,184.416580860446,0.94907531749028,0.365131139755249,0.3730367962492227,0.3955384372442597,0.2596423408042764,0.18523865933139091,0.8054093208274125,1.1234296081312742,0.006842625605129271
120,3,angle_bus7,7,0.1,True,False,0.5366329076276088,1.0,0.0027782104435054578,0.14375342006692993,0.8562465799330701,197.74173847975055,0.005556420887011804,0.4014096260070801,0.3888199409787949,0.27038102335450487,0.08318564481969294,0.05475219649641938,1.0457589629335804,1.094096765754838,-0.035840631779743476
120,3,angle_bus8,8,0.1,True,False,0.5366329076276088,1.0,0.0027782104435054578,0.14375342006692993,0.8562465799330701,197.74173847975055,0.005556420887011804,0.17751598358154297,0.3888199409787949,0.27038102335450487,0.08318564481969294,0.05475219649641938,1.0457589629335804,1.094096765754838,-0.035840631779743476
120,3,voltage_bus9,9,0.1,True,False,0.5366329076276088,1.0,0.0027782104435054578,0.14375342006692993,0.8562465799330701,197.74173847975055,0.005556420887011804,0.4374885559082031,0.3888199409787949,0.27038102335450487,0.08318564481969294,0.05475219649641938,1.0457589629335804,1.094096765754838,-0.035840631779743476
120,3,voltage_bus10,10,0.1,True,False,0.5366329076276088,1.0,0.0027782104435054578,0.14375342006692993,0.8562465799330701,197.74173847975055,0.005556420887011804,0.16579699516296387,0.3888199409787949,0.27038102335450487,0.08318564481969294,0.05475219649641938,1.0457589629335804,1.094096765754838,-0.035840631779743476
120,3,freq_bus2,2,0.1,True,False,0.5366329076276088,1.0,0.0027782104435054578,0.14375342006692993,0.8562465799330701,197.74173847975055,0.005556420887011804,0.18065118789672852,0.3888199409787949,0.27038102335450487,0.08318564481969294,0.05475219649641938,1.0457589629335804,1.094096765754838,-0.035840631779743476
120,3,freq_bus4,4,0.15,True,False,0.5366329076276088,1.0,0.0027782104435054578,0.14375342006692993,0.8562465799330701,197.74173847975055,0.005556420887011804,0.41675686836242676,0.3888199409787949,0.27038102335450487,0.08318564481969294,0.05475219649641938,1.0457589629335804,1.094096765754838,-0.035840631779743476
120,3,severe_bus7,7,0.2,True,False,0.5366329076276088,1.0,0.0027782104435054578,0.14375342006692993,0.8562465799330701,197.74173847975055,0.005556420887011804,0.17865490913391113,0.3888199409787949,0.27038102335450487,0.08318564481969294,0.05475219649641938,1.0457589629335804,1.094096765754838,-0.035840631779743476
121,3,angle_bus7,7,0.1,True,False,0.7750471192698721,1.0,0.5526757153534518,0.5475127617260367,0.4524872382739633,181.73972425383317,1.1053514307069001,0.6950275897979736,0.04283109810841005,0.12550638497856212,0.2679581882861613,0.21677706778384875,0.7123457230388818,1.1111225167393717,-0.14401772523596423
121,3,angle_bus8,8,0.1,True,False,0.7750471192698721,1.0,0.5526757153534518,0.5475127617260367,0.4524872382739633,181.73972425383317,1.1053514307069001,0.43976306915283203,0.04283109810841005,0.12550638497856212,0.2679581882861613,0.21677706778384875,0.7123457230388818,1.1111225167393717,-0.14401772523596423
121,3,voltage_bus9,9,0.1,True,False,0.7750471192698721,1.0,0.5526757153534518,0.5475127617260367,0.4524872382739633,181.73972425383317,1.1053514307069001,0.6775083541870117,0.04283109810841005,0.12550638497856212,0.2679581882861613,0.21677706778384875,0.7123457230388818,1.1111225167393717,-0.14401772523596423
121,3,voltage_bus10,10,0.1,True,False,0.7750471192698721,1.0,0.5526757153534518,0.5475127617260367,0.4524872382739633,181.73972425383317,1.1053514307069001,0.505446195602417,0.04283109810841005,0.12550638497856212,0.2679581882861613,0.21677706778384875,0.7123457230388818,1.1111225167393717,-0.14401772523596423
121,3,freq_bus2,2,0.1,True,False,0.7750471192698721,1.0,0.5526757153534518,0.5475127617260367,0.4524872382739633,181.73972425383317,1.1053514307069001,0.6655292510986328,0.04283109810841005,0.12550638497856212,0.2679581882861613,0.21677706778384875,0.7123457230388818,1.1111225167393717,-0.14401772523596423
121,3,freq_bus4,4,0.15,True,False,0.7750471192698721,1.0,0.5526757153534518,0.5475127617260367,0.4524872382739633,181.73972425383317,1.1053514307069001,0.45650601387023926,0.04283109810841005,0.12550638497856212,0.2679581882861613,0.21677706778384875,0.7123457230388818,1.1111225167393717,-0.14401772523596423
121,3,severe_bus7,7,0.2,True,False,0.7750471192698721,1.0,0.5526757153534518,0.5475127617260367,0.4524872382739633,181.73972425383317,1.1053514307069001,0.6856479644775391,0.04283109810841005,0.12550638497856212,0.2679581882861613,0.21677706778384875,0.7123457230388818,1.1111225167393717,-0.14401772523596423
122,3,angle_bus7,7,0.1,True,False,0.8549230777265875,0.7993799706444663,0.8235129607750054,0.9974194088424121,0.0025805911575879194,143.88839471600394,1.6470259215500116,10.376642942428589,0.24694043375849348,0.15420780431058104,0.18617420412795577,0.03857539286930718,0.9839666552893538,0.736906041745552,0.07175930220168672
122,3,angle_bus8,8,0.1,True,False,0.6791140683100282,0.5926119494949436,0.5344650586148383,0.9967673156353872,0.0032326843646127827,106.67015090908984,1.0689301172296783,10.765811443328857,0.24694043375849348,0.15420780431058104,0.18617420412795577,0.03857539286930718,0.9839666552893538,0.736906041745552,0.07175930220168672
122,3,voltage_bus9,9,0.1,True,False,0.9813705145938352,1.0,0.9254820583753407,1.0,-2.701529810154349e-11,180.8721617557052,1.850964116750684,1.575603723526001,0.24694043375849348,0.15420780431058104,0.18617420412795577,0.03857539286930718,0.9839666552893538,0.736906041745552,0.07175930220168672
122,3,voltage_bus10,10,0.1,True,False,0.6373453375483886,0.5484200728027441,0.456238487624951,0.9963027169631152,0.003697283036884777,98.71561310449393,0.9124769752499029,11.380736351013184,0.24694043375849348,0.15420780431058104,0.18617420412795577,0.03857539286930718,0.9839666552893538,0.736906041745552,0.07175930220168672
122,3,freq_bus2,2,0.1,True,False,0.8740397899725701,0.815976575949045,0.8678022823864104,0.9964037256057804,0.003596274394219664,146.8757836708281,1.735604564772819,9.764549970626831,0.24694043375849348,0.15420780431058104,0.18617420412795577,0.03857539286930718,0.9839666552893538,0.736906041745552,0.07175930220168672
122,3,freq_bus4,4,0.15,True,False,0.6411382434260994,0.5484200728027441,0.4717590926869484,0.9959537354119611,0.00404626458803888,98.71561310449393,0.9435181853738994,10.492541074752808,0.24694043375849348,0.15420780431058104,0.18617420412795577,0.03857539286930718,0.9839666552893538,0.736906041745552,0.07175930220168672
122,3,severe_bus7,7,0.2,True,False,0.9303510077737217,1.0,0.7235729418007182,0.9978310892941685,0.002168910705831453,182.81722157065505,1.4471458836014328,1.7493913173675537,0.24694043375849348,0.15420780431058104,0.18617420412795577,0.03857539286930718,0.9839666552893538,0.736906041745552,0.07175930220168672
123,3,angle_bus7,7,0.1,True,False,0.7651664003250886,1.0,0.5580520217385825,0.5026135795617723,0.4973864204382277,182.08879697442154,1.116104043477164,0.8240246772766113,0.12372691159297555,0.014159020310872645,0.01762615048833885,0.2918666675914508,0.8865721667255806,1.0932818405440536,-0.13870493114433388
123,3,angle_bus8,8,0.1,True,False,0.7651664003250886,1.0,0.5580520217385825,0.5026135795617723,0.4973864204382277,182.08879697442154,1.116104043477164,1.040687084197998,0.12372691159297555,0.014159020310872645,0.01762615048833885,0.2918666675914508,0.8865721667255806,1.0932818405440536,-0.13870493114433388
123,3,voltage_bus9,9,0.1,True,False,0.7651664003250886,1.0,0.5580520217385825,0.5026135795617723,0.4973864204382277,182.08879697442154,1.116104043477164,0.7935185432434082,0.12372691159297555,0.014159020310872645,0.01762615048833885,0.2918666675914508,0.8865721667255806,1.0932818405440536,-0.13870493114433388
123,3,voltage_bus10,10,0.1,True,False,0.7651664003250886,1.0,0.5580520217385825,0.5026135795617723,0.4973864204382277,182.08879697442154,1.116104043477164,1.0301170349121094,0.12372691159297555,0.014159020310872645,0.01762615048833885,0.2918666675914508,0.8865721667255806,1.0932818405440536,-0.13870493114433388
123,3,freq_bus2,2,0.1,True,False,0.7651664003250886,1.0,0.5580520217385825,0.5026135795617723,0.4973864204382277,182.08879697442154,1.116104043477164,0.8403067588806152,0.12372691159297555,0.014159020310872645,0.01762615048833885,0.2918666675914508,0.8865721667255806,1.0932818405440536,-0.13870493114433388
123,3,freq_bus4,4,0.15,True,False,0.7651664003250886,1.0,0.5580520217385825,0.5026135795617723,0.4973864204382277,182.08879697442154,1.116104043477164,1.057347059249878,0.12372691159297555,0.014159020310872645,0.01762615048833885,0.2918666675914508,0.8865721667255806,1.0932818405440536,-0.13870493114433388
123,3,severe_bus7,7,0.2,True,False,0.7651664003250886,1.0,0.5580520217385825,0.5026135795617723,0.4973864204382277,182.08879697442154,1.116104043477164,0.8344833850860596,0.12372691159297555,0.014159020310872645,0.01762615048833885,0.2918666675914508,0.8865721667255806,1.0932818405440536,-0.13870493114433388
124,3,angle_bus7,7,0.1,True,False,0.7385464586963135,1.0,0.4467937000510531,0.507392134734201,0.492607865265799,183.93732698854396,0.8935874001021071,0.6030209064483643,0.17670138787667214,0.02855475811133953,0.17922447774208086,0.025592665708667157,0.77683082910396,1.038342398668261,0.04814204145224704
124,3,angle_bus8,8,0.1,True,False,0.7385464586963135,1.0,0.4467937000510531,0.507392134734201,0.492607865265799,183.93732698854396,0.8935874001021071,0.37415480613708496,0.17670138787667214,0.02855475811133953,0.17922447774208086,0.025592665708667157,0.77683082910396,1.038342398668261,0.04814204145224704
124,3,voltage_bus9,9,0.1,True,False,0.7385464586963135,1.0,0.4467937000510531,0.507392134734201,0.492607865265799,183.93732698854396,0.8935874001021071,0.6053764820098877,0.17670138787667214,0.02855475811133953,0.17922447774208086,0.025592665708667157,0.77683082910396,1.038342398668261,0.04814204145224704
124,3,voltage_bus10,10,0.1,True,False,0.7385464586963135,1.0,0.4467937000510531,0.507392134734201,0.492607865265799,183.93732698854396,0.8935874001021071,0.36099886894226074,0.17670138787667214,0.02855475811133953,0.17922447774208086,0.025592665708667157,0.77683082910396,1.038342398668261,0.04814204145224704
124,3,freq_bus2,2,0.1,True,False,0.7385464586963135,1.0,0.4467937000510531,0.507392134734201,0.492607865265799,183.93732698854396,0.8935874001021071,0.6132082939147949,0.17670138787667214,0.02855475811133953,0.17922447774208086,0.025592665708667157,0.77683082910396,1.038342398668261,0.04814204145224704
124,3,freq_bus4,4,0.15,True,False,0.7385464586963135,1.0,0.4467937000510531,0.507392134734201,0.492607865265799,183.93732698854396,0.8935874001021071,0.3335132598876953,0.17670138787667214,0.02855475811133953,0.17922447774208086,0.025592665708667157,0.77683082910396,1.038342398668261,0.04814204145224704
124,3,severe_bus7,7,0.2,True,False,0.7385464586963135,1.0,0.4467937000510531,0.507392134734201,0.492607865265799,183.93732698854396,0.8935874001021071,0.333528995513916,0.17670138787667214,0.02855475811133953,0.17922447774208086,0.025592665708667157,0.77683082910396,1.038342398668261,0.04814204145224704
125,3,angle_bus7,7,0.1,True,False,0.770047485893764,1.0,0.5493952173029903,0.5307947262720658,0.46920527372793425,183.78659995904104,1.0987904346059807,0.8237330913543701,0.13653130195465166,0.23409084508518585,0.2473289709672773,0.12031080590068916,0.9983240863343923,0.9049442286934342,-0.023120474999418272
125,3,angle_bus8,8,0.1,True,False,0.770047485893764,1.0,0.5493952173029903,0.5307947262720658,0.46920527372793425,183.78659995904104,1.0987904346059807,0.5510714054107666,0.13653130195465166,0.23409084508518585,0.2473289709672773,0.12031080590068916,0.9983240863343923,0.9049442286934342,-0.023120474999418272
125,3,voltage_bus9,9,0.1,True,False,0.770047485893764,1.0,0.5493952173029903,0.5307947262720658,0.46920527372793425,183.78659995904104,1.0987904346059807,0.7504136562347412,0.13653130195465166,0.23409084508518585,0.2473289709672773,0.12031080590068916,0.9983240863343923,0.9049442286934342,-0.023120474999418272
125,3,voltage_bus10,10,0.1,True,False,0.770047485893764,1.0,0.5493952173029903,0.5307947262720658,0.46920527372793425,183.78659995904104,1.0987904346059807,0.5557172298431396,0.13653130195465166,0.23409084508518585,0.2473289709672773,0.12031080590068916,0.9983240863343923,0.9049442286934342,-0.023120474999418272
125,3,freq_bus2,2,0.1,True,False,0.770047485893764,1.0,0.5493952173029903,0.5307947262720658,0.46920527372793425,183.78659995904104,1.0987904346059807,0.7986123561859131,0.13653130195465166,0.23409084508518585,0.2473289709672773,0.12031080590068916,0.9983240863343923,0.9049442286934342,-0.023120474999418272
125,3,freq_bus4,4,0.15,True,False,0.770047485893764,1.0,0.5493952173029903,0.5307947262720658,0.46920527372793425,183.78659995904104,1.0987904346059807,0.5607020854949951,0.13653130195465166,0.23409084508518585,0.2473289709672773,0.12031080590068916,0.9983240863343923,0.9049442286934342,-0.023120474999418272
125,3,severe_bus7,7,0.2,True,False,0.770047485893764,1.0,0.5493952173029903,0.5307947262720658,0.46920527372793425,183.78659995904104,1.0987904346059807,0.8092384338378906,0.13653130195465166,0.23409084508518585,0.2473289709672773,0.12031080590068916,0.9983240863343923,0.9049442286934342,-0.023120474999418272
126,3,angle_bus7,7,0.1,True,False,0.5753935385636668,0.47476999749367554,0.35502350066697375,0.9970106586003423,0.002989341399657669,85.4585995488616,0.7100470013339466,4.306368112564087,0.2351334166916184,0.005092930056454791,0.23296630158768764,0.2582120396071794,1.0096732442381091,0.8657465237902161,-0.002486767480069124
126,3,angle_bus8,8,0.1,True,False,0.5012876907164976,0.3710916087624071,0.26636557653069914,0.9966019688104769,0.0033980311895230753,66.79648957723327,0.5327311530613965,4.330918788909912,0.2351334166916184,0.005092930056454791,0.23296630158768764,0.2582120396071794,1.0096732442381091,0.8657465237902161,-0.002486767480069124
126,3,voltage_bus9,9,0.1,True,False,0.501138002734814,0.3701826805686293,0.26840638096582126,0.9957802688361764,0.004219731163823572,66.63288250235327,0.5368127619316443,3.8056061267852783,0.2351334166916184,0.005092930056454791,0.23296630158768764,0.2582120396071794,1.0096732442381091,0.8657465237902161,-0.002486767480069124
126,3,voltage_bus10,10,0.1,True,False,0.4797076340775742,0.3509263108467658,0.22069838014593657,0.9962795344708288,0.003720465529171137,63.166735952417845,0.44139676029187225,4.136656284332275,0.2351334166916184,0.005092930056454791,0.23296630158768764,0.2582120396071794,1.0096732442381091,0.8657465237902161,-0.002486767480069124
126,3,freq_bus2,2,0.1,True,False,0.5793460818657027,0.47800941878644515,0.36521797158152935,0.996147518308391,0.0038524816916089676,86.04169538156013,0.7304359431630614,4.390375852584839,0.2351334166916184,0.005092930056454791,0.23296630158768764,0.2582120396071794,1.0096732442381091,0.8657465237902161,-0.002486767480069124
126,3,freq_bus4,4,0.15,True,False,0.48433468151340503,0.3509263108467658,0.23950170457104036,0.9959843997890482,0.004015600210951865,63.166735952417845,0.4790034091420825,4.12174654006958,0.2351334166916184,0.005092930056454791,0.23296630158768764,0.2582120396071794,1.0096732442381091,0.8657465237902161,-0.002486767480069124
126,3,severe_bus7,7,0.2,True,False,0.7439053175276229,0.6805645402627218,0.6171790568479523,0.9973131327370954,0.0026868672629045904,122.50161724728993,1.234358113695908,5.142641544342041,0.2351334166916184,0.005092930056454791,0.23296630158768764,0.2582120396071794,1.0096732442381091,0.8657465237902161,-0.002486767480069124
127,3,angle_bus7,7,0.1,True,False,0.7840636652865824,1.0,0.5722131472690712,0.5640415138772585,0.43595848612274146,184.90142784180247,1.1444262945381434,0.6923015117645264,0.34479327597528464,0.03561088539694953,0.05233790940089752,0.1588028105685423,0.7236681913168026,1.0809221977487655,-0.11665527107654286
127,3,angle_bus8,8,0.1,True,False,0.7840636652865824,1.0,0.5722131472690712,0.5640415138772585,0.43595848612274146,184.90142784180247,1.1444262945381434,0.43732547760009766,0.34479327597528464,0.03561088539694953,0.05233790940089752,0.1588028105685423,0.7236681913168026,1.0809221977487655,-0.11665527107654286
127,3,voltage_bus9,9,0.1,True,False,0.7840636652865824,1.0,0.5722131472690712,0.5640415138772585,0.43595848612274146,184.90142784180247,1.1444262945381434,0.4302093982696533,0.34479327597528464,0.03561088539694953,0.05233790940089752,0.1588028105685423,0.7236681913168026,1.0809221977487655,-0.11665527107654286
127,3,voltage_bus10,10,0.1,True,False,0.7840636652865824,1.0,0.5722131472690712,0.5640415138772585,0.43595848612274146,184.90142784180247,1.1444262945381434,0.6780190467834473,0.34479327597528464,0.03561088539694953,0.05233790940089752,0.1588028105685423,0.7236681913168026,1.0809221977487655,-0.11665527107654286
127,3,freq_bus2,2,0.1,True,False,0.7840636652865824,1.0,0.5722131472690712,0.5640415138772585,0.43595848612274146,184.90142784180247,1.1444262945381434,0.4341599941253662,0.34479327597528464,0.03561088539694953,0.05233790940089752,0.1588028105685423,0.7236681913168026,1.0809221977487655,-0.11665527107654286
127,3,freq_bus4,4,0.15,True,False,0.7840636652865824,1.0,0.5722131472690712,0.5640415138772585,0.43595848612274146,184.90142784180247,1.1444262945381434,0.6755013465881348,0.34479327597528464,0.03561088539694953,0.05233790940089752,0.1588028105685423,0.7236681913168026,1.0809221977487655,-0.11665527107654286
127,3,severe_bus7,7,0.2,True,False,0.7840636652865824,1.0,0.5722131472690712,0.5640415138772585,0.43595848612274146,184.90142784180247,1.1444262945381434,0.41650843620300293,0.34479327597528464,0.03561088539694953,0.05233790940089752,0.1588028105685423,0.7236681913168026,1.0809221977487655,-0.11665527107654286
128,3,angle_bus7,7,0.1,True,False,0.4785584417551491,0.3221136274666765,0.2730888424255866,0.9969176696616568,0.0030823303383431416,57.98045294400177,0.5461776848511724,7.705327272415161,0.1689142425886456,0.1732775990696019,0.027890746621207437,0.28005433023981074,0.8605713105892725,0.7926027157159263,0.09669194290533076
128,3,angle_bus8,8,0.1,True,False,0.4420776963155,0.260893628287817,0.2499445122623527,0.9965790164240131,0.0034209835759869047,46.96085309180706,0.49988902452470896,7.408245086669922,0.1689142425886456,0.1732775990696019,0.027890746621207437,0.28005433023981074,0.8605713105892725,0.7926027157159263,0.09669194290533076
128,3,voltage_bus9,9,0.1,True,False,0.4416434643303593,0.2607919121355423,0.24923003488460793,0.9957599981657447,0.004240001834255298,46.94254418439762,0.4984600697692132,8.08136510848999,0.1689142425886456,0.1732775990696019,0.027890746621207437,0.28005433023981074,0.8605713105892725,0.7926027157159263,0.09669194290533076
128,3,voltage_bus10,10,0.1,True,False,0.4391153547631631,0.2537116693151163,0.25276251894155877,0.9962755614808612,0.0037244385191388257,45.66810047672094,0.5055250378831211,7.930691719055176,0.1689142425886456,0.1732775990696019,0.027890746621207437,0.28005433023981074,0.8605713105892725,0.7926027157159263,0.09669194290533076
128,3,freq_bus2,2,0.1,True,False,0.47935702093097077,0.3208536231644579,0.27957021363614487,0.9961506237588225,0.0038493762411775435,57.753652169602425,0.5591404272722889,7.546080827713013,0.1689142425886456,0.1732775990696019,0.027890746621207437,0.28005433023981074,0.8605713105892725,0.7926027157159263,0.09669194290533076
128,3,freq_bus4,4,0.15,True,False,0.43844759784046944,0.2537116693151163,0.25037072771041124,0.9959963250212339,0.0040036749787660565,45.66810047672094,0.5007414554208189,7.651993036270142,0.1689142425886456,0.1732775990696019,0.027890746621207437,0.28005433023981074,0.8605713105892725,0.7926027157159263,0.09669194290533076
128,3,severe_bus7,7,0.2,True,False,0.5778144325555443,0.43860237851360845,0.4368868585039607,0.9971661146909997,0.0028338853090003344,78.94842813244952,0.8737737170079196,7.995285987854004,0.1689142425886456,0.1732775990696019,0.027890746621207437,0.28005433023981074,0.8605713105892725,0.7926027157159263,0.09669194290533076
129,3,angle_bus7,7,0.1,True,False,0.4954060682815584,0.24011469560643064,0.5045515011512514,0.996843380762121,0.0031566192378789833,43.22064520915752,1.0091030023025027,3.0572152137756348,0.15083988154862393,0.0776978600910512,0.12721940582867866,0.24333860647956385,0.9320771243065475,0.7019148653897603,0.12893811395951774
129,3,angle_bus8,8,0.1,True,False,0.4734577044693914,0.1968458065823765,0.5035459303204028,0.9965932743924096,0.003406725607590404,35.43224518482777,1.007091860640803,2.810802459716797,0.15083988154862393,0.0776978600910512,0.12721940582867866,0.24333860647956385,0.9320771243065475,0.7019148653897603,0.12893811395951774
129,3,voltage_bus9,9,0.1,True,False,0.47293318966807385,0.1968458065823765,0.5022494246871361,0.9957917208204062,0.00420827917959372,35.43224518482777,1.0044988493742713,3.198604106903076,0.15083988154862393,0.0776978600910512,0.12721940582867866,0.24333860647956385,0.9320771243065475,0.7019148653897603,0.12893811395951774
129,3,voltage_bus10,10,0.1,True,False,0.47387406314733505,0.1968458065823765,0.5055172501964122,0.9962873892281751,0.0037126107718249055,35.43224518482777,1.0110345003928245,2.978391647338867,0.15083988154862393,0.0776978600910512,0.12721940582867866,0.24333860647956385,0.9320771243065475,0.7019148653897603,0.12893811395951774
129,3,freq_bus2,2,0.1,True,False,0.5033735212396105,0.2571853883130997,0.502997193114453,0.9961261152177897,0.003873884782210266,46.29336989635795,1.0059943862289078,3.400432586669922,0.15083988154862393,0.0776978600910512,0.12721940582867866,0.24333860647956385,0.9320771243065475,0.7019148653897603,0.12893811395951774
129,3,freq_bus4,4,0.15,True,False,0.47329223955769756,0.1968458065823765,0.5034766234474191,0.9960007216186182,0.003999278381381861,35.43224518482777,1.0069532468948417,2.963010311126709,0.15083988154862393,0.0776978600910512,0.12721940582867866,0.24333860647956385,0.9320771243065475,0.7019148653897603,0.12893811395951774
129,3,severe_bus7,7,0.2,True,False,0.5436610361622639,0.338770063398693,0.5000820801130246,0.9970219377386451,0.0029780622613548597,60.97861141176474,1.0001641602260491,3.806816577911377,0.15083988154862393,0.0776978600910512,0.12721940582867866,0.24333860647956385,0.9320771243065475,0.7019148653897603,0.12893811395951774
130,3,angle_bus7,7,0.1,True,False,0.7798881110825815,0.735869263677632,0.6505674125839853,0.997246504391077,0.002753495608922969,132.45646746197374,1.3011348251679733,9.171534299850464,0.03682861107177285,0.3304710060493026,0.0053181162139491105,0.25113707153076215,1.1133703927311145,0.8807195098369491,-0.12123455863186514
130,3,angle_bus8,8,0.1,True,False,0.6462716227053265,0.5615455433673046,0.4653275931226091,0.9966678109640879,0.0033321890359121116,101.07819780611482,0.9306551862452217,10.388232469558716,0.03682861107177285,0.3304710060493026,0.0053181162139491105,0.25113707153076215,1.1133703927311145,0.8807195098369491,-0.12123455863186514
130,3,voltage_bus9,9,0.1,True,True,0.5851314867226058,0.5256423255356956,0.2934641887187368,0.9957771071002955,0.004222892899704427,94.61561859642521,0.5869283774374745,3.6928582191467285,0.03682861107177285,0.3304710060493026,0.0053181162139491105,0.25113707153076215,1.1133703927311145,0.8807195098369491,-0.12123455863186514
130,3,voltage_bus10,10,0.1,True,False,0.6278419046704192,0.5245676460341981,0.4659670912233125,0.9962652353899683,0.0037347646100317775,94.42217628615566,0.9319341824466232,11.785016536712646,0.03682861107177285,0.3304710060493026,0.0053181162139491105,0.25113707153076215,1.1133703927311145,0.8807195098369491,-0.12123455863186514
130,3,freq_bus2,2,0.1,True,False,0.792877280546165,0.7471704775490879,0.6809352804512194,0.9962328866352647,0.0037671133647353364,134.49068595883583,1.3618705609024362,10.241239547729492,0.03682861107177285,0.3304710060493026,0.0053181162139491105,0.25113707153076215,1.1133703927311145,0.8807195098369491,-0.12123455863186514
130,3,freq_bus4,4,0.15,True,False,0.6273804363210918,0.5245676460341981,0.46444634586816136,0.9959401073478094,0.00405989265219061,94.42217628615566,0.9288926917363227,10.46572494506836,0.03682861107177285,0.3304710060493026,0.0053181162139491105,0.25113707153076215,1.1133703927311145,0.8807195098369491,-0.12123455863186514
130,3,severe_bus7,7,0.2,True,False,0.9100905151693947,1.0,0.6427244537061156,0.9976376069714629,0.0023623930285371856,181.61156951342383,1.2854489074122277,1.834031105041504,0.03682861107177285,0.3304710060493026,0.0053181162139491105,0.25113707153076215,1.1133703927311145,0.8807195098369491,-0.12123455863186514
131,3,angle_bus7,7,0.1,True,False,0.5386093364522467,0.4151084653929765,0.32723471614035304,0.996985698882681,0.0030143011173190118,74.71952377073578,0.6544694322807088,7.775690793991089,0.07955089380607672,0.20564902939996965,0.037557183269581226,0.2633124205030881,0.8940781597811093,0.8137285844776165,0.09829915020226601
131,3,angle_bus8,8,0.1,True,False,0.48237893217430117,0.3347100119898846,0.2635170473985795,0.9965786573188561,0.003421342681143859,60.247802158179226,0.5270340947971608,7.184685945510864,0.07955089380607672,0.20564902939996965,0.037557183269581226,0.2633124205030881,0.8940781597811093,0.8137285844776165,0.09829915020226601
131,3,voltage_bus9,9,0.1,True,False,0.48136782940379363,0.3334860376542271,0.26275399891099127,0.995745243395729,0.004254756604271046,60.02748677776087,0.5255079978219834,7.186915397644043,0.07955089380607672,0.20564902939996965,0.037557183269581226,0.2633124205030881,0.8940781597811093,0.8137285844776165,0.09829915020226601
131,3,voltage_bus10,10,0.1,True,False,0.4738856129897656,0.31796374165640384,0.2633481349993936,0.9962668336468611,0.0037331663531389014,57.23347349815269,0.5266962699987854,7.069483280181885,0.07955089380607672,0.20564902939996965,0.037557183269581226,0.2633124205030881,0.8940781597811093,0.8137285844776165,0.09829915020226601
131,3,freq_bus2,2,0.1,True,False,0.540086320407897,0.4138970328730038,0.3363697986035419,0.9961814172820385,0.003818582717961542,74.50146591714068,0.6727395972070838,6.7549169063568115,0.07955089380607672,0.20564902939996965,0.037557183269581226,0.2633124205030881,0.8940781597811093,0.8137285844776165,0.09829915020226601
131,3,freq_bus4,4,0.15,True,False,0.47302026765687455,0.31796374165640384,0.2601693558798459,0.9959842314348445,0.00401576856515553,57.23347349815269,0.5203387117596892,7.601346969604492,0.07955089380607672,0.20564902939996965,0.037557183269581226,0.2633124205030881,0.8940781597811093,0.8137285844776165,0.09829915020226601
131,3,severe_bus7,7,0.2,True,False,0.6739849075709092,0.5762920119748866,0.5460793510623212,0.9972762552715425,0.0027237447284575293,103.73256215547957,1.0921587021246415,7.204896450042725,0.07955089380607672,0.20564902939996965,0.037557183269581226,0.2633124205030881,0.8940781597811093,0.8137285844776165,0.09829915020226601
132,3,angle_bus7,7,0.1,True,False,0.9121552403555934,1.0,0.6509550939827555,0.9976658674396179,0.0023341325603821058,180.91567327839564,1.3019101879655137,1.2780497074127197,0.2548114163961355,0.2668407094816921,0.1442099067591676,0.1750375405262418,1.0895463505501706,0.8564372499843079,-0.08810092208511769
132,3,angle_bus8,8,0.1,True,False,0.8073024149568078,0.7503247173570121,0.7316199924362365,0.9969402326769705,0.0030597673230295295,135.05844912426218,1.463239984872473,10.567938566207886,0.2548114163961355,0.2668407094816921,0.1442099067591676,0.1750375405262418,1.0895463505501706,0.8564372499843079,-0.08810092208511769
132,3,voltage_bus9,9,0.1,True,False,0.9708468891847213,1.0,0.8833875567388851,1.0,-3.900284976875633e-14,181.37760107272186,1.7667751134777676,1.3224537372589111,0.2548114163961355,0.2668407094816921,0.1442099067591676,0.1750375405262418,1.0895463505501706,0.8564372499843079,-0.08810092208511769
132,3,voltage_bus10,10,0.1,True,False,0.7501159132402445,0.6898883128479719,0.6243149740419334,0.9963720532231011,0.0036279467768989527,124.17989631263494,1.2486299480838658,11.462240934371948,0.2548114163961355,0.2668407094816921,0.1442099067591676,0.1750375405262418,1.0895463505501706,0.8564372499843079,-0.08810092208511769
132,3,freq_bus2,2,0.1,True,False,0.9624091089277345,1.0,0.8496364357109378,1.0,-7.991788117388213e-18,184.31712523988753,1.6992728714218774,1.191805124282837,0.2548114163961355,0.2668407094816921,0.1442099067591676,0.1750375405262418,1.0895463505501706,0.8564372499843079,-0.08810092208511769
132,3,freq_bus4,4,0.15,True,False,0.7522167264281435,0.6881287031098572,0.6366116477007324,0.9959978517921272,0.0040021482078727785,123.8631665597743,1.2732232954014622,11.499898672103882,0.2548114163961355,0.2668407094816921,0.1442099067591676,0.1750375405262418,1.0895463505501706,0.8564372499843079,-0.08810092208511769
132,3,severe_bus7,7,0.2,True,False,0.9387206870733942,1.0,0.7567582911663671,0.9981244571272098,0.0018755428727901973,180.42573889353034,1.5135165823327368,0.9412181377410889,0.2548114163961355,0.2668407094816921,0.1442099067591676,0.1750375405262418,1.0895463505501706,0.8564372499843079,-0.08810092208511769
133,3,angle_bus7,7,0.1,True,False,0.7621685444598112,1.0,0.5329542177815974,0.5157199600576476,0.4842800399423523,183.4956367220547,1.0659084355631965,0.883887767791748,0.35737539484077135,0.3506318684946622,0.13319272068745738,0.014079315506913855,1.0731499824385946,0.7770255514379744,-0.06134451231118304
133,3,angle_bus8,8,0.1,True,False,0.7621685444598112,1.0,0.5329542177815974,0.5157199600576476,0.4842800399423523,183.4956367220547,1.0659084355631965,0.6130766868591309,0.35737539484077135,0.3506318684946622,0.13319272068745738,0.014079315506913855,1.0731499824385946,0.7770255514379744,-0.06134451231118304
133,3,voltage_bus9,9,0.1,True,False,0.7621685444598112,1.0,0.5329542177815974,0.5157199600576476,0.4842800399423523,183.4956367220547,1.0659084355631965,0.8823277950286865,0.35737539484077135,0.3506318684946622,0.13319272068745738,0.014079315506913855,1.0731499824385946,0.7770255514379744,-0.06134451231118304
133,3,voltage_bus10,10,0.1,True,False,0.7621685444598112,1.0,0.5329542177815974,0.5157199600576476,0.4842800399423523,183.4956367220547,1.0659084355631965,0.5525803565979004,0.35737539484077135,0.3506318684946622,0.13319272068745738,0.014079315506913855,1.0731499824385946,0.7770255514379744,-0.06134451231118304
133,3,freq_bus2,2,0.1,True,False,0.7621685444598112,1.0,0.5329542177815974,0.5157199600576476,0.4842800399423523,183.4956367220547,1.0659084355631965,0.8583884239196777,0.35737539484077135,0.3506318684946622,0.13319272068745738,0.014079315506913855,1.0731499824385946,0.7770255514379744,-0.06134451231118304
133,3,freq_bus4,4,0.15,True,False,0.7621685444598112,1.0,0.5329542177815974,0.5157199600576476,0.4842800399423523,183.4956367220547,1.0659084355631965,0.5937693119049072,0.35737539484077135,0.3506318684946622,0.13319272068745738,0.014079315506913855,1.0731499824385946,0.7770255514379744,-0.06134451231118304
133,3,severe_bus7,7,0.2,True,False,0.7621685444598112,1.0,0.5329542177815974,0.5157199600576476,0.4842800399423523,183.4956367220547,1.0659084355631965,0.9120867252349854,0.35737539484077135,0.3506318684946622,0.13319272068745738,0.014079315506913855,1.0731499824385946,0.7770255514379744,-0.06134451231118304
134,3,angle_bus7,7,0.1,False,False,0.0,,,,,,,0.16201186180114746,0.2640061720847916,0.10125437959162537,0.25352674000714065,0.02017257245324929,0.8375041955697867,1.139066952706814,0.07874444110348242
134,3,angle_bus8,8,0.1,False,False,0.0,,,,,,,0.17099833488464355,0.2640061720847916,0.10125437959162537,0.25352674000714065,0.02017257245324929,0.8375041955697867,1.139066952706814,0.07874444110348242
134,3,voltage_bus9,9,0.1,False,False,0.0,,,,,,,0.3978877067565918,0.2640061720847916,0.10125437959162537,0.25352674000714065,0.02017257245324929,0.8375041955697867,1.139066952706814,0.07874444110348242
134,3,voltage_bus10,10,0.1,False,False,0.0,,,,,,,0.16051292419433594,0.2640061720847916,0.10125437959162537,0.25352674000714065,0.02017257245324929,0.8375041955697867,1.139066952706814,0.07874444110348242
134,3,freq_bus2,2,0.1,False,False,0.0,,,,,,,0.40404272079467773,0.2640061720847916,0.10125437959162537,0.25352674000714065,0.02017257245324929,0.8375041955697867,1.139066952706814,0.07874444110348242
134,3,freq_bus4,4,0.15,False,False,0.0,,,,,,,0.1360001564025879,0.2640061720847916,0.10125437959162537,0.25352674000714065,0.02017257245324929,0.8375041955697867,1.139066952706814,0.07874444110348242
134,3,severe_bus7,7,0.2,False,False,0.0,,,,,,,0.43645453453063965,0.2640061720847916,0.10125437959162537,0.25352674000714065,0.02017257245324929,0.8375041955697867,1.139066952706814,0.07874444110348242
135,3,angle_bus7,7,0.1,True,False,0.9172666263569402,1.0,0.6708707005531913,0.9981958048745696,0.001804195125430393,180.34474615745336,1.34174140110638,1.2804665565490723,0.33856102497448753,0.319860637122918,0.20827757977500855,0.11151133336660109,0.7823763399218553,0.811129384322929,-0.10129747448715475
135,3,angle_bus8,8,0.1,True,False,0.9341669471786217,1.0,0.736667788714513,0.9999999999999739,2.6126656391596013e-14,180.68699858402687,1.4733355774290224,1.6694633960723877,0.33856102497448753,0.319860637122918,0.20827757977500855,0.11151133336660109,0.7823763399218553,0.811129384322929,-0.10129747448715475
135,3,voltage_bus9,9,0.1,True,False,0.9439283061774599,1.0,0.7757132247098397,1.0,-1.1869587461184502e-17,181.75653411209052,1.5514264494196794,1.3735909461975098,0.33856102497448753,0.319860637122918,0.20827757977500855,0.11151133336660109,0.7823763399218553,0.811129384322929,-0.10129747448715475
135,3,voltage_bus10,10,0.1,True,False,0.9243209300254183,1.0,0.7007142859333513,0.9965694341683217,0.003430565831678373,180.55699340895785,1.4014285718667008,1.7290620803833008,0.33856102497448753,0.319860637122918,0.20827757977500855,0.11151133336660109,0.7823763399218553,0.811129384322929,-0.10129747448715475
135,3,freq_bus2,2,0.1,True,False,0.9369612553701403,1.0,0.7478450214805612,1.0,-0.2477146675339576,180.32324297629444,1.4956900429611197,3.721046209335327,0.33856102497448753,0.319860637122918,0.20827757977500855,0.11151133336660109,0.7823763399218553,0.811129384322929,-0.10129747448715475
135,3,freq_bus4,4,0.15,True,False,0.93290932786672,1.0,0.7354640752391752,0.9961732362277045,0.003826763772295528,180.5103335524248,1.4709281504783522,1.708207130432129,0.33856102497448753,0.319860637122918,0.20827757977500855,0.11151133336660109,0.7823763399218553,0.811129384322929,-0.10129747448715475
135,3,severe_bus7,7,0.2,True,False,0.9299104375217117,1.0,0.7212488348065804,0.9983929152802662,0.0016070847197337617,182.15645334350708,1.4424976696131608,1.2041585445404053,0.33856102497448753,0.319860637122918,0.20827757977500855,0.11151133336660109,0.7823763399218553,0.811129384322929,-0.10129747448715475
136,3,angle_bus7,7,0.1,True,False,0.7415722885588507,0.6933814910580997,0.5823440778959785,0.9971820942232248,0.0028179057767752608,124.80866839045794,1.1646881557919553,9.877972602844238,0.02305737564357114,0.364188833907791,0.23100168261254955,0.09146906605363304,0.9619516697918222,0.7141864299559502,-0.12848293313667986
136,3,angle_bus8,8,0.1,True,False,0.6326085734776142,0.5348843498584247,0.4640311643121535,0.996634429881454,0.003365570118546,96.27918297451644,0.9280623286243062,10.266425848007202,0.02305737564357114,0.364188833907791,0.23100168261254955,0.09146906605363304,0.9619516697918222,0.7141864299559502,-0.12848293313667986
136,3,voltage_bus9,9,0.1,True,False,0.9831524013785559,1.0,0.9326096055597404,0.9999999999544831,4.5516891158430946e-11,180.2775654279029,1.8652192111194843,1.690418004989624,0.02305737564357114,0.364188833907791,0.23100168261254955,0.09146906605363304,0.9619516697918222,0.7141864299559502,-0.12848293313667986
136,3,voltage_bus10,10,0.1,True,False,0.6114265210007436,0.4925855862819175,0.4642792124598998,0.9962556989792395,0.003744301020760462,88.66540553074515,0.9285584249198031,10.228432893753052,0.02305737564357114,0.364188833907791,0.23100168261254955,0.09146906605363304,0.9619516697918222,0.7141864299559502,-0.12848293313667986
136,3,freq_bus2,2,0.1,True,False,0.7519118574178125,0.7015672726400712,0.6083249764110192,0.9961879079800885,0.0038120920199115125,126.28210907521282,1.216649952822042,9.055081605911255,0.02305737564357114,0.364188833907791,0.23100168261254955,0.09146906605363304,0.9619516697918222,0.7141864299559502,-0.12848293313667986
136,3,freq_bus4,4,0.15,True,False,0.6107200135183652,0.4925855862819175,0.46176530935768767,0.9959435721519385,0.004056427848061495,88.66540553074515,0.923530618715378,10.643404006958008,0.02305737564357114,0.364188833907791,0.23100168261254955,0.09146906605363304,0.9619516697918222,0.7141864299559502,-0.12848293313667986
136,3,severe_bus7,7,0.2,True,False,0.9011757546297091,1.0,0.6071433598352307,0.9975596586836059,0.00244034131639412,181.656376383459,1.2142867196704588,1.3441426753997803,0.02305737564357114,0.364188833907791,0.23100168261254955,0.09146906605363304,0.9619516697918222,0.7141864299559502,-0.12848293313667986
137,3,angle_bus7,7,0.1,True,False,0.7616305649167758,1.0,0.5596513670663974,0.48687089260070604,0.513129107399294,180.01147520924962,1.1193027341327921,1.246507167816162,0.3687624619634966,0.05072437448993492,0.19201816354631293,0.07274288481164294,0.9420034294897952,0.8387927776064097,-0.014667174427852286
137,3,angle_bus8,8,0.1,True,False,0.7616305649167758,1.0,0.5596513670663974,0.48687089260070604,0.513129107399294,180.01147520924962,1.1193027341327921,1.118332862854004,0.3687624619634966,0.05072437448993492,0.19201816354631293,0.07274288481164294,0.9420034294897952,0.8387927776064097,-0.014667174427852286
137,3,voltage_bus9,9,0.1,True,False,0.7616305649167758,1.0,0.5596513670663974,0.48687089260070604,0.513129107399294,180.01147520924962,1.1193027341327921,1.3409438133239746,0.3687624619634966,0.05072437448993492,0.19201816354631293,0.07274288481164294,0.9420034294897952,0.8387927776064097,-0.014667174427852286
137,3,voltage_bus10,10,0.1,True,False,0.7616305649167758,1.0,0.5596513670663974,0.48687089260070604,0.513129107399294,180.01147520924962,1.1193027341327921,1.12608003616333,0.3687624619634966,0.05072437448993492,0.19201816354631293,0.07274288481164294,0.9420034294897952,0.8387927776064097,-0.014667174427852286
137,3,freq_bus2,2,0.1,True,False,0.7616305649167758,1.0,0.5596513670663974,0.48687089260070604,0.513129107399294,180.01147520924962,1.1193027341327921,0.999133825302124,0.3687624619634966,0.05072437448993492,0.19201816354631293,0.07274288481164294,0.9420034294897952,0.8387927776064097,-0.014667174427852286
137,3,freq_bus4,4,0.15,True,False,0.7616305649167758,1.0,0.5596513670663974,0.48687089260070604,0.513129107399294,180.01147520924962,1.1193027341327921,1.3808159828186035,0.3687624619634966,0.05072437448993492,0.19201816354631293,0.07274288481164294,0.9420034294897952,0.8387927776064097,-0.014667174427852286
137,3,severe_bus7,7,0.2,True,False,0.7616305649167758,1.0,0.5596513670663974,0.48687089260070604,0.513129107399294,180.01147520924962,1.1193027341327921,1.0211842060089111,0.3687624619634966,0.05072437448993492,0.19201816354631293,0.07274288481164294,0.9420034294897952,0.8387927776064097,-0.014667174427852286
138,3,angle_bus7,7,0.1,True,False,0.978404847697229,0.958036288570799,1.0,0.9975468136473179,0.002453186352682121,172.44653194274383,2.3315544187136217,10.927238464355469,0.3271355377311795,0.14075191570687973,0.17231355381460306,0.0633360146825488,0.7378677799935878,0.7663086542078039,-0.05355254697797933
138,3,angle_bus8,8,0.1,True,False,0.7422797560342519,0.6737168808378183,0.6248279576176579,0.996857304843713,0.003142695156286919,121.2690385508073,1.2496559152353148,11.742811441421509,0.3271355377311795,0.14075191570687973,0.17231355381460306,0.0633360146825488,0.7378677799935878,0.7663086542078039,-0.05355254697797933
138,3,voltage_bus9,9,0.1,True,False,0.9773830141324931,1.0,0.9095320565299723,1.0,2.7022317639318526e-18,180.493741493559,1.8190641130599472,2.20603609085083,0.3271355377311795,0.14075191570687973,0.17231355381460306,0.0633360146825488,0.7378677799935878,0.7663086542078039,-0.05355254697797933
138,3,voltage_bus10,10,0.1,True,False,0.7002473177864079,0.6317535666466836,0.5411407330716109,0.9963414047806537,0.0036585952193462765,113.71564199640304,1.08228146614322,12.087579011917114,0.3271355377311795,0.14075191570687973,0.17231355381460306,0.0633360146825488,0.7378677799935878,0.7663086542078039,-0.05355254697797933
138,3,freq_bus2,2,0.1,True,False,0.6972739048789381,0.6653549516698885,0.4619173115805104,0.9964684045954654,0.003531595404534656,119.76389130057991,0.9238346231610217,3.6677987575531006,0.3271355377311795,0.14075191570687973,0.17231355381460306,0.0633360146825488,0.7378677799935878,0.7663086542078039,-0.05355254697797933
138,3,freq_bus4,4,0.15,True,False,0.6993509937414804,0.6234478220011989,0.5545351775899974,0.9959731533735263,0.004026846626473626,112.22060796021579,1.109070355179993,11.790123701095581,0.3271355377311795,0.14075191570687973,0.17231355381460306,0.0633360146825488,0.7378677799935878,0.7663086542078039,-0.05355254697797933
138,3,severe_bus7,7,0.2,True,False,0.9369441666629025,1.0,0.7497955924075725,0.9979810742440375,0.0020189257559625577,181.8662458445226,1.4995911848151433,1.9702763557434082,0.3271355377311795,0.14075191570687973,0.17231355381460306,0.0633360146825488,0.7378677799935878,0.7663086542078039,-0.05355254697797933
139,3,angle_bus7,7,0.1,True,False,0.7582191435317998,1.0,0.5221154726918975,0.5107611014353015,0.4892388985646985,180.3204558958555,1.044230945383795,0.55283522605896,0.10580885680683697,0.32033768087856823,0.2130296808507422,0.1280023258379984,1.140950939699354,0.9422419569825029,0.1441142741306086
139,3,angle_bus8,8,0.1,True,False,0.7582191435317998,1.0,0.5221154726918975,0.5107611014353015,0.4892388985646985,180.3204558958555,1.044230945383795,0.7529294490814209,0.10580885680683697,0.32033768087856823,0.2130296808507422,0.1280023258379984,1.140950939699354,0.9422419569825029,0.1441142741306086
139,3,voltage_bus9,9,0.1,True,False,0.7582191435317998,1.0,0.5221154726918975,0.5107611014353015,0.4892388985646985,180.3204558958555,1.044230945383795,0.5618338584899902,0.10580885680683697,0.32033768087856823,0.2130296808507422,0.1280023258379984,1.140950939699354,0.9422419569825029,0.1441142741306086
139,3,voltage_bus10,10,0.1,True,False,0.7582191435317998,1.0,0.5221154726918975,0.5107611014353015,0.4892388985646985,180.3204558958555,1.044230945383795,0.7660386562347412,0.10580885680683697,0.32033768087856823,0.2130296808507422,0.1280023258379984,1.140950939699354,0.9422419569825029,0.1441142741306086
139,3,freq_bus2,2,0.1,True,False,0.7582191435317998,1.0,0.5221154726918975,0.5107611014353015,0.4892388985646985,180.3204558958555,1.044230945383795,0.5177650451660156,0.10580885680683697,0.32033768087856823,0.2130296808507422,0.1280023258379984,1.140950939699354,0.9422419569825029,0.1441142741306086
139,3,freq_bus4,4,0.15,True,False,0.7582191435317998,1.0,0.5221154726918975,0.5107611014353015,0.4892388985646985,180.3204558958555,1.044230945383795,0.570359468460083,0.10580885680683697,0.32033768087856823,0.2130296808507422,0.1280023258379984,1.140950939699354,0.9422419569825029,0.1441142741306086
139,3,severe_bus7,7,0.2,True,False,0.7582191435317998,1.0,0.5221154726918975,0.5107611014353015,0.4892388985646985,180.3204558958555,1.044230945383795,0.744680643081665,0.10580885680683697,0.32033768087856823,0.2130296808507422,0.1280023258379984,1.140950939699354,0.9422419569825029,0.1441142741306086
140,3,angle_bus7,7,0.1,True,False,0.7803738999155696,1.0,0.5708207190370942,0.5506748806251844,0.4493251193748155,184.62346454570914,1.1416414380741902,0.7147035598754883,0.21982163216023012,0.11890856003234265,0.1962792853883795,0.16652387183756126,0.7086327916528776,0.9865288421057605,-0.049545118655250076
140,3,angle_bus8,8,0.1,True,False,0.7803738999155696,1.0,0.5708207190370942,0.5506748806251844,0.4493251193748155,184.62346454570914,1.1416414380741902,0.7866775989532471,0.21982163216023012,0.11890856003234265,0.1962792853883795,0.16652387183756126,0.7086327916528776,0.9865288421057605,-0.049545118655250076
140,3,voltage_bus9,9,0.1,True,False,0.7803738999155696,1.0,0.5708207190370942,0.5506748806251844,0.4493251193748155,184.62346454570914,1.1416414380741902,0.5827271938323975,0.21982163216023012,0.11890856003234265,0.1962792853883795,0.16652387183756126,0.7086327916528776,0.9865288421057605,-0.049545118655250076
140,3,voltage_bus10,10,0.1,True,False,0.7803738999155696,1.0,0.5708207190370942,0.5506748806251844,0.4493251193748155,184.62346454570914,1.1416414380741902,0.8843603134155273,0.21982163216023012,0.11890856003234265,0.1962792853883795,0.16652387183756126,0.7086327916528776,0.9865288421057605,-0.049545118655250076
140,3,freq_bus2,2,0.1,True,False,0.7803738999155696,1.0,0.5708207190370942,0.5506748806251844,0.4493251193748155,184.62346454570914,1.1416414380741902,0.567889928817749,0.21982163216023012,0.11890856003234265,0.1962792853883795,0.16652387183756126,0.7086327916528776,0.9865288421057605,-0.049545118655250076
140,3,freq_bus4,4,0.15,True,False,0.7803738999155696,1.0,0.5708207190370942,0.5506748806251844,0.4493251193748155,184.62346454570914,1.1416414380741902,0.7642714977264404,0.21982163216023012,0.11890856003234265,0.1962792853883795,0.16652387183756126,0.7086327916528776,0.9865288421057605,-0.049545118655250076
140,3,severe_bus7,7,0.2,True,False,0.7803738999155696,1.0,0.5708207190370942,0.5506748806251844,0.4493251193748155,184.62346454570914,1.1416414380741902,0.5166208744049072,0.21982163216023012,0.11890856003234265,0.1962792853883795,0.16652387183756126,0.7086327916528776,0.9865288421057605,-0.049545118655250076
141,3,angle_bus7,7,0.1,True,False,0.7466507809377647,1.0,0.47106954168359394,0.5155335820674651,0.48446641793253487,181.228842609233,0.9421390833671861,0.6233968734741211,0.08132261046223987,0.18396892842661275,0.1619057132304474,0.04969361967444613,0.8527088265282979,0.9964157759622252,-0.07400617973814243
141,3,angle_bus8,8,0.1,True,False,0.7466507809377647,1.0,0.47106954168359394,0.5155335820674651,0.48446641793253487,181.228842609233,0.9421390833671861,0.3446338176727295,0.08132261046223987,0.18396892842661275,0.1619057132304474,0.04969361967444613,0.8527088265282979,0.9964157759622252,-0.07400617973814243
141,3,voltage_bus9,9,0.1,True,False,0.7466507809377647,1.0,0.47106954168359394,0.5155335820674651,0.48446641793253487,181.228842609233,0.9421390833671861,0.6544063091278076,0.08132261046223987,0.18396892842661275,0.1619057132304474,0.04969361967444613,0.8527088265282979,0.9964157759622252,-0.07400617973814243
141,3,voltage_bus10,10,0.1,True,False,0.7466507809377647,1.0,0.47106954168359394,0.5155335820674651,0.48446641793253487,181.228842609233,0.9421390833671861,0.41383814811706543,0.08132261046223987,0.18396892842661275,0.1619057132304474,0.04969361967444613,0.8527088265282979,0.9964157759622252,-0.07400617973814243
141,3,freq_bus2,2,0.1,True,False,0.7466507809377647,1.0,0.47106954168359394,0.5155335820674651,0.48446641793253487,181.228842609233,0.9421390833671861,0.6232748031616211,0.08132261046223987,0.18396892842661275,0.1619057132304474,0.04969361967444613,0.8527088265282979,0.9964157759622252,-0.07400617973814243
141,3,freq_bus4,4,0.15,True,False,0.7466507809377647,1.0,0.47106954168359394,0.5155335820674651,0.48446641793253487,181.228842609233,0.9421390833671861,0.4031252861022949,0.08132261046223987,0.18396892842661275,0.1619057132304474,0.04969361967444613,0.8527088265282979,0.9964157759622252,-0.07400617973814243
141,3,severe_bus7,7,0.2,True,False,0.7466507809377647,1.0,0.47106954168359394,0.5155335820674651,0.48446641793253487,181.228842609233,0.9421390833671861,0.3633136749267578,0.08132261046223987,0.18396892842661275,0.1619057132304474,0.04969361967444613,0.8527088265282979,0.9964157759622252,-0.07400617973814243
142,3,angle_bus7,7,0.1,True,False,0.7576540410519763,1.0,0.5080209548298207,0.5225952093780846,0.4774047906219155,182.836500291263,1.016041909659644,0.7961068153381348,0.22546103117923702,0.34752160437048646,0.2982250322775181,0.11440489289817414,1.118313601411481,0.980065621601641,-0.03799919142716382
142,3,angle_bus8,8,0.1,True,False,0.7576540410519763,1.0,0.5080209548298207,0.5225952093780846,0.4774047906219155,182.836500291263,1.016041909659644,0.41587281227111816,0.22546103117923702,0.34752160437048646,0.2982250322775181,0.11440489289817414,1.118313601411481,0.980065621601641,-0.03799919142716382
142,3,voltage_bus9,9,0.1,True,False,0.7576540410519763,1.0,0.5080209548298207,0.5225952093780846,0.4774047906219155,182.836500291263,1.016041909659644,0.6811752319335938,0.22546103117923702,0.34752160437048646,0.2982250322775181,0.11440489289817414,1.118313601411481,0.980065621601641,-0.03799919142716382
142,3,voltage_bus10,10,0.1,True,False,0.7576540410519763,1.0,0.5080209548298207,0.5225952093780846,0.4774047906219155,182.836500291263,1.016041909659644,0.5044140815734863,0.22546103117923702,0.34752160437048646,0.2982250322775181,0.11440489289817414,1.118313601411481,0.980065621601641,-0.03799919142716382
142,3,freq_bus2,2,0.1,True,False,0.7576540410519763,1.0,0.5080209548298207,0.5225952093780846,0.4774047906219155,182.836500291263,1.016041909659644,0.7610454559326172,0.22546103117923702,0.34752160437048646,0.2982250322775181,0.11440489289817414,1.118313601411481,0.980065621601641,-0.03799919142716382
142,3,freq_bus4,4,0.15,True,False,0.7576540410519763,1.0,0.5080209548298207,0.5225952093780846,0.4774047906219155,182.836500291263,1.016041909659644,0.46190786361694336,0.22546103117923702,0.34752160437048646,0.2982250322775181,0.11440489289817414,1.118313601411481,0.980065621601641,-0.03799919142716382
142,3,severe_bus7,7,0.2,True,False,0.7576540410519763,1.0,0.5080209548298207,0.5225952093780846,0.4774047906219155,182.836500291263,1.016041909659644,0.6965174674987793,0.22546103117923702,0.34752160437048646,0.2982250322775181,0.11440489289817414,1.118313601411481,0.980065621601641,-0.03799919142716382
143,3,angle_bus7,7,0.1,True,False,0.920575475590279,1.0,0.684396286430875,0.9979056159302407,0.0020943840697592985,180.2045397234101,1.36879257286175,1.0511977672576904,0.05405566336243548,0.21853826755807304,0.00881501857157744,0.23767248994556942,0.7546314407540746,0.9596390821845162,0.021258512079485425
143,3,angle_bus8,8,0.1,True,False,0.9633986841023736,1.0,0.8535947364094945,1.0,-2.5715414060199302e-11,181.3155300025061,1.7071894728189863,1.3928461074829102,0.05405566336243548,0.21853826755807304,0.00881501857157744,0.23767248994556942,0.7546314407540746,0.9596390821845162,0.021258512079485425
143,3,voltage_bus9,9,0.1,True,False,0.9620361029881106,1.0,0.8481444119528305,0.9999999999996116,3.8832957938614537e-13,180.20443511095164,1.6962888239056584,1.1417570114135742,0.05405566336243548,0.21853826755807304,0.00881501857157744,0.23767248994556942,0.7546314407540746,0.9596390821845162,0.021258512079485425
143,3,voltage_bus10,10,0.1,True,False,0.8558215242759665,0.8044709800887169,0.8178829042215909,0.9964612327048411,0.003538767295158847,144.80477641596903,1.6357658084431792,11.265185594558716,0.05405566336243548,0.21853826755807304,0.00881501857157744,0.23767248994556942,0.7546314407540746,0.9596390821845162,0.021258512079485425
143,3,freq_bus2,2,0.1,True,False,0.9587095203449607,1.0,0.8348380813798428,1.0,-8.038415823228733e-20,184.98889835383252,1.6696761627596857,0.9273874759674072,0.05405566336243548,0.21853826755807304,0.00881501857157744,0.23767248994556942,0.7546314407540746,0.9596390821845162,0.021258512079485425
143,3,freq_bus4,4,0.15,True,False,0.8503178005936998,0.7929160059910335,0.8193683175123141,0.9960708728804181,0.003929127119581888,142.72488107838603,1.6387366350246246,11.606562376022339,0.05405566336243548,0.21853826755807304,0.00881501857157744,0.23767248994556942,0.7546314407540746,0.9596390821845162,0.021258512079485425
143,3,severe_bus7,7,0.2,True,False,0.9497454521622629,1.0,0.8006291108524373,0.9983526977966144,0.0016473022033856003,186.3035960785045,1.6012582217048754,0.9281609058380127,0.05405566336243548,0.21853826755807304,0.00881501857157744,0.23767248994556942,0.7546314407540746,0.9596390821845162,0.021258512079485425
144,3,angle_bus7,7,0.1,True,False,0.7310184074563534,1.0,0.43355402272226584,0.4905196071031478,0.5094803928968522,180.25152757074866,0.867108045444529,0.35863423347473145,0.39715279917662066,0.3784638660480794,0.06663382452250984,0.1048413898774767,0.800626801646902,1.0355352834519715,0.14209963550529617
144,3,angle_bus8,8,0.1,True,False,0.7310184074563534,1.0,0.43355402272226584,0.4905196071031478,0.5094803928968522,180.25152757074866,0.867108045444529,0.6278388500213623,0.39715279917662066,0.3784638660480794,0.06663382452250984,0.1048413898774767,0.800626801646902,1.0355352834519715,0.14209963550529617
144,3,voltage_bus9,9,0.1,True,False,0.7310184074563534,1.0,0.43355402272226584,0.4905196071031478,0.5094803928968522,180.25152757074866,0.867108045444529,0.3515663146972656,0.39715279917662066,0.3784638660480794,0.06663382452250984,0.1048413898774767,0.800626801646902,1.0355352834519715,0.14209963550529617
144,3,voltage_bus10,10,0.1,True,False,0.7310184074563534,1.0,0.43355402272226584,0.4905196071031478,0.5094803928968522,180.25152757074866,0.867108045444529,0.6231784820556641,0.39715279917662066,0.3784638660480794,0.06663382452250984,0.1048413898774767,0.800626801646902,1.0355352834519715,0.14209963550529617
144,3,freq_bus2,2,0.1,True,False,0.7310184074563534,1.0,0.43355402272226584,0.4905196071031478,0.5094803928968522,180.25152757074866,0.867108045444529,0.3479022979736328,0.39715279917662066,0.3784638660480794,0.06663382452250984,0.1048413898774767,0.800626801646902,1.0355352834519715,0.14209963550529617
144,3,freq_bus4,4,0.15,True,False,0.7310184074563534,1.0,0.43355402272226584,0.4905196071031478,0.5094803928968522,180.25152757074866,0.867108045444529,0.5798280239105225,0.39715279917662066,0.3784638660480794,0.06663382452250984,0.1048413898774767,0.800626801646902,1.0355352834519715,0.14209963550529617
144,3,severe_bus7,7,0.2,True,False,0.7310184074563534,1.0,0.43355402272226584,0.4905196071031478,0.5094803928968522,180.25152757074866,0.867108045444529,0.3770487308502197,0.39715279917662066,0.3784638660480794,0.06663382452250984,0.1048413898774767,0.800626801646902,1.0355352834519715,0.14209963550529617
145,3,angle_bus7,7,0.1,True,False,0.7653596041985518,1.0,0.5440374686111014,0.5174009481831056,0.48259905181689444,181.70755234064444,1.088074937222201,0.7732224464416504,0.014088561838890288,0.24319285473200494,0.1545477715737598,0.20761506677285962,0.8180740798334999,1.0164061943998606,0.12111651279883343
145,3,angle_bus8,8,0.1,True,False,0.7653596041985518,1.0,0.5440374686111014,0.5174009481831056,0.48259905181689444,181.70755234064444,1.088074937222201,0.5295560359954834,0.014088561838890288,0.24319285473200494,0.1545477715737598,0.20761506677285962,0.8180740798334999,1.0164061943998606,0.12111651279883343
145,3,voltage_bus9,9,0.1,True,False,0.7653596041985518,1.0,0.5440374686111014,0.5174009481831056,0.48259905181689444,181.70755234064444,1.088074937222201,0.787029504776001,0.014088561838890288,0.24319285473200494,0.1545477715737598,0.20761506677285962,0.8180740798334999,1.0164061943998606,0.12111651279883343
145,3,voltage_bus10,10,0.1,True,False,0.7653596041985518,1.0,0.5440374686111014,0.5174009481831056,0.48259905181689444,181.70755234064444,1.088074937222201,0.5900061130523682,0.014088561838890288,0.24319285473200494,0.1545477715737598,0.20761506677285962,0.8180740798334999,1.0164061943998606,0.12111651279883343
145,3,freq_bus2,2,0.1,True,False,0.7653596041985518,1.0,0.5440374686111014,0.5174009481831056,0.48259905181689444,181.70755234064444,1.088074937222201,0.8006927967071533,0.014088561838890288,0.24319285473200494,0.1545477715737598,0.20761506677285962,0.8180740798334999,1.0164061943998606,0.12111651279883343
145,3,freq_bus4,4,0.15,True,False,0.7653596041985518,1.0,0.5440374686111014,0.5174009481831056,0.48259905181689444,181.70755234064444,1.088074937222201,0.5814793109893799,0.014088561838890288,0.24319285473200494,0.1545477715737598,0.20761506677285962,0.8180740798334999,1.0164061943998606,0.12111651279883343
145,3,severe_bus7,7,0.2,True,False,0.7653596041985518,1.0,0.5440374686111014,0.5174009481831056,0.48259905181689444,181.70755234064444,1.088074937222201,0.8016836643218994,0.014088561838890288,0.24319285473200494,0.1545477715737598,0.20761506677285962,0.8180740798334999,1.0164061943998606,0.12111651279883343
146,4,angle_bus7,7,0.1,True,False,0.7474819016407408,1.0,0.5048661960891074,0.48506141047385565,0.5149385895261444,180.4580170354716,1.009732392178213,0.6374080181121826,0.0022604395144403665,0.1956112156024795,0.05356051560066463,0.0022697397820547706,0.7664405048362639,0.7452742485440864,-0.09570854776492764
146,4,angle_bus8,8,0.1,True,False,0.7474819016407408,1.0,0.5048661960891074,0.48506141047385565,0.5149385895261444,180.4580170354716,1.009732392178213,0.6468353271484375,0.0022604395144403665,0.1956112156024795,0.05356051560066463,0.0022697397820547706,0.7664405048362639,0.7452742485440864,-0.09570854776492764
146,4,voltage_bus9,9,0.1,True,False,0.7474819016407408,1.0,0.5048661960891074,0.48506141047385565,0.5149385895261444,180.4580170354716,1.009732392178213,0.9106073379516602,0.0022604395144403665,0.1956112156024795,0.05356051560066463,0.0022697397820547706,0.7664405048362639,0.7452742485440864,-0.09570854776492764
146,4,voltage_bus10,10,0.1,True,False,0.7474819016407408,1.0,0.5048661960891074,0.48506141047385565,0.5149385895261444,180.4580170354716,1.009732392178213,0.6728916168212891,0.0022604395144403665,0.1956112156024795,0.05356051560066463,0.0022697397820547706,0.7664405048362639,0.7452742485440864,-0.09570854776492764
146,4,freq_bus2,2,0.1,True,False,0.7474819016407408,1.0,0.5048661960891074,0.48506141047385565,0.5149385895261444,180.4580170354716,1.009732392178213,0.9000167846679688,0.0022604395144403665,0.1956112156024795,0.05356051560066463,0.0022697397820547706,0.7664405048362639,0.7452742485440864,-0.09570854776492764
146,4,freq_bus4,4,0.15,True,False,0.7474819016407408,1.0,0.5048661960891074,0.48506141047385565,0.5149385895261444,180.4580170354716,1.009732392178213,0.6441025733947754,0.0022604395144403665,0.1956112156024795,0.05356051560066463,0.0022697397820547706,0.7664405048362639,0.7452742485440864,-0.09570854776492764
146,4,severe_bus7,7,0.2,True,False,0.7474819016407408,1.0,0.5048661960891074,0.48506141047385565,0.5149385895261444,180.4580170354716,1.009732392178213,0.8781731128692627,0.0022604395144403665,0.1956112156024795,0.05356051560066463,0.0022697397820547706,0.7664405048362639,0.7452742485440864,-0.09570854776492764
147,4,angle_bus7,7,0.1,True,False,0.8921058538786519,0.8525304568318455,0.8660022433596559,0.997360258491261,0.0026397415087390766,153.45548222973218,1.7320044867193118,11.188178062438965,0.2921393569472305,0.048718863673244545,0.034122105465783245,0.03471901481825564,1.0945738938754532,0.7265065173990924,0.11382928790046878
147,4,angle_bus8,8,0.1,True,False,0.7038508381631724,0.6338178144965619,0.5510037383401283,0.9967639853194374,0.0032360146805625635,114.08720660938114,1.1020074766802601,11.42089295387268,0.2921393569472305,0.048718863673244545,0.034122105465783245,0.03471901481825564,1.0945738938754532,0.7265065173990924,0.11382928790046878
147,4,voltage_bus9,9,0.1,True,False,0.9770692834500867,1.0,0.9082771338003468,1.0,-8.553424960456416e-12,180.18701362269863,1.8165542676006963,1.7036263942718506,0.2921393569472305,0.048718863673244545,0.034122105465783245,0.03471901481825564,1.0945738938754532,0.7265065173990924,0.11382928790046878
147,4,voltage_bus10,10,0.1,True,False,0.66999790124819,0.60225409968156,0.47918355067677965,0.9962998549528608,0.003700145047139185,108.4057379426808,0.9583671013535566,10.85995864868164,0.2921393569472305,0.048718863673244545,0.034122105465783245,0.03471901481825564,1.0945738938754532,0.7265065173990924,0.11382928790046878
147,4,freq_bus2,2,0.1,True,False,0.6747838899731141,0.639174441164775,0.4245954132710352,0.9961912642918713,0.0038087357081286978,115.0513994096595,0.8491908265420678,3.4487645626068115,0.2921393569472305,0.048718863673244545,0.034122105465783245,0.03471901481825564,1.0945738938754532,0.7265065173990924,0.11382928790046878
147,4,freq_bus4,4,0.15,True,False,0.6748404629301994,0.60225409968156,0.4989040064103065,0.9959496459473712,0.004050354052628821,108.4057379426808,0.9978080128206157,11.799032926559448,0.2921393569472305,0.048718863673244545,0.034122105465783245,0.03471901481825564,1.0945738938754532,0.7265065173990924,0.11382928790046878
147,4,severe_bus7,7,0.2,True,False,0.9248923970984876,1.0,0.701801399142731,0.9977681892512192,0.0022318107487807226,181.69530883189879,1.4036027982854593,1.6132926940917969,0.2921393569472305,0.048718863673244545,0.034122105465783245,0.03471901481825564,1.0945738938754532,0.7265065173990924,0.11382928790046878
148,4,angle_bus7,7,0.1,True,False,0.8882512787526479,1.0,0.5549571401974234,0.998047974813168,0.0019520251868319896,181.33985908794247,1.1099142803948503,1.1318690776824951,0.0955658580117267,0.06772761278215224,0.09334061409738124,0.14202137057921868,0.9719391493150834,0.8728937755098767,0.10681434194935971
148,4,angle_bus8,8,0.1,True,False,0.8843279371501159,1.0,0.539938645281687,0.9973731033187767,0.0026268966812232715,181.22653131432423,1.0798772905633758,0.8726279735565186,0.0955658580117267,0.06772761278215224,0.09334061409738124,0.14202137057921868,0.9719391493150834,0.8728937755098767,0.10681434194935971
148,4,voltage_bus9,9,0.1,True,False,0.883864978865839,1.0,0.5391985884336243,0.9962613270297316,0.003738672970268369,181.2211625990415,1.0783971768672496,0.8505668640136719,0.0955658580117267,0.06772761278215224,0.09334061409738124,0.14202137057921868,0.9719391493150834,0.8728937755098767,0.10681434194935971
148,4,voltage_bus10,10,0.1,True,False,0.88362041057533,1.0,0.538033324230689,0.9964483180706313,0.003551681929368728,181.19980351408154,1.076066648461378,1.1237037181854248,0.0955658580117267,0.06772761278215224,0.09334061409738124,0.14202137057921868,0.9719391493150834,0.8728937755098767,0.10681434194935971
148,4,freq_bus2,2,0.1,True,False,0.8895398761122258,1.0,0.5616479526881832,0.99651155176072,0.0034884482392799916,181.37157313283228,1.1232959053763647,0.8853161334991455,0.0955658580117267,0.06772761278215224,0.09334061409738124,0.14202137057921868,0.9719391493150834,0.8728937755098767,0.10681434194935971
148,4,freq_bus4,4,0.15,True,False,0.8834157531938246,1.0,0.5378852535852658,0.9957777591900324,0.004222240809967597,181.1993266977624,1.0757705071705281,1.1151230335235596,0.0955658580117267,0.06772761278215224,0.09334061409738124,0.14202137057921868,0.9719391493150834,0.8728937755098767,0.10681434194935971
148,4,severe_bus7,7,0.2,True,False,0.8882512787526479,1.0,0.5549571401974234,0.998047974813168,0.0019520251868319896,181.33985908794247,1.1099142803948503,0.8924160003662109,0.0955658580117267,0.06772761278215224,0.09334061409738124,0.14202137057921868,0.9719391493150834,0.8728937755098767,0.10681434194935971
149,4,angle_bus7,7,0.1,True,False,0.7721163146453787,0.7261737641444406,0.6389615977301268,0.9971561325625067,0.0028438674374932906,130.7112775459993,1.277923195460251,11.328898191452026,0.11645474031870132,0.08029301975605098,0.11330159159008352,0.1441621237719468,1.0240603145366654,0.7847493887080708,0.0371714717565958
149,4,angle_bus8,8,0.1,True,False,0.6468661072209462,0.5585758424523073,0.4736603234374961,0.9966524205416741,0.003347579458325901,100.54365164141531,0.947320646874994,11.551155090332031,0.11645474031870132,0.08029301975605098,0.11330159159008352,0.1441621237719468,1.0240603145366654,0.7847493887080708,0.0371714717565958
149,4,voltage_bus9,9,0.1,True,False,0.9882343181002238,1.0,0.9529372724008951,1.0,1.0265553352112245e-18,183.44331326259044,1.9058745448017866,1.745088815689087,0.11645474031870132,0.08029301975605098,0.11330159159008352,0.1441621237719468,1.0240603145366654,0.7847493887080708,0.0371714717565958
149,4,voltage_bus10,10,0.1,True,False,0.6284129096505511,0.5210716181344405,0.47524114302634146,0.996267259306982,0.0037327406930179534,93.79289126419928,0.9504822860526829,11.578183650970459,0.11645474031870132,0.08029301975605098,0.11330159159008352,0.1441621237719468,1.0240603145366654,0.7847493887080708,0.0371714717565958
149,4,freq_bus2,2,0.1,True,False,0.7817841066153968,0.7354171642298567,0.6602807115338507,0.9960213864680229,0.003978613531977108,132.3750895613742,1.3205614230677032,11.121683835983276,0.11645474031870132,0.08029301975605098,0.11330159159008352,0.1441621237719468,1.0240603145366654,0.7847493887080708,0.0371714717565958
149,4,freq_bus4,4,0.15,True,False,0.6277412553238415,0.5210716181344405,0.4728787849209404,0.9959430001055448,0.004056999894455178,93.79289126419928,0.9457575698418808,11.57303786277771,0.11645474031870132,0.08029301975605098,0.11330159159008352,0.1441621237719468,1.0240603145366654,0.7847493887080708,0.0371714717565958
149,4,severe_bus7,7,0.2,True,False,0.9038055856787159,1.0,0.6177043358316823,0.9975180068831813,0.0024819931168187283,181.39355859297604,1.2354086716633672,1.875004529953003,0.11645474031870132,0.08029301975605098,0.11330159159008352,0.1441621237719468,1.0240603145366654,0.7847493887080708,0.0371714717565958
150,4,angle_bus7,7,0.1,True,False,0.7514436681225699,1.0,0.5097904020624711,0.49598427042780846,0.5040157295721915,181.84032303863003,1.0195808041249421,0.6130449771881104,0.06845710507932452,0.38316951046757547,0.2869142838306914,0.07524367700674342,1.0675844647209458,0.8308323283071077,0.05647833141543146
150,4,angle_bus8,8,0.1,True,False,0.7514436681225699,1.0,0.5097904020624711,0.49598427042780846,0.5040157295721915,181.84032303863003,1.0195808041249421,0.8392391204833984,0.06845710507932452,0.38316951046757547,0.2869142838306914,0.07524367700674342,1.0675844647209458,0.8308323283071077,0.05647833141543146
150,4,voltage_bus9,9,0.1,True,False,0.7514436681225699,1.0,0.5097904020624711,0.49598427042780846,0.5040157295721915,181.84032303863003,1.0195808041249421,0.6087131500244141,0.06845710507932452,0.38316951046757547,0.2869142838306914,0.07524367700674342,1.0675844647209458,0.8308323283071077,0.05647833141543146
150,4,voltage_bus10,10,0.1,True,False,0.7514436681225699,1.0,0.5097904020624711,0.49598427042780846,0.5040157295721915,181.84032303863003,1.0195808041249421,0.5736708641052246,0.06845710507932452,0.38316951046757547,0.2869142838306914,0.07524367700674342,1.0675844647209458,0.8308323283071077,0.05647833141543146
150,4,freq_bus2,2,0.1,True,False,0.7514436681225699,1.0,0.5097904020624711,0.49598427042780846,0.5040157295721915,181.84032303863003,1.0195808041249421,0.8868000507354736,0.06845710507932452,0.38316951046757547,0.2869142838306914,0.07524367700674342,1.0675844647209458,0.8308323283071077,0.05647833141543146
150,4,freq_bus4,4,0.15,True,False,0.7514436681225699,1.0,0.5097904020624711,0.49598427042780846,0.5040157295721915,181.84032303863003,1.0195808041249421,0.5956552028656006,0.06845710507932452,0.38316951046757547,0.2869142838306914,0.07524367700674342,1.0675844647209458,0.8308323283071077,0.05647833141543146
150,4,severe_bus7,7,0.2,True,False,0.7514436681225699,1.0,0.5097904020624711,0.49598427042780846,0.5040157295721915,181.84032303863003,1.0195808041249421,0.8392558097839355,0.06845710507932452,0.38316951046757547,0.2869142838306914,0.07524367700674342,1.0675844647209458,0.8308323283071077,0.05647833141543146
151,4,angle_bus7,7,0.1,True,False,0.7822333374125489,0.7445738491675655,0.6425940008688293,0.9971916504462349,0.002808349553765042,134.0232928501618,1.285188001737656,10.750094652175903,0.18810528640915714,0.25870078494664533,0.0714322130533055,0.2982981798821184,0.9512145925598217,0.9538320409126861,0.08375491352956621
151,4,angle_bus8,8,0.1,True,False,0.6574131255237857,0.5773045163479642,0.4783804342444924,0.9966630351547221,0.0033369648452778885,103.91481294263356,0.9567608684889883,11.557427406311035,0.18810528640915714,0.25870078494664533,0.0714322130533055,0.2982981798821184,0.9512145925598217,0.9538320409126861,0.08375491352956621
151,4,voltage_bus9,9,0.1,True,True,0.5965803459306265,0.5431493392887844,0.3042518125926499,0.9957708925522873,0.004229107447712697,97.76688107198119,0.6085036251853015,3.389937400817871,0.18810528640915714,0.25870078494664533,0.0714322130533055,0.2982981798821184,0.9512145925598217,0.9538320409126861,0.08375491352956621
151,4,voltage_bus10,10,0.1,True,False,0.6396471700776883,0.5420724832892836,0.47818070995989714,0.9962630037722892,0.0037369962277108513,97.57304699207106,0.9563614199197934,11.885349035263062,0.18810528640915714,0.25870078494664533,0.0714322130533055,0.2982981798821184,0.9512145925598217,0.9538320409126861,0.08375491352956621
151,4,freq_bus2,2,0.1,True,False,0.7918449802627892,0.7532609275128856,0.6648036171471468,0.9960544488782387,0.003945551121761341,135.58696695231941,1.3296072342942944,10.500486135482788,0.18810528640915714,0.25870078494664533,0.0714322130533055,0.2982981798821184,0.9512145925598217,0.9538320409126861,0.08375491352956621
151,4,freq_bus4,4,0.15,True,False,0.6391895583310776,0.5420724832892836,0.47667687037667505,0.9959363963690682,0.0040636036309318856,97.57304699207106,0.953353740753351,11.477072477340698,0.18810528640915714,0.25870078494664533,0.0714322130533055,0.2982981798821184,0.9512145925598217,0.9538320409126861,0.08375491352956621
151,4,severe_bus7,7,0.2,True,False,0.906893280503497,1.0,0.6300049129294791,0.9975682090845089,0.002431790915491062,181.4860791458035,1.260009825858961,1.5331997871398926,0.18810528640915714,0.25870078494664533,0.0714322130533055,0.2982981798821184,0.9512145925598217,0.9538320409126861,0.08375491352956621
152,4,angle_bus7,7,0.1,True,False,0.7575733020497835,1.0,0.5158689308967723,0.5144242773023616,0.4855757226976384,181.06348847839882,1.0317378617935447,0.7123217582702637,0.2729973489799775,0.09687633358617959,0.278758051489536,0.218964267318774,0.9093908682359104,1.0680063088307845,0.00988128372018765
152,4,angle_bus8,8,0.1,True,False,0.7575733020497835,1.0,0.5158689308967723,0.5144242773023616,0.4855757226976384,181.06348847839882,1.0317378617935447,0.4678232669830322,0.2729973489799775,0.09687633358617959,0.278758051489536,0.218964267318774,0.9093908682359104,1.0680063088307845,0.00988128372018765
152,4,voltage_bus9,9,0.1,True,False,0.7575733020497835,1.0,0.5158689308967723,0.5144242773023616,0.4855757226976384,181.06348847839882,1.0317378617935447,0.707930326461792,0.2729973489799775,0.09687633358617959,0.278758051489536,0.218964267318774,0.9093908682359104,1.0680063088307845,0.00988128372018765
152,4,voltage_bus10,10,0.1,True,False,0.7575733020497835,1.0,0.5158689308967723,0.5144242773023616,0.4855757226976384,181.06348847839882,1.0317378617935447,0.5226967334747314,0.2729973489799775,0.09687633358617959,0.278758051489536,0.218964267318774,0.9093908682359104,1.0680063088307845,0.00988128372018765
152,4,freq_bus2,2,0.1,True,False,0.7575733020497835,1.0,0.5158689308967723,0.5144242773023616,0.4855757226976384,181.06348847839882,1.0317378617935447,0.46107006072998047,0.2729973489799775,0.09687633358617959,0.278758051489536,0.218964267318774,0.9093908682359104,1.0680063088307845,0.00988128372018765
152,4,freq_bus4,4,0.15,True,False,0.7575733020497835,1.0,0.5158689308967723,0.5144242773023616,0.4855757226976384,181.06348847839882,1.0317378617935447,0.7653021812438965,0.2729973489799775,0.09687633358617959,0.278758051489536,0.218964267318774,0.9093908682359104,1.0680063088307845,0.00988128372018765
152,4,severe_bus7,7,0.2,True,False,0.7575733020497835,1.0,0.5158689308967723,0.5144242773023616,0.4855757226976384,181.06348847839882,1.0317378617935447,0.4827718734741211,0.2729973489799775,0.09687633358617959,0.278758051489536,0.218964267318774,0.9093908682359104,1.0680063088307845,0.00988128372018765
153,4,angle_bus7,7,0.1,True,False,0.7409264920915231,1.0,0.457190291319332,0.5065156770467601,0.49348432295323985,184.30758449633575,0.9143805826386631,0.6139705181121826,0.2886024751639069,0.2280009179752489,0.22494478297686743,0.18909806716873395,0.8725204278633396,1.1308168894904536,0.03914453226733525
153,4,angle_bus8,8,0.1,True,False,0.7409264920915231,1.0,0.457190291319332,0.5065156770467601,0.49348432295323985,184.30758449633575,0.9143805826386631,0.3721175193786621,0.2886024751639069,0.2280009179752489,0.22494478297686743,0.18909806716873395,0.8725204278633396,1.1308168894904536,0.03914453226733525
153,4,voltage_bus9,9,0.1,True,False,0.7409264920915231,1.0,0.457190291319332,0.5065156770467601,0.49348432295323985,184.30758449633575,0.9143805826386631,0.6045424938201904,0.2886024751639069,0.2280009179752489,0.22494478297686743,0.18909806716873395,0.8725204278633396,1.1308168894904536,0.03914453226733525
153,4,voltage_bus10,10,0.1,True,False,0.7409264920915231,1.0,0.457190291319332,0.5065156770467601,0.49348432295323985,184.30758449633575,0.9143805826386631,0.36075806617736816,0.2886024751639069,0.2280009179752489,0.22494478297686743,0.18909806716873395,0.8725204278633396,1.1308168894904536,0.03914453226733525
153,4,freq_bus2,2,0.1,True,False,0.7409264920915231,1.0,0.457190291319332,0.5065156770467601,0.49348432295323985,184.30758449633575,0.9143805826386631,0.6176598072052002,0.2886024751639069,0.2280009179752489,0.22494478297686743,0.18909806716873395,0.8725204278633396,1.1308168894904536,0.03914453226733525
153,4,freq_bus4,4,0.15,True,False,0.7409264920915231,1.0,0.457190291319332,0.5065156770467601,0.49348432295323985,184.30758449633575,0.9143805826386631,0.38050246238708496,0.2886024751639069,0.2280009179752489,0.22494478297686743,0.18909806716873395,0.8725204278633396,1.1308168894904536,0.03914453226733525
153,4,severe_bus7,7,0.2,True,False,0.7409264920915231,1.0,0.457190291319332,0.5065156770467601,0.49348432295323985,184.30758449633575,0.9143805826386631,0.5941734313964844,0.2886024751639069,0.2280009179752489,0.22494478297686743,0.18909806716873395,0.8725204278633396,1.1308168894904536,0.03914453226733525
154,4,angle_bus7,7,0.1,True,False,0.7550610955022482,1.0,0.5140470757640507,0.5061973062449421,0.493802693755058,182.27212485801766,1.0280941515281006,0.5250551700592041,0.3054108422446166,0.1643125880404711,0.11145152251404257,0.1566410244484802,0.8274804666798572,0.9309501676808897,0.025760729201391108
154,4,angle_bus8,8,0.1,True,False,0.7550610955022482,1.0,0.5140470757640507,0.5061973062449421,0.493802693755058,182.27212485801766,1.0280941515281006,0.8022923469543457,0.3054108422446166,0.1643125880404711,0.11145152251404257,0.1566410244484802,0.8274804666798572,0.9309501676808897,0.025760729201391108
154,4,voltage_bus9,9,0.1,True,False,0.7550610955022482,1.0,0.5140470757640507,0.5061973062449421,0.493802693755058,182.27212485801766,1.0280941515281006,0.5396099090576172,0.3054108422446166,0.1643125880404711,0.11145152251404257,0.1566410244484802,0.8274804666798572,0.9309501676808897,0.025760729201391108
154,4,voltage_bus10,10,0.1,True,False,0.7550610955022482,1.0,0.5140470757640507,0.5061973062449421,0.493802693755058,182.27212485801766,1.0280941515281006,0.7837491035461426,0.3054108422446166,0.1643125880404711,0.11145152251404257,0.1566410244484802,0.8274804666798572,0.9309501676808897,0.025760729201391108
154,4,freq_bus2,2,0.1,True,False,0.7550610955022482,1.0,0.5140470757640507,0.5061973062449421,0.493802693755058,182.27212485801766,1.0280941515281006,0.5296025276184082,0.3054108422446166,0.1643125880404711,0.11145152251404257,0.1566410244484802,0.8274804666798572,0.9309501676808897,0.025760729201391108
154,4,freq_bus4,4,0.15,True,False,0.7550610955022482,1.0,0.5140470757640507,0.5061973062449421,0.493802693755058,182.27212485801766,1.0280941515281006,0.538182258605957,0.3054108422446166,0.1643125880404711,0.11145152251404257,0.1566410244484802,0.8274804666798572,0.9309501676808897,0.025760729201391108
154,4,severe_bus7,7,0.2,True,False,0.7550610955022482,1.0,0.5140470757640507,0.5061973062449421,0.493802693755058,182.27212485801766,1.0280941515281006,0.7857015132904053,0.3054108422446166,0.1643125880404711,0.11145152251404257,0.1566410244484802,0.8274804666798572,0.9309501676808897,0.025760729201391108
155,4,angle_bus7,7,0.1,True,False,0.7563578110769038,1.0,0.5116586031760875,0.5137726411315275,0.4862273588684725,181.89762717926556,1.0233172063521723,0.48050928115844727,0.20235001142583978,0.2836528167999941,0.10084815449506503,0.0858059462944094,1.0565805613967956,0.9021532993611105,-0.10827538041924273
155,4,angle_bus8,8,0.1,True,False,0.7563578110769038,1.0,0.5116586031760875,0.5137726411315275,0.4862273588684725,181.89762717926556,1.0233172063521723,0.7452971935272217,0.20235001142583978,0.2836528167999941,0.10084815449506503,0.0858059462944094,1.0565805613967956,0.9021532993611105,-0.10827538041924273
155,4,voltage_bus9,9,0.1,True,False,0.7563578110769038,1.0,0.5116586031760875,0.5137726411315275,0.4862273588684725,181.89762717926556,1.0233172063521723,0.460132360458374,0.20235001142583978,0.2836528167999941,0.10084815449506503,0.0858059462944094,1.0565805613967956,0.9021532993611105,-0.10827538041924273
155,4,voltage_bus10,10,0.1,True,False,0.7563578110769038,1.0,0.5116586031760875,0.5137726411315275,0.4862273588684725,181.89762717926556,1.0233172063521723,0.6785972118377686,0.20235001142583978,0.2836528167999941,0.10084815449506503,0.0858059462944094,1.0565805613967956,0.9021532993611105,-0.10827538041924273
155,4,freq_bus2,2,0.1,True,False,0.7563578110769038,1.0,0.5116586031760875,0.5137726411315275,0.4862273588684725,181.89762717926556,1.0233172063521723,0.47113609313964844,0.20235001142583978,0.2836528167999941,0.10084815449506503,0.0858059462944094,1.0565805613967956,0.9021532993611105,-0.10827538041924273
155,4,freq_bus4,4,0.15,True,False,0.7563578110769038,1.0,0.5116586031760875,0.5137726411315275,0.4862273588684725,181.89762717926556,1.0233172063521723,0.7250111103057861,0.20235001142583978,0.2836528167999941,0.10084815449506503,0.0858059462944094,1.0565805613967956,0.9021532993611105,-0.10827538041924273
155,4,severe_bus7,7,0.2,True,False,0.7563578110769038,1.0,0.5116586031760875,0.5137726411315275,0.4862273588684725,181.89762717926556,1.0233172063521723,0.4626636505126953,0.20235001142583978,0.2836528167999941,0.10084815449506503,0.0858059462944094,1.0565805613967956,0.9021532993611105,-0.10827538041924273
156,4,angle_bus7,7,0.1,True,False,0.9068714498256565,1.0,0.6292672375309074,0.9982185617717187,0.0017814382282812296,180.15387532492042,1.2585344750618166,1.4379465579986572,0.1478541532718047,0.13591471356275364,0.27109947695048875,0.27574545385600996,1.036844094155998,1.0118344312147525,0.06529804681674986
156,4,angle_bus8,8,0.1,True,False,0.9062031044923365,0.9944690254394853,0.6383589153339813,0.9975154517563943,0.0024845482436057047,179.00442457910736,1.276717830667966,2.8256866931915283,0.1478541532718047,0.13591471356275364,0.27109947695048875,0.27574545385600996,1.036844094155998,1.0118344312147525,0.06529804681674986
156,4,voltage_bus9,9,0.1,True,False,0.9171217479120388,1.0,0.6684869916481553,1.0,-3.6565241652543394e-11,181.04325662894067,1.336973983296308,1.469872236251831,0.1478541532718047,0.13591471356275364,0.27109947695048875,0.27574545385600996,1.036844094155998,1.0118344312147525,0.06529804681674986
156,4,voltage_bus10,10,0.1,True,False,0.9062864489458736,1.0,0.6285037297652991,0.9966420660181953,0.0033579339818047356,180.49763108992988,1.2570074595305947,1.280778408050537,0.1478541532718047,0.13591471356275364,0.27109947695048875,0.27574545385600996,1.036844094155998,1.0118344312147525,0.06529804681674986
156,4,freq_bus2,2,0.1,True,False,0.915848612384005,1.0,0.6664075543349739,0.996986895201046,0.0030131047989539975,181.0260987726501,1.332815108669947,1.416161298751831,0.1478541532718047,0.13591471356275364,0.27109947695048875,0.27574545385600996,1.036844094155998,1.0118344312147525,0.06529804681674986
156,4,freq_bus4,4,0.15,True,False,0.9113650077368929,1.0,0.6492177361409794,0.9962422948065921,0.003757705193407855,181.02609944659264,1.298435472281958,1.265387773513794,0.1478541532718047,0.13591471356275364,0.27109947695048875,0.27574545385600996,1.036844094155998,1.0118344312147525,0.06529804681674986
156,4,severe_bus7,7,0.2,True,False,0.9068714498256565,1.0,0.6292672375309074,0.9982185617717187,0.0017814382282812296,180.15387532492042,1.2585344750618166,1.1606659889221191,0.1478541532718047,0.13591471356275364,0.27109947695048875,0.27574545385600996,1.036844094155998,1.0118344312147525,0.06529804681674986
157,4,angle_bus7,7,0.1,True,False,0.7549620008326903,1.0,0.5060721947728908,0.5137758085578705,0.48622419144212947,182.10925523979148,1.0121443895457816,0.7719712257385254,0.3133808348527311,0.29442967847658724,0.1366207634317019,0.1975176484475446,0.9204281478087992,1.0508422706725071,-0.016252296899307767
157,4,angle_bus8,8,0.1,True,False,0.7549620008326903,1.0,0.5060721947728908,0.5137758085578705,0.48622419144212947,182.10925523979148,1.0121443895457816,0.49126243591308594,0.3133808348527311,0.29442967847658724,0.1366207634317019,0.1975176484475446,0.9204281478087992,1.0508422706725071,-0.016252296899307767
157,4,voltage_bus9,9,0.1,True,False,0.7549620008326903,1.0,0.5060721947728908,0.5137758085578705,0.48622419144212947,182.10925523979148,1.0121443895457816,0.7357945442199707,0.3133808348527311,0.29442967847658724,0.1366207634317019,0.1975176484475446,0.9204281478087992,1.0508422706725071,-0.016252296899307767
157,4,voltage_bus10,10,0.1,True,False,0.7549620008326903,1.0,0.5060721947728908,0.5137758085578705,0.48622419144212947,182.10925523979148,1.0121443895457816,0.4652576446533203,0.3133808348527311,0.29442967847658724,0.1366207634317019,0.1975176484475446,0.9204281478087992,1.0508422706725071,-0.016252296899307767
157,4,freq_bus2,2,0.1,True,False,0.7549620008326903,1.0,0.5060721947728908,0.5137758085578705,0.48622419144212947,182.10925523979148,1.0121443895457816,0.7352516651153564,0.3133808348527311,0.29442967847658724,0.1366207634317019,0.1975176484475446,0.9204281478087992,1.0508422706725071,-0.016252296899307767
157,4,freq_bus4,4,0.15,True,False,0.7549620008326903,1.0,0.5060721947728908,0.5137758085578705,0.48622419144212947,182.10925523979148,1.0121443895457816,0.5022892951965332,0.3133808348527311,0.29442967847658724,0.1366207634317019,0.1975176484475446,0.9204281478087992,1.0508422706725071,-0.016252296899307767
157,4,severe_bus7,7,0.2,True,False,0.7549620008326903,1.0,0.5060721947728908,0.5137758085578705,0.48622419144212947,182.10925523979148,1.0121443895457816,0.7240033149719238,0.3133808348527311,0.29442967847658724,0.1366207634317019,0.1975176484475446,0.9204281478087992,1.0508422706725071,-0.016252296899307767
158,4,angle_bus7,7,0.1,True,False,0.9131649319894772,1.0,0.6546948921934224,0.9979648357644866,0.0020351642355134598,181.70134680055568,1.309389784386843,1.057281494140625,0.1997728792686614,0.3090995213922436,0.07708230487052663,0.22903592077311458,1.1369356924858718,0.9193632462800871,-0.07614234077034876
158,4,angle_bus8,8,0.1,True,False,0.9544219220910275,1.0,0.81768768836411,1.0,3.629267800234934e-17,180.5757384017323,1.6353753767282209,1.4192883968353271,0.1997728792686614,0.3090995213922436,0.07708230487052663,0.22903592077311458,1.1369356924858718,0.9193632462800871,-0.07614234077034876
158,4,voltage_bus9,9,0.1,True,False,0.9584795349529589,1.0,0.8339181398147844,0.9999999999970514,2.9486021385830813e-12,182.0193864917355,1.6678362796295687,1.20859956741333,0.1997728792686614,0.3090995213922436,0.07708230487052663,0.22903592077311458,1.1369356924858718,0.9193632462800871,-0.07614234077034876
158,4,voltage_bus10,10,0.1,True,False,0.9487492170289064,0.9012706231746789,0.9959646925047814,0.9964909292614865,0.0035090707385134856,162.2287121714422,1.9919293850095654,10.331611156463623,0.1997728792686614,0.3090995213922436,0.07708230487052663,0.22903592077311458,1.1369356924858718,0.9193632462800871,-0.07614234077034876
158,4,freq_bus2,2,0.1,True,False,0.9441477167943537,1.0,0.7765908671774149,1.0,-2.1544856279170842e-11,184.48328082247107,1.553181734354827,1.0571680068969727,0.1997728792686614,0.3090995213922436,0.07708230487052663,0.22903592077311458,1.1369356924858718,0.9193632462800871,-0.07614234077034876
158,4,freq_bus4,4,0.15,True,False,0.9342603364731237,0.885295860641152,0.9703459982710392,0.996103626339152,0.0038963736608480146,159.35325491540735,1.940691996542081,9.880615711212158,0.1997728792686614,0.3090995213922436,0.07708230487052663,0.22903592077311458,1.1369356924858718,0.9193632462800871,-0.07614234077034876
158,4,severe_bus7,7,0.2,True,False,0.9383430589742288,1.0,0.7550092472498307,0.9983629886470845,0.001637011352915444,184.10868889164473,1.5100184944996586,1.0073957443237305,0.1997728792686614,0.3090995213922436,0.07708230487052663,0.22903592077311458,1.1369356924858718,0.9193632462800871,-0.07614234077034876
159,4,angle_bus7,7,0.1,True,False,0.7417077578146984,1.0,0.45878185298802165,0.5080491782707723,0.4919508217292276,184.39772501889615,0.9175637059760433,0.36099958419799805,0.3730367962492227,0.3955384372442597,0.2596423408042764,0.18523865933139091,0.8054093208274125,1.1234296081312742,0.006842625605129271
159,4,angle_bus8,8,0.1,True,False,0.7417077578146984,1.0,0.45878185298802165,0.5080491782707723,0.4919508217292276,184.39772501889615,0.9175637059760433,0.6093597412109375,0.3730367962492227,0.3955384372442597,0.2596423408042764,0.18523865933139091,0.8054093208274125,1.1234296081312742,0.006842625605129271
159,4,voltage_bus9,9,0.1,True,False,0.7417077578146984,1.0,0.45878185298802165,0.5080491782707723,0.4919508217292276,184.39772501889615,0.9175637059760433,0.34515929222106934,0.3730367962492227,0.3955384372442597,0.2596423408042764,0.18523865933139091,0.8054093208274125,1.1234296081312742,0.006842625605129271
159,4,voltage_bus10,10,0.1,True,False,0.7417077578146984,1.0,0.45878185298802165,0.5080491782707723,0.4919508217292276,184.39772501889615,0.9175637059760433,0.5745084285736084,0.3730367962492227,0.3955384372442597,0.2596423408042764,0.18523865933139091,0.8054093208274125,1.1234296081312742,0.006842625605129271
159,4,freq_bus2,2,0.1,True,False,0.7417077578146984,1.0,0.45878185298802165,0.5080491782707723,0.4919508217292276,184.39772501889615,0.9175637059760433,0.36304640769958496,0.3730367962492227,0.3955384372442597,0.2596423408042764,0.18523865933139091,0.8054093208274125,1.1234296081312742,0.006842625605129271
159,4,freq_bus4,4,0.15,True,False,0.7417077578146984,1.0,0.45878185298802165,0.5080491782707723,0.4919508217292276,184.39772501889615,0.9175637059760433,0.5880076885223389,0.3730367962492227,0.3955384372442597,0.2596423408042764,0.18523865933139091,0.8054093208274125,1.1234296081312742,0.006842625605129271
159,4,severe_bus7,7,0.2,True,False,0.7417077578146984,1.0,0.45878185298802165,0.5080491782707723,0.4919508217292276,184.39772501889615,0.9175637059760433,0.3500380516052246,0.3730367962492227,0.3955384372442597,0.2596423408042764,0.18523865933139091,0.8054093208274125,1.1234296081312742,0.006842625605129271
160,4,angle_bus7,7,0.1,True,False,0.5410237229362967,1.0,0.0029547609140827547,0.16114013083110434,0.8388598691688957,209.48209936710904,0.005909521828164621,0.3781452178955078,0.3888199409787949,0.27038102335450487,0.08318564481969294,0.05475219649641938,1.0457589629335804,1.094096765754838,-0.035840631779743476
160,4,angle_bus8,8,0.1,True,False,0.5410237229362967,1.0,0.0029547609140827547,0.16114013083110434,0.8388598691688957,209.48209936710904,0.005909521828164621,0.15500473976135254,0.3888199409787949,0.27038102335450487,0.08318564481969294,0.05475219649641938,1.0457589629335804,1.094096765754838,-0.035840631779743476
160,4,voltage_bus9,9,0.1,True,False,0.5410237229362967,1.0,0.0029547609140827547,0.16114013083110434,0.8388598691688957,209.48209936710904,0.005909521828164621,0.38655877113342285,0.3888199409787949,0.27038102335450487,0.08318564481969294,0.05475219649641938,1.0457589629335804,1.094096765754838,-0.035840631779743476
160,4,voltage_bus10,10,0.1,True,False,0.5410237229362967,1.0,0.0029547609140827547,0.16114013083110434,0.8388598691688957,209.48209936710904,0.005909521828164621,0.17600011825561523,0.3888199409787949,0.27038102335450487,0.08318564481969294,0.05475219649641938,1.0457589629335804,1.094096765754838,-0.035840631779743476
160,4,freq_bus2,2,0.1,True,False,0.5410237229362967,1.0,0.0029547609140827547,0.16114013083110434,0.8388598691688957,209.48209936710904,0.005909521828164621,0.3848288059234619,0.3888199409787949,0.27038102335450487,0.08318564481969294,0.05475219649641938,1.0457589629335804,1.094096765754838,-0.035840631779743476
160,4,freq_bus4,4,0.15,True,False,0.5410237229362967,1.0,0.0029547609140827547,0.16114013083110434,0.8388598691688957,209.48209936710904,0.005909521828164621,0.16312170028686523,0.3888199409787949,0.27038102335450487,0.08318564481969294,0.05475219649641938,1.0457589629335804,1.094096765754838,-0.035840631779743476
160,4,severe_bus7,7,0.2,True,False,0.5410237229362967,1.0,0.0029547609140827547,0.16114013083110434,0.8388598691688957,209.48209936710904,0.005909521828164621,0.4151160717010498,0.3888199409787949,0.27038102335450487,0.08318564481969294,0.05475219649641938,1.0457589629335804,1.094096765754838,-0.035840631779743476
161,4,angle_bus7,7,0.1,True,False,0.7586482857119008,1.0,0.5096640197647773,0.5249291230828257,0.47507087691717426,183.46469718909876,1.0193280395295545,0.49808263778686523,0.04283109810841005,0.12550638497856212,0.2679581882861613,0.21677706778384875,0.7123457230388818,1.1111225167393717,-0.14401772523596423
161,4,angle_bus8,8,0.1,True,False,0.7586482857119008,1.0,0.5096640197647773,0.5249291230828257,0.47507087691717426,183.46469718909876,1.0193280395295545,0.4726297855377197,0.04283109810841005,0.12550638497856212,0.2679581882861613,0.21677706778384875,0.7123457230388818,1.1111225167393717,-0.14401772523596423
161,4,voltage_bus9,9,0.1,True,False,0.7586482857119008,1.0,0.5096640197647773,0.5249291230828257,0.47507087691717426,183.46469718909876,1.0193280395295545,0.7356653213500977,0.04283109810841005,0.12550638497856212,0.2679581882861613,0.21677706778384875,0.7123457230388818,1.1111225167393717,-0.14401772523596423
161,4,voltage_bus10,10,0.1,True,False,0.7586482857119008,1.0,0.5096640197647773,0.5249291230828257,0.47507087691717426,183.46469718909876,1.0193280395295545,0.4698326587677002,0.04283109810841005,0.12550638497856212,0.2679581882861613,0.21677706778384875,0.7123457230388818,1.1111225167393717,-0.14401772523596423
161,4,freq_bus2,2,0.1,True,False,0.7586482857119008,1.0,0.5096640197647773,0.5249291230828257,0.47507087691717426,183.46469718909876,1.0193280395295545,0.6689331531524658,0.04283109810841005,0.12550638497856212,0.2679581882861613,0.21677706778384875,0.7123457230388818,1.1111225167393717,-0.14401772523596423
161,4,freq_bus4,4,0.15,True,False,0.7586482857119008,1.0,0.5096640197647773,0.5249291230828257,0.47507087691717426,183.46469718909876,1.0193280395295545,0.4566154479980469,0.04283109810841005,0.12550638497856212,0.2679581882861613,0.21677706778384875,0.7123457230388818,1.1111225167393717,-0.14401772523596423
161,4,severe_bus7,7,0.2,True,False,0.7586482857119008,1.0,0.5096640197647773,0.5249291230828257,0.47507087691717426,183.46469718909876,1.0193280395295545,0.6926100254058838,0.04283109810841005,0.12550638497856212,0.2679581882861613,0.21677706778384875,0.7123457230388818,1.1111225167393717,-0.14401772523596423
162,4,angle_bus7,7,0.1,True,False,0.9128311519934009,1.0,0.6535968750338057,0.9977277329397981,0.0022722670602018675,181.6637454680986,1.3071937500676123,1.3486859798431396,0.24694043375849348,0.15420780431058104,0.18617420412795577,0.03857539286930718,0.9839666552893538,0.736906041745552,0.07175930220168672
162,4,angle_bus8,8,0.1,True,False,0.7561104076749803,0.7675875254082014,0.492235429187037,0.9970311506964813,0.002968849303518652,138.16575457347625,0.9844708583740758,3.130821704864502,0.24694043375849348,0.15420780431058104,0.18617420412795577,0.03857539286930718,0.9839666552893538,0.736906041745552,0.07175930220168672
162,4,voltage_bus9,9,0.1,True,False,0.9693592074749944,1.0,0.8774368298999775,1.0,-5.95278786064643e-12,181.22862366451105,1.7548736597999515,1.4392998218536377,0.24694043375849348,0.15420780431058104,0.18617420412795577,0.03857539286930718,0.9839666552893538,0.736906041745552,0.07175930220168672
162,4,voltage_bus10,10,0.1,True,False,0.8150670574433873,0.7612961909514602,0.7412642452297149,0.9964116026409138,0.0035883973590861845,137.03331437126283,1.4825284904594316,11.210713863372803,0.24694043375849348,0.15420780431058104,0.18617420412795577,0.03857539286930718,0.9839666552893538,0.736906041745552,0.07175930220168672
162,4,freq_bus2,2,0.1,True,False,0.9531090816153682,1.0,0.8124363264614729,1.0,-9.774233710854736e-18,182.0593629480533,1.624872652922944,1.2873191833496094,0.24694043375849348,0.15420780431058104,0.18617420412795577,0.03857539286930718,0.9839666552893538,0.736906041745552,0.07175930220168672
162,4,freq_bus4,4,0.15,True,False,0.81580588562031,0.7574631423916366,0.7522659744861606,0.996031283211806,0.0039687167881939465,136.3433656304946,1.5045319489723186,11.404208898544312,0.24694043375849348,0.15420780431058104,0.18617420412795577,0.03857539286930718,0.9839666552893538,0.736906041745552,0.07175930220168672
162,4,severe_bus7,7,0.2,True,False,0.9422649732721017,1.0,0.770862504069413,0.9981973890189937,0.0018026109810063676,183.28306890869678,1.5417250081388278,1.293555498123169,0.24694043375849348,0.15420780431058104,0.18617420412795577,0.03857539286930718,0.9839666552893538,0.736906041745552,0.07175930220168672
163,4,angle_bus7,7,0.1,True,False,0.7570588258247409,1.0,0.5217116803893909,0.5065236229095728,0.49347637709042724,180.14112047196997,1.043423360778779,0.9282777309417725,0.12372691159297555,0.014159020310872645,0.01762615048833885,0.2918666675914508,0.8865721667255806,1.0932818405440536,-0.13870493114433388
163,4,angle_bus8,8,0.1,True,False,0.7570588258247409,1.0,0.5217116803893909,0.5065236229095728,0.49347637709042724,180.14112047196997,1.043423360778779,0.616417407989502,0.12372691159297555,0.014159020310872645,0.01762615048833885,0.2918666675914508,0.8865721667255806,1.0932818405440536,-0.13870493114433388
163,4,voltage_bus9,9,0.1,True,False,0.7570588258247409,1.0,0.5217116803893909,0.5065236229095728,0.49347637709042724,180.14112047196997,1.043423360778779,0.6536128520965576,0.12372691159297555,0.014159020310872645,0.01762615048833885,0.2918666675914508,0.8865721667255806,1.0932818405440536,-0.13870493114433388
163,4,voltage_bus10,10,0.1,True,False,0.7570588258247409,1.0,0.5217116803893909,0.5065236229095728,0.49347637709042724,180.14112047196997,1.043423360778779,0.8753364086151123,0.12372691159297555,0.014159020310872645,0.01762615048833885,0.2918666675914508,0.8865721667255806,1.0932818405440536,-0.13870493114433388
163,4,freq_bus2,2,0.1,True,False,0.7570588258247409,1.0,0.5217116803893909,0.5065236229095728,0.49347637709042724,180.14112047196997,1.043423360778779,0.625901460647583,0.12372691159297555,0.014159020310872645,0.01762615048833885,0.2918666675914508,0.8865721667255806,1.0932818405440536,-0.13870493114433388
163,4,freq_bus4,4,0.15,True,False,0.7570588258247409,1.0,0.5217116803893909,0.5065236229095728,0.49347637709042724,180.14112047196997,1.043423360778779,0.8614375591278076,0.12372691159297555,0.014159020310872645,0.01762615048833885,0.2918666675914508,0.8865721667255806,1.0932818405440536,-0.13870493114433388
163,4,severe_bus7,7,0.2,True,False,0.7570588258247409,1.0,0.5217116803893909,0.5065236229095728,0.49347637709042724,180.14112047196997,1.043423360778779,0.6290125846862793,0.12372691159297555,0.014159020310872645,0.01762615048833885,0.2918666675914508,0.8865721667255806,1.0932818405440536,-0.13870493114433388
164,4,angle_bus7,7,0.1,True,False,0.6134378106236205,1.0,0.12951716444242223,0.3242340780520595,0.6757659219479405,180.3611247259041,0.25903432888484623,0.4658818244934082,0.17670138787667214,0.02855475811133953,0.17922447774208086,0.025592665708667157,0.77683082910396,1.038342398668261,0.04814204145224704
164,4,angle_bus8,8,0.1,True,False,0.6134378106236205,1.0,0.12951716444242223,0.3242340780520595,0.6757659219479405,180.3611247259041,0.25903432888484623,0.22077298164367676,0.17670138787667214,0.02855475811133953,0.17922447774208086,0.025592665708667157,0.77683082910396,1.038342398668261,0.04814204145224704
164,4,voltage_bus9,9,0.1,True,False,0.6134378106236205,1.0,0.12951716444242223,0.3242340780520595,0.6757659219479405,180.3611247259041,0.25903432888484623,0.45113110542297363,0.17670138787667214,0.02855475811133953,0.17922447774208086,0.025592665708667157,0.77683082910396,1.038342398668261,0.04814204145224704
164,4,voltage_bus10,10,0.1,True,False,0.6134378106236205,1.0,0.12951716444242223,0.3242340780520595,0.6757659219479405,180.3611247259041,0.25903432888484623,0.23300766944885254,0.17670138787667214,0.02855475811133953,0.17922447774208086,0.025592665708667157,0.77683082910396,1.038342398668261,0.04814204145224704
164,4,freq_bus2,2,0.1,True,False,0.6134378106236205,1.0,0.12951716444242223,0.3242340780520595,0.6757659219479405,180.3611247259041,0.25903432888484623,0.45804452896118164,0.17670138787667214,0.02855475811133953,0.17922447774208086,0.025592665708667157,0.77683082910396,1.038342398668261,0.04814204145224704
164,4,freq_bus4,4,0.15,True,False,0.6134378106236205,1.0,0.12951716444242223,0.3242340780520595,0.6757659219479405,180.3611247259041,0.25903432888484623,0.22436165809631348,0.17670138787667214,0.02855475811133953,0.17922447774208086,0.025592665708667157,0.77683082910396,1.038342398668261,0.04814204145224704
164,4,severe_bus7,7,0.2,True,False,0.6134378106236205,1.0,0.12951716444242223,0.3242340780520595,0.6757659219479405,180.3611247259041,0.25903432888484623,0.45171689987182617,0.17670138787667214,0.02855475811133953,0.17922447774208086,0.025592665708667157,0.77683082910396,1.038342398668261,0.04814204145224704
165,4,angle_bus7,7,0.1,True,False,0.7613739596007938,1.0,0.5255210645722315,0.5199747738309439,0.48002522616905613,184.09238175449235,1.0510421291444638,0.6176884174346924,0.13653130195465166,0.23409084508518585,0.2473289709672773,0.12031080590068916,0.9983240863343923,0.9049442286934342,-0.023120474999418272
165,4,angle_bus8,8,0.1,True,False,0.7613739596007938,1.0,0.5255210645722315,0.5199747738309439,0.48002522616905613,184.09238175449235,1.0510421291444638,0.8679444789886475,0.13653130195465166,0.23409084508518585,0.2473289709672773,0.12031080590068916,0.9983240863343923,0.9049442286934342,-0.023120474999418272
165,4,voltage_bus9,9,0.1,True,False,0.7613739596007938,1.0,0.5255210645722315,0.5199747738309439,0.48002522616905613,184.09238175449235,1.0510421291444638,0.6294474601745605,0.13653130195465166,0.23409084508518585,0.2473289709672773,0.12031080590068916,0.9983240863343923,0.9049442286934342,-0.023120474999418272
165,4,voltage_bus10,10,0.1,True,False,0.7613739596007938,1.0,0.5255210645722315,0.5199747738309439,0.48002522616905613,184.09238175449235,1.0510421291444638,0.6132106781005859,0.13653130195465166,0.23409084508518585,0.2473289709672773,0.12031080590068916,0.9983240863343923,0.9049442286934342,-0.023120474999418272
165,4,freq_bus2,2,0.1,True,False,0.7613739596007938,1.0,0.5255210645722315,0.5199747738309439,0.48002522616905613,184.09238175449235,1.0510421291444638,0.9239377975463867,0.13653130195465166,0.23409084508518585,0.2473289709672773,0.12031080590068916,0.9983240863343923,0.9049442286934342,-0.023120474999418272
165,4,freq_bus4,4,0.15,True,False,0.7613739596007938,1.0,0.5255210645722315,0.5199747738309439,0.48002522616905613,184.09238175449235,1.0510421291444638,0.6587979793548584,0.13653130195465166,0.23409084508518585,0.2473289709672773,0.12031080590068916,0.9983240863343923,0.9049442286934342,-0.023120474999418272
165,4,severe_bus7,7,0.2,True,False,0.7613739596007938,1.0,0.5255210645722315,0.5199747738309439,0.48002522616905613,184.09238175449235,1.0510421291444638,0.84287428855896,0.13653130195465166,0.23409084508518585,0.2473289709672773,0.12031080590068916,0.9983240863343923,0.9049442286934342,-0.023120474999418272
166,4,angle_bus7,7,0.1,True,False,0.6581493938187506,0.5932331940357009,0.44917573049765736,0.9969554567059435,0.003044543294056411,106.78197492642614,0.8983514609953147,10.173578977584839,0.2351334166916184,0.005092930056454791,0.23296630158768764,0.2582120396071794,1.0096732442381091,0.8657465237902161,-0.002486767480069124
166,4,angle_bus8,8,0.1,True,False,0.5941204355299877,0.46791033322412695,0.4440897650824063,0.9965713105892906,0.0034286894107093996,84.22385998034285,0.8881795301648099,10.390711784362793,0.2351334166916184,0.005092930056454791,0.23296630158768764,0.2582120396071794,1.0096732442381091,0.8657465237902161,-0.002486767480069124
166,4,voltage_bus9,9,0.1,True,False,0.5918946407207091,0.4640659986818059,0.44372343864725394,0.9957231268719706,0.004276873128029421,83.53187976272507,0.8874468772945043,10.206838846206665,0.2351334166916184,0.005092930056454791,0.23296630158768764,0.2582120396071794,1.0096732442381091,0.8657465237902161,-0.002486767480069124
166,4,voltage_bus10,10,0.1,True,False,0.5744207332743188,0.4281166563780367,0.44519583978944866,0.9962537805517526,0.0037462194482473675,77.06099814804661,0.8903916795788991,10.235023021697998,0.2351334166916184,0.005092930056454791,0.23296630158768764,0.2582120396071794,1.0096732442381091,0.8657465237902161,-0.002486767480069124
166,4,freq_bus2,2,0.1,True,False,0.6581541587428134,0.5943291172576568,0.4480930314071827,0.9958653690487571,0.004134630951242937,106.97924110637823,0.8961860628143636,10.322184801101685,0.2351334166916184,0.005092930056454791,0.23296630158768764,0.2582120396071794,1.0096732442381091,0.8657465237902161,-0.002486767480069124
166,4,freq_bus4,4,0.15,True,False,0.5740166737223489,0.4281166563780367,0.4438713971560908,0.995961984977231,0.004038015022769049,77.06099814804661,0.8877427943121807,10.529276371002197,0.2351334166916184,0.005092930056454791,0.23296630158768764,0.2582120396071794,1.0096732442381091,0.8657465237902161,-0.002486767480069124
166,4,severe_bus7,7,0.2,True,False,0.88962341095462,0.8658835352496316,0.8294537056500992,0.9972728676691179,0.00272713233088202,155.85903634493368,1.6589074113001967,8.206764221191406,0.2351334166916184,0.005092930056454791,0.23296630158768764,0.2582120396071794,1.0096732442381091,0.8657465237902161,-0.002486767480069124
167,4,angle_bus7,7,0.1,True,False,0.7654510877966385,1.0,0.5202641072149987,0.5415402439715555,0.45845975602844447,185.73886773953816,1.040528214430001,0.6145792007446289,0.34479327597528464,0.03561088539694953,0.05233790940089752,0.1588028105685423,0.7236681913168026,1.0809221977487655,-0.11665527107654286
167,4,angle_bus8,8,0.1,True,False,0.7654510877966385,1.0,0.5202641072149987,0.5415402439715555,0.45845975602844447,185.73886773953816,1.040528214430001,0.4039649963378906,0.34479327597528464,0.03561088539694953,0.05233790940089752,0.1588028105685423,0.7236681913168026,1.0809221977487655,-0.11665527107654286
167,4,voltage_bus9,9,0.1,True,False,0.7654510877966385,1.0,0.5202641072149987,0.5415402439715555,0.45845975602844447,185.73886773953816,1.040528214430001,0.6059677600860596,0.34479327597528464,0.03561088539694953,0.05233790940089752,0.1588028105685423,0.7236681913168026,1.0809221977487655,-0.11665527107654286
167,4,voltage_bus10,10,0.1,True,False,0.7654510877966385,1.0,0.5202641072149987,0.5415402439715555,0.45845975602844447,185.73886773953816,1.040528214430001,0.39374494552612305,0.34479327597528464,0.03561088539694953,0.05233790940089752,0.1588028105685423,0.7236681913168026,1.0809221977487655,-0.11665527107654286
167,4,freq_bus2,2,0.1,True,False,0.7654510877966385,1.0,0.5202641072149987,0.5415402439715555,0.45845975602844447,185.73886773953816,1.040528214430001,0.3629941940307617,0.34479327597528464,0.03561088539694953,0.05233790940089752,0.1588028105685423,0.7236681913168026,1.0809221977487655,-0.11665527107654286
167,4,freq_bus4,4,0.15,True,False,0.7654510877966385,1.0,0.5202641072149987,0.5415402439715555,0.45845975602844447,185.73886773953816,1.040528214430001,0.6626265048980713,0.34479327597528464,0.03561088539694953,0.05233790940089752,0.1588028105685423,0.7236681913168026,1.0809221977487655,-0.11665527107654286
167,4,severe_bus7,7,0.2,True,False,0.7654510877966385,1.0,0.5202641072149987,0.5415402439715555,0.45845975602844447,185.73886773953816,1.040528214430001,0.36359167098999023,0.34479327597528464,0.03561088539694953,0.05233790940089752,0.1588028105685423,0.7236681913168026,1.0809221977487655,-0.11665527107654286
168,4,angle_bus7,7,0.1,True,False,0.5769492301495096,0.44893705414866314,0.41311471546574197,0.9968080968349704,0.003191903165029616,80.80866974675936,0.8262294309314822,9.730040073394775,0.1689142425886456,0.1732775990696019,0.027890746621207437,0.28005433023981074,0.8605713105892725,0.7926027157159263,0.09669194290533076
168,4,angle_bus8,8,0.1,True,False,0.537816506501792,0.372420719490002,0.4098901668035779,0.9965344202235861,0.0034655797764139586,67.03572950820036,0.8197803336071541,9.861795663833618,0.1689142425886456,0.1732775990696019,0.027890746621207437,0.28005433023981074,0.8605713105892725,0.7926027157159263,0.09669194290533076
168,4,voltage_bus9,9,0.1,True,False,0.5343223599675462,0.36619620065162306,0.409194130049066,0.9957029085178727,0.0042970914821273,65.91531611729215,0.8183882600981285,9.419693231582642,0.1689142425886456,0.1732775990696019,0.027890746621207437,0.28005433023981074,0.8605713105892725,0.7926027157159263,0.09669194290533076
168,4,voltage_bus10,10,0.1,True,False,0.5323226011399219,0.36045055479711785,0.41213316990352666,0.9962561250619253,0.00374387493807475,64.88109986348121,0.8242663398070516,10.350844860076904,0.1689142425886456,0.1732775990696019,0.027890746621207437,0.28005433023981074,0.8605713105892725,0.7926027157159263,0.09669194290533076
168,4,freq_bus2,2,0.1,True,False,0.5748987436463472,0.44577342231454065,0.41227115062322284,0.9957769793330847,0.004223020666915317,80.23921601661732,0.8245423012464448,10.528499126434326,0.1689142425886456,0.1732775990696019,0.027890746621207437,0.28005433023981074,0.8605713105892725,0.7926027157159263,0.09669194290533076
168,4,freq_bus4,4,0.15,True,False,0.5319086381322068,0.36045055479711785,0.4107471026313405,0.995986340303251,0.0040136596967490215,64.88109986348121,0.8214942052626828,10.101736307144165,0.1689142425886456,0.1732775990696019,0.027890746621207437,0.28005433023981074,0.8605713105892725,0.7926027157159263,0.09669194290533076
168,4,severe_bus7,7,0.2,True,False,0.6659250971970034,0.5957575342961212,0.4751297248507278,0.9970555953450436,0.0029444046549563937,107.23635617330181,0.9502594497014583,9.935881853103638,0.1689142425886456,0.1732775990696019,0.027890746621207437,0.28005433023981074,0.8605713105892725,0.7926027157159263,0.09669194290533076
169,4,angle_bus7,7,0.1,True,False,0.5067417949337409,0.3055539323216406,0.4191380930270654,0.9967212220646171,0.0032787779353828862,54.9997078178953,0.8382761860541343,5.95699405670166,0.15083988154862393,0.0776978600910512,0.12721940582867866,0.24333860647956385,0.9320771243065475,0.7019148653897603,0.12893811395951774
169,4,angle_bus8,8,0.1,True,False,0.48233519617616927,0.25749884181167293,0.4177990172255228,0.9965440838558085,0.0034559161441915062,46.34979152610113,0.8355980344510483,5.992615222930908,0.15083988154862393,0.0776978600910512,0.12721940582867866,0.24333860647956385,0.9320771243065475,0.7019148653897603,0.12893811395951774
169,4,voltage_bus9,9,0.1,True,False,0.4816545370468048,0.25749884181167293,0.4158892441576505,0.9957312204062228,0.004268779593777288,46.34979152610113,0.8317784883153001,5.72337794303894,0.15083988154862393,0.0776978600910512,0.12721940582867866,0.24333860647956385,0.9320771243065475,0.7019148653897603,0.12893811395951774
169,4,voltage_bus10,10,0.1,True,False,0.48280188669483814,0.25749884181167293,0.4199408717584632,0.9962689913975435,0.003731008602456468,46.34979152610113,0.8398817435169281,5.393535852432251,0.15083988154862393,0.0776978600910512,0.12721940582867866,0.24333860647956385,0.9320771243065475,0.7019148653897603,0.12893811395951774
169,4,freq_bus2,2,0.1,True,False,0.5036376927296226,0.30081377493947914,0.41720254322789785,0.995720677811634,0.004279322188366043,54.14647948910625,0.8344050864557939,6.6501288414001465,0.15083988154862393,0.0776978600910512,0.12721940582867866,0.24333860647956385,0.9320771243065475,0.7019148653897603,0.12893811395951774
169,4,freq_bus4,4,0.15,True,False,0.48135153394951546,0.25749884181167293,0.41440582847938856,0.9960026236953274,0.003997376304672531,46.34979152610113,0.8288116569587789,5.894164562225342,0.15083988154862393,0.0776978600910512,0.12721940582867866,0.24333860647956385,0.9320771243065475,0.7019148653897603,0.12893811395951774
169,4,severe_bus7,7,0.2,True,False,0.5532810260464441,0.39901368398589454,0.41819602792948984,0.9969007082844975,0.00309929171550244,71.82246311746101,0.8363920558589788,7.030998229980469,0.15083988154862393,0.0776978600910512,0.12721940582867866,0.24333860647956385,0.9320771243065475,0.7019148653897603,0.12893811395951774
170,4,angle_bus7,7,0.1,True,False,0.8226686422664349,0.7871565390415376,0.7191621690341954,0.9971993219484692,0.002800678051530882,141.68817702747677,1.4383243380683908,10.896784782409668,0.03682861107177285,0.3304710060493026,0.0053181162139491105,0.25113707153076215,1.1133703927311145,0.8807195098369491,-0.12123455863186514
170,4,angle_bus8,8,0.1,True,False,0.7012540827361105,0.5992164826885008,0.6099069237466139,0.9966764418208263,0.0033235581791736806,107.85896688393014,1.2198138474932296,11.306565523147583,0.03682861107177285,0.3304710060493026,0.0053181162139491105,0.25113707153076215,1.1133703927311145,0.8807195098369491,-0.12123455863186514
170,4,voltage_bus9,9,0.1,True,True,0.6082915171781493,0.560888135900471,0.31560540590214003,0.9957843910095154,0.004215608990484592,100.9598644620848,0.6312108118042836,3.3677773475646973,0.03682861107177285,0.3304710060493026,0.0053181162139491105,0.25113707153076215,1.1133703927311145,0.8807195098369491,-0.12123455863186514
170,4,voltage_bus10,10,0.1,True,False,0.6813317421209552,0.5586322315736578,0.6117903129298838,0.9962721924066211,0.0037278075933788496,100.55380168325841,1.2235806258597703,10.237736701965332,0.03682861107177285,0.3304710060493026,0.0053181162139491105,0.25113707153076215,1.1133703927311145,0.8807195098369491,-0.12123455863186514
170,4,freq_bus2,2,0.1,True,False,0.8430151042931826,0.806567375163548,0.7628781010619257,0.9960475657837088,0.003952434216291254,145.18212752943865,1.5257562021238513,11.002238750457764,0.03682861107177285,0.3304710060493026,0.0053181162139491105,0.25113707153076215,1.1133703927311145,0.8807195098369491,-0.12123455863186514
170,4,freq_bus4,4,0.15,True,False,0.6803705863259528,0.5586322315736578,0.6082750920413922,0.9959427901151036,0.0040572098848964105,100.55380168325841,1.2165501840827853,10.75261926651001,0.03682861107177285,0.3304710060493026,0.0053181162139491105,0.25113707153076215,1.1133703927311145,0.8807195098369491,-0.12123455863186514
170,4,severe_bus7,7,0.2,True,False,0.9122314433136121,1.0,0.6513450785367283,0.9975806947177199,0.0024193052822800757,181.3979121978329,1.302690157073454,1.5833394527435303,0.03682861107177285,0.3304710060493026,0.0053181162139491105,0.25113707153076215,1.1133703927311145,0.8807195098369491,-0.12123455863186514
171,4,angle_bus7,7,0.1,True,False,0.616269028149491,0.5188686714055855,0.4304633764587429,0.9968753933280504,0.003124606671949619,93.39636085300539,0.8609267529174858,9.911996126174927,0.07955089380607672,0.20564902939996965,0.037557183269581226,0.2633124205030881,0.8940781597811093,0.8137285844776165,0.09829915020226601
171,4,angle_bus8,8,0.1,True,False,0.5691235479988084,0.42703613167915366,0.42588172419842607,0.9965402044385001,0.0034597955614998612,76.86650370224766,0.8517634483968539,9.83931016921997,0.07955089380607672,0.20564902939996965,0.037557183269581226,0.2633124205030881,0.8940781597811093,0.8137285844776165,0.09829915020226601
171,4,voltage_bus9,9,0.1,True,False,0.5638811794314053,0.4176305893438422,0.4245644281262919,0.9956991109116448,0.004300889088355283,75.17350608189159,0.8491288562525812,9.762755393981934,0.07955089380607672,0.20564902939996965,0.037557183269581226,0.2633124205030881,0.8940781597811093,0.8137285844776165,0.09829915020226601
171,4,voltage_bus10,10,0.1,True,False,0.5583128140245253,0.40499326848307804,0.4270158895371132,0.9962488295948317,0.003751170405168206,72.89878832695405,0.8540317790742247,9.543466806411743,0.07955089380607672,0.20564902939996965,0.037557183269581226,0.2633124205030881,0.8940781597811093,0.8137285844776165,0.09829915020226601
171,4,freq_bus2,2,0.1,True,False,0.6135569459083895,0.5150919233882785,0.42821533290926794,0.995828603947733,0.004171396052267045,92.71654620989013,0.8564306658185394,9.565973281860352,0.07955089380607672,0.20564902939996965,0.037557183269581226,0.2633124205030881,0.8940781597811093,0.8137285844776165,0.09829915020226601
171,4,freq_bus4,4,0.15,True,False,0.5579173385763382,0.40499326848307804,0.425708783953862,0.9959740333853346,0.004025966614665326,72.89878832695405,0.851417567907724,9.843403339385986,0.07955089380607672,0.20564902939996965,0.037557183269581226,0.2633124205030881,0.8940781597811093,0.8137285844776165,0.09829915020226601
171,4,severe_bus7,7,0.2,True,False,0.7568475028424162,0.7166772458053784,0.5968690517942612,0.9971664679646465,0.0028335320353535315,129.0019042449681,1.1937381035885242,9.586745738983154,0.07955089380607672,0.20564902939996965,0.037557183269581226,0.2633124205030881,0.8940781597811093,0.8137285844776165,0.09829915020226601
172,4,angle_bus7,7,0.1,True,False,0.9131104542092168,1.0,0.6545133883171275,0.9979284285197397,0.002071571480260241,182.25001120322375,1.3090267766342523,1.115783929824829,0.2548114163961355,0.2668407094816921,0.1442099067591676,0.1750375405262418,1.0895463505501706,0.8564372499843079,-0.08810092208511769
172,4,angle_bus8,8,0.1,True,False,0.9561492850729287,1.0,0.8245971402917149,1.0,-7.741222660777682e-17,180.36445170607183,1.6491942805834325,1.5071213245391846,0.2548114163961355,0.2668407094816921,0.1442099067591676,0.1750375405262418,1.0895463505501706,0.8564372499843079,-0.08810092208511769
172,4,voltage_bus9,9,0.1,True,False,0.9603450822834976,1.0,0.8413803291447444,0.9999999999892462,1.0753837934585776e-11,182.03942431747566,1.6827606582894905,1.2456693649291992,0.2548114163961355,0.2668407094816921,0.1442099067591676,0.1750375405262418,1.0895463505501706,0.8564372499843079,-0.08810092208511769
172,4,voltage_bus10,10,0.1,True,False,0.9204134562631132,0.8762434629141377,0.9326886375284573,0.9964782616957201,0.003521738304279979,157.72382332454478,1.8653772750569164,9.802995204925537,0.2548114163961355,0.2668407094816921,0.1442099067591676,0.1750375405262418,1.0895463505501706,0.8564372499843079,-0.08810092208511769
172,4,freq_bus2,2,0.1,True,False,0.9415747924525935,1.0,0.7662991698103738,1.0,-1.6196679363868436e-17,181.6700316620574,1.5325983396207477,1.4812994003295898,0.2548114163961355,0.2668407094816921,0.1442099067591676,0.1750375405262418,1.0895463505501706,0.8564372499843079,-0.08810092208511769
172,4,freq_bus4,4,0.15,True,False,0.9102334469980184,0.862046098508415,0.9207497566298919,0.996091834345352,0.003908165654647972,155.16829773151468,1.8414995132597856,10.697048902511597,0.2548114163961355,0.2668407094816921,0.1442099067591676,0.1750375405262418,1.0895463505501706,0.8564372499843079,-0.08810092208511769
172,4,severe_bus7,7,0.2,True,False,0.9361417344473906,1.0,0.7462407126997519,0.9983262250898103,0.0016737749101897667,181.41742189714645,1.4924814253995011,1.3528666496276855,0.2548114163961355,0.2668407094816921,0.1442099067591676,0.1750375405262418,1.0895463505501706,0.8564372499843079,-0.08810092208511769
173,4,angle_bus7,7,0.1,True,False,0.7565230542783794,1.0,0.5176956059291342,0.5083966111843834,0.49160338881561655,183.22305796125715,1.0353912118582675,0.5821259021759033,0.35737539484077135,0.3506318684946622,0.13319272068745738,0.014079315506913855,1.0731499824385946,0.7770255514379744,-0.06134451231118304
173,4,angle_bus8,8,0.1,True,False,0.7565230542783794,1.0,0.5176956059291342,0.5083966111843834,0.49160338881561655,183.22305796125715,1.0353912118582675,0.8482463359832764,0.35737539484077135,0.3506318684946622,0.13319272068745738,0.014079315506913855,1.0731499824385946,0.7770255514379744,-0.06134451231118304
173,4,voltage_bus9,9,0.1,True,False,0.7565230542783794,1.0,0.5176956059291342,0.5083966111843834,0.49160338881561655,183.22305796125715,1.0353912118582675,0.5857374668121338,0.35737539484077135,0.3506318684946622,0.13319272068745738,0.014079315506913855,1.0731499824385946,0.7770255514379744,-0.06134451231118304
173,4,voltage_bus10,10,0.1,True,False,0.7565230542783794,1.0,0.5176956059291342,0.5083966111843834,0.49160338881561655,183.22305796125715,1.0353912118582675,0.8272643089294434,0.35737539484077135,0.3506318684946622,0.13319272068745738,0.014079315506913855,1.0731499824385946,0.7770255514379744,-0.06134451231118304
173,4,freq_bus2,2,0.1,True,False,0.7565230542783794,1.0,0.5176956059291342,0.5083966111843834,0.49160338881561655,183.22305796125715,1.0353912118582675,0.61985182762146,0.35737539484077135,0.3506318684946622,0.13319272068745738,0.014079315506913855,1.0731499824385946,0.7770255514379744,-0.06134451231118304
173,4,freq_bus4,4,0.15,True,False,0.7565230542783794,1.0,0.5176956059291342,0.5083966111843834,0.49160338881561655,183.22305796125715,1.0353912118582675,0.8475842475891113,0.35737539484077135,0.3506318684946622,0.13319272068745738,0.014079315506913855,1.0731499824385946,0.7770255514379744,-0.06134451231118304
173,4,severe_bus7,7,0.2,True,False,0.7565230542783794,1.0,0.5176956059291342,0.5083966111843834,0.49160338881561655,183.22305796125715,1.0353912118582675,0.5737321376800537,0.35737539484077135,0.3506318684946622,0.13319272068745738,0.014079315506913855,1.0731499824385946,0.7770255514379744,-0.06134451231118304
174,4,angle_bus7,7,0.1,False,False,0.0,,,,,,,0.38667774200439453,0.2640061720847916,0.10125437959162537,0.25352674000714065,0.02017257245324929,0.8375041955697867,1.139066952706814,0.07874444110348242
174,4,angle_bus8,8,0.1,False,False,0.0,,,,,,,0.14651155471801758,0.2640061720847916,0.10125437959162537,0.25352674000714065,0.02017257245324929,0.8375041955697867,1.139066952706814,0.07874444110348242
174,4,voltage_bus9,9,0.1,False,False,0.0,,,,,,,0.40146899223327637,0.2640061720847916,0.10125437959162537,0.25352674000714065,0.02017257245324929,0.8375041955697867,1.139066952706814,0.07874444110348242
174,4,voltage_bus10,10,0.1,False,False,0.0,,,,,,,0.1465151309967041,0.2640061720847916,0.10125437959162537,0.25352674000714065,0.02017257245324929,0.8375041955697867,1.139066952706814,0.07874444110348242
174,4,freq_bus2,2,0.1,False,False,0.0,,,,,,,0.15149378776550293,0.2640061720847916,0.10125437959162537,0.25352674000714065,0.02017257245324929,0.8375041955697867,1.139066952706814,0.07874444110348242
174,4,freq_bus4,4,0.15,False,False,0.0,,,,,,,0.4414048194885254,0.2640061720847916,0.10125437959162537,0.25352674000714065,0.02017257245324929,0.8375041955697867,1.139066952706814,0.07874444110348242
174,4,severe_bus7,7,0.2,False,False,0.0,,,,,,,0.12046194076538086,0.2640061720847916,0.10125437959162537,0.25352674000714065,0.02017257245324929,0.8375041955697867,1.139066952706814,0.07874444110348242
175,4,angle_bus7,7,0.1,True,False,0.8912468036569623,1.0,0.5668651753993608,0.9981220392284884,0.0018779607715115648,180.33270635919274,1.1337303507987206,1.2212259769439697,0.33856102497448753,0.319860637122918,0.20827757977500855,0.11151133336660109,0.7823763399218553,0.811129384322929,-0.10129747448715475
175,4,angle_bus8,8,0.1,True,False,0.8892822411251006,1.0,0.5597263570071327,0.9974026074932697,0.0025973925067302533,181.18137450116936,1.1194527140142663,1.0192186832427979,0.33856102497448753,0.319860637122918,0.20827757977500855,0.11151133336660109,0.7823763399218553,0.811129384322929,-0.10129747448715475
175,4,voltage_bus9,9,0.1,True,False,0.8889143618201736,1.0,0.5592779775466461,0.9963794697340483,0.0036205302659516334,181.11154605919737,1.1185559550932922,1.2356069087982178,0.33856102497448753,0.319860637122918,0.20827757977500855,0.11151133336660109,0.7823763399218553,0.811129384322929,-0.10129747448715475
175,4,voltage_bus10,10,0.1,True,False,0.8838090043423334,1.0,0.5386677042267038,0.9965683131426297,0.003431686857370323,180.7996079434434,1.077335408453406,1.0233757495880127,0.33856102497448753,0.319860637122918,0.20827757977500855,0.11151133336660109,0.7823763399218553,0.811129384322929,-0.10129747448715475
175,4,freq_bus2,2,0.1,True,False,0.8956499384118762,1.0,0.5858067103211511,0.9967930433263538,0.003206956673646229,180.56851023481138,1.1716134206423057,1.2299914360046387,0.33856102497448753,0.319860637122918,0.20827757977500855,0.11151133336660109,0.7823763399218553,0.811129384322929,-0.10129747448715475
175,4,freq_bus4,4,0.15,True,False,0.8825552021076861,1.0,0.5341818569903474,0.9960389514403973,0.003961048559602664,180.78900867838763,1.0683637139806956,1.083113193511963,0.33856102497448753,0.319860637122918,0.20827757977500855,0.11151133336660109,0.7823763399218553,0.811129384322929,-0.10129747448715475
175,4,severe_bus7,7,0.2,True,False,0.8912468036569623,1.0,0.5668651753993608,0.9981220392284884,0.0018779607715115648,180.33270635919274,1.1337303507987206,0.9887113571166992,0.33856102497448753,0.319860637122918,0.20827757977500855,0.11151133336660109,0.7823763399218553,0.811129384322929,-0.10129747448715475
176,4,angle_bus7,7,0.1,True,False,0.7638932264123238,0.7257123693633212,0.6070366149133939,0.9971115520092589,0.002888447990741091,130.62822648539782,1.2140732298267887,11.050764083862305,0.02305737564357114,0.364188833907791,0.23100168261254955,0.09146906605363304,0.9619516697918222,0.7141864299559502,-0.12848293313667986
176,4,angle_bus8,8,0.1,True,False,0.6818899726723711,0.5643515886300265,0.6022300518402659,0.9966266615891655,0.0033733384108344884,101.58328595340478,1.2044601036805291,10.660499334335327,0.02305737564357114,0.364188833907791,0.23100168261254955,0.09146906605363304,0.9619516697918222,0.7141864299559502,-0.12848293313667986
176,4,voltage_bus9,9,0.1,True,False,0.9824211458813306,1.0,0.9296845835289425,0.99999999999638,3.6199798617941956e-12,181.07897947970102,1.859369167057885,1.9967939853668213,0.02305737564357114,0.364188833907791,0.23100168261254955,0.09146906605363304,0.9619516697918222,0.7141864299559502,-0.12848293313667986
176,4,voltage_bus10,10,0.1,True,False,0.6614875856302037,0.5226485143744404,0.6044004908631386,0.9962528229087956,0.0037471770912044676,94.07673258739926,1.208800981726279,10.929798364639282,0.02305737564357114,0.364188833907791,0.23100168261254955,0.09146906605363304,0.9619516697918222,0.7141864299559502,-0.12848293313667986
176,4,freq_bus2,2,0.1,True,False,0.7756519354514261,0.7372479784685536,0.6321410136170087,0.9959707712515882,0.004029228748411791,132.70463612433966,1.2642820272340138,11.159327745437622,0.02305737564357114,0.364188833907791,0.23100168261254955,0.09146906605363304,0.9619516697918222,0.7141864299559502,-0.12848293313667986
176,4,freq_bus4,4,0.15,True,False,0.6605578996419547,0.5226485143744404,0.6009973133450153,0.9959372564739226,0.004062743526077389,94.07673258739926,1.2019946266900305,11.323189735412598,0.02305737564357114,0.364188833907791,0.23100168261254955,0.09146906605363304,0.9619516697918222,0.7141864299559502,-0.12848293313667986
176,4,severe_bus7,7,0.2,True,False,0.9016674788165753,1.0,0.6091865754531121,0.9974833398131888,0.0025166601868111893,181.46454128881552,1.2183731509062268,1.7301976680755615,0.02305737564357114,0.364188833907791,0.23100168261254955,0.09146906605363304,0.9619516697918222,0.7141864299559502,-0.12848293313667986
177,4,angle_bus7,7,0.1,True,False,0.7543955364232116,1.0,0.5153703499156315,0.5022117957772145,0.4977882042227855,180.36338783473596,1.030740699831263,0.5495526790618896,0.3687624619634966,0.05072437448993492,0.19201816354631293,0.07274288481164294,0.9420034294897952,0.8387927776064097,-0.014667174427852286
177,4,angle_bus8,8,0.1,True,False,0.7543955364232116,1.0,0.5153703499156315,0.5022117957772145,0.4977882042227855,180.36338783473596,1.030740699831263,0.7687621116638184,0.3687624619634966,0.05072437448993492,0.19201816354631293,0.07274288481164294,0.9420034294897952,0.8387927776064097,-0.014667174427852286
177,4,voltage_bus9,9,0.1,True,False,0.7543955364232116,1.0,0.5153703499156315,0.5022117957772145,0.4977882042227855,180.36338783473596,1.030740699831263,0.5061526298522949,0.3687624619634966,0.05072437448993492,0.19201816354631293,0.07274288481164294,0.9420034294897952,0.8387927776064097,-0.014667174427852286
177,4,voltage_bus10,10,0.1,True,False,0.7543955364232116,1.0,0.5153703499156315,0.5022117957772145,0.4977882042227855,180.36338783473596,1.030740699831263,0.5774943828582764,0.3687624619634966,0.05072437448993492,0.19201816354631293,0.07274288481164294,0.9420034294897952,0.8387927776064097,-0.014667174427852286
177,4,freq_bus2,2,0.1,True,False,0.7543955364232116,1.0,0.5153703499156315,0.5022117957772145,0.4977882042227855,180.36338783473596,1.030740699831263,0.8476836681365967,0.3687624619634966,0.05072437448993492,0.19201816354631293,0.07274288481164294,0.9420034294897952,0.8387927776064097,-0.014667174427852286
177,4,freq_bus4,4,0.15,True,False,0.7543955364232116,1.0,0.5153703499156315,0.5022117957772145,0.4977882042227855,180.36338783473596,1.030740699831263,0.528033971786499,0.3687624619634966,0.05072437448993492,0.19201816354631293,0.07274288481164294,0.9420034294897952,0.8387927776064097,-0.014667174427852286
177,4,severe_bus7,7,0.2,True,False,0.7543955364232116,1.0,0.5153703499156315,0.5022117957772145,0.4977882042227855,180.36338783473596,1.030740699831263,0.7842867374420166,0.3687624619634966,0.05072437448993492,0.19201816354631293,0.07274288481164294,0.9420034294897952,0.8387927776064097,-0.014667174427852286
178,4,angle_bus7,7,0.1,True,False,0.9138825705050269,1.0,0.6574146350647823,0.9981156469553254,0.0018843530446745822,180.8092658644443,1.3148292701295672,1.0758934020996094,0.3271355377311795,0.14075191570687973,0.17231355381460306,0.0633360146825488,0.7378677799935878,0.7663086542078039,-0.05355254697797933
178,4,angle_bus8,8,0.1,True,False,0.9306118762352842,1.0,0.7224475049411367,1.0,-2.3952700827607993e-15,180.4677628900009,1.4448950098822744,1.5439984798431396,0.3271355377311795,0.14075191570687973,0.17231355381460306,0.0633360146825488,0.7378677799935878,0.7663086542078039,-0.05355254697797933
178,4,voltage_bus9,9,0.1,True,False,0.9439088258921782,1.0,0.7756353035687127,1.0,-9.877279632265953e-18,180.04391568917146,1.5512706071374271,1.2700960636138916,0.3271355377311795,0.14075191570687973,0.17231355381460306,0.0633360146825488,0.7378677799935878,0.7663086542078039,-0.05355254697797933
178,4,voltage_bus10,10,0.1,True,False,0.9248304225444558,1.0,0.702775203108569,0.9965464870692543,0.0034535129307456903,180.0867048554122,1.4055504062171353,1.6029179096221924,0.3271355377311795,0.14075191570687973,0.17231355381460306,0.0633360146825488,0.7378677799935878,0.7663086542078039,-0.05355254697797933
178,4,freq_bus2,2,0.1,True,False,0.9417828837732536,1.0,0.7671315350930143,1.0,-1.0273352819648697e-12,183.92774136911478,1.534263070186026,1.174790382385254,0.3271355377311795,0.14075191570687973,0.17231355381460306,0.0633360146825488,0.7378677799935878,0.7663086542078039,-0.05355254697797933
178,4,freq_bus4,4,0.15,True,False,0.9358967059079766,1.0,0.7474337827520436,0.9961530408798626,0.003846959120137469,180.2051599893842,1.4948675655040855,1.5547606945037842,0.3271355377311795,0.14075191570687973,0.17231355381460306,0.0633360146825488,0.7378677799935878,0.7663086542078039,-0.05355254697797933
178,4,severe_bus7,7,0.2,True,False,0.9232778048040782,1.0,0.6948288623180581,0.9982823568982547,0.0017176431017452624,180.28577755890197,1.3896577246361153,1.0346381664276123,0.3271355377311795,0.14075191570687973,0.17231355381460306,0.0633360146825488,0.7378677799935878,0.7663086542078039,-0.05355254697797933
179,4,angle_bus7,7,0.1,True,False,0.757688589705219,1.0,0.5184278444465811,0.5123265143742948,0.48767348562570517,183.05944087793264,1.0368556888931613,0.7508540153503418,0.10580885680683697,0.32033768087856823,0.2130296808507422,0.1280023258379984,1.140950939699354,0.9422419569825029,0.1441142741306086
179,4,angle_bus8,8,0.1,True,False,0.757688589705219,1.0,0.5184278444465811,0.5123265143742948,0.48767348562570517,183.05944087793264,1.0368556888931613,0.48793745040893555,0.10580885680683697,0.32033768087856823,0.2130296808507422,0.1280023258379984,1.140950939699354,0.9422419569825029,0.1441142741306086
179,4,voltage_bus9,9,0.1,True,False,0.757688589705219,1.0,0.5184278444465811,0.5123265143742948,0.48767348562570517,183.05944087793264,1.0368556888931613,0.7453327178955078,0.10580885680683697,0.32033768087856823,0.2130296808507422,0.1280023258379984,1.140950939699354,0.9422419569825029,0.1441142741306086
179,4,voltage_bus10,10,0.1,True,False,0.757688589705219,1.0,0.5184278444465811,0.5123265143742948,0.48767348562570517,183.05944087793264,1.0368556888931613,0.5284743309020996,0.10580885680683697,0.32033768087856823,0.2130296808507422,0.1280023258379984,1.140950939699354,0.9422419569825029,0.1441142741306086
179,4,freq_bus2,2,0.1,True,False,0.757688589705219,1.0,0.5184278444465811,0.5123265143742948,0.48767348562570517,183.05944087793264,1.0368556888931613,0.4585592746734619,0.10580885680683697,0.32033768087856823,0.2130296808507422,0.1280023258379984,1.140950939699354,0.9422419569825029,0.1441142741306086
179,4,freq_bus4,4,0.15,True,False,0.757688589705219,1.0,0.5184278444465811,0.5123265143742948,0.48767348562570517,183.05944087793264,1.0368556888931613,0.7599718570709229,0.10580885680683697,0.32033768087856823,0.2130296808507422,0.1280023258379984,1.140950939699354,0.9422419569825029,0.1441142741306086
179,4,severe_bus7,7,0.2,True,False,0.757688589705219,1.0,0.5184278444465811,0.5123265143742948,0.48767348562570517,183.05944087793264,1.0368556888931613,0.4951646327972412,0.10580885680683697,0.32033768087856823,0.2130296808507422,0.1280023258379984,1.140950939699354,0.9422419569825029,0.1441142741306086
180,4,angle_bus7,7,0.1,True,False,0.7639590812437298,1.0,0.5296520577109085,0.5261842672640107,0.47381573273598926,183.58039180723614,1.0593041154218152,0.7731876373291016,0.21982163216023012,0.11890856003234265,0.1962792853883795,0.16652387183756126,0.7086327916528776,0.9865288421057605,-0.049545118655250076
180,4,angle_bus8,8,0.1,True,False,0.7639590812437298,1.0,0.5296520577109085,0.5261842672640107,0.47381573273598926,183.58039180723614,1.0593041154218152,0.48030972480773926,0.21982163216023012,0.11890856003234265,0.1962792853883795,0.16652387183756126,0.7086327916528776,0.9865288421057605,-0.049545118655250076
180,4,voltage_bus9,9,0.1,True,False,0.7639590812437298,1.0,0.5296520577109085,0.5261842672640107,0.47381573273598926,183.58039180723614,1.0593041154218152,0.7650997638702393,0.21982163216023012,0.11890856003234265,0.1962792853883795,0.16652387183756126,0.7086327916528776,0.9865288421057605,-0.049545118655250076
180,4,voltage_bus10,10,0.1,True,False,0.7639590812437298,1.0,0.5296520577109085,0.5261842672640107,0.47381573273598926,183.58039180723614,1.0593041154218152,0.5063307285308838,0.21982163216023012,0.11890856003234265,0.1962792853883795,0.16652387183756126,0.7086327916528776,0.9865288421057605,-0.049545118655250076
180,4,freq_bus2,2,0.1,True,False,0.7639590812437298,1.0,0.5296520577109085,0.5261842672640107,0.47381573273598926,183.58039180723614,1.0593041154218152,0.737715482711792,0.21982163216023012,0.11890856003234265,0.1962792853883795,0.16652387183756126,0.7086327916528776,0.9865288421057605,-0.049545118655250076
180,4,freq_bus4,4,0.15,True,False,0.7639590812437298,1.0,0.5296520577109085,0.5261842672640107,0.47381573273598926,183.58039180723614,1.0593041154218152,0.53232741355896,0.21982163216023012,0.11890856003234265,0.1962792853883795,0.16652387183756126,0.7086327916528776,0.9865288421057605,-0.049545118655250076
180,4,severe_bus7,7,0.2,True,False,0.7639590812437298,1.0,0.5296520577109085,0.5261842672640107,0.47381573273598926,183.58039180723614,1.0593041154218152,0.7329461574554443,0.21982163216023012,0.11890856003234265,0.1962792853883795,0.16652387183756126,0.7086327916528776,0.9865288421057605,-0.049545118655250076
181,4,angle_bus7,7,0.1,True,False,0.702651508019994,1.0,0.35098933223297024,0.4596166998470059,0.5403833001529941,181.07104558479287,0.7019786644659431,0.32700037956237793,0.08132261046223987,0.18396892842661275,0.1619057132304474,0.04969361967444613,0.8527088265282979,0.9964157759622252,-0.07400617973814243
181,4,angle_bus8,8,0.1,True,False,0.702651508019994,1.0,0.35098933223297024,0.4596166998470059,0.5403833001529941,181.07104558479287,0.7019786644659431,0.5606577396392822,0.08132261046223987,0.18396892842661275,0.1619057132304474,0.04969361967444613,0.8527088265282979,0.9964157759622252,-0.07400617973814243
181,4,voltage_bus9,9,0.1,True,False,0.702651508019994,1.0,0.35098933223297024,0.4596166998470059,0.5403833001529941,181.07104558479287,0.7019786644659431,0.3036525249481201,0.08132261046223987,0.18396892842661275,0.1619057132304474,0.04969361967444613,0.8527088265282979,0.9964157759622252,-0.07400617973814243
181,4,voltage_bus10,10,0.1,True,False,0.702651508019994,1.0,0.35098933223297024,0.4596166998470059,0.5403833001529941,181.07104558479287,0.7019786644659431,0.5710229873657227,0.08132261046223987,0.18396892842661275,0.1619057132304474,0.04969361967444613,0.8527088265282979,0.9964157759622252,-0.07400617973814243
181,4,freq_bus2,2,0.1,True,False,0.702651508019994,1.0,0.35098933223297024,0.4596166998470059,0.5403833001529941,181.07104558479287,0.7019786644659431,0.30504488945007324,0.08132261046223987,0.18396892842661275,0.1619057132304474,0.04969361967444613,0.8527088265282979,0.9964157759622252,-0.07400617973814243
181,4,freq_bus4,4,0.15,True,False,0.702651508019994,1.0,0.35098933223297024,0.4596166998470059,0.5403833001529941,181.07104558479287,0.7019786644659431,0.319042444229126,0.08132261046223987,0.18396892842661275,0.1619057132304474,0.04969361967444613,0.8527088265282979,0.9964157759622252,-0.07400617973814243
181,4,severe_bus7,7,0.2,True,False,0.702651508019994,1.0,0.35098933223297024,0.4596166998470059,0.5403833001529941,181.07104558479287,0.7019786644659431,0.5968737602233887,0.08132261046223987,0.18396892842661275,0.1619057132304474,0.04969361967444613,0.8527088265282979,0.9964157759622252,-0.07400617973814243
182,4,angle_bus7,7,0.1,True,False,0.756097014760127,1.0,0.5036009812249347,0.5207870778155734,0.4792129221844266,183.78025343915817,1.007201962449873,0.41702723503112793,0.22546103117923702,0.34752160437048646,0.2982250322775181,0.11440489289817414,1.118313601411481,0.980065621601641,-0.03799919142716382
182,4,angle_bus8,8,0.1,True,False,0.756097014760127,1.0,0.5036009812249347,0.5207870778155734,0.4792129221844266,183.78025343915817,1.007201962449873,0.646547794342041,0.22546103117923702,0.34752160437048646,0.2982250322775181,0.11440489289817414,1.118313601411481,0.980065621601641,-0.03799919142716382
182,4,voltage_bus9,9,0.1,True,False,0.756097014760127,1.0,0.5036009812249347,0.5207870778155734,0.4792129221844266,183.78025343915817,1.007201962449873,0.41918349266052246,0.22546103117923702,0.34752160437048646,0.2982250322775181,0.11440489289817414,1.118313601411481,0.980065621601641,-0.03799919142716382
182,4,voltage_bus10,10,0.1,True,False,0.756097014760127,1.0,0.5036009812249347,0.5207870778155734,0.4792129221844266,183.78025343915817,1.007201962449873,0.6167757511138916,0.22546103117923702,0.34752160437048646,0.2982250322775181,0.11440489289817414,1.118313601411481,0.980065621601641,-0.03799919142716382
182,4,freq_bus2,2,0.1,True,False,0.756097014760127,1.0,0.5036009812249347,0.5207870778155734,0.4792129221844266,183.78025343915817,1.007201962449873,0.45757484436035156,0.22546103117923702,0.34752160437048646,0.2982250322775181,0.11440489289817414,1.118313601411481,0.980065621601641,-0.03799919142716382
182,4,freq_bus4,4,0.15,True,False,0.756097014760127,1.0,0.5036009812249347,0.5207870778155734,0.4792129221844266,183.78025343915817,1.007201962449873,0.6107306480407715,0.22546103117923702,0.34752160437048646,0.2982250322775181,0.11440489289817414,1.118313601411481,0.980065621601641,-0.03799919142716382
182,4,severe_bus7,7,0.2,True,False,0.756097014760127,1.0,0.5036009812249347,0.5207870778155734,0.4792129221844266,183.78025343915817,1.007201962449873,0.43909215927124023,0.22546103117923702,0.34752160437048646,0.2982250322775181,0.11440489289817414,1.118313601411481,0.980065621601641,-0.03799919142716382
183,4,angle_bus7,7,0.1,True,False,0.7453329258053794,1.0,0.5227502914656803,0.4585814117558372,0.5414185882441628,180.3180085132737,1.045500582931358,1.1581380367279053,0.05405566336243548,0.21853826755807304,0.00881501857157744,0.23767248994556942,0.7546314407540746,0.9596390821845162,0.021258512079485425
183,4,angle_bus8,8,0.1,True,False,0.7453329258053794,1.0,0.5227502914656803,0.4585814117558372,0.5414185882441628,180.3180085132737,1.045500582931358,0.9380576610565186,0.05405566336243548,0.21853826755807304,0.00881501857157744,0.23767248994556942,0.7546314407540746,0.9596390821845162,0.021258512079485425
183,4,voltage_bus9,9,0.1,True,False,0.7453329258053794,1.0,0.5227502914656803,0.4585814117558372,0.5414185882441628,180.3180085132737,1.045500582931358,1.1698100566864014,0.05405566336243548,0.21853826755807304,0.00881501857157744,0.23767248994556942,0.7546314407540746,0.9596390821845162,0.021258512079485425
183,4,voltage_bus10,10,0.1,True,False,0.7453329258053794,1.0,0.5227502914656803,0.4585814117558372,0.5414185882441628,180.3180085132737,1.045500582931358,0.9423489570617676,0.05405566336243548,0.21853826755807304,0.00881501857157744,0.23767248994556942,0.7546314407540746,0.9596390821845162,0.021258512079485425
183,4,freq_bus2,2,0.1,True,False,0.7453329258053794,1.0,0.5227502914656803,0.4585814117558372,0.5414185882441628,180.3180085132737,1.045500582931358,1.1975338459014893,0.05405566336243548,0.21853826755807304,0.00881501857157744,0.23767248994556942,0.7546314407540746,0.9596390821845162,0.021258512079485425
183,4,freq_bus4,4,0.15,True,False,0.7453329258053794,1.0,0.5227502914656803,0.4585814117558372,0.5414185882441628,180.3180085132737,1.045500582931358,0.9236867427825928,0.05405566336243548,0.21853826755807304,0.00881501857157744,0.23767248994556942,0.7546314407540746,0.9596390821845162,0.021258512079485425
183,4,severe_bus7,7,0.2,True,False,0.7453329258053794,1.0,0.5227502914656803,0.4585814117558372,0.5414185882441628,180.3180085132737,1.045500582931358,0.925499677658081,0.05405566336243548,0.21853826755807304,0.00881501857157744,0.23767248994556942,0.7546314407540746,0.9596390821845162,0.021258512079485425
184,4,angle_bus7,7,0.1,True,False,0.7264403869581304,1.0,0.4210653080425679,0.4846962397899538,0.5153037602100462,181.33142574161585,0.842130616085135,0.6564114093780518,0.39715279917662066,0.3784638660480794,0.06663382452250984,0.1048413898774767,0.800626801646902,1.0355352834519715,0.14209963550529617
184,4,angle_bus8,8,0.1,True,False,0.7264403869581304,1.0,0.4210653080425679,0.4846962397899538,0.5153037602100462,181.33142574161585,0.842130616085135,0.34128427505493164,0.39715279917662066,0.3784638660480794,0.06663382452250984,0.1048413898774767,0.800626801646902,1.0355352834519715,0.14209963550529617
184,4,voltage_bus9,9,0.1,True,False,0.7264403869581304,1.0,0.4210653080425679,0.4846962397899538,0.5153037602100462,181.33142574161585,0.842130616085135,0.5848526954650879,0.39715279917662066,0.3784638660480794,0.06663382452250984,0.1048413898774767,0.800626801646902,1.0355352834519715,0.14209963550529617
184,4,voltage_bus10,10,0.1,True,False,0.7264403869581304,1.0,0.4210653080425679,0.4846962397899538,0.5153037602100462,181.33142574161585,0.842130616085135,0.34193992614746094,0.39715279917662066,0.3784638660480794,0.06663382452250984,0.1048413898774767,0.800626801646902,1.0355352834519715,0.14209963550529617
184,4,freq_bus2,2,0.1,True,False,0.7264403869581304,1.0,0.4210653080425679,0.4846962397899538,0.5153037602100462,181.33142574161585,0.842130616085135,0.6000120639801025,0.39715279917662066,0.3784638660480794,0.06663382452250984,0.1048413898774767,0.800626801646902,1.0355352834519715,0.14209963550529617
184,4,freq_bus4,4,0.15,True,False,0.7264403869581304,1.0,0.4210653080425679,0.4846962397899538,0.5153037602100462,181.33142574161585,0.842130616085135,0.35451745986938477,0.39715279917662066,0.3784638660480794,0.06663382452250984,0.1048413898774767,0.800626801646902,1.0355352834519715,0.14209963550529617
184,4,severe_bus7,7,0.2,True,False,0.7264403869581304,1.0,0.4210653080425679,0.4846962397899538,0.5153037602100462,181.33142574161585,0.842130616085135,0.5752995014190674,0.39715279917662066,0.3784638660480794,0.06663382452250984,0.1048413898774767,0.800626801646902,1.0355352834519715,0.14209963550529617
185,4,angle_bus7,7,0.1,True,False,0.7521464222630716,1.0,0.5078298547564977,0.5007558342957886,0.4992441657042114,181.02389930807811,1.0156597095129927,0.5437159538269043,0.014088561838890288,0.24319285473200494,0.1545477715737598,0.20761506677285962,0.8180740798334999,1.0164061943998606,0.12111651279883343
185,4,angle_bus8,8,0.1,True,False,0.7521464222630716,1.0,0.5078298547564977,0.5007558342957886,0.4992441657042114,181.02389930807811,1.0156597095129927,0.7777526378631592,0.014088561838890288,0.24319285473200494,0.1545477715737598,0.20761506677285962,0.8180740798334999,1.0164061943998606,0.12111651279883343
185,4,voltage_bus9,9,0.1,True,False,0.7521464222630716,1.0,0.5078298547564977,0.5007558342957886,0.4992441657042114,181.02389930807811,1.0156597095129927,0.514275312423706,0.014088561838890288,0.24319285473200494,0.1545477715737598,0.20761506677285962,0.8180740798334999,1.0164061943998606,0.12111651279883343
185,4,voltage_bus10,10,0.1,True,False,0.7521464222630716,1.0,0.5078298547564977,0.5007558342957886,0.4992441657042114,181.02389930807811,1.0156597095129927,0.793612003326416,0.014088561838890288,0.24319285473200494,0.1545477715737598,0.20761506677285962,0.8180740798334999,1.0164061943998606,0.12111651279883343
185,4,freq_bus2,2,0.1,True,False,0.7521464222630716,1.0,0.5078298547564977,0.5007558342957886,0.4992441657042114,181.02389930807811,1.0156597095129927,0.5235133171081543,0.014088561838890288,0.24319285473200494,0.1545477715737598,0.20761506677285962,0.8180740798334999,1.0164061943998606,0.12111651279883343
185,4,freq_bus4,4,0.15,True,False,0.7521464222630716,1.0,0.5078298547564977,0.5007558342957886,0.4992441657042114,181.02389930807811,1.0156597095129927,0.7527275085449219,0.014088561838890288,0.24319285473200494,0.1545477715737598,0.20761506677285962,0.8180740798334999,1.0164061943998606,0.12111651279883343
185,4,severe_bus7,7,0.2,True,False,0.7521464222630716,1.0,0.5078298547564977,0.5007558342957886,0.4992441657042114,181.02389930807811,1.0156597095129927,0.5442752838134766,0.014088561838890288,0.24319285473200494,0.1545477715737598,0.20761506677285962,0.8180740798334999,1.0164061943998606,0.12111651279883343
